# Blender v3.2.2 OBJ File: 'Metropolis.blend'
# www.blender.org
mtllib Metropolis.mtl
o B1_Grids_Plane
v -1.269617 10.918339 2.298052
v -1.287505 10.918339 2.331089
v -1.565914 10.918339 2.083135
v -1.588580 10.918339 2.113095
v -1.844446 10.918339 1.863439
v -1.871150 10.918339 1.889863
v -0.894905 10.918339 2.441204
v -0.908327 10.918339 2.476294
v -2.082760 10.918339 1.554668
v -2.112492 10.918339 1.577632
v -1.269617 11.690084 2.298052
v -1.287505 11.690084 2.331089
v -1.565914 11.690083 2.083135
v -1.588580 11.690083 2.113095
v -1.844446 11.690083 1.863439
v -1.871150 11.690083 1.889863
v -0.894905 11.690083 2.441204
v -0.908327 11.690083 2.476294
v -2.082760 11.690083 1.554668
v -2.112492 11.690083 1.577632
v -1.269617 11.737473 2.298052
v -1.287505 11.737473 2.331089
v -1.565914 11.737473 2.083135
v -1.588580 11.737473 2.113095
v -1.844446 11.737473 1.863439
v -1.871150 11.737473 1.889863
v -0.894905 11.737473 2.441204
v -0.908327 11.737473 2.476294
v -2.082760 11.737473 1.554668
v -2.112492 11.737473 1.577632
v -1.269617 12.101788 2.298052
v -1.287505 12.101788 2.331089
v -1.565914 12.101788 2.083135
v -1.588580 12.101788 2.113095
v -1.844446 12.101788 1.863439
v -1.871150 12.101788 1.889863
v -0.894905 12.101788 2.441204
v -0.908327 12.101788 2.476294
v -2.082760 12.101788 1.554668
v -2.112492 12.101788 1.577632
v -1.269617 12.176680 2.298052
v -1.287505 12.176680 2.331089
v -1.565914 12.176680 2.083135
v -1.588580 12.176680 2.113095
v -1.844446 12.176680 1.863439
v -1.871150 12.176680 1.889863
v -0.894905 12.176680 2.441204
v -0.908327 12.176680 2.476294
v -2.082760 12.176680 1.554668
v -2.112492 12.176680 1.577632
v -1.269617 12.540995 2.298052
v -1.287505 12.540995 2.331089
v -1.565914 12.540995 2.083135
v -1.588580 12.540995 2.113095
v -1.844446 12.540995 1.863439
v -1.871150 12.540995 1.889863
v -0.894905 12.540995 2.441204
v -0.908327 12.540995 2.476294
v -2.082760 12.540995 1.554668
v -2.112492 12.540995 1.577632
v -1.269617 12.587008 2.298052
v -1.287505 12.587008 2.331089
v -1.565914 12.587008 2.083135
v -1.588580 12.587008 2.113095
v -1.844446 12.587008 1.863439
v -1.871150 12.587008 1.889863
v -0.894905 12.587008 2.441204
v -0.908327 12.587008 2.476294
v -2.082760 12.587008 1.554668
v -2.112492 12.587008 1.577632
v -1.269617 12.951323 2.298052
v -1.287505 12.951323 2.331089
v -1.565914 12.951323 2.083135
v -1.588580 12.951323 2.113095
v -1.844446 12.951323 1.863439
v -1.871150 12.951323 1.889863
v -0.894905 12.951323 2.441204
v -0.908327 12.951323 2.476294
v -2.082760 12.951323 1.554668
v -2.112492 12.951323 1.577632
v 1.818933 10.933754 1.923460
v 1.845561 10.933754 1.949960
v 1.536857 10.933754 2.141809
v 1.558712 10.933754 2.172366
v 1.237809 10.933754 2.338969
v 1.254961 10.933754 2.372393
v 2.061861 10.933754 1.606501
v 2.091669 10.933754 1.629366
v 0.879435 10.933754 2.476063
v 0.892868 10.933754 2.511147
v 1.818933 11.705498 1.923460
v 1.845561 11.705498 1.949960
v 1.536857 11.705498 2.141809
v 1.558712 11.705498 2.172366
v 1.237809 11.705498 2.338969
v 1.254961 11.705498 2.372393
v 2.061861 11.705498 1.606501
v 2.091669 11.705498 1.629366
v 0.879435 11.705498 2.476063
v 0.892868 11.705498 2.511147
v 1.818933 11.752888 1.923460
v 1.845561 11.752888 1.949960
v 1.536857 11.752888 2.141809
v 1.558712 11.752888 2.172366
v 1.237809 11.752888 2.338969
v 1.254961 11.752888 2.372393
v 2.061861 11.752888 1.606501
v 2.091669 11.752888 1.629366
v 0.879435 11.752888 2.476063
v 0.892868 11.752888 2.511147
v 1.818933 12.117203 1.923460
v 1.845561 12.117203 1.949960
v 1.536857 12.117203 2.141809
v 1.558712 12.117203 2.172366
v 1.237809 12.117203 2.338969
v 1.254961 12.117203 2.372393
v 2.061861 12.117203 1.606501
v 2.091669 12.117203 1.629366
v 0.879435 12.117203 2.476063
v 0.892868 12.117203 2.511147
v 1.818933 12.192095 1.923460
v 1.845561 12.192095 1.949960
v 1.536857 12.192095 2.141809
v 1.558712 12.192095 2.172366
v 1.237809 12.192095 2.338969
v 1.254961 12.192095 2.372393
v 2.061861 12.192095 1.606501
v 2.091669 12.192095 1.629366
v 0.879435 12.192095 2.476063
v 0.892868 12.192095 2.511147
v 1.818933 12.556410 1.923460
v 1.845561 12.556410 1.949960
v 1.536857 12.556410 2.141809
v 1.558712 12.556410 2.172366
v 1.237809 12.556410 2.338969
v 1.254961 12.556410 2.372393
v 2.061861 12.556410 1.606501
v 2.091669 12.556410 1.629366
v 0.879435 12.556410 2.476063
v 0.892868 12.556410 2.511147
v 1.818933 12.602423 1.923460
v 1.845561 12.602423 1.949960
v 1.536857 12.602423 2.141809
v 1.558712 12.602423 2.172366
v 1.237809 12.602423 2.338969
v 1.254961 12.602423 2.372393
v 2.061861 12.602423 1.606501
v 2.091669 12.602423 1.629366
v 0.879435 12.602423 2.476063
v 0.892868 12.602423 2.511147
v 1.818933 12.966739 1.923460
v 1.845561 12.966739 1.949960
v 1.536857 12.966739 2.141809
v 1.558712 12.966739 2.172366
v 1.237809 12.966739 2.338969
v 1.254961 12.966739 2.372393
v 2.061861 12.966739 1.606501
v 2.091669 12.966739 1.629366
v 0.879435 12.966739 2.476063
v 0.892868 12.966739 2.511147
v 2.386582 10.918340 -1.150560
v 2.420291 10.918340 -1.167145
v 2.517296 10.918346 -0.807981
v 2.553104 10.918341 -0.819344
v 2.610430 10.918346 -0.443721
v 2.647510 10.918341 -0.449752
v 2.190348 10.918339 -1.470565
v 2.222378 10.918339 -1.490197
v 2.636811 10.918339 -0.081909
v 2.674279 10.918339 -0.084647
v 2.386589 11.690083 -1.150546
v 2.420285 11.690083 -1.167159
v 2.519077 11.679770 -0.803231
v 2.554890 11.679765 -0.814577
v 2.610427 11.690090 -0.443736
v 2.647513 11.690084 -0.449738
v 2.190348 11.690083 -1.470565
v 2.222378 11.690083 -1.490197
v 2.636811 11.690083 -0.081909
v 2.674279 11.690083 -0.084647
v 2.386582 11.737473 -1.150560
v 2.420291 11.737473 -1.167145
v 2.517298 11.737483 -0.807975
v 2.553103 11.737471 -0.819349
v 2.610430 11.737484 -0.443721
v 2.647510 11.737470 -0.449752
v 2.190348 11.737473 -1.470565
v 2.222378 11.737473 -1.490197
v 2.636811 11.737473 -0.081909
v 2.674279 11.737473 -0.084647
v 2.386585 12.101789 -1.150553
v 2.420288 12.101789 -1.167152
v 2.519075 12.096927 -0.803235
v 2.554892 12.096914 -0.814572
v 2.610428 12.101799 -0.443728
v 2.647511 12.101785 -0.449745
v 2.190348 12.101788 -1.470565
v 2.222378 12.101788 -1.490197
v 2.636811 12.101788 -0.081909
v 2.674279 12.101788 -0.084647
v 2.386582 12.176681 -1.150560
v 2.420291 12.176681 -1.167145
v 2.517298 12.176690 -0.807975
v 2.553103 12.176678 -0.819349
v 2.610430 12.176691 -0.443721
v 2.647510 12.176677 -0.449752
v 2.190348 12.176680 -1.470565
v 2.222378 12.176680 -1.490197
v 2.636811 12.176680 -0.081909
v 2.674279 12.176680 -0.084647
v 2.386585 12.540996 -1.150553
v 2.420288 12.540996 -1.167152
v 2.519075 12.536134 -0.803235
v 2.554892 12.536121 -0.814572
v 2.610428 12.541006 -0.443728
v 2.647511 12.540993 -0.449745
v 2.190348 12.540995 -1.470565
v 2.222378 12.540995 -1.490197
v 2.636811 12.540995 -0.081909
v 2.674279 12.540995 -0.084647
v 2.386582 12.587008 -1.150560
v 2.420291 12.587008 -1.167145
v 2.517298 12.587017 -0.807975
v 2.553103 12.587006 -0.819349
v 2.610430 12.587019 -0.443721
v 2.647510 12.587004 -0.449752
v 2.190348 12.587008 -1.470565
v 2.222378 12.587008 -1.490197
v 2.636811 12.587008 -0.081909
v 2.674279 12.587008 -0.084647
v 2.386585 12.951324 -1.150553
v 2.420288 12.951324 -1.167152
v 2.519075 12.946463 -0.803235
v 2.554892 12.946451 -0.814572
v 2.610428 12.951335 -0.443728
v 2.647511 12.951321 -0.449745
v 2.190348 12.951323 -1.470565
v 2.222378 12.951323 -1.490197
v 2.636811 12.951323 -0.081909
v 2.674279 12.951323 -0.084647
v -0.285795 10.918339 -2.644789
v -0.290017 10.918339 -2.682120
v 0.082025 10.918339 -2.647240
v 0.083333 10.918339 -2.684785
v 0.443924 10.918340 -2.619501
v 0.448915 10.918340 -2.656736
v -0.656035 10.918339 -2.562527
v -0.664174 10.918339 -2.599203
v 0.799171 10.918339 -2.551173
v 0.806264 10.918339 -2.588066
v -0.285795 11.690083 -2.644789
v -0.290017 11.690083 -2.682120
v 0.082025 11.690083 -2.647240
v 0.083333 11.690083 -2.684785
v 0.443924 11.690083 -2.619501
v 0.448915 11.690083 -2.656736
v -0.656035 11.690083 -2.562527
v -0.664174 11.690083 -2.599203
v 0.799171 11.690083 -2.551173
v 0.806264 11.690083 -2.588066
v -0.285795 11.737473 -2.644789
v -0.290017 11.737473 -2.682120
v 0.082025 11.737473 -2.647240
v 0.083333 11.737473 -2.684785
v 0.443924 11.737473 -2.619501
v 0.448915 11.737473 -2.656736
v -0.656035 11.737473 -2.562527
v -0.664174 11.737473 -2.599203
v 0.799171 11.737473 -2.551173
v 0.806264 11.737473 -2.588066
v -0.285795 12.101788 -2.644789
v -0.290017 12.101788 -2.682120
v 0.082025 12.101788 -2.647240
v 0.083333 12.101788 -2.684785
v 0.443924 12.101789 -2.619501
v 0.448915 12.101789 -2.656736
v -0.656035 12.101788 -2.562527
v -0.664174 12.101788 -2.599203
v 0.799171 12.101788 -2.551173
v 0.806264 12.101788 -2.588066
v -0.285795 12.176680 -2.644789
v -0.290017 12.176680 -2.682120
v 0.082025 12.176680 -2.647240
v 0.083333 12.176680 -2.684785
v 0.443924 12.176680 -2.619501
v 0.448915 12.176680 -2.656736
v -0.656035 12.176680 -2.562527
v -0.664174 12.176680 -2.599203
v 0.799171 12.176680 -2.551173
v 0.806264 12.176680 -2.588066
v -0.285795 12.540995 -2.644789
v -0.290017 12.540995 -2.682120
v 0.082025 12.540995 -2.647240
v 0.083333 12.540995 -2.684785
v 0.443924 12.540995 -2.619501
v 0.448915 12.540995 -2.656736
v -0.656035 12.540995 -2.562527
v -0.664174 12.540995 -2.599203
v 0.799171 12.540995 -2.551173
v 0.806264 12.540995 -2.588066
v -0.285795 12.587008 -2.644789
v -0.290017 12.587008 -2.682120
v 0.082025 12.587008 -2.647240
v 0.083333 12.587008 -2.684785
v 0.443924 12.587008 -2.619501
v 0.448915 12.587008 -2.656736
v -0.656035 12.587008 -2.562527
v -0.664174 12.587008 -2.599203
v 0.799171 12.587008 -2.551173
v 0.806264 12.587008 -2.588066
v -0.285795 12.951323 -2.644789
v -0.290017 12.951323 -2.682120
v 0.082025 12.951323 -2.647240
v 0.083333 12.951323 -2.684785
v 0.443924 12.951323 -2.619501
v 0.448915 12.951323 -2.656736
v -0.656035 12.951323 -2.562527
v -0.664174 12.951323 -2.599203
v 0.799171 12.951323 -2.551173
v 0.806264 12.951323 -2.588066
v -2.579669 10.927629 -0.499406
v -2.616683 10.927629 -0.505839
v -2.482324 10.927629 -0.870551
v -2.517814 10.927629 -0.882874
v -2.340098 10.927629 -1.196060
v -2.373461 10.927629 -1.213332
v -2.614053 10.927629 -0.107345
v -2.651478 10.927629 -0.110634
v -2.146120 10.927629 -1.517048
v -2.178275 10.927629 -1.536476
v -2.579669 11.688209 -0.499406
v -2.616683 11.688209 -0.505839
v -2.482324 11.688209 -0.870551
v -2.517814 11.688209 -0.882874
v -2.340098 11.688209 -1.196060
v -2.373461 11.688209 -1.213332
v -2.614053 11.688209 -0.107345
v -2.651478 11.688209 -0.110634
v -2.146120 11.688209 -1.517048
v -2.178275 11.688209 -1.536476
v -2.579669 11.732611 -0.499406
v -2.616683 11.732611 -0.505839
v -2.482324 11.732611 -0.870551
v -2.517814 11.732611 -0.882874
v -2.340098 11.732611 -1.196060
v -2.373461 11.732611 -1.213332
v -2.614054 11.732611 -0.107345
v -2.651478 11.732611 -0.110634
v -2.146120 11.732611 -1.517048
v -2.178275 11.732611 -1.536476
v -2.579669 12.115211 -0.499406
v -2.616683 12.115211 -0.505839
v -2.482324 12.115211 -0.870551
v -2.517814 12.115211 -0.882874
v -2.340098 12.115211 -1.196060
v -2.373461 12.115211 -1.213332
v -2.614053 12.115211 -0.107345
v -2.651478 12.115211 -0.110634
v -2.146120 12.115211 -1.517048
v -2.178275 12.115211 -1.536476
v -2.579669 12.165878 -0.499406
v -2.616683 12.165878 -0.505839
v -2.482329 12.165878 -0.870536
v -2.517809 12.165878 -0.882888
v -2.337789 12.165880 -1.199881
v -2.371137 12.165880 -1.217179
v -2.614053 12.165878 -0.107345
v -2.651478 12.165878 -0.110634
v -2.146120 12.165878 -1.517048
v -2.178275 12.165878 -1.536476
v -2.579669 12.534185 -0.499406
v -2.616683 12.534185 -0.505839
v -2.482329 12.534185 -0.870536
v -2.517809 12.534185 -0.882888
v -2.337789 12.534185 -1.199881
v -2.371137 12.534185 -1.217179
v -2.614053 12.534185 -0.107345
v -2.651478 12.534185 -0.110634
v -2.146120 12.534185 -1.517048
v -2.178275 12.534185 -1.536476
v -2.579669 12.580702 -0.499406
v -2.616683 12.580702 -0.505839
v -2.482336 12.580702 -0.870516
v -2.517802 12.580702 -0.882908
v -2.334380 12.580702 -1.205519
v -2.367709 12.580702 -1.222857
v -2.614053 12.580702 -0.107345
v -2.651478 12.580702 -0.110634
v -2.146120 12.580702 -1.517048
v -2.178275 12.580702 -1.536476
v -2.579669 12.949009 -0.499406
v -2.616683 12.949009 -0.505839
v -2.482336 12.949009 -0.870516
v -2.517802 12.949009 -0.882908
v -2.334380 12.949009 -1.205519
v -2.367709 12.949009 -1.222857
v -2.614053 12.949009 -0.107345
v -2.651478 12.949009 -0.110634
v -2.146120 12.949009 -1.517048
v -2.178275 12.949009 -1.536476
v -1.843054 10.937124 1.888290
v -1.857798 10.899554 1.876651
v -1.577247 10.899554 2.098115
v -1.591991 10.937124 2.086476
v -1.591991 11.671297 2.086476
v -1.577247 11.708868 2.098115
v -1.857798 11.708868 1.876651
v -1.843054 11.671297 1.888290
v -1.261016 10.937124 2.321281
v -1.278561 10.899554 2.314571
v -0.884071 10.899554 2.465460
v -0.919161 10.937124 2.452039
v -0.884071 11.708866 2.465460
v -0.919161 11.671299 2.452039
v -1.278561 11.708868 2.314571
v -1.261016 11.671299 2.321281
v -1.562037 10.937124 2.109138
v -1.293771 10.937124 2.303548
v -1.293771 11.671299 2.303548
v -1.562037 11.671299 2.109138
v -2.086143 10.937124 1.581016
v -2.109108 10.899554 1.551284
v -1.869281 10.937124 1.861785
v -1.869281 11.671297 1.861785
v -2.109108 11.708868 1.551284
v -2.086143 11.671297 1.581016
v -1.843054 11.756257 1.888290
v -1.857798 11.718687 1.876651
v -1.577247 11.718687 2.098115
v -1.591991 11.756257 2.086476
v -1.591991 12.083003 2.086476
v -1.577247 12.120573 2.098115
v -1.857798 12.120573 1.876651
v -1.843054 12.083003 1.888290
v -1.261016 11.756257 2.321281
v -1.278561 11.718687 2.314571
v -0.884071 11.718687 2.465460
v -0.919161 11.756257 2.452039
v -0.884071 12.120573 2.465460
v -0.919161 12.083003 2.452039
v -1.278561 12.120573 2.314571
v -1.261016 12.083003 2.321281
v -1.562037 11.756257 2.109138
v -1.293771 11.756257 2.303548
v -1.293771 12.083003 2.303548
v -1.562037 12.083003 2.109138
v -2.086143 11.756257 1.581016
v -2.109108 11.718687 1.551284
v -1.869281 11.756257 1.861785
v -1.869281 12.083003 1.861785
v -2.109108 12.120573 1.551284
v -2.086143 12.083003 1.581016
v -1.843054 12.195464 1.888290
v -1.857798 12.157894 1.876651
v -1.577247 12.157894 2.098115
v -1.591991 12.195464 2.086476
v -1.591991 12.522210 2.086476
v -1.577247 12.559780 2.098115
v -1.857798 12.559780 1.876651
v -1.843054 12.522210 1.888290
v -1.261016 12.195464 2.321281
v -1.278561 12.157894 2.314571
v -0.884071 12.157894 2.465460
v -0.919161 12.195464 2.452039
v -0.884071 12.559780 2.465460
v -0.919161 12.522210 2.452039
v -1.278561 12.559780 2.314571
v -1.261016 12.522210 2.321281
v -1.562037 12.195464 2.109138
v -1.293771 12.195464 2.303548
v -1.293771 12.522210 2.303548
v -1.562037 12.522210 2.109138
v -2.086143 12.195464 1.581016
v -2.109108 12.157894 1.551284
v -1.869281 12.195464 1.861785
v -1.869281 12.522210 1.861785
v -2.109108 12.559780 1.551284
v -2.086143 12.522210 1.581016
v -1.843054 12.605792 1.888290
v -1.857798 12.568222 1.876651
v -1.577247 12.568222 2.098115
v -1.591991 12.605792 2.086476
v -1.591991 12.932539 2.086476
v -1.577247 12.970108 2.098115
v -1.857798 12.970108 1.876651
v -1.843054 12.932539 1.888290
v -1.261016 12.605792 2.321281
v -1.278561 12.568222 2.314571
v -0.884071 12.568222 2.465460
v -0.919161 12.605792 2.452039
v -0.884071 12.970108 2.465460
v -0.919161 12.932539 2.452039
v -1.278561 12.970108 2.314571
v -1.261016 12.932539 2.321281
v -1.562037 12.605792 2.109138
v -1.293771 12.605792 2.303548
v -1.293771 12.932539 2.303548
v -1.562037 12.932539 2.109138
v -2.086143 12.605792 1.581016
v -2.109108 12.568222 1.551284
v -1.869281 12.605792 1.861785
v -1.869281 12.932539 1.861785
v -2.109108 12.970108 1.551284
v -2.086143 12.932539 1.581016
v 1.262071 10.952539 2.345346
v 1.246385 10.914969 2.355681
v 1.547784 10.914969 2.157088
v 1.532099 10.952539 2.167423
v 1.532099 11.686713 2.167423
v 1.547784 11.724283 2.157088
v 1.246385 11.724283 2.355681
v 1.262071 11.686713 2.345346
v 1.843680 10.952539 1.921805
v 1.832247 10.914969 1.936710
v 2.088198 10.914969 1.603029
v 2.065332 10.952539 1.632838
v 2.088198 11.724283 1.603029
v 2.065332 11.686713 1.632838
v 1.832247 11.724283 1.936710
v 1.843680 11.686713 1.921805
v 1.562634 10.952539 2.145584
v 1.817397 10.952539 1.948214
v 1.817397 11.686713 1.948214
v 1.562634 11.686713 2.145584
v 0.903694 10.952539 2.486889
v 0.868609 10.914969 2.500322
v 1.228842 10.952539 2.362398
v 1.228842 11.686713 2.362398
v 0.868609 11.724283 2.500322
v 0.903694 11.686713 2.486889
v 1.262071 11.771672 2.345346
v 1.246385 11.734102 2.355681
v 1.547784 11.734102 2.157088
v 1.532099 11.771672 2.167423
v 1.532099 12.098418 2.167423
v 1.547784 12.135988 2.157088
v 1.246385 12.135988 2.355681
v 1.262071 12.098418 2.345346
v 1.843680 11.771672 1.921805
v 1.832247 11.734102 1.936710
v 2.088198 11.734102 1.603029
v 2.065332 11.771672 1.632838
v 2.088198 12.135988 1.603029
v 2.065332 12.098418 1.632838
v 1.832247 12.135988 1.936710
v 1.843680 12.098418 1.921805
v 1.562634 11.771672 2.145584
v 1.817397 11.771672 1.948214
v 1.817397 12.098418 1.948214
v 1.562634 12.098418 2.145584
v 0.903694 11.771672 2.486889
v 0.868609 11.734102 2.500322
v 1.228842 11.771672 2.362398
v 1.228842 12.098418 2.362398
v 0.868609 12.135988 2.500322
v 0.903694 12.098418 2.486889
v 1.262071 12.210879 2.345346
v 1.246385 12.173309 2.355681
v 1.547784 12.173309 2.157088
v 1.532099 12.210879 2.167423
v 1.532099 12.537625 2.167423
v 1.547784 12.575195 2.157088
v 1.246385 12.575195 2.355681
v 1.262071 12.537625 2.345346
v 1.843680 12.210879 1.921805
v 1.832247 12.173309 1.936710
v 2.088198 12.173309 1.603029
v 2.065332 12.210879 1.632838
v 2.088198 12.575195 1.603029
v 2.065332 12.537625 1.632838
v 1.832247 12.575195 1.936710
v 1.843680 12.537625 1.921805
v 1.562634 12.210879 2.145584
v 1.817397 12.210879 1.948214
v 1.817397 12.537625 1.948214
v 1.562634 12.537625 2.145584
v 0.903694 12.210879 2.486889
v 0.868609 12.173309 2.500322
v 1.228842 12.210879 2.362398
v 1.228842 12.537625 2.362398
v 0.868609 12.575195 2.500322
v 0.903694 12.537625 2.486889
v 1.262071 12.621207 2.345346
v 1.246385 12.583637 2.355681
v 1.547784 12.583637 2.157088
v 1.532099 12.621207 2.167423
v 1.532099 12.947954 2.167423
v 1.547784 12.985523 2.157088
v 1.246385 12.985523 2.355681
v 1.262071 12.947954 2.345346
v 1.843680 12.621207 1.921805
v 1.832247 12.583637 1.936710
v 2.088198 12.583637 1.603029
v 2.065332 12.621207 1.632838
v 2.088198 12.985523 1.603029
v 2.065332 12.947954 1.632838
v 1.832247 12.985523 1.936710
v 1.843680 12.947954 1.921805
v 1.562634 12.621207 2.145584
v 1.817397 12.621207 1.948214
v 1.817397 12.947954 1.948214
v 1.562634 12.947954 2.145584
v 0.903694 12.621207 2.486889
v 0.868609 12.583637 2.500322
v 1.228842 12.621207 2.362398
v 1.228842 12.947954 2.362398
v 0.868609 12.985523 2.500322
v 0.903694 12.947954 2.486889
v 2.624319 10.937128 -0.464936
v 2.628967 10.899559 -0.446736
v 2.535197 10.899559 -0.813661
v 2.539895 10.937128 -0.795345
v 2.541564 11.661491 -0.790811
v 2.536986 11.698560 -0.808906
v 2.628932 11.708872 -0.446994
v 2.624346 11.670776 -0.464943
v 2.393620 10.937124 -1.174868
v 2.403437 10.899555 -1.158852
v 2.196546 10.899554 -1.496396
v 2.216179 10.937124 -1.464365
v 2.196546 11.708868 -1.496396
v 2.216179 11.671297 -1.464365
v 2.403551 11.708868 -1.158619
v 2.393620 11.671297 -1.174868
v 2.528545 10.937128 -0.831095
v 2.410136 10.937125 -1.141303
v 2.410134 11.670774 -1.141303
v 2.530243 11.661497 -0.826568
v 2.654175 10.937124 -0.102013
v 2.656914 10.899554 -0.064544
v 2.630340 10.937128 -0.428002
v 2.630340 11.671302 -0.428002
v 2.656914 11.708866 -0.064544
v 2.654175 11.671299 -0.102013
v 2.624319 11.756262 -0.464936
v 2.628963 11.718692 -0.446736
v 2.535194 11.718692 -0.813660
v 2.539945 11.756261 -0.795212
v 2.541516 12.078376 -0.790941
v 2.536989 12.115706 -0.808906
v 2.628957 12.120577 -0.446859
v 2.624346 12.082761 -0.464943
v 2.393620 11.756257 -1.174868
v 2.403437 11.718688 -1.158853
v 2.196546 11.718687 -1.496396
v 2.216179 11.756257 -1.464365
v 2.196546 12.120572 -1.496396
v 2.216179 12.083004 -1.464365
v 2.403490 12.120573 -1.158742
v 2.393620 12.083004 -1.174868
v 2.528594 11.756261 -0.830965
v 2.410136 11.756258 -1.141303
v 2.410134 12.082758 -1.141303
v 2.530193 12.078382 -0.826701
v 2.654175 11.756257 -0.102013
v 2.656914 11.718687 -0.064544
v 2.630340 11.756261 -0.428002
v 2.630340 12.083008 -0.428002
v 2.656914 12.120572 -0.064544
v 2.654175 12.083004 -0.102013
v 2.624319 12.195469 -0.464936
v 2.628963 12.157899 -0.446736
v 2.535194 12.157899 -0.813660
v 2.539945 12.195468 -0.795212
v 2.541516 12.517582 -0.790941
v 2.536989 12.554914 -0.808906
v 2.628957 12.559784 -0.446859
v 2.624346 12.521968 -0.464943
v 2.393620 12.195464 -1.174868
v 2.403437 12.157895 -1.158853
v 2.196546 12.157894 -1.496396
v 2.216179 12.195464 -1.464365
v 2.196546 12.559778 -1.496396
v 2.216179 12.522211 -1.464365
v 2.403490 12.559780 -1.158742
v 2.393620 12.522211 -1.174868
v 2.528594 12.195468 -0.830965
v 2.410136 12.195465 -1.141303
v 2.410134 12.521965 -1.141303
v 2.530193 12.517590 -0.826701
v 2.654175 12.195464 -0.102013
v 2.656914 12.157894 -0.064544
v 2.630340 12.195468 -0.428002
v 2.630340 12.522215 -0.428002
v 2.656914 12.559778 -0.064544
v 2.654175 12.522211 -0.102013
v 2.624319 12.605797 -0.464936
v 2.628963 12.568226 -0.446736
v 2.535194 12.568226 -0.813660
v 2.539945 12.605795 -0.795212
v 2.541516 12.927912 -0.790941
v 2.536989 12.965242 -0.808906
v 2.628957 12.970113 -0.446859
v 2.624346 12.932297 -0.464943
v 2.393620 12.605792 -1.174868
v 2.403437 12.568223 -1.158853
v 2.196546 12.568222 -1.496396
v 2.216179 12.605792 -1.464365
v 2.196546 12.970107 -1.496396
v 2.216179 12.932539 -1.464365
v 2.403490 12.970109 -1.158742
v 2.393620 12.932539 -1.174868
v 2.528594 12.605795 -0.830965
v 2.410136 12.605793 -1.141303
v 2.410134 12.932294 -1.141303
v 2.530193 12.927917 -0.826701
v 2.654175 12.605792 -0.102013
v 2.656914 12.568222 -0.064544
v 2.630340 12.605795 -0.428002
v 2.630340 12.932543 -0.428002
v 2.656914 12.970107 -0.064544
v 2.654175 12.932539 -0.102013
v 0.427690 10.937124 -2.639555
v 0.446419 10.899555 -2.638118
v 0.082679 10.899554 -2.666013
v 0.101408 10.937124 -2.664576
v 0.101408 11.671297 -2.664576
v 0.082679 11.708868 -2.666013
v 0.446419 11.708868 -2.638118
v 0.427690 11.671297 -2.639555
v -0.306244 10.937124 -2.659385
v -0.287906 10.899554 -2.663455
v -0.678443 10.899554 -2.576796
v -0.641766 10.937124 -2.584934
v -0.678443 11.708868 -2.576796
v -0.641766 11.671297 -2.584934
v -0.287906 11.708868 -2.663455
v -0.306244 11.671297 -2.659385
v 0.063895 10.937124 -2.665883
v -0.269121 10.937124 -2.663584
v -0.269121 11.671297 -2.663584
v 0.063895 11.671297 -2.665883
v 0.784271 10.937124 -2.573166
v 0.821164 10.899554 -2.566073
v 0.464866 10.937124 -2.634572
v 0.464866 11.671297 -2.634572
v 0.821164 11.708868 -2.566073
v 0.784271 11.671297 -2.573166
v 0.427690 11.756257 -2.639555
v 0.446419 11.718687 -2.638118
v 0.082679 11.718687 -2.666013
v 0.101408 11.756257 -2.664576
v 0.101408 12.083004 -2.664576
v 0.082679 12.120573 -2.666013
v 0.446419 12.120573 -2.638118
v 0.427690 12.083004 -2.639555
v -0.306244 11.756257 -2.659385
v -0.287906 11.718687 -2.663455
v -0.678443 11.718687 -2.576796
v -0.641766 11.756257 -2.584934
v -0.678443 12.120573 -2.576796
v -0.641766 12.083003 -2.584934
v -0.287906 12.120573 -2.663455
v -0.306244 12.083003 -2.659385
v 0.063895 11.756257 -2.665883
v -0.269121 11.756257 -2.663584
v -0.269121 12.083003 -2.663584
v 0.063895 12.083003 -2.665883
v 0.784271 11.756257 -2.573166
v 0.821164 11.718687 -2.566073
v 0.464866 11.756257 -2.634572
v 0.464866 12.083004 -2.634572
v 0.821164 12.120572 -2.566073
v 0.784271 12.083004 -2.573166
v 0.427690 12.195464 -2.639555
v 0.446419 12.157894 -2.638118
v 0.082679 12.157894 -2.666013
v 0.101408 12.195464 -2.664576
v 0.101408 12.522210 -2.664576
v 0.082679 12.559780 -2.666013
v 0.446419 12.559780 -2.638118
v 0.427690 12.522210 -2.639555
v -0.306244 12.195464 -2.659385
v -0.287906 12.157894 -2.663455
v -0.678443 12.157894 -2.576796
v -0.641766 12.195464 -2.584934
v -0.678443 12.559780 -2.576796
v -0.641766 12.522210 -2.584934
v -0.287906 12.559780 -2.663455
v -0.306244 12.522210 -2.659385
v 0.063895 12.195464 -2.665883
v -0.269121 12.195464 -2.663584
v -0.269121 12.522210 -2.663584
v 0.063895 12.522210 -2.665883
v 0.784271 12.195464 -2.573166
v 0.821164 12.157894 -2.566073
v 0.464866 12.195464 -2.634572
v 0.464866 12.522210 -2.634572
v 0.821164 12.559780 -2.566073
v 0.784271 12.522210 -2.573166
v 0.427690 12.605792 -2.639555
v 0.446419 12.568222 -2.638118
v 0.082679 12.568222 -2.666013
v 0.101408 12.605792 -2.664576
v 0.101408 12.932539 -2.664576
v 0.082679 12.970108 -2.666013
v 0.446419 12.970108 -2.638118
v 0.427690 12.932539 -2.639555
v -0.306244 12.605792 -2.659385
v -0.287906 12.568222 -2.663455
v -0.678443 12.568222 -2.576796
v -0.641766 12.605792 -2.584934
v -0.678443 12.970108 -2.576796
v -0.641766 12.932539 -2.584934
v -0.287906 12.970108 -2.663455
v -0.306244 12.932539 -2.659385
v 0.063895 12.605792 -2.665883
v -0.269121 12.605792 -2.663584
v -0.269121 12.932539 -2.663584
v 0.063895 12.932539 -2.665883
v 0.784271 12.605792 -2.573166
v 0.821164 12.568222 -2.566073
v 0.464866 12.605792 -2.634572
v 0.464866 12.932539 -2.634572
v 0.821164 12.970108 -2.566073
v 0.784271 12.932539 -2.573166
v -2.364299 10.946413 -1.187482
v -2.356779 10.908844 -1.204696
v -2.500069 10.908844 -0.876712
v -2.492549 10.946413 -0.893926
v -2.492549 11.669424 -0.893926
v -2.500069 11.706994 -0.876712
v -2.356779 11.706994 -1.204696
v -2.364299 11.669424 -1.187482
v -2.599820 10.946413 -0.483910
v -2.598176 10.908844 -0.502622
v -2.634410 10.908844 -0.090277
v -2.631121 10.946413 -0.127702
v -2.634410 11.706994 -0.090277
v -2.631121 11.669424 -0.127702
v -2.598176 11.706994 -0.502622
v -2.599820 11.669424 -0.483910
v -2.504834 10.946413 -0.858542
v -2.593411 10.946413 -0.520792
v -2.593411 11.669424 -0.520792
v -2.504834 11.669424 -0.858542
v -2.171911 10.946413 -1.510684
v -2.152484 10.908844 -1.542840
v -2.347066 10.946413 -1.220774
v -2.347066 11.669424 -1.220774
v -2.152484 11.706994 -1.542840
v -2.171911 11.669424 -1.510684
v -2.364299 11.751396 -1.187482
v -2.356779 11.713826 -1.204696
v -2.500069 11.713826 -0.876712
v -2.492549 11.751396 -0.893926
v -2.492549 12.096427 -0.893926
v -2.500069 12.133997 -0.876712
v -2.356779 12.133997 -1.204696
v -2.364299 12.096427 -1.187482
v -2.599820 11.751396 -0.483910
v -2.598176 11.713826 -0.502622
v -2.634410 11.713826 -0.090277
v -2.631121 11.751396 -0.127702
v -2.634410 12.133997 -0.090277
v -2.631121 12.096427 -0.127702
v -2.598176 12.133997 -0.502622
v -2.599820 12.096427 -0.483910
v -2.504834 11.751396 -0.858542
v -2.593411 11.751396 -0.520792
v -2.593411 12.096427 -0.520792
v -2.504834 12.096427 -0.858542
v -2.171911 11.751396 -1.510684
v -2.152484 11.713826 -1.542840
v -2.347066 11.751396 -1.220774
v -2.347066 12.096427 -1.220774
v -2.152484 12.133997 -1.542840
v -2.171911 12.096427 -1.510684
v -2.362011 12.184664 -1.191329
v -2.354463 12.147095 -1.208530
v -2.500069 12.147094 -0.876712
v -2.492521 12.184664 -0.893913
v -2.492521 12.515401 -0.893913
v -2.500069 12.552971 -0.876712
v -2.354463 12.552971 -1.208530
v -2.362011 12.515401 -1.191329
v -2.599820 12.184664 -0.483910
v -2.598176 12.147094 -0.502622
v -2.634410 12.147094 -0.090277
v -2.631121 12.184664 -0.127702
v -2.634410 12.552971 -0.090277
v -2.631121 12.515401 -0.127702
v -2.598176 12.552971 -0.502622
v -2.599820 12.515401 -0.483910
v -2.504834 12.184664 -0.858542
v -2.593411 12.184664 -0.520792
v -2.593411 12.515401 -0.520792
v -2.504834 12.515401 -0.858542
v -2.171911 12.184664 -1.510684
v -2.152484 12.147094 -1.542840
v -2.344749 12.184664 -1.224608
v -2.344749 12.515401 -1.224608
v -2.152484 12.552971 -1.542840
v -2.171911 12.515401 -1.510684
v -2.358633 12.599487 -1.197004
v -2.351045 12.561916 -1.214188
v -2.500069 12.561916 -0.876712
v -2.492481 12.599487 -0.893896
v -2.492481 12.930223 -0.893896
v -2.500069 12.967793 -0.876712
v -2.351045 12.967793 -1.214188
v -2.358633 12.930223 -1.197004
v -2.599820 12.599487 -0.483910
v -2.598176 12.561916 -0.502622
v -2.634410 12.561916 -0.090277
v -2.631121 12.599487 -0.127702
v -2.634410 12.967793 -0.090277
v -2.631121 12.930223 -0.127702
v -2.598176 12.967793 -0.502622
v -2.599820 12.930223 -0.483910
v -2.504834 12.599487 -0.858542
v -2.593411 12.599487 -0.520792
v -2.593411 12.930223 -0.520792
v -2.504834 12.930223 -0.858542
v -2.171911 12.599487 -1.510684
v -2.152484 12.561916 -1.542840
v -2.341331 12.599487 -1.230266
v -2.341331 12.930223 -1.230266
v -2.152484 12.967793 -1.542840
v -2.171911 12.930223 -1.510684
v -1.493434 2.639060 2.877640
v -1.524971 2.639060 2.935328
v -1.883989 2.639060 2.619816
v -1.922271 2.639060 2.673265
v -2.273088 2.639060 2.318085
v -2.317818 2.639060 2.366269
v -1.063465 2.639060 3.068103
v -1.090106 2.639060 3.128207
v -2.579564 2.639060 1.978248
v -2.628373 2.639060 2.022292
v -2.579564 2.354168 1.978248
v -2.628373 2.354168 2.022292
v -1.063465 2.354168 3.068103
v -1.090106 2.354168 3.128207
v -2.273088 2.354168 2.318085
v -2.317818 2.354168 2.366269
v -1.883989 2.354168 2.619816
v -1.922271 2.354168 2.673265
v -1.493434 2.354168 2.877640
v -1.524971 2.354168 2.935328
v -1.493434 -0.009688 2.877640
v -1.524971 -0.009688 2.935328
v -1.883989 -0.009688 2.619816
v -1.922271 -0.009688 2.673265
v -2.273088 -0.009688 2.318085
v -2.317818 -0.009688 2.366269
v -1.063465 -0.009688 3.068103
v -1.090106 -0.009688 3.128207
v -2.579564 -0.009688 1.978248
v -2.628373 -0.009688 2.022292
v -1.493434 4.584430 2.877640
v -1.524971 4.584430 2.935328
v -1.883989 4.584430 2.619816
v -1.922271 4.584430 2.673265
v -2.273088 4.584430 2.318085
v -2.317818 4.584430 2.366269
v -1.063465 4.584430 3.068103
v -1.090106 4.584430 3.128207
v -2.579564 4.584430 1.978248
v -2.628373 4.584430 2.022292
v -1.493434 4.844450 2.877640
v -1.524971 4.844450 2.935328
v -1.883989 4.844450 2.619816
v -1.922271 4.844450 2.673265
v -2.273088 4.844450 2.318085
v -2.317818 4.844450 2.366269
v -1.063465 4.844450 3.068103
v -1.090106 4.844450 3.128207
v -2.579564 4.844450 1.978248
v -2.628373 4.844450 2.022292
v -1.493434 6.806767 2.877640
v -1.524971 6.806767 2.935328
v -1.883989 6.806767 2.619816
v -1.922271 6.806767 2.673265
v -2.273088 6.806767 2.318085
v -2.317818 6.806767 2.366269
v -1.063465 6.806767 3.068103
v -1.090106 6.806767 3.128207
v -2.579564 6.806767 1.978248
v -2.628373 6.806767 2.022292
v -1.493434 6.981170 2.877640
v -1.524971 6.981170 2.935328
v -1.883989 6.981170 2.619816
v -1.922271 6.981170 2.673265
v -2.273088 6.981170 2.318085
v -2.317818 6.981170 2.366269
v -1.063465 6.981170 3.068103
v -1.090106 6.981170 3.128207
v -2.579564 6.981170 1.978248
v -2.628373 6.981170 2.022292
v -1.493434 8.944044 2.877640
v -1.524971 8.944044 2.935328
v -1.883989 8.944044 2.619816
v -1.922271 8.944044 2.673265
v -2.273088 8.944044 2.318085
v -2.317818 8.944044 2.366269
v -1.063465 8.944044 3.068103
v -1.090106 8.944044 3.128207
v -2.579564 8.944044 1.978248
v -2.628373 8.944044 2.022292
v -1.493434 9.077375 2.877640
v -1.524971 9.077375 2.935328
v -1.883989 9.077375 2.619816
v -1.922271 9.077375 2.673265
v -2.273088 9.077375 2.318085
v -2.317818 9.077375 2.366269
v -1.063465 9.077375 3.068103
v -1.090106 9.077375 3.128207
v -2.579564 9.077375 1.978248
v -2.628373 9.077375 2.022292
v -1.493434 9.872094 2.877640
v -1.524971 9.872094 2.935328
v -1.883989 9.872094 2.619816
v -1.922271 9.872094 2.673265
v -2.273088 9.872094 2.318085
v -2.317818 9.872094 2.366269
v -1.063465 9.872094 3.068103
v -1.090106 9.872094 3.128207
v -2.579564 9.872094 1.978248
v -2.628373 9.872094 2.022292
v 2.306741 2.639060 2.318492
v 2.351383 2.639060 2.366758
v 1.918610 2.639060 2.619057
v 1.956856 2.639060 2.672532
v 1.507513 2.639060 2.890056
v 1.538697 2.639060 2.947934
v 2.607379 2.639060 1.987158
v 2.656056 2.639060 2.031348
v 1.086995 2.639060 3.070555
v 1.112943 2.639060 3.130962
v 1.086995 2.354168 3.070555
v 1.112943 2.354168 3.130962
v 2.607379 2.354168 1.987158
v 2.656056 2.354168 2.031348
v 1.507513 2.354168 2.890056
v 1.538697 2.354168 2.947934
v 1.918610 2.354168 2.619057
v 1.956856 2.354168 2.672532
v 2.306741 2.354168 2.318492
v 2.351383 2.354168 2.366758
v 2.306741 -0.009687 2.318492
v 2.351383 -0.009687 2.366758
v 1.918610 -0.009687 2.619057
v 1.956856 -0.009687 2.672532
v 1.507513 -0.009687 2.890056
v 1.538697 -0.009687 2.947934
v 2.607379 -0.009687 1.987158
v 2.656056 -0.009687 2.031348
v 1.086995 -0.009687 3.070555
v 1.112943 -0.009687 3.130962
v 2.306741 4.584430 2.318492
v 2.351383 4.584430 2.366758
v 1.918610 4.584430 2.619057
v 1.956856 4.584430 2.672532
v 1.507513 4.584430 2.890056
v 1.538697 4.584430 2.947934
v 2.607379 4.584430 1.987158
v 2.656056 4.584430 2.031348
v 1.086995 4.584430 3.070555
v 1.112943 4.584430 3.130962
v 2.306741 4.844450 2.318492
v 2.351383 4.844450 2.366758
v 1.918610 4.844450 2.619057
v 1.956856 4.844450 2.672532
v 1.507513 4.844450 2.890056
v 1.538697 4.844450 2.947934
v 2.607379 4.844450 1.987158
v 2.656056 4.844450 2.031348
v 1.086995 4.844450 3.070555
v 1.112943 4.844450 3.130962
v 2.306741 6.806767 2.318492
v 2.351383 6.806767 2.366758
v 1.918610 6.806767 2.619057
v 1.956856 6.806767 2.672532
v 1.507513 6.806767 2.890056
v 1.538697 6.806767 2.947934
v 2.607379 6.806767 1.987158
v 2.656056 6.806767 2.031348
v 1.086995 6.806767 3.070555
v 1.112943 6.806767 3.130962
v 2.306741 6.981170 2.318492
v 2.351383 6.981170 2.366758
v 1.918610 6.981170 2.619057
v 1.956856 6.981170 2.672532
v 1.507513 6.981170 2.890056
v 1.538697 6.981170 2.947934
v 2.607379 6.981170 1.987158
v 2.656056 6.981170 2.031348
v 1.086995 6.981170 3.070555
v 1.112943 6.981170 3.130962
v 2.306741 8.944044 2.318492
v 2.351383 8.944044 2.366758
v 1.918610 8.944044 2.619057
v 1.956856 8.944044 2.672532
v 1.507513 8.944044 2.890056
v 1.538697 8.944044 2.947934
v 2.607379 8.944044 1.987158
v 2.656056 8.944044 2.031348
v 1.086995 8.944044 3.070555
v 1.112943 8.944044 3.130962
v 2.306741 9.077375 2.318492
v 2.351383 9.077375 2.366758
v 1.918610 9.077375 2.619057
v 1.956856 9.077375 2.672532
v 1.507513 9.077375 2.890056
v 1.538697 9.077375 2.947934
v 2.607379 9.077375 1.987158
v 2.656056 9.077375 2.031348
v 1.086995 9.077375 3.070555
v 1.112943 9.077375 3.130962
v 2.306741 9.872094 2.318492
v 2.351383 9.872094 2.366758
v 1.918610 9.872094 2.619057
v 1.956856 9.872094 2.672532
v 1.507513 9.872094 2.890056
v 1.538697 9.872094 2.947934
v 2.607379 9.872094 1.987158
v 2.656056 9.872094 2.031348
v 1.086995 9.872094 3.070555
v 1.112943 9.872094 3.130962
v 2.923204 2.639060 -1.500063
v 2.982886 2.639060 -1.527642
v 3.089406 2.639060 -1.038151
v 3.152071 2.639060 -1.058041
v 3.220401 2.639060 -0.563516
v 3.285077 2.639060 -0.575327
v 2.700746 2.639060 -1.888237
v 2.757797 2.639060 -1.920911
v 3.262403 2.639060 -0.107826
v 3.327867 2.639060 -0.113878
v 3.262403 2.354168 -0.107826
v 3.327867 2.354168 -0.113878
v 2.700746 2.354168 -1.888237
v 2.757797 2.354168 -1.920911
v 3.220401 2.354168 -0.563516
v 3.285077 2.354168 -0.575327
v 3.089406 2.354168 -1.038151
v 3.152071 2.354168 -1.058041
v 2.923204 2.354168 -1.500063
v 2.982886 2.354168 -1.527642
v 2.923204 -0.009687 -1.500063
v 2.982886 -0.009687 -1.527642
v 3.089406 -0.009687 -1.038151
v 3.152071 -0.009687 -1.058041
v 3.220401 -0.009687 -0.563516
v 3.285077 -0.009687 -0.575327
v 2.700746 -0.009687 -1.888237
v 2.757797 -0.009687 -1.920911
v 3.262403 -0.009687 -0.107826
v 3.327867 -0.009687 -0.113878
v 2.923204 4.584430 -1.500063
v 2.982886 4.584430 -1.527642
v 3.089406 4.584430 -1.038151
v 3.152071 4.584430 -1.058041
v 3.220401 4.584430 -0.563516
v 3.285077 4.584430 -0.575327
v 2.700746 4.584430 -1.888237
v 2.757797 4.584430 -1.920911
v 3.262403 4.584430 -0.107826
v 3.327867 4.584430 -0.113878
v 2.923204 4.844450 -1.500063
v 2.982886 4.844450 -1.527642
v 3.089406 4.844450 -1.038151
v 3.152071 4.844450 -1.058041
v 3.220401 4.844450 -0.563516
v 3.285077 4.844450 -0.575327
v 2.700746 4.844450 -1.888237
v 2.757797 4.844450 -1.920911
v 3.262403 4.844450 -0.107826
v 3.327867 4.844450 -0.113878
v 2.923204 6.806767 -1.500063
v 2.982886 6.806767 -1.527642
v 3.089406 6.806767 -1.038151
v 3.152071 6.806767 -1.058041
v 3.220401 6.806767 -0.563516
v 3.285077 6.806767 -0.575327
v 2.700746 6.806767 -1.888237
v 2.757797 6.806767 -1.920911
v 3.262403 6.806767 -0.107826
v 3.327867 6.806767 -0.113878
v 2.923204 6.981170 -1.500063
v 2.982886 6.981170 -1.527642
v 3.089406 6.981170 -1.038151
v 3.152071 6.981170 -1.058041
v 3.220401 6.981170 -0.563516
v 3.285077 6.981170 -0.575327
v 2.700746 6.981170 -1.888237
v 2.757797 6.981170 -1.920911
v 3.262403 6.981170 -0.107826
v 3.327867 6.981170 -0.113878
v 2.923204 8.944044 -1.500063
v 2.982886 8.944044 -1.527642
v 3.089406 8.944044 -1.038151
v 3.152071 8.944044 -1.058041
v 3.220401 8.944044 -0.563516
v 3.285077 8.944044 -0.575327
v 2.700746 8.944044 -1.888237
v 2.757797 8.944044 -1.920911
v 3.262403 8.944044 -0.107826
v 3.327867 8.944044 -0.113878
v 2.923204 9.077375 -1.500063
v 2.982886 9.077375 -1.527642
v 3.089406 9.077375 -1.038151
v 3.152071 9.077375 -1.058041
v 3.220401 9.077375 -0.563516
v 3.285077 9.077375 -0.575327
v 2.700746 9.077375 -1.888237
v 2.757797 9.077375 -1.920911
v 3.262403 9.077375 -0.107826
v 3.327867 9.077375 -0.113878
v 2.923204 9.872094 -1.500063
v 2.982886 9.872094 -1.527642
v 3.089406 9.872094 -1.038151
v 3.152071 9.872094 -1.058041
v 3.220401 9.872094 -0.563516
v 3.285077 9.872094 -0.575327
v 2.700746 9.872094 -1.888237
v 2.757797 9.872094 -1.920911
v 3.262403 9.872094 -0.107826
v 3.327867 9.872094 -0.113878
v -0.475013 2.639060 -3.252895
v -0.483256 2.639060 -3.318121
v 0.015531 2.639060 -3.271662
v 0.015520 2.639060 -3.337406
v 0.507559 2.639060 -3.253021
v 0.515856 2.639060 -3.318239
v -0.912278 2.639060 -3.158213
v -0.926174 2.639060 -3.222473
v 0.954620 2.639060 -3.155279
v 0.968645 2.639060 -3.219509
v 0.954620 2.354168 -3.155279
v 0.968645 2.354168 -3.219509
v -0.912278 2.354168 -3.158213
v -0.926174 2.354168 -3.222473
v 0.507559 2.354168 -3.253021
v 0.515856 2.354168 -3.318239
v 0.015531 2.354168 -3.271662
v 0.015520 2.354168 -3.337406
v -0.475013 2.354168 -3.252895
v -0.483256 2.354168 -3.318121
v -0.475013 -0.009687 -3.252895
v -0.483256 -0.009687 -3.318121
v 0.015531 -0.009687 -3.271662
v 0.015520 -0.009687 -3.337406
v 0.507559 -0.009687 -3.253021
v 0.515856 -0.009687 -3.318239
v -0.912278 -0.009687 -3.158213
v -0.926174 -0.009687 -3.222473
v 0.954620 -0.009687 -3.155279
v 0.968645 -0.009687 -3.219509
v -0.475013 4.584430 -3.252895
v -0.483256 4.584430 -3.318121
v 0.015531 4.584430 -3.271662
v 0.015520 4.584430 -3.337406
v 0.507559 4.584430 -3.253021
v 0.515856 4.584430 -3.318239
v -0.912278 4.584430 -3.158213
v -0.926174 4.584430 -3.222473
v 0.954620 4.584430 -3.155279
v 0.968645 4.584430 -3.219509
v -0.475013 4.844450 -3.252895
v -0.483256 4.844450 -3.318121
v 0.015531 4.844450 -3.271662
v 0.015520 4.844450 -3.337406
v 0.507559 4.844450 -3.253021
v 0.515856 4.844450 -3.318239
v -0.912278 4.844450 -3.158213
v -0.926174 4.844450 -3.222473
v 0.954620 4.844450 -3.155279
v 0.968645 4.844450 -3.219509
v -0.475013 6.806767 -3.252895
v -0.483256 6.806767 -3.318121
v 0.015531 6.806767 -3.271662
v 0.015520 6.806767 -3.337406
v 0.507559 6.806767 -3.253021
v 0.515856 6.806767 -3.318239
v -0.912278 6.806767 -3.158213
v -0.926174 6.806767 -3.222473
v 0.954620 6.806767 -3.155279
v 0.968645 6.806767 -3.219509
v -0.475013 6.981170 -3.252895
v -0.483256 6.981170 -3.318121
v 0.015531 6.981170 -3.271662
v 0.015520 6.981170 -3.337406
v 0.507559 6.981170 -3.253021
v 0.515856 6.981170 -3.318239
v -0.912278 6.981170 -3.158213
v -0.926174 6.981170 -3.222473
v 0.954620 6.981170 -3.155279
v 0.968645 6.981170 -3.219509
v -0.475013 8.944044 -3.252895
v -0.483256 8.944044 -3.318121
v 0.015531 8.944044 -3.271662
v 0.015520 8.944044 -3.337406
v 0.507559 8.944044 -3.253021
v 0.515856 8.944044 -3.318239
v -0.912278 8.944044 -3.158213
v -0.926174 8.944044 -3.222473
v 0.954620 8.944044 -3.155279
v 0.968645 8.944044 -3.219509
v -0.475013 9.077375 -3.252895
v -0.483256 9.077375 -3.318121
v 0.015531 9.077375 -3.271662
v 0.015520 9.077375 -3.337406
v 0.507559 9.077375 -3.253021
v 0.515856 9.077375 -3.318239
v -0.912278 9.077375 -3.158213
v -0.926174 9.077375 -3.222473
v 0.954620 9.077375 -3.155279
v 0.968645 9.077375 -3.219509
v -0.475013 9.872094 -3.252895
v -0.483256 9.872094 -3.318121
v 0.015531 9.872094 -3.271662
v 0.015520 9.872094 -3.337406
v 0.507559 9.872094 -3.253021
v 0.515856 9.872094 -3.318239
v -0.912278 9.872094 -3.158213
v -0.926174 9.872094 -3.222473
v 0.954620 9.872094 -3.155279
v 0.968645 9.872094 -3.219509
v -3.200009 2.639060 -0.605698
v -3.264823 2.639060 -0.616726
v -3.083033 2.639060 -1.060027
v -3.145395 2.639060 -1.080841
v -2.896167 2.639060 -1.511829
v -2.954384 2.639060 -1.542374
v -3.239678 2.639060 -0.139325
v -3.305184 2.639060 -0.144914
v -2.647865 2.639060 -1.895519
v -2.703070 2.639060 -1.931220
v -2.647865 2.354168 -1.895519
v -2.703070 2.354168 -1.931220
v -3.239678 2.354168 -0.139325
v -3.305184 2.354168 -0.144914
v -2.896167 2.354168 -1.511829
v -2.954384 2.354168 -1.542374
v -3.083033 2.354168 -1.060027
v -3.145395 2.354168 -1.080841
v -3.200009 2.354168 -0.605698
v -3.264823 2.354168 -0.616726
v -3.200009 -0.009687 -0.605698
v -3.264823 -0.009687 -0.616726
v -3.083033 -0.009687 -1.060027
v -3.145395 -0.009687 -1.080841
v -2.896167 -0.009687 -1.511829
v -2.954384 -0.009687 -1.542374
v -3.239678 -0.009687 -0.139325
v -3.305184 -0.009687 -0.144914
v -2.647865 -0.009687 -1.895519
v -2.703070 -0.009687 -1.931220
v -3.200009 4.584430 -0.605698
v -3.264823 4.584430 -0.616726
v -3.083033 4.584430 -1.060027
v -3.145395 4.584430 -1.080841
v -2.896167 4.584431 -1.511829
v -2.954384 4.584431 -1.542374
v -3.239678 4.584430 -0.139325
v -3.305184 4.584430 -0.144914
v -2.647865 4.584430 -1.895519
v -2.703070 4.584430 -1.931220
v -3.200009 4.844450 -0.605698
v -3.264823 4.844450 -0.616726
v -3.083033 4.844450 -1.060027
v -3.145395 4.844450 -1.080841
v -2.896167 4.844450 -1.511829
v -2.954384 4.844450 -1.542374
v -3.239678 4.844450 -0.139325
v -3.305184 4.844450 -0.144914
v -2.647865 4.844450 -1.895519
v -2.703070 4.844450 -1.931220
v -3.200009 6.806767 -0.605698
v -3.264823 6.806767 -0.616726
v -3.083033 6.806767 -1.060027
v -3.145395 6.806767 -1.080841
v -2.896167 6.806767 -1.511829
v -2.954384 6.806767 -1.542374
v -3.239678 6.806767 -0.139325
v -3.305184 6.806767 -0.144914
v -2.647865 6.806767 -1.895519
v -2.703070 6.806767 -1.931220
v -3.200009 6.981170 -0.605698
v -3.264823 6.981170 -0.616726
v -3.083033 6.981170 -1.060027
v -3.145395 6.981170 -1.080841
v -2.896167 6.981170 -1.511829
v -2.954384 6.981170 -1.542374
v -3.239678 6.981170 -0.139325
v -3.305184 6.981170 -0.144914
v -2.647865 6.981170 -1.895519
v -2.703070 6.981170 -1.931220
v -3.200009 8.944044 -0.605698
v -3.264823 8.944044 -0.616726
v -3.083033 8.944044 -1.060027
v -3.145395 8.944044 -1.080841
v -2.896167 8.944045 -1.511829
v -2.954384 8.944045 -1.542374
v -3.239678 8.944044 -0.139325
v -3.305184 8.944044 -0.144914
v -2.647865 8.944044 -1.895519
v -2.703070 8.944044 -1.931220
v -3.200009 9.077375 -0.605698
v -3.264823 9.077375 -0.616726
v -3.083033 9.077375 -1.060027
v -3.145395 9.077375 -1.080841
v -2.896167 9.077375 -1.511829
v -2.954384 9.077375 -1.542374
v -3.239678 9.077375 -0.139325
v -3.305184 9.077375 -0.144914
v -2.647865 9.077375 -1.895519
v -2.703070 9.077375 -1.931220
v -3.200009 9.872094 -0.605698
v -3.264823 9.872094 -0.616726
v -3.083033 9.872094 -1.060027
v -3.145395 9.872094 -1.080841
v -2.896167 9.872095 -1.511829
v -2.954384 9.872095 -1.542374
v -3.239678 9.872094 -0.139325
v -3.305184 9.872094 -0.144914
v -2.647865 9.872094 -1.895519
v -2.703070 9.872094 -1.931220
v -2.269480 2.671933 2.362327
v -2.295453 2.606186 2.342177
v -1.903130 2.606186 2.646541
v -1.929103 2.671933 2.626391
v -1.929103 4.551558 2.626391
v -1.903130 4.617303 2.646541
v -2.295453 4.617303 2.342177
v -2.269480 4.551558 2.362327
v -1.479150 2.671933 2.919805
v -1.509202 2.606186 2.906484
v -1.046733 2.606186 3.111476
v -1.106838 2.671933 3.084834
v -1.046733 4.617303 3.111476
v -1.106838 4.551558 3.084834
v -1.509202 4.617303 2.906484
v -1.479150 4.551558 2.919805
v -1.479150 0.023184 2.919805
v -1.509202 -0.042562 2.906484
v -1.046733 -0.042562 3.111476
v -1.106838 0.023184 3.084834
v -1.046733 2.387041 3.111476
v -1.106838 2.321296 3.084834
v -1.509202 2.387041 2.906484
v -1.479150 2.321296 2.919805
v -2.269480 0.023184 2.362327
v -2.295453 -0.042562 2.342177
v -1.903130 -0.042562 2.646541
v -1.929103 0.023184 2.626391
v -1.929103 2.321296 2.626391
v -1.903130 2.387041 2.646541
v -2.295453 2.387041 2.342177
v -2.269480 2.321296 2.362327
v -2.581946 0.023184 2.024676
v -2.625991 -0.042562 1.975864
v -2.317475 0.023184 2.317771
v -2.317475 2.321296 2.317771
v -2.625991 2.387041 1.975864
v -2.581946 2.321296 2.024676
v -1.875692 0.023184 2.664646
v -1.536640 0.023184 2.888379
v -1.536640 2.321296 2.888379
v -1.875692 2.321296 2.664646
v -1.875692 2.671933 2.664646
v -1.536640 2.671933 2.888379
v -1.536640 4.551558 2.888379
v -1.875692 4.551558 2.664646
v -2.581946 2.671933 2.024676
v -2.625991 2.606186 1.975864
v -2.317475 2.671933 2.317771
v -2.317475 4.551558 2.317771
v -2.625991 4.617303 1.975864
v -2.581946 4.551558 2.024676
v -2.269480 4.877323 2.362327
v -2.295453 4.811578 2.342177
v -1.903130 4.811578 2.646541
v -1.929103 4.877323 2.626391
v -1.929103 6.773894 2.626391
v -1.903130 6.839640 2.646541
v -2.295453 6.839640 2.342177
v -2.269480 6.773894 2.362327
v -1.479150 4.877323 2.919805
v -1.509202 4.811578 2.906484
v -1.046733 4.811578 3.111476
v -1.106838 4.877323 3.084834
v -1.046733 6.839640 3.111476
v -1.106838 6.773894 3.084834
v -1.509202 6.839640 2.906484
v -1.479150 6.773894 2.919805
v -1.875692 4.877323 2.664646
v -1.536640 4.877323 2.888379
v -1.536640 6.773894 2.888379
v -1.875692 6.773894 2.664646
v -2.581946 4.877323 2.024676
v -2.625991 4.811578 1.975864
v -2.317475 4.877323 2.317771
v -2.317475 6.773894 2.317771
v -2.625991 6.839640 1.975864
v -2.581946 6.773894 2.024676
v -2.269480 7.014043 2.362327
v -2.295453 6.948297 2.342177
v -1.903130 6.948297 2.646541
v -1.929103 7.014043 2.626391
v -1.929103 8.911171 2.626391
v -1.903130 8.976917 2.646541
v -2.295453 8.976917 2.342177
v -2.269480 8.911171 2.362327
v -1.479150 7.014043 2.919805
v -1.509202 6.948297 2.906484
v -1.046733 6.948297 3.111476
v -1.106838 7.014043 3.084834
v -1.046733 8.976917 3.111476
v -1.106838 8.911171 3.084834
v -1.509202 8.976917 2.906484
v -1.479150 8.911171 2.919805
v -1.875692 7.014043 2.664646
v -1.536640 7.014043 2.888379
v -1.536640 8.911171 2.888379
v -1.875692 8.911171 2.664646
v -2.581946 7.014043 2.024676
v -2.625991 6.948297 1.975864
v -2.317475 7.014043 2.317771
v -2.317475 8.911171 2.317771
v -2.625991 8.976917 1.975864
v -2.581946 8.911171 2.024676
v -2.269480 9.110248 2.362327
v -2.295453 9.044502 2.342177
v -1.903130 9.044502 2.646541
v -1.929103 9.110248 2.626391
v -1.929103 9.839222 2.626391
v -1.903130 9.904967 2.646541
v -2.295453 9.904967 2.342177
v -2.269480 9.839222 2.362327
v -1.479150 9.110248 2.919805
v -1.509202 9.044502 2.906484
v -1.046733 9.044502 3.111476
v -1.106838 9.110248 3.084834
v -1.046733 9.904967 3.111476
v -1.106838 9.839222 3.084834
v -1.509202 9.904967 2.906484
v -1.479150 9.839222 2.919805
v -1.875692 9.110248 2.664646
v -1.536640 9.110248 2.888379
v -1.536640 9.839222 2.888379
v -1.875692 9.839222 2.664646
v -2.581946 9.110248 2.024676
v -2.625991 9.044502 1.975864
v -2.317475 9.110248 2.317771
v -2.317475 9.839222 2.317771
v -2.625991 9.904967 1.975864
v -2.581946 9.839222 2.024676
v 1.550555 2.671933 2.900908
v 1.523105 2.606186 2.918995
v 1.937733 2.606186 2.645795
v 1.910283 2.671933 2.663882
v 1.910283 4.551558 2.663882
v 1.937733 4.617303 2.645795
v 1.523105 4.617303 2.918995
v 1.550555 4.551558 2.900908
v 2.351159 2.671933 2.318286
v 2.329062 2.606186 2.342625
v 2.653814 2.606186 1.984914
v 2.609621 2.671933 2.033592
v 2.653814 4.617303 1.984914
v 2.609621 4.551558 2.033592
v 2.329062 4.617303 2.342625
v 2.351159 4.551558 2.318286
v 2.351159 0.023185 2.318286
v 2.329062 -0.042561 2.342625
v 2.653814 -0.042561 1.984914
v 2.609621 0.023185 2.033592
v 2.653814 2.387041 1.984914
v 2.609621 2.321296 2.033592
v 2.329062 2.387041 2.342625
v 2.351159 2.321296 2.318286
v 1.550555 0.023185 2.900908
v 1.523105 -0.042561 2.918995
v 1.937733 -0.042561 2.645795
v 1.910283 0.023185 2.663882
v 1.910283 2.321296 2.663882
v 1.937733 2.387041 2.645795
v 1.523105 2.387041 2.918995
v 1.550555 2.321296 2.900908
v 1.130173 0.023185 3.087784
v 1.069765 -0.042561 3.113733
v 1.492901 0.023185 2.931970
v 1.492901 2.321296 2.931970
v 1.069765 2.387041 3.113733
v 1.130173 2.321296 3.087784
v 1.963720 0.023185 2.625662
v 2.303075 0.023185 2.362757
v 2.303075 2.321296 2.362757
v 1.963720 2.321296 2.625662
v 1.963720 2.671933 2.625662
v 2.303075 2.671933 2.362757
v 2.303075 4.551558 2.362757
v 1.963720 4.551558 2.625662
v 1.130173 2.671933 3.087784
v 1.069765 2.606186 3.113733
v 1.492901 2.671933 2.931970
v 1.492901 4.551558 2.931970
v 1.069765 4.617303 3.113733
v 1.130173 4.551558 3.087784
v 1.550555 4.877323 2.900908
v 1.523105 4.811578 2.918995
v 1.937733 4.811578 2.645795
v 1.910283 4.877323 2.663882
v 1.910283 6.773894 2.663882
v 1.937733 6.839640 2.645795
v 1.523105 6.839640 2.918995
v 1.550555 6.773894 2.900908
v 2.351159 4.877323 2.318286
v 2.329062 4.811578 2.342625
v 2.653814 4.811578 1.984914
v 2.609621 4.877323 2.033592
v 2.653814 6.839640 1.984914
v 2.609621 6.773894 2.033592
v 2.329062 6.839640 2.342625
v 2.351159 6.773894 2.318286
v 1.963720 4.877323 2.625662
v 2.303075 4.877323 2.362757
v 2.303075 6.773894 2.362757
v 1.963720 6.773894 2.625662
v 1.130173 4.877323 3.087784
v 1.069765 4.811578 3.113733
v 1.492901 4.877323 2.931970
v 1.492901 6.773894 2.931970
v 1.069765 6.839640 3.113733
v 1.130173 6.773894 3.087784
v 1.550555 7.014043 2.900908
v 1.523105 6.948297 2.918995
v 1.937733 6.948297 2.645795
v 1.910283 7.014043 2.663882
v 1.910283 8.911171 2.663882
v 1.937733 8.976917 2.645795
v 1.523105 8.976917 2.918995
v 1.550555 8.911171 2.900908
v 2.351159 7.014043 2.318286
v 2.329062 6.948297 2.342625
v 2.653814 6.948297 1.984914
v 2.609621 7.014043 2.033592
v 2.653814 8.976917 1.984914
v 2.609621 8.911171 2.033592
v 2.329062 8.976917 2.342625
v 2.351159 8.911171 2.318286
v 1.963720 7.014043 2.625662
v 2.303075 7.014043 2.362757
v 2.303075 8.911171 2.362757
v 1.963720 8.911171 2.625662
v 1.130173 7.014043 3.087784
v 1.069765 6.948297 3.113733
v 1.492901 7.014043 2.931970
v 1.492901 8.911171 2.931970
v 1.069765 8.976917 3.113733
v 1.130173 8.911171 3.087784
v 1.550555 9.110248 2.900908
v 1.523105 9.044502 2.918995
v 1.937733 9.044502 2.645795
v 1.910283 9.110248 2.663882
v 1.910283 9.839222 2.663882
v 1.937733 9.904967 2.645795
v 1.523105 9.904967 2.918995
v 1.550555 9.839222 2.900908
v 2.351159 9.110248 2.318286
v 2.329062 9.044502 2.342625
v 2.653814 9.044502 1.984914
v 2.609621 9.110248 2.033592
v 2.653814 9.904967 1.984914
v 2.609621 9.839222 2.033592
v 2.329062 9.904967 2.342625
v 2.351159 9.839222 2.318286
v 1.963720 9.110248 2.625662
v 2.303075 9.110248 2.362757
v 2.303075 9.839222 2.362757
v 1.963720 9.839222 2.625662
v 1.130173 9.110248 3.087784
v 1.069765 9.044502 3.113733
v 1.492901 9.110248 2.931970
v 1.492901 9.839222 2.931970
v 1.069765 9.904967 3.113733
v 1.130173 9.839222 3.087784
v 3.244000 2.671933 -0.601111
v 3.252739 2.606186 -0.569421
v 3.120739 2.606186 -1.048096
v 3.129478 2.671933 -1.016406
v 3.129478 4.551558 -1.016406
v 3.120739 4.617303 -1.048096
v 3.252739 4.617303 -0.569421
v 3.244000 4.551558 -0.601111
v 2.936708 2.671933 -1.542378
v 2.953045 2.606186 -1.513852
v 2.712935 2.606186 -1.933100
v 2.745609 2.671933 -1.876048
v 2.712935 4.617303 -1.933100
v 2.745609 4.551558 -1.876048
v 2.953045 4.617303 -1.513852
v 2.936708 4.551558 -1.542378
v 2.936708 0.023185 -1.542378
v 2.953045 -0.042561 -1.513852
v 2.712935 -0.042561 -1.933100
v 2.745609 0.023185 -1.876048
v 2.712935 2.387041 -1.933100
v 2.745609 2.321296 -1.876048
v 2.953045 2.387041 -1.513852
v 2.936708 2.321296 -1.542378
v 3.244000 0.023185 -0.601111
v 3.252739 -0.042561 -0.569421
v 3.120739 -0.042561 -1.048096
v 3.129478 0.023185 -1.016406
v 3.129478 2.321296 -1.016406
v 3.120739 2.387041 -1.048096
v 3.252739 2.387041 -0.569421
v 3.244000 2.321296 -0.601111
v 3.292109 0.023185 -0.143585
v 3.298161 -0.042561 -0.078119
v 3.255765 0.023185 -0.536688
v 3.255765 2.321296 -0.536688
v 3.298161 2.387041 -0.078119
v 3.292109 2.321296 -0.143585
v 3.109603 0.023185 -1.079025
v 2.964181 0.023185 -1.482923
v 2.964181 2.321296 -1.482923
v 3.109603 2.321296 -1.079025
v 3.109603 2.671933 -1.079025
v 2.964181 2.671933 -1.482923
v 2.964181 4.551558 -1.482923
v 3.109603 4.551558 -1.079025
v 3.292109 2.671933 -0.143585
v 3.298161 2.606186 -0.078119
v 3.255765 2.671933 -0.536688
v 3.255765 4.551558 -0.536688
v 3.298161 4.617303 -0.078119
v 3.292109 4.551558 -0.143585
v 3.244000 4.877323 -0.601111
v 3.252739 4.811578 -0.569421
v 3.120739 4.811578 -1.048096
v 3.129478 4.877323 -1.016406
v 3.129478 6.773894 -1.016406
v 3.120739 6.839640 -1.048096
v 3.252739 6.839640 -0.569421
v 3.244000 6.773894 -0.601111
v 2.936708 4.877323 -1.542378
v 2.953045 4.811578 -1.513852
v 2.712935 4.811578 -1.933100
v 2.745609 4.877323 -1.876048
v 2.712935 6.839640 -1.933100
v 2.745609 6.773894 -1.876048
v 2.953045 6.839640 -1.513852
v 2.936708 6.773894 -1.542378
v 3.109603 4.877323 -1.079025
v 2.964181 4.877323 -1.482923
v 2.964181 6.773894 -1.482923
v 3.109603 6.773894 -1.079025
v 3.292109 4.877323 -0.143585
v 3.298161 4.811578 -0.078119
v 3.255765 4.877323 -0.536688
v 3.255765 6.773894 -0.536688
v 3.298161 6.839640 -0.078119
v 3.292109 6.773894 -0.143585
v 3.244000 7.014043 -0.601111
v 3.252739 6.948297 -0.569421
v 3.120739 6.948297 -1.048096
v 3.129478 7.014043 -1.016406
v 3.129478 8.911171 -1.016406
v 3.120739 8.976917 -1.048096
v 3.252739 8.976917 -0.569421
v 3.244000 8.911171 -0.601111
v 2.936708 7.014043 -1.542378
v 2.953045 6.948297 -1.513852
v 2.712935 6.948297 -1.933100
v 2.745609 7.014043 -1.876048
v 2.712935 8.976917 -1.933100
v 2.745609 8.911171 -1.876048
v 2.953045 8.976917 -1.513852
v 2.936708 8.911171 -1.542378
v 3.109603 7.014043 -1.079025
v 2.964181 7.014043 -1.482923
v 2.964181 8.911171 -1.482923
v 3.109603 8.911171 -1.079025
v 3.292109 7.014043 -0.143585
v 3.298161 6.948297 -0.078119
v 3.255765 7.014043 -0.536688
v 3.255765 8.911171 -0.536688
v 3.298161 8.976917 -0.078119
v 3.292109 8.911171 -0.143585
v 3.244000 9.110248 -0.601111
v 3.252739 9.044502 -0.569421
v 3.120739 9.044502 -1.048096
v 3.129478 9.110248 -1.016406
v 3.129478 9.839222 -1.016406
v 3.120739 9.904967 -1.048096
v 3.252739 9.904967 -0.569421
v 3.244000 9.839222 -0.601111
v 2.936708 9.110248 -1.542378
v 2.953045 9.044502 -1.513852
v 2.712935 9.044502 -1.933100
v 2.745609 9.110248 -1.876048
v 2.712935 9.904967 -1.933100
v 2.745609 9.839222 -1.876048
v 2.953045 9.904967 -1.513852
v 2.936708 9.839222 -1.542378
v 3.109603 9.110248 -1.079025
v 2.964181 9.110248 -1.482923
v 2.964181 9.839222 -1.482923
v 3.109603 9.839222 -1.079025
v 3.292109 9.110248 -0.143585
v 3.298161 9.044502 -0.078119
v 3.255765 9.110248 -0.536688
v 3.255765 9.839222 -0.536688
v 3.298161 9.904967 -0.078119
v 3.292109 9.839222 -0.143585
v 0.478859 2.671933 -3.286881
v 0.511708 2.606186 -3.285630
v 0.015526 2.606186 -3.304534
v 0.048375 2.671933 -3.303282
v 0.048375 4.551558 -3.303282
v 0.015526 4.617303 -3.304534
v 0.511708 4.617303 -3.285630
v 0.478859 4.551558 -3.286881
v -0.511265 2.671933 -3.278560
v -0.479134 2.606186 -3.285508
v -0.951356 2.606186 -3.183396
v -0.887096 2.671933 -3.197291
v -0.951356 4.617303 -3.183396
v -0.887096 4.551558 -3.197291
v -0.479134 4.617303 -3.285508
v -0.511265 4.551558 -3.278560
v -0.511265 0.023185 -3.278560
v -0.479134 -0.042561 -3.285508
v -0.951356 -0.042561 -3.183396
v -0.887096 0.023185 -3.197291
v -0.951356 2.387041 -3.183396
v -0.887096 2.321296 -3.197291
v -0.479134 2.387041 -3.285508
v -0.511265 2.321296 -3.278560
v 0.478859 0.023185 -3.286881
v 0.511708 -0.042561 -3.285630
v 0.015526 -0.042561 -3.304534
v 0.048375 0.023185 -3.303282
v 0.048375 2.321296 -3.303282
v 0.015526 2.387041 -3.304534
v 0.511708 2.387041 -3.285630
v 0.478859 2.321296 -3.286881
v 0.929516 0.023185 -3.194406
v 0.993749 -0.042561 -3.180382
v 0.543824 0.023185 -3.278618
v 0.543824 2.321296 -3.278618
v 0.993749 2.387041 -3.180382
v 0.929516 2.321296 -3.194406
v -0.017323 0.023185 -3.303271
v -0.446286 0.023185 -3.286772
v -0.446286 2.321296 -3.286772
v -0.017323 2.321296 -3.303271
v -0.017323 2.671933 -3.303271
v -0.446286 2.671933 -3.286772
v -0.446286 4.551558 -3.286772
v -0.017323 4.551558 -3.303271
v 0.929516 2.671933 -3.194406
v 0.993749 2.606186 -3.180382
v 0.543824 2.671933 -3.278618
v 0.543824 4.551558 -3.278618
v 0.993749 4.617303 -3.180382
v 0.929516 4.551558 -3.194406
v 0.478859 4.877323 -3.286881
v 0.511708 4.811578 -3.285630
v 0.015526 4.811578 -3.304534
v 0.048375 4.877323 -3.303282
v 0.048375 6.773894 -3.303282
v 0.015526 6.839640 -3.304534
v 0.511708 6.839640 -3.285630
v 0.478859 6.773894 -3.286881
v -0.511265 4.877323 -3.278560
v -0.479134 4.811578 -3.285508
v -0.951356 4.811578 -3.183396
v -0.887096 4.877323 -3.197291
v -0.951356 6.839640 -3.183396
v -0.887096 6.773894 -3.197291
v -0.479134 6.839640 -3.285508
v -0.511265 6.773894 -3.278560
v -0.017323 4.877323 -3.303271
v -0.446286 4.877323 -3.286772
v -0.446286 6.773894 -3.286772
v -0.017323 6.773894 -3.303271
v 0.929516 4.877323 -3.194406
v 0.993749 4.811578 -3.180382
v 0.543824 4.877323 -3.278618
v 0.543824 6.773894 -3.278618
v 0.993749 6.839640 -3.180382
v 0.929516 6.773894 -3.194406
v 0.478859 7.014043 -3.286881
v 0.511708 6.948297 -3.285630
v 0.015526 6.948297 -3.304534
v 0.048375 7.014043 -3.303282
v 0.048375 8.911171 -3.303282
v 0.015526 8.976917 -3.304534
v 0.511708 8.976917 -3.285630
v 0.478859 8.911171 -3.286881
v -0.511265 7.014043 -3.278560
v -0.479134 6.948297 -3.285508
v -0.951356 6.948297 -3.183396
v -0.887096 7.014043 -3.197291
v -0.951356 8.976917 -3.183396
v -0.887096 8.911171 -3.197291
v -0.479134 8.976917 -3.285508
v -0.511265 8.911171 -3.278560
v -0.017323 7.014043 -3.303271
v -0.446286 7.014043 -3.286772
v -0.446286 8.911171 -3.286772
v -0.017323 8.911171 -3.303271
v 0.929516 7.014043 -3.194406
v 0.993749 6.948297 -3.180382
v 0.543824 7.014043 -3.278618
v 0.543824 8.911171 -3.278618
v 0.993749 8.976917 -3.180382
v 0.929516 8.911171 -3.194406
v 0.478859 9.110248 -3.286881
v 0.511708 9.044502 -3.285630
v 0.015526 9.044502 -3.304534
v 0.048375 9.110248 -3.303282
v 0.048375 9.839222 -3.303282
v 0.015526 9.904967 -3.304534
v 0.511708 9.904967 -3.285630
v 0.478859 9.839222 -3.286881
v -0.511265 9.110248 -3.278560
v -0.479134 9.044502 -3.285508
v -0.951356 9.044502 -3.183396
v -0.887096 9.110248 -3.197291
v -0.951356 9.904967 -3.183396
v -0.887096 9.839222 -3.197291
v -0.479134 9.904967 -3.285508
v -0.511265 9.839222 -3.278560
v -0.017323 9.110248 -3.303271
v -0.446286 9.110248 -3.286772
v -0.446286 9.839222 -3.286772
v -0.017323 9.839222 -3.303271
v 0.929516 9.110248 -3.194406
v 0.993749 9.044502 -3.180382
v 0.543824 9.110248 -3.278618
v 0.543824 9.839222 -3.278618
v 0.993749 9.904967 -3.180382
v 0.929516 9.839222 -3.194406
v -2.937843 2.671933 -1.496726
v -2.925275 2.606187 -1.527101
v -3.114214 2.606186 -1.070434
v -3.101647 2.671933 -1.100810
v -3.101647 4.551558 -1.100810
v -3.114214 4.617303 -1.070434
v -2.925275 4.617303 -1.527101
v -2.937843 4.551558 -1.496726
v -3.235210 2.671933 -0.578458
v -3.232416 2.606186 -0.611212
v -3.275226 2.606186 -0.109365
v -3.269637 2.671933 -0.174873
v -3.275226 4.617303 -0.109365
v -3.269637 4.551558 -0.174873
v -3.232416 4.617303 -0.611212
v -3.235210 4.551558 -0.578458
v -3.235210 0.023185 -0.578458
v -3.232416 -0.042561 -0.611212
v -3.275226 -0.042561 -0.109365
v -3.269637 0.023185 -0.174873
v -3.275226 2.387041 -0.109365
v -3.269637 2.321296 -0.174873
v -3.232416 2.387041 -0.611212
v -3.235210 2.321296 -0.578458
v -2.937843 0.023185 -1.496726
v -2.925275 -0.042562 -1.527101
v -3.114214 -0.042561 -1.070434
v -3.101647 0.023185 -1.100810
v -3.101647 2.321296 -1.100810
v -3.114214 2.387041 -1.070434
v -2.925275 2.387042 -1.527101
v -2.937843 2.321296 -1.496726
v -2.693319 0.023185 -1.885766
v -2.657616 -0.042561 -1.940973
v -2.907424 0.023185 -1.554705
v -2.907424 2.321296 -1.554705
v -2.657616 2.387041 -1.940973
v -2.693319 2.321296 -1.885766
v -3.122408 0.023185 -1.038599
v -3.224222 0.023185 -0.643048
v -3.224222 2.321296 -0.643048
v -3.122408 2.321296 -1.038599
v -3.122408 2.671933 -1.038599
v -3.224222 2.671933 -0.643048
v -3.224222 4.551558 -0.643048
v -3.122408 4.551558 -1.038599
v -2.693319 2.671933 -1.885766
v -2.657616 2.606186 -1.940973
v -2.907424 2.671933 -1.554705
v -2.907424 4.551558 -1.554705
v -2.657616 4.617303 -1.940973
v -2.693319 4.551558 -1.885766
v -2.937843 4.877323 -1.496726
v -2.925275 4.811578 -1.527101
v -3.114214 4.811578 -1.070434
v -3.101647 4.877323 -1.100810
v -3.101647 6.773894 -1.100810
v -3.114214 6.839640 -1.070434
v -2.925275 6.839640 -1.527101
v -2.937843 6.773894 -1.496726
v -3.235210 4.877323 -0.578458
v -3.232416 4.811578 -0.611212
v -3.275226 4.811578 -0.109365
v -3.269637 4.877323 -0.174873
v -3.275226 6.839640 -0.109365
v -3.269637 6.773894 -0.174873
v -3.232416 6.839640 -0.611212
v -3.235210 6.773894 -0.578458
v -3.122408 4.877323 -1.038599
v -3.224222 4.877323 -0.643048
v -3.224222 6.773894 -0.643048
v -3.122408 6.773894 -1.038599
v -2.693319 4.877323 -1.885766
v -2.657616 4.811578 -1.940973
v -2.907423 4.877323 -1.554705
v -2.907424 6.773894 -1.554705
v -2.657616 6.839640 -1.940973
v -2.693319 6.773894 -1.885766
v -2.937843 7.014043 -1.496726
v -2.925275 6.948298 -1.527101
v -3.114214 6.948297 -1.070434
v -3.101647 7.014043 -1.100810
v -3.101647 8.911171 -1.100810
v -3.114214 8.976917 -1.070434
v -2.925275 8.976917 -1.527101
v -2.937843 8.911172 -1.496726
v -3.235210 7.014043 -0.578458
v -3.232416 6.948297 -0.611212
v -3.275226 6.948297 -0.109365
v -3.269637 7.014043 -0.174873
v -3.275226 8.976917 -0.109365
v -3.269637 8.911171 -0.174873
v -3.232416 8.976917 -0.611212
v -3.235210 8.911171 -0.578458
v -3.122408 7.014043 -1.038599
v -3.224222 7.014043 -0.643048
v -3.224222 8.911171 -0.643048
v -3.122408 8.911171 -1.038599
v -2.693319 7.014043 -1.885766
v -2.657616 6.948297 -1.940973
v -2.907424 7.014043 -1.554705
v -2.907424 8.911172 -1.554705
v -2.657616 8.976917 -1.940973
v -2.693319 8.911171 -1.885766
v -2.937843 9.110248 -1.496726
v -2.925275 9.044502 -1.527101
v -3.114214 9.044502 -1.070434
v -3.101647 9.110248 -1.100810
v -3.101647 9.839222 -1.100810
v -3.114214 9.904967 -1.070434
v -2.925275 9.904968 -1.527101
v -2.937843 9.839223 -1.496726
v -3.235210 9.110248 -0.578458
v -3.232416 9.044502 -0.611212
v -3.275226 9.044502 -0.109365
v -3.269637 9.110248 -0.174873
v -3.275226 9.904967 -0.109365
v -3.269637 9.839222 -0.174873
v -3.232416 9.904967 -0.611212
v -3.235210 9.839222 -0.578458
v -3.122408 9.110248 -1.038599
v -3.224222 9.110248 -0.643048
v -3.224222 9.839222 -0.643048
v -3.122408 9.839222 -1.038599
v -2.693319 9.110248 -1.885766
v -2.657616 9.044502 -1.940973
v -2.907423 9.110248 -1.554705
v -2.907424 9.839223 -1.554705
v -2.657616 9.904967 -1.940973
v -2.693319 9.839222 -1.885766
vt 0.288730 0.700784
vt 0.288730 0.683562
vt 0.289902 0.683164
vt 0.289902 0.702260
vt 0.699876 0.112433
vt 0.699883 0.096131
vt 0.701418 0.095409
vt 0.701418 0.113760
vt 0.291074 0.682551
vt 0.291074 0.701796
vt 0.308257 0.878012
vt 0.305807 0.859960
vt 0.307287 0.859387
vt 0.309746 0.877573
vt 0.750387 0.915060
vt 0.750387 0.960867
vt 0.748782 0.962038
vt 0.748782 0.913888
vt 0.429798 0.867586
vt 0.429798 0.913393
vt 0.428175 0.914565
vt 0.428175 0.866414
vt 0.242920 0.683562
vt 0.242920 0.700784
vt 0.241748 0.702260
vt 0.241748 0.683164
vt 0.899993 0.383656
vt 0.906708 0.398512
vt 0.905848 0.400356
vt 0.898296 0.383630
vt 0.240576 0.701796
vt 0.240576 0.682551
vt 0.477245 0.917827
vt 0.479691 0.935880
vt 0.478138 0.935853
vt 0.475666 0.917669
vt 0.906708 0.354046
vt 0.905355 0.352504
vt 0.859799 0.531104
vt 0.842359 0.531104
vt 0.840707 0.529932
vt 0.859827 0.529932
vt 0.958414 0.076822
vt 0.958421 0.056464
vt 0.960034 0.055444
vt 0.960034 0.078025
vt 0.840569 0.528760
vt 0.860694 0.528760
vt 0.302393 0.841247
vt 0.292246 0.820059
vt 0.294091 0.820159
vt 0.303836 0.840529
vt 0.842359 0.576911
vt 0.840707 0.578083
vt 0.564719 0.958515
vt 0.564719 0.912709
vt 0.566375 0.911537
vt 0.566375 0.959687
vt 0.357044 0.535443
vt 0.357044 0.585938
vt 0.355389 0.584766
vt 0.355389 0.536615
vt 0.308664 0.790891
vt 0.309746 0.792345
vt 0.859799 0.576911
vt 0.859827 0.578083
vt 0.885935 0.382141
vt 0.897124 0.399149
vt 0.896431 0.401044
vt 0.884028 0.382174
vt 0.860694 0.579255
vt 0.840569 0.579255
vt 0.479691 0.875756
vt 0.475553 0.898880
vt 0.473970 0.898573
vt 0.477939 0.876344
vt 0.870804 0.962158
vt 0.870804 0.916352
vt 0.872349 0.915180
vt 0.872349 0.963330
vt 0.897124 0.353915
vt 0.895789 0.352504
vt 0.288730 0.681565
vt 0.288730 0.664171
vt 0.289902 0.663941
vt 0.694425 0.113165
vt 0.694417 0.096080
vt 0.695974 0.095409
vt 0.695974 0.114580
vt 0.291074 0.663185
vt 0.873521 0.962158
vt 0.873521 0.916352
vt 0.875057 0.915180
vt 0.875057 0.963330
vt 0.179754 0.893618
vt 0.179754 0.847812
vt 0.181497 0.846640
vt 0.181497 0.894791
vt 0.242920 0.664171
vt 0.242920 0.681565
vt 0.241748 0.663941
vt 0.136133 0.883923
vt 0.143523 0.899327
vt 0.142739 0.901274
vt 0.134438 0.883992
vt 0.240576 0.663185
vt 0.143523 0.854473
vt 0.142206 0.853035
vt 0.288730 0.724164
vt 0.288730 0.702921
vt 0.289902 0.725618
vt 0.769508 0.806913
vt 0.748252 0.806913
vt 0.747454 0.805741
vt 0.771096 0.805741
vt 0.291074 0.726413
vt 0.746001 0.804569
vt 0.770633 0.804569
vt 0.869629 0.906391
vt 0.869629 0.952198
vt 0.868200 0.953370
vt 0.868200 0.905219
vt 0.769508 0.852719
vt 0.771096 0.853891
vt 0.242920 0.702921
vt 0.242920 0.724164
vt 0.241748 0.725618
vt 0.748252 0.852719
vt 0.747454 0.853891
vt 0.240576 0.726413
vt 0.770633 0.855063
vt 0.746001 0.855063
vt 0.719676 0.918209
vt 0.719676 0.948572
vt 0.718234 0.948737
vt 0.718234 0.916821
vt 0.651310 0.874145
vt 0.651310 0.924639
vt 0.649828 0.923467
vt 0.649828 0.875317
vt 0.809933 0.361896
vt 0.809933 0.344674
vt 0.811105 0.344276
vt 0.811105 0.363372
vt 0.708019 0.112433
vt 0.708026 0.096131
vt 0.709561 0.095409
vt 0.709561 0.113760
vt 0.812277 0.343663
vt 0.812277 0.362908
vt 0.260379 0.895267
vt 0.260047 0.877053
vt 0.261583 0.876656
vt 0.261909 0.895005
vt 0.475575 0.938224
vt 0.475575 0.958610
vt 0.473970 0.959782
vt 0.473970 0.937052
vt 0.773925 0.955757
vt 0.773925 0.935371
vt 0.775549 0.934198
vt 0.775549 0.956929
vt 0.789546 0.344674
vt 0.789546 0.361896
vt 0.788373 0.363372
vt 0.788373 0.344276
vt 0.136116 0.916822
vt 0.140815 0.932433
vt 0.139721 0.934147
vt 0.134438 0.916572
vt 0.787201 0.362908
vt 0.787201 0.343663
vt 0.691741 0.763825
vt 0.694187 0.781877
vt 0.692635 0.781851
vt 0.690163 0.763666
vt 0.140815 0.904152
vt 0.139678 0.902446
vt 0.820303 0.702026
vt 0.837743 0.702026
vt 0.839395 0.703198
vt 0.820275 0.703198
vt 0.762417 0.958717
vt 0.762424 0.938360
vt 0.764037 0.937340
vt 0.764037 0.959921
vt 0.839533 0.704370
vt 0.819408 0.704370
vt 0.258833 0.858069
vt 0.251221 0.835845
vt 0.253041 0.836159
vt 0.260350 0.857524
vt 0.837743 0.681640
vt 0.839395 0.680468
vt 0.609984 0.952620
vt 0.609984 0.932233
vt 0.611639 0.931061
vt 0.611639 0.953792
vt 0.262048 0.928857
vt 0.262048 0.953931
vt 0.260393 0.952759
vt 0.260393 0.930029
vt 0.261003 0.822408
vt 0.261909 0.823978
vt 0.820303 0.681640
vt 0.820275 0.680468
vt 0.541002 0.897923
vt 0.548457 0.916867
vt 0.547389 0.918579
vt 0.539128 0.897564
vt 0.819408 0.679296
vt 0.839533 0.679296
vt 0.694187 0.721753
vt 0.690049 0.744878
vt 0.688467 0.744570
vt 0.692436 0.722341
vt 0.968304 0.543947
vt 0.968304 0.523561
vt 0.969849 0.522389
vt 0.969849 0.545119
vt 0.548457 0.886652
vt 0.547440 0.884997
vt 0.809933 0.342677
vt 0.809933 0.325283
vt 0.811105 0.325053
vt 0.691695 0.113165
vt 0.691687 0.096080
vt 0.693245 0.095409
vt 0.693245 0.114580
vt 0.812277 0.324297
vt 0.888308 0.948735
vt 0.888308 0.969122
vt 0.886772 0.970294
vt 0.886772 0.947563
vt 0.339100 0.841811
vt 0.339100 0.821425
vt 0.340842 0.820253
vt 0.340842 0.842983
vt 0.789545 0.325283
vt 0.789545 0.342677
vt 0.788373 0.325053
vt 0.437047 0.913605
vt 0.442168 0.929904
vt 0.441115 0.931719
vt 0.435360 0.913432
vt 0.787201 0.324297
vt 0.442168 0.901100
vt 0.441070 0.899489
vt 0.809933 0.385276
vt 0.809933 0.364033
vt 0.811105 0.386730
vt 0.582810 0.146347
vt 0.582810 0.125093
vt 0.583983 0.124295
vt 0.583983 0.147935
vt 0.812277 0.387525
vt 0.585155 0.122842
vt 0.585155 0.147472
vt 0.530526 0.949392
vt 0.530526 0.969778
vt 0.529098 0.970950
vt 0.529098 0.948220
vt 0.562423 0.146347
vt 0.561251 0.147935
vt 0.789545 0.364033
vt 0.789546 0.385276
vt 0.788373 0.386730
vt 0.562423 0.125093
vt 0.561251 0.124295
vt 0.787201 0.387525
vt 0.560078 0.147472
vt 0.560078 0.122842
vt 0.788644 0.390085
vt 0.788644 0.403598
vt 0.787201 0.403764
vt 0.787201 0.388697
vt 0.651310 0.925811
vt 0.651310 0.950886
vt 0.649828 0.949714
vt 0.649828 0.926983
vt 0.836428 0.376201
vt 0.836428 0.358979
vt 0.837600 0.358580
vt 0.837600 0.377676
vt 0.702591 0.112433
vt 0.702597 0.096131
vt 0.704133 0.095409
vt 0.704133 0.113760
vt 0.838772 0.357967
vt 0.838772 0.377212
vt 0.547055 0.404600
vt 0.546722 0.386386
vt 0.548258 0.385989
vt 0.548585 0.404337
vt 0.136043 0.936492
vt 0.136043 0.956878
vt 0.134438 0.958050
vt 0.134438 0.935319
vt 0.154484 0.954904
vt 0.154484 0.934517
vt 0.156107 0.933345
vt 0.156107 0.956076
vt 0.816040 0.358979
vt 0.816040 0.376201
vt 0.814868 0.377676
vt 0.814868 0.358580
vt 0.862329 0.919596
vt 0.867028 0.935206
vt 0.865933 0.936921
vt 0.860651 0.919346
vt 0.813696 0.377212
vt 0.813696 0.357967
vt 0.921400 0.042658
vt 0.923846 0.060710
vt 0.922294 0.060684
vt 0.919822 0.042499
vt 0.867028 0.906926
vt 0.865890 0.905219
vt 0.746896 0.878966
vt 0.764336 0.878966
vt 0.765988 0.880138
vt 0.746869 0.880138
vt 0.860651 0.959471
vt 0.860658 0.939113
vt 0.862271 0.938093
vt 0.862271 0.960674
vt 0.766126 0.881310
vt 0.746001 0.881310
vt 0.545509 0.367402
vt 0.537896 0.345178
vt 0.539717 0.345492
vt 0.547026 0.366857
vt 0.764336 0.858579
vt 0.765988 0.857407
vt 0.940477 0.549057
vt 0.940477 0.528671
vt 0.942133 0.527499
vt 0.942133 0.550229
vt 0.259221 0.928857
vt 0.259221 0.953931
vt 0.257565 0.952759
vt 0.257565 0.930029
vt 0.547679 0.331741
vt 0.548585 0.333311
vt 0.746896 0.858579
vt 0.746869 0.857407
vt 0.803724 0.899534
vt 0.811179 0.918477
vt 0.810112 0.920190
vt 0.801850 0.899174
vt 0.746001 0.856235
vt 0.766126 0.856235
vt 0.923846 0.000586
vt 0.919708 0.023710
vt 0.918126 0.023403
vt 0.922095 0.001174
vt 0.968301 0.520045
vt 0.968301 0.499658
vt 0.969846 0.498486
vt 0.969846 0.521217
vt 0.811179 0.888263
vt 0.810162 0.886607
vt 0.836428 0.356981
vt 0.836428 0.339587
vt 0.837600 0.339357
vt 0.697154 0.113165
vt 0.697147 0.096080
vt 0.698704 0.095409
vt 0.698704 0.114580
vt 0.838772 0.338601
vt 0.891016 0.948735
vt 0.891016 0.969122
vt 0.889480 0.970294
vt 0.889480 0.947563
vt 0.735377 0.404118
vt 0.735377 0.383732
vt 0.737120 0.382560
vt 0.737120 0.405290
vt 0.816040 0.339587
vt 0.816040 0.356981
vt 0.814868 0.339358
vt 0.459658 0.913605
vt 0.464779 0.929905
vt 0.463726 0.931719
vt 0.457970 0.913432
vt 0.813696 0.338601
vt 0.464779 0.901100
vt 0.463681 0.899490
vt 0.836428 0.399580
vt 0.836428 0.378337
vt 0.837600 0.401034
vt 0.732378 0.543897
vt 0.732378 0.565151
vt 0.731206 0.565949
vt 0.731206 0.542309
vt 0.838772 0.401830
vt 0.730033 0.567402
vt 0.730033 0.542772
vt 0.533127 0.949392
vt 0.533127 0.969778
vt 0.531698 0.970950
vt 0.531698 0.948220
vt 0.752765 0.543897
vt 0.753937 0.542309
vt 0.816040 0.378337
vt 0.816040 0.399580
vt 0.814868 0.401034
vt 0.752765 0.565151
vt 0.753937 0.565949
vt 0.813696 0.401830
vt 0.755109 0.542772
vt 0.755109 0.567402
vt 0.789115 0.108968
vt 0.789115 0.095455
vt 0.790557 0.095289
vt 0.790557 0.110356
vt 0.955916 0.051342
vt 0.955915 0.076416
vt 0.954433 0.075244
vt 0.954433 0.052514
vt 0.810189 0.541226
vt 0.810189 0.524004
vt 0.811361 0.523605
vt 0.811361 0.542702
vt 0.705305 0.112433
vt 0.705312 0.096131
vt 0.706847 0.095409
vt 0.706847 0.113760
vt 0.812533 0.522993
vt 0.812533 0.542238
vt 0.881325 0.401044
vt 0.880993 0.382830
vt 0.882529 0.382433
vt 0.882855 0.400781
vt 0.138820 0.936491
vt 0.138820 0.956878
vt 0.137215 0.958050
vt 0.137215 0.935319
vt 0.157279 0.954904
vt 0.157280 0.934517
vt 0.158903 0.933345
vt 0.158903 0.956076
vt 0.789801 0.524004
vt 0.789801 0.541226
vt 0.788629 0.542702
vt 0.788629 0.523605
vt 0.124529 0.916575
vt 0.129228 0.932186
vt 0.128133 0.933901
vt 0.122851 0.916325
vt 0.787457 0.542238
vt 0.787457 0.522993
vt 0.928293 0.042658
vt 0.930739 0.060710
vt 0.929187 0.060684
vt 0.926715 0.042499
vt 0.129228 0.903905
vt 0.128090 0.902199
vt 0.817341 0.681640
vt 0.799901 0.681640
vt 0.798249 0.680468
vt 0.817369 0.680468
vt 0.476747 0.958429
vt 0.476754 0.938072
vt 0.478367 0.937052
vt 0.478367 0.959633
vt 0.798111 0.679296
vt 0.818236 0.679296
vt 0.879779 0.363846
vt 0.872167 0.341622
vt 0.873987 0.341936
vt 0.881296 0.363301
vt 0.799901 0.702026
vt 0.798249 0.703198
vt 0.607156 0.952620
vt 0.607156 0.932233
vt 0.608811 0.931061
vt 0.608811 0.953792
vt 0.256393 0.928857
vt 0.256393 0.953931
vt 0.254737 0.952759
vt 0.254737 0.930029
vt 0.881949 0.328185
vt 0.882855 0.329755
vt 0.817341 0.702026
vt 0.817369 0.703198
vt 0.342945 0.903063
vt 0.350400 0.922006
vt 0.349332 0.923719
vt 0.341071 0.902703
vt 0.818236 0.704370
vt 0.798111 0.704370
vt 0.930739 0.000586
vt 0.926601 0.023710
vt 0.925018 0.023403
vt 0.928988 0.001174
vt 0.656217 0.968373
vt 0.656217 0.947986
vt 0.657762 0.946814
vt 0.657762 0.969545
vt 0.350400 0.891792
vt 0.349383 0.890137
vt 0.810189 0.522006
vt 0.810189 0.504613
vt 0.811361 0.504383
vt 0.688965 0.113165
vt 0.688957 0.096080
vt 0.690515 0.095409
vt 0.690515 0.114580
vt 0.812533 0.503626
vt 0.715715 0.948715
vt 0.715715 0.969101
vt 0.714179 0.970273
vt 0.714179 0.947543
vt 0.839944 0.350196
vt 0.839944 0.329809
vt 0.841686 0.328637
vt 0.841686 0.351368
vt 0.789801 0.504613
vt 0.789801 0.522006
vt 0.788629 0.504383
vt 0.467638 0.909693
vt 0.472760 0.925993
vt 0.471706 0.927808
vt 0.465951 0.909521
vt 0.787457 0.503626
vt 0.472760 0.897188
vt 0.471661 0.895578
vt 0.810189 0.564605
vt 0.810189 0.543362
vt 0.811361 0.566060
vt 0.609059 0.146347
vt 0.609059 0.125093
vt 0.610231 0.124295
vt 0.610231 0.147935
vt 0.812533 0.566855
vt 0.611403 0.122842
vt 0.611403 0.147472
vt 0.535728 0.949392
vt 0.535728 0.969778
vt 0.534299 0.970950
vt 0.534299 0.948220
vt 0.588671 0.146347
vt 0.587499 0.147935
vt 0.789801 0.543362
vt 0.789801 0.564605
vt 0.788629 0.566060
vt 0.588671 0.125093
vt 0.587499 0.124295
vt 0.787457 0.566855
vt 0.586327 0.147472
vt 0.586327 0.122842
vt 0.791258 0.390085
vt 0.791258 0.403598
vt 0.789816 0.403764
vt 0.789816 0.388697
vt 0.316455 0.917541
vt 0.316455 0.942615
vt 0.314973 0.941443
vt 0.314973 0.918713
vt 0.689587 0.317441
vt 0.689587 0.337009
vt 0.688414 0.337817
vt 0.688415 0.316144
vt 0.435360 0.954203
vt 0.435364 0.934195
vt 0.437012 0.932891
vt 0.437012 0.955395
vt 0.687243 0.338146
vt 0.687242 0.316304
vt 0.863187 0.835547
vt 0.862304 0.857862
vt 0.860651 0.857826
vt 0.861545 0.835340
vt 0.713007 0.917993
vt 0.713007 0.963799
vt 0.711628 0.964971
vt 0.711628 0.916821
vt 0.764197 0.555138
vt 0.779714 0.581238
vt 0.778540 0.582044
vt 0.762230 0.554609
vt 0.735396 0.337009
vt 0.735396 0.317441
vt 0.736569 0.316144
vt 0.736568 0.337817
vt 0.779714 0.542505
vt 0.779684 0.540403
vt 0.737741 0.316304
vt 0.737740 0.338146
vt 0.910987 0.046771
vt 0.911870 0.069087
vt 0.910228 0.069293
vt 0.909334 0.046807
vt 0.727960 0.963541
vt 0.727960 0.917734
vt 0.729370 0.916562
vt 0.729370 0.964713
vt 0.689587 0.360420
vt 0.689587 0.379427
vt 0.688414 0.379765
vt 0.688415 0.358928
vt 0.701364 0.405293
vt 0.701371 0.383881
vt 0.703007 0.382560
vt 0.703007 0.406325
vt 0.687242 0.381388
vt 0.687242 0.359439
vt 0.862726 0.879951
vt 0.868270 0.904047
vt 0.866405 0.903268
vt 0.861084 0.880106
vt 0.747610 0.915060
vt 0.747610 0.960866
vt 0.746001 0.962038
vt 0.746001 0.913888
vt 0.556528 0.851599
vt 0.570185 0.878717
vt 0.568961 0.879851
vt 0.554605 0.851345
vt 0.737740 0.381388
vt 0.736568 0.379765
vt 0.357037 0.638776
vt 0.357037 0.689271
vt 0.355428 0.688099
vt 0.355428 0.639948
vt 0.735396 0.379427
vt 0.735396 0.360420
vt 0.736568 0.358928
vt 0.570185 0.835106
vt 0.569769 0.833045
vt 0.737740 0.359439
vt 0.916953 0.000586
vt 0.911410 0.024682
vt 0.909767 0.024528
vt 0.915088 0.001366
vt 0.927014 0.355094
vt 0.927014 0.400900
vt 0.925335 0.402072
vt 0.925335 0.353922
vt 0.689587 0.339258
vt 0.689587 0.358328
vt 0.351578 0.961900
vt 0.351572 0.942114
vt 0.353223 0.940893
vt 0.353223 0.963176
vt 0.730542 0.963541
vt 0.730542 0.917734
vt 0.731944 0.916562
vt 0.731944 0.964713
vt 0.573401 0.848116
vt 0.588297 0.874574
vt 0.587016 0.875530
vt 0.571357 0.847718
vt 0.735396 0.358328
vt 0.735396 0.339258
vt 0.588297 0.835092
vt 0.588129 0.833045
vt 0.964404 0.498390
vt 0.964404 0.544196
vt 0.962937 0.545368
vt 0.962937 0.497218
vt 0.689587 0.293419
vt 0.689587 0.315133
vt 0.688415 0.292214
vt 0.467438 0.150127
vt 0.467433 0.128406
vt 0.469087 0.127235
vt 0.469087 0.151427
vt 0.687243 0.291076
vt 0.868270 0.810828
vt 0.866413 0.811644
vt 0.742994 0.912481
vt 0.742994 0.958287
vt 0.741838 0.959459
vt 0.741838 0.911309
vt 0.744170 0.911309
vt 0.744170 0.959459
vt 0.735396 0.315133
vt 0.735396 0.293419
vt 0.736569 0.292214
vt 0.473086 0.150256
vt 0.473090 0.128535
vt 0.474740 0.127235
vt 0.474740 0.151427
vt 0.737741 0.291076
vt 0.916953 0.093806
vt 0.915096 0.092989
vt 0.149348 0.839420
vt 0.149348 0.793614
vt 0.150512 0.792442
vt 0.150512 0.840592
vt 0.960583 0.497218
vt 0.960583 0.547712
vt 0.959421 0.546540
vt 0.959421 0.498389
vt 0.961765 0.498389
vt 0.961765 0.546540
vt 0.023318 0.797011
vt 0.023318 0.777443
vt 0.024490 0.776635
vt 0.024490 0.798308
vt 0.171992 0.953101
vt 0.171996 0.933093
vt 0.173644 0.931790
vt 0.173644 0.954293
vt 0.025662 0.776306
vt 0.025662 0.798148
vt 0.903078 0.025305
vt 0.902195 0.047620
vt 0.900543 0.047584
vt 0.901437 0.025098
vt 0.971522 0.001758
vt 0.971522 0.022144
vt 0.970143 0.023316
vt 0.970143 0.000586
vt 0.573389 0.895769
vt 0.583783 0.904405
vt 0.582947 0.905558
vt 0.571357 0.895929
vt 0.002930 0.777443
vt 0.002930 0.797011
vt 0.001758 0.798308
vt 0.001758 0.776635
vt 0.583783 0.878672
vt 0.583052 0.876702
vt 0.000586 0.798148
vt 0.000586 0.776306
vt 0.713677 0.830701
vt 0.714561 0.853017
vt 0.712919 0.853223
vt 0.712025 0.830737
vt 0.219290 0.970229
vt 0.219290 0.949843
vt 0.220700 0.948671
vt 0.220700 0.971401
vt 0.023318 0.754033
vt 0.023318 0.735025
vt 0.024490 0.734687
vt 0.024490 0.755524
vt 0.698549 0.405293
vt 0.698556 0.383881
vt 0.700192 0.382560
vt 0.700192 0.406325
vt 0.025662 0.733065
vt 0.025662 0.755013
vt 0.902618 0.069709
vt 0.908162 0.093806
vt 0.906297 0.093026
vt 0.900976 0.069864
vt 0.455190 0.956297
vt 0.455190 0.935911
vt 0.456798 0.934739
vt 0.456798 0.957469
vt 0.616864 0.137575
vt 0.625834 0.147682
vt 0.624942 0.149092
vt 0.614940 0.137823
vt 0.000586 0.733065
vt 0.001758 0.734687
vt 0.856609 0.954538
vt 0.856609 0.929464
vt 0.858218 0.930636
vt 0.858218 0.953366
vt 0.002930 0.735025
vt 0.002930 0.754033
vt 0.001758 0.755524
vt 0.625834 0.118132
vt 0.624903 0.116247
vt 0.000586 0.755013
vt 0.719644 0.784516
vt 0.714100 0.808612
vt 0.712458 0.808457
vt 0.717779 0.785296
vt 0.879817 0.685897
vt 0.879817 0.706283
vt 0.878139 0.707455
vt 0.878139 0.684725
vt 0.023318 0.775195
vt 0.023318 0.756125
vt 0.733731 0.960869
vt 0.733725 0.941083
vt 0.735377 0.939862
vt 0.735377 0.962146
vt 0.235438 0.949843
vt 0.235438 0.970229
vt 0.234035 0.971401
vt 0.234035 0.948671
vt 0.556670 0.899977
vt 0.566683 0.909052
vt 0.565770 0.910365
vt 0.554605 0.900246
vt 0.002930 0.756125
vt 0.002930 0.775195
vt 0.566683 0.882912
vt 0.565876 0.881023
vt 0.316440 0.944959
vt 0.316440 0.965345
vt 0.314973 0.966517
vt 0.314973 0.943787
vt 0.023318 0.821033
vt 0.023318 0.799319
vt 0.024490 0.822238
vt 0.470264 0.150127
vt 0.470259 0.128406
vt 0.471913 0.127235
vt 0.471913 0.151427
vt 0.025662 0.823376
vt 0.908162 0.000586
vt 0.906305 0.001402
vt 0.439069 0.128407
vt 0.439069 0.148794
vt 0.437914 0.149966
vt 0.437914 0.127235
vt 0.440246 0.127235
vt 0.440246 0.149966
vt 0.002930 0.799319
vt 0.002930 0.821033
vt 0.001758 0.822238
vt 0.478738 0.150256
vt 0.478743 0.128535
vt 0.480392 0.127235
vt 0.480392 0.151427
vt 0.000586 0.823376
vt 0.719644 0.877735
vt 0.717787 0.876919
vt 0.608265 0.744951
vt 0.608265 0.765338
vt 0.607102 0.766510
vt 0.607102 0.743779
vt 0.929420 0.062138
vt 0.929420 0.087213
vt 0.928259 0.086041
vt 0.928259 0.063310
vt 0.930603 0.063310
vt 0.930603 0.086041
vt 0.105554 0.798229
vt 0.105554 0.778661
vt 0.106726 0.777853
vt 0.106727 0.799527
vt 0.438184 0.954203
vt 0.438188 0.934195
vt 0.439837 0.932891
vt 0.439837 0.955395
vt 0.107899 0.777524
vt 0.107899 0.799366
vt 0.904323 0.855749
vt 0.903440 0.878065
vt 0.901787 0.878029
vt 0.902681 0.855543
vt 0.970145 0.046296
vt 0.970145 0.025909
vt 0.971524 0.024737
vt 0.971524 0.047468
vt 0.043739 0.895545
vt 0.054133 0.904180
vt 0.053297 0.905333
vt 0.041707 0.895705
vt 0.085167 0.778661
vt 0.085167 0.798229
vt 0.083995 0.799527
vt 0.083995 0.777853
vt 0.054133 0.878448
vt 0.053402 0.876478
vt 0.082822 0.799366
vt 0.082822 0.777524
vt 0.682671 0.870545
vt 0.683554 0.892861
vt 0.681913 0.893067
vt 0.681018 0.870581
vt 0.231453 0.970229
vt 0.231453 0.949843
vt 0.232863 0.948671
vt 0.232863 0.971401
vt 0.105554 0.755251
vt 0.105554 0.736244
vt 0.106726 0.735905
vt 0.106727 0.756742
vt 0.695735 0.405293
vt 0.695742 0.383881
vt 0.697377 0.382560
vt 0.697377 0.406325
vt 0.107899 0.734283
vt 0.107899 0.756231
vt 0.903863 0.900154
vt 0.909406 0.924250
vt 0.907541 0.923470
vt 0.902220 0.900308
vt 0.122851 0.956631
vt 0.122851 0.936245
vt 0.124459 0.935073
vt 0.124459 0.957803
vt 0.002510 0.897802
vt 0.011480 0.907909
vt 0.010588 0.909319
vt 0.000586 0.898050
vt 0.082822 0.734283
vt 0.083995 0.735905
vt 0.852655 0.929464
vt 0.852655 0.954538
vt 0.851046 0.953366
vt 0.851046 0.930636
vt 0.085167 0.736244
vt 0.085167 0.755251
vt 0.083995 0.756742
vt 0.011480 0.878359
vt 0.010549 0.876474
vt 0.082822 0.756231
vt 0.688637 0.824360
vt 0.683094 0.848456
vt 0.681451 0.848301
vt 0.686772 0.825140
vt 0.851411 0.349947
vt 0.851411 0.329560
vt 0.853090 0.328388
vt 0.853090 0.351119
vt 0.105554 0.776413
vt 0.105554 0.757343
vt 0.120028 0.961145
vt 0.120022 0.941359
vt 0.121673 0.940137
vt 0.121673 0.962421
vt 0.226304 0.970229
vt 0.226304 0.949843
vt 0.227707 0.948671
vt 0.227707 0.971401
vt 0.084887 0.898923
vt 0.094901 0.907997
vt 0.093987 0.909310
vt 0.082822 0.899192
vt 0.085167 0.757343
vt 0.085167 0.776413
vt 0.094901 0.881857
vt 0.094094 0.879968
vt 0.019939 0.949188
vt 0.019939 0.969574
vt 0.018471 0.970746
vt 0.018471 0.948016
vt 0.105554 0.822251
vt 0.105554 0.800537
vt 0.106726 0.823457
vt 0.464611 0.150127
vt 0.464606 0.128406
vt 0.466261 0.127235
vt 0.466261 0.151427
vt 0.107899 0.824594
vt 0.909406 0.831030
vt 0.907549 0.831847
vt 0.442574 0.128408
vt 0.442574 0.148794
vt 0.441418 0.149966
vt 0.441418 0.127235
vt 0.443751 0.127235
vt 0.443751 0.149966
vt 0.085167 0.800537
vt 0.085167 0.822251
vt 0.083995 0.823457
vt 0.461780 0.150256
vt 0.461785 0.128535
vt 0.463434 0.127235
vt 0.463434 0.151427
vt 0.082822 0.824594
vt 0.688638 0.917579
vt 0.686781 0.916763
vt 0.548412 0.859673
vt 0.548412 0.880060
vt 0.547249 0.881232
vt 0.547249 0.858501
vt 0.526137 0.683795
vt 0.526137 0.708870
vt 0.524976 0.707698
vt 0.524976 0.684967
vt 0.527320 0.684967
vt 0.527320 0.707697
vt 0.044052 0.759409
vt 0.044052 0.778977
vt 0.042879 0.779785
vt 0.042879 0.758111
vt 0.457970 0.954203
vt 0.457974 0.934195
vt 0.459623 0.932891
vt 0.459623 0.955395
vt 0.041707 0.780114
vt 0.041707 0.758272
vt 0.101022 0.850485
vt 0.100139 0.872800
vt 0.098486 0.872764
vt 0.099380 0.850278
vt 0.658934 0.968372
vt 0.658934 0.947986
vt 0.660313 0.946814
vt 0.660313 0.969545
vt 0.591501 0.897106
vt 0.601895 0.905741
vt 0.601059 0.906894
vt 0.589470 0.897266
vt 0.064439 0.778977
vt 0.064439 0.759409
vt 0.065611 0.758111
vt 0.065611 0.779785
vt 0.601895 0.880009
vt 0.601164 0.878039
vt 0.066783 0.758272
vt 0.066784 0.780114
vt 0.379048 0.818776
vt 0.379931 0.841092
vt 0.378289 0.841298
vt 0.377395 0.818812
vt 0.223344 0.970229
vt 0.223344 0.949843
vt 0.224754 0.948671
vt 0.224754 0.971401
vt 0.044051 0.802387
vt 0.044051 0.821394
vt 0.042879 0.821733
vt 0.042879 0.800896
vt 0.704179 0.405293
vt 0.704186 0.383881
vt 0.705822 0.382560
vt 0.705822 0.406325
vt 0.041707 0.823355
vt 0.041707 0.801407
vt 0.100561 0.894889
vt 0.106105 0.918985
vt 0.104240 0.918206
vt 0.098919 0.895044
vt 0.125632 0.956631
vt 0.125632 0.936245
vt 0.127240 0.935073
vt 0.127240 0.957803
vt 0.482787 0.897084
vt 0.491757 0.907191
vt 0.490864 0.908601
vt 0.480863 0.897332
vt 0.066783 0.823355
vt 0.065611 0.821733
vt 0.855437 0.929464
vt 0.855437 0.954538
vt 0.853827 0.953366
vt 0.853827 0.930636
vt 0.064439 0.821394
vt 0.064439 0.802387
vt 0.065611 0.800896
vt 0.491757 0.877641
vt 0.490825 0.875756
vt 0.066783 0.801407
vt 0.385014 0.772591
vt 0.379470 0.796688
vt 0.377828 0.796533
vt 0.383149 0.773371
vt 0.848560 0.349947
vt 0.848560 0.329560
vt 0.850239 0.328388
vt 0.850239 0.351119
vt 0.044051 0.781225
vt 0.044051 0.800295
vt 0.961212 0.076452
vt 0.961206 0.056665
vt 0.962857 0.055444
vt 0.962857 0.077728
vt 0.228879 0.970229
vt 0.228879 0.949843
vt 0.230281 0.948671
vt 0.230281 0.971401
vt 0.294311 0.898139
vt 0.304324 0.907213
vt 0.303411 0.908526
vt 0.292246 0.898408
vt 0.064439 0.800295
vt 0.064439 0.781225
vt 0.304324 0.881073
vt 0.303518 0.879184
vt 0.969172 0.702509
vt 0.969172 0.682123
vt 0.970639 0.680951
vt 0.970639 0.703681
vt 0.044052 0.735387
vt 0.044052 0.757101
vt 0.042879 0.734181
vt 0.475916 0.150127
vt 0.475912 0.128406
vt 0.477566 0.127235
vt 0.477566 0.151427
vt 0.041707 0.733044
vt 0.106105 0.825766
vt 0.104248 0.826582
vt 0.446078 0.128407
vt 0.446078 0.148794
vt 0.444923 0.149966
vt 0.444923 0.127235
vt 0.447255 0.127235
vt 0.447255 0.149966
vt 0.064439 0.757101
vt 0.064439 0.735387
vt 0.065611 0.734181
vt 0.687242 0.405580
vt 0.687247 0.383859
vt 0.688897 0.382560
vt 0.688897 0.406751
vt 0.066783 0.733044
vt 0.385014 0.865811
vt 0.383157 0.864995
vt 0.612575 0.144401
vt 0.612575 0.124014
vt 0.613739 0.122842
vt 0.613739 0.145573
vt 0.252382 0.928857
vt 0.252382 0.953931
vt 0.251221 0.952759
vt 0.251221 0.930029
vt 0.253565 0.930029
vt 0.253565 0.952759
vt 0.717956 0.070244
vt 0.717956 0.049131
vt 0.719128 0.047882
vt 0.719128 0.071159
vt 0.683394 0.618218
vt 0.683394 0.597101
vt 0.684566 0.595692
vt 0.684566 0.619312
vt 0.720300 0.047961
vt 0.720300 0.071407
vt 0.685738 0.595938
vt 0.685738 0.619389
vt 0.672758 0.049433
vt 0.671618 0.048198
vt 0.638197 0.617917
vt 0.637056 0.618995
vt 0.672179 0.070244
vt 0.670974 0.071158
vt 0.637617 0.597101
vt 0.636413 0.595691
vt 0.669802 0.071391
vt 0.670446 0.048278
vt 0.635884 0.619072
vt 0.635240 0.595954
vt 0.743525 0.830513
vt 0.743527 0.784739
vt 0.744782 0.783567
vt 0.744782 0.831718
vt 0.717956 0.023755
vt 0.717956 0.002894
vt 0.719128 0.001944
vt 0.719128 0.025006
vt 0.683394 0.664449
vt 0.683394 0.643595
vt 0.684567 0.642540
vt 0.684567 0.665809
vt 0.720300 0.000586
vt 0.720300 0.024909
vt 0.685739 0.642441
vt 0.685739 0.666757
vt 0.672147 0.002894
vt 0.670974 0.001944
vt 0.637585 0.664449
vt 0.636413 0.665809
vt 0.669802 0.000586
vt 0.772709 0.856235
vt 0.772709 0.906730
vt 0.771316 0.905558
vt 0.771316 0.857407
vt 0.672147 0.023755
vt 0.670974 0.025007
vt 0.637585 0.643595
vt 0.636413 0.642541
vt 0.669802 0.024925
vt 0.635241 0.666757
vt 0.635241 0.642425
vt 0.726788 0.917734
vt 0.726788 0.963541
vt 0.725376 0.964713
vt 0.725376 0.916562
vt 0.717956 0.046796
vt 0.717956 0.026081
vt 0.683394 0.641269
vt 0.683394 0.620553
vt 0.672179 0.026081
vt 0.637618 0.641269
vt 0.672758 0.047098
vt 0.638196 0.620252
vt 0.743525 0.879256
vt 0.743525 0.834062
vt 0.744664 0.832890
vt 0.744664 0.880396
vt 0.717956 0.091998
vt 0.717956 0.072526
vt 0.719128 0.092769
vt 0.683394 0.594818
vt 0.683394 0.575335
vt 0.684567 0.573869
vt 0.720300 0.094237
vt 0.685739 0.573096
vt 0.672146 0.072526
vt 0.687443 0.816293
vt 0.687442 0.785931
vt 0.688947 0.784516
vt 0.688947 0.816433
vt 0.672146 0.091998
vt 0.670974 0.092769
vt 0.637585 0.575335
vt 0.637585 0.594818
vt 0.636413 0.573869
vt 0.669802 0.094237
vt 0.635241 0.573096
vt 0.771316 0.954880
vt 0.771316 0.909074
vt 0.772753 0.907902
vt 0.772753 0.956052
vt 0.355560 0.723913
vt 0.355560 0.690443
vt 0.357037 0.690656
vt 0.357037 0.722573
vt 0.657972 0.798010
vt 0.657972 0.776906
vt 0.659144 0.775648
vt 0.659144 0.798925
vt 0.231679 0.769098
vt 0.231679 0.747990
vt 0.232851 0.746581
vt 0.232851 0.770202
vt 0.660316 0.775727
vt 0.660316 0.799173
vt 0.234023 0.746827
vt 0.234023 0.770278
vt 0.637874 0.777190
vt 0.636716 0.775964
vt 0.211580 0.768814
vt 0.210423 0.769883
vt 0.637600 0.798010
vt 0.636412 0.798924
vt 0.211306 0.747990
vt 0.210119 0.746580
vt 0.635240 0.799165
vt 0.635544 0.776044
vt 0.209251 0.769961
vt 0.208947 0.746834
vt 0.106620 0.941700
vt 0.106622 0.921329
vt 0.107877 0.920157
vt 0.107877 0.942888
vt 0.657973 0.751521
vt 0.657973 0.730660
vt 0.659145 0.729710
vt 0.659145 0.752772
vt 0.231679 0.815338
vt 0.231679 0.794484
vt 0.232851 0.793429
vt 0.232851 0.816698
vt 0.660317 0.728352
vt 0.660317 0.752675
vt 0.234023 0.793330
vt 0.234023 0.817645
vt 0.637585 0.730660
vt 0.636413 0.729711
vt 0.211291 0.815338
vt 0.210119 0.816698
vt 0.635241 0.728352
vt 0.250043 0.924866
vt 0.250043 0.949940
vt 0.248650 0.948768
vt 0.248650 0.926038
vt 0.637585 0.751521
vt 0.636413 0.752772
vt 0.211291 0.794484
vt 0.210119 0.793429
vt 0.635241 0.752683
vt 0.208947 0.817645
vt 0.208947 0.793322
vt 0.065077 0.949503
vt 0.065077 0.969889
vt 0.063666 0.971061
vt 0.063666 0.948331
vt 0.657972 0.774571
vt 0.657972 0.753847
vt 0.231679 0.792158
vt 0.231679 0.771434
vt 0.637600 0.753847
vt 0.211307 0.792158
vt 0.637873 0.774855
vt 0.211580 0.771149
vt 0.925527 0.878388
vt 0.925527 0.858290
vt 0.926666 0.857118
vt 0.926666 0.879544
vt 0.657972 0.819764
vt 0.657972 0.800292
vt 0.659145 0.820535
vt 0.231679 0.745707
vt 0.231679 0.726224
vt 0.232851 0.724758
vt 0.660317 0.822003
vt 0.234023 0.723985
vt 0.637585 0.800292
vt 0.786438 0.110217
vt 0.786438 0.096704
vt 0.787943 0.095289
vt 0.787943 0.110356
vt 0.637585 0.819764
vt 0.636413 0.820535
vt 0.211291 0.726224
vt 0.211291 0.745707
vt 0.210119 0.724758
vt 0.635241 0.822003
vt 0.208947 0.723985
vt 0.969573 0.077002
vt 0.969573 0.056616
vt 0.971010 0.055444
vt 0.971010 0.078174
vt 0.713382 0.112029
vt 0.713382 0.095409
vt 0.714859 0.095622
vt 0.714859 0.110689
vt 0.263308 0.797243
vt 0.263308 0.776139
vt 0.264480 0.774881
vt 0.264480 0.798158
vt 0.789801 0.457341
vt 0.789801 0.478449
vt 0.788629 0.479859
vt 0.788629 0.456238
vt 0.265652 0.774960
vt 0.265652 0.798406
vt 0.787457 0.479612
vt 0.787457 0.456161
vt 0.243209 0.776423
vt 0.242052 0.775197
vt 0.809900 0.457625
vt 0.811057 0.456556
vt 0.242936 0.797243
vt 0.241748 0.798157
vt 0.810174 0.478449
vt 0.811361 0.479859
vt 0.240576 0.798399
vt 0.240880 0.775277
vt 0.812229 0.456478
vt 0.812533 0.479605
vt 0.743525 0.903111
vt 0.743527 0.882740
vt 0.744782 0.881568
vt 0.744782 0.904299
vt 0.263308 0.750754
vt 0.263308 0.729894
vt 0.264480 0.728944
vt 0.264480 0.752005
vt 0.789801 0.411101
vt 0.789801 0.431955
vt 0.788629 0.433010
vt 0.788629 0.409741
vt 0.265652 0.727585
vt 0.265652 0.751908
vt 0.787457 0.433109
vt 0.787457 0.408794
vt 0.242920 0.729894
vt 0.241748 0.728944
vt 0.810189 0.411101
vt 0.811361 0.409741
vt 0.240576 0.727585
vt 0.170820 0.931790
vt 0.170820 0.956864
vt 0.169426 0.955692
vt 0.169426 0.932962
vt 0.242921 0.750754
vt 0.241748 0.752005
vt 0.810189 0.431955
vt 0.811361 0.433010
vt 0.240576 0.751916
vt 0.812533 0.408794
vt 0.812533 0.433117
vt 0.312330 0.949435
vt 0.312330 0.969821
vt 0.310918 0.970993
vt 0.310918 0.948263
vt 0.263308 0.773804
vt 0.263308 0.753080
vt 0.789801 0.434281
vt 0.789801 0.455005
vt 0.242936 0.753080
vt 0.810173 0.434281
vt 0.243209 0.774089
vt 0.809900 0.455290
vt 0.925527 0.854789
vt 0.925527 0.834692
vt 0.926666 0.833520
vt 0.926666 0.855946
vt 0.263308 0.818998
vt 0.263308 0.799525
vt 0.264480 0.819769
vt 0.789801 0.480732
vt 0.789801 0.500215
vt 0.788629 0.501681
vt 0.265652 0.821236
vt 0.787457 0.502454
vt 0.242920 0.799525
vt 0.718681 0.110336
vt 0.718681 0.096824
vt 0.720185 0.095409
vt 0.720185 0.110476
vt 0.242921 0.818998
vt 0.241748 0.819769
vt 0.810189 0.500215
vt 0.810189 0.480732
vt 0.811361 0.501681
vt 0.240576 0.821236
vt 0.812533 0.502454
vt 0.022534 0.969574
vt 0.022534 0.949188
vt 0.023971 0.948016
vt 0.023971 0.970746
vt 0.710733 0.112029
vt 0.710733 0.095409
vt 0.712210 0.095622
vt 0.712210 0.110689
vt 0.319979 0.749423
vt 0.319979 0.770527
vt 0.318807 0.771785
vt 0.318807 0.748509
vt 0.205430 0.769098
vt 0.205430 0.747990
vt 0.206603 0.746581
vt 0.206603 0.770202
vt 0.317635 0.771707
vt 0.317635 0.748260
vt 0.207774 0.746827
vt 0.207774 0.770278
vt 0.340078 0.770243
vt 0.341235 0.771469
vt 0.185331 0.768814
vt 0.184175 0.769883
vt 0.340351 0.749423
vt 0.341539 0.748509
vt 0.185058 0.747990
vt 0.183871 0.746580
vt 0.342711 0.748268
vt 0.342407 0.771389
vt 0.183002 0.769961
vt 0.182698 0.746834
vt 0.692963 0.933765
vt 0.692964 0.913394
vt 0.694219 0.912223
vt 0.694219 0.934953
vt 0.319979 0.795912
vt 0.319979 0.816773
vt 0.318807 0.817723
vt 0.318807 0.794661
vt 0.205431 0.815338
vt 0.205430 0.794484
vt 0.206603 0.793429
vt 0.206603 0.816698
vt 0.317634 0.819081
vt 0.317635 0.794758
vt 0.207775 0.793330
vt 0.207775 0.817645
vt 0.340366 0.816773
vt 0.341538 0.817723
vt 0.185043 0.815338
vt 0.183871 0.816698
vt 0.342711 0.819081
vt 0.842099 0.679296
vt 0.842099 0.704370
vt 0.840705 0.703198
vt 0.840705 0.680468
vt 0.340367 0.795912
vt 0.341539 0.794661
vt 0.185043 0.794484
vt 0.183871 0.793429
vt 0.342711 0.794751
vt 0.182699 0.817645
vt 0.182698 0.793323
vt 0.062494 0.949503
vt 0.062494 0.969889
vt 0.061082 0.971061
vt 0.061082 0.948331
vt 0.319979 0.772862
vt 0.319979 0.793586
vt 0.205430 0.792158
vt 0.205430 0.771434
vt 0.340351 0.793586
vt 0.185058 0.792158
vt 0.340078 0.772578
vt 0.185331 0.771149
vt 0.096175 0.901238
vt 0.096175 0.881140
vt 0.097314 0.879968
vt 0.097314 0.902394
vt 0.319979 0.727669
vt 0.319979 0.747141
vt 0.318807 0.726898
vt 0.205430 0.745707
vt 0.205431 0.726224
vt 0.206603 0.724758
vt 0.317634 0.725431
vt 0.207775 0.723985
vt 0.340367 0.747141
vt 0.736228 0.284456
vt 0.736228 0.270943
vt 0.737733 0.269528
vt 0.737733 0.284595
vt 0.340366 0.727669
vt 0.341538 0.726898
vt 0.185043 0.726224
vt 0.185043 0.745707
vt 0.183871 0.724758
vt 0.342711 0.725431
vt 0.182699 0.723985
vt 0.526489 0.969778
vt 0.526489 0.949392
vt 0.527926 0.948220
vt 0.527926 0.970950
vt 0.717508 0.095409
vt 0.717508 0.112029
vt 0.716031 0.111815
vt 0.716031 0.096749
vt 0.814218 0.110366
vt 0.814218 0.090867
vt 0.815864 0.089852
vt 0.815864 0.111479
vt 0.743545 0.623624
vt 0.743545 0.604924
vt 0.744717 0.603320
vt 0.744717 0.624272
vt 0.395589 0.725265
vt 0.390259 0.704191
vt 0.391856 0.703794
vt 0.397159 0.724761
vt 0.745889 0.603851
vt 0.745890 0.624697
vt 0.356344 0.845584
vt 0.342965 0.872841
vt 0.341071 0.873231
vt 0.355135 0.844580
vt 0.754374 0.960866
vt 0.754374 0.915060
vt 0.755959 0.913888
vt 0.755959 0.962038
vt 0.356344 0.887026
vt 0.355911 0.888965
vt 0.697736 0.604924
vt 0.697736 0.623624
vt 0.696564 0.624272
vt 0.696564 0.603320
vt 0.060812 0.893062
vt 0.059602 0.871358
vt 0.061250 0.871370
vt 0.062454 0.892964
vt 0.695391 0.624697
vt 0.695391 0.603851
vt 0.141988 0.949424
vt 0.141988 0.903618
vt 0.143523 0.902446
vt 0.143523 0.950596
vt 0.726905 0.405021
vt 0.726901 0.383712
vt 0.728554 0.382560
vt 0.728554 0.406076
vt 0.743545 0.669032
vt 0.743545 0.647738
vt 0.744717 0.646314
vt 0.744717 0.670057
vt 0.413970 0.768583
vt 0.402537 0.746572
vt 0.404050 0.745909
vt 0.414895 0.766776
vt 0.745890 0.646574
vt 0.745889 0.671359
vt 0.555944 0.958515
vt 0.555944 0.912708
vt 0.556921 0.911537
vt 0.556921 0.959687
vt 0.554605 0.959687
vt 0.554605 0.911537
vt 0.861866 0.579255
vt 0.861866 0.528760
vt 0.863206 0.529932
vt 0.863206 0.578083
vt 0.695391 0.671359
vt 0.696564 0.670057
vt 0.718424 0.404923
vt 0.718428 0.383614
vt 0.720077 0.382560
vt 0.720077 0.406076
vt 0.697736 0.647738
vt 0.697736 0.669032
vt 0.696564 0.646314
vt 0.059865 0.848949
vt 0.064199 0.824527
vt 0.065622 0.825975
vt 0.061507 0.849129
vt 0.695391 0.646574
vt 0.015942 0.923452
vt 0.015942 0.877646
vt 0.017256 0.876474
vt 0.017256 0.924624
vt 0.962339 0.697962
vt 0.962343 0.677824
vt 0.963988 0.676849
vt 0.963988 0.699091
vt 0.743545 0.645465
vt 0.743545 0.625806
vt 0.605620 0.833935
vt 0.591320 0.860720
vt 0.589470 0.861201
vt 0.604501 0.833045
vt 0.913345 0.961670
vt 0.913345 0.915864
vt 0.914897 0.914692
vt 0.914897 0.962842
vt 0.605620 0.874901
vt 0.605260 0.876867
vt 0.697736 0.625806
vt 0.697736 0.645465
vt 0.120177 0.937793
vt 0.120177 0.891987
vt 0.121673 0.890815
vt 0.121673 0.938965
vt 0.846192 0.526407
vt 0.846194 0.507488
vt 0.847832 0.506546
vt 0.847832 0.527588
vt 0.743545 0.602837
vt 0.743545 0.585292
vt 0.744717 0.583690
vt 0.386889 0.682252
vt 0.388662 0.682996
vt 0.745889 0.583266
vt 0.621242 0.852819
vt 0.609015 0.880611
vt 0.607156 0.880951
vt 0.620008 0.851736
vt 0.690119 0.959201
vt 0.690119 0.913395
vt 0.691770 0.912223
vt 0.691770 0.960373
vt 0.621242 0.895049
vt 0.620754 0.897009
vt 0.697736 0.585292
vt 0.697736 0.602837
vt 0.696564 0.583690
vt 0.064152 0.915006
vt 0.065622 0.913766
vt 0.695391 0.583266
vt 0.284759 0.921475
vt 0.284759 0.875668
vt 0.286376 0.874496
vt 0.286376 0.922647
vt 0.414399 0.663185
vt 0.414895 0.664814
vt 0.355428 0.637604
vt 0.355428 0.587110
vt 0.357044 0.588282
vt 0.357044 0.636432
vt 0.811401 0.110366
vt 0.811400 0.090867
vt 0.813046 0.089852
vt 0.813046 0.111479
vt 0.807051 0.048321
vt 0.807051 0.067021
vt 0.805879 0.068625
vt 0.805879 0.047673
vt 0.874596 0.051752
vt 0.872450 0.030121
vt 0.874088 0.029965
vt 0.876224 0.051486
vt 0.804706 0.068095
vt 0.804706 0.047248
vt 0.732553 0.886299
vt 0.723529 0.896357
vt 0.721600 0.896219
vt 0.731662 0.885004
vt 0.964663 0.046047
vt 0.964663 0.025660
vt 0.966248 0.024488
vt 0.966248 0.047219
vt 0.732553 0.913642
vt 0.731610 0.915390
vt 0.827438 0.067021
vt 0.827438 0.048321
vt 0.828610 0.047673
vt 0.828610 0.068625
vt 0.467162 0.872462
vt 0.465951 0.850758
vt 0.467600 0.850770
vt 0.468804 0.872364
vt 0.829783 0.047248
vt 0.829783 0.068095
vt 0.892188 0.969122
vt 0.892188 0.948735
vt 0.893723 0.947563
vt 0.893723 0.970294
vt 0.712777 0.405021
vt 0.712772 0.383712
vt 0.714426 0.382560
vt 0.714426 0.406076
vt 0.807051 0.002914
vt 0.807051 0.024207
vt 0.805879 0.025631
vt 0.805878 0.001888
vt 0.886351 0.097316
vt 0.878307 0.073853
vt 0.879903 0.073423
vt 0.887534 0.095667
vt 0.804706 0.025371
vt 0.804706 0.000586
vt 0.452893 0.128408
vt 0.452893 0.148794
vt 0.451916 0.149966
vt 0.451916 0.127235
vt 0.454232 0.127235
vt 0.454232 0.149966
vt 0.809836 0.946436
vt 0.809836 0.921362
vt 0.811176 0.922534
vt 0.811176 0.945264
vt 0.829783 0.000586
vt 0.828610 0.001888
vt 0.729726 0.404923
vt 0.729731 0.383614
vt 0.731380 0.382560
vt 0.731380 0.406076
vt 0.827438 0.024207
vt 0.827438 0.002914
vt 0.828610 0.025631
vt 0.466214 0.828349
vt 0.470549 0.803927
vt 0.471971 0.805375
vt 0.467857 0.828529
vt 0.829783 0.025371
vt 0.784950 0.561962
vt 0.784950 0.541575
vt 0.786264 0.540403
vt 0.786264 0.563134
vt 0.964029 0.076558
vt 0.964033 0.056419
vt 0.965678 0.055444
vt 0.965678 0.077687
vt 0.807051 0.026480
vt 0.807051 0.046139
vt 0.757468 0.883659
vt 0.747912 0.893213
vt 0.746001 0.893135
vt 0.756657 0.882482
vt 0.967773 0.240245
vt 0.967773 0.219859
vt 0.969325 0.218687
vt 0.969325 0.241417
vt 0.757469 0.910940
vt 0.756552 0.912716
vt 0.827438 0.046139
vt 0.827438 0.026480
vt 0.700841 0.969382
vt 0.700841 0.948996
vt 0.702338 0.947824
vt 0.702338 0.970554
vt 0.843381 0.526407
vt 0.843382 0.507488
vt 0.845020 0.506546
vt 0.845020 0.527588
vt 0.807051 0.069108
vt 0.807051 0.086653
vt 0.805879 0.088255
vt 0.872371 0.007924
vt 0.874014 0.008923
vt 0.804706 0.088680
vt 0.524401 0.896632
vt 0.516091 0.907288
vt 0.514205 0.907161
vt 0.523471 0.895280
vt 0.567855 0.953337
vt 0.567855 0.932951
vt 0.569506 0.931779
vt 0.569506 0.954509
vt 0.524401 0.924284
vt 0.523447 0.926065
vt 0.827438 0.086653
vt 0.827438 0.069108
vt 0.828611 0.088255
vt 0.470501 0.894406
vt 0.471971 0.893166
vt 0.829783 0.088680
vt 0.785883 0.955757
vt 0.785883 0.935371
vt 0.787500 0.934198
vt 0.787500 0.956929
vt 0.887285 0.000586
vt 0.887534 0.002271
vt 0.468740 0.954054
vt 0.468740 0.928980
vt 0.470357 0.930152
vt 0.470357 0.952882
vt 0.817036 0.110366
vt 0.817036 0.090867
vt 0.818681 0.089852
vt 0.818681 0.111479
vt 0.603585 0.784138
vt 0.603585 0.765438
vt 0.604757 0.763834
vt 0.604757 0.784786
vt 0.874392 0.281448
vt 0.872246 0.259817
vt 0.873884 0.259661
vt 0.876020 0.281182
vt 0.605930 0.764364
vt 0.605930 0.785211
vt 0.706345 0.886558
vt 0.697320 0.896616
vt 0.695391 0.896477
vt 0.705454 0.885263
vt 0.965016 0.240245
vt 0.965016 0.219859
vt 0.966601 0.218687
vt 0.966601 0.241417
vt 0.706345 0.913901
vt 0.705402 0.915649
vt 0.583198 0.765438
vt 0.583198 0.784138
vt 0.582026 0.784786
vt 0.582026 0.763834
vt 0.520382 0.865912
vt 0.519172 0.844209
vt 0.520821 0.844221
vt 0.522024 0.865814
vt 0.580854 0.785211
vt 0.580853 0.764364
vt 0.695391 0.969382
vt 0.695391 0.948996
vt 0.696927 0.947824
vt 0.696927 0.970554
vt 0.715602 0.405021
vt 0.715598 0.383712
vt 0.717251 0.382560
vt 0.717251 0.406076
vt 0.603585 0.829545
vt 0.603585 0.808252
vt 0.604757 0.806828
vt 0.604757 0.830571
vt 0.886147 0.327013
vt 0.878103 0.303549
vt 0.879699 0.303119
vt 0.887330 0.325363
vt 0.605930 0.807088
vt 0.605929 0.831873
vt 0.456742 0.148794
vt 0.456742 0.128407
vt 0.457720 0.127235
vt 0.457720 0.149966
vt 0.455404 0.149966
vt 0.455404 0.127235
vt 0.015942 0.950871
vt 0.015942 0.925796
vt 0.017282 0.926968
vt 0.017282 0.949699
vt 0.580853 0.831873
vt 0.582026 0.830571
vt 0.724075 0.404923
vt 0.724079 0.383614
vt 0.725728 0.382560
vt 0.725728 0.406076
vt 0.583198 0.808252
vt 0.583198 0.829545
vt 0.582026 0.806828
vt 0.519435 0.821800
vt 0.523769 0.797378
vt 0.525192 0.798826
vt 0.521078 0.821979
vt 0.580853 0.807088
vt 0.854262 0.349947
vt 0.854262 0.329560
vt 0.855577 0.328388
vt 0.855577 0.351119
vt 0.962195 0.239801
vt 0.962199 0.219662
vt 0.963844 0.218687
vt 0.963844 0.240929
vt 0.603585 0.805979
vt 0.603585 0.786320
vt 0.537956 0.886174
vt 0.528399 0.895728
vt 0.526489 0.895650
vt 0.537144 0.884997
vt 0.967421 0.046296
vt 0.967421 0.025909
vt 0.968973 0.024737
vt 0.968973 0.047468
vt 0.537956 0.913455
vt 0.537040 0.915231
vt 0.583198 0.786320
vt 0.583198 0.805979
vt 0.704900 0.969382
vt 0.704900 0.948996
vt 0.706397 0.947824
vt 0.706397 0.970554
vt 0.849004 0.526407
vt 0.849006 0.507488
vt 0.850644 0.506546
vt 0.850644 0.527588
vt 0.603585 0.763351
vt 0.603585 0.745806
vt 0.604757 0.744204
vt 0.872167 0.237620
vt 0.873810 0.238619
vt 0.605929 0.743779
vt 0.513033 0.896632
vt 0.504722 0.907288
vt 0.502837 0.907161
vt 0.512103 0.895280
vt 0.612811 0.952620
vt 0.612812 0.932233
vt 0.614462 0.931061
vt 0.614462 0.953792
vt 0.513033 0.924284
vt 0.512078 0.926065
vt 0.583198 0.745806
vt 0.583198 0.763351
vt 0.582026 0.744204
vt 0.523722 0.887856
vt 0.525192 0.886616
vt 0.580854 0.743779
vt 0.955894 0.548988
vt 0.955894 0.528602
vt 0.957512 0.527430
vt 0.957512 0.550160
vt 0.887081 0.230282
vt 0.887330 0.231967
vt 0.465951 0.954054
vt 0.465951 0.928980
vt 0.467568 0.930152
vt 0.467568 0.952882
vt 0.810228 0.090965
vt 0.810228 0.110463
vt 0.808582 0.111479
vt 0.808583 0.089852
vt 0.556949 0.791515
vt 0.556949 0.810215
vt 0.555777 0.811819
vt 0.555777 0.790867
vt 0.505062 0.848543
vt 0.502916 0.826912
vt 0.504554 0.826756
vt 0.506690 0.848278
vt 0.554605 0.811288
vt 0.554605 0.790441
vt 0.718470 0.886558
vt 0.709446 0.896616
vt 0.707517 0.896477
vt 0.717579 0.885263
vt 0.964663 0.022144
vt 0.964663 0.001758
vt 0.966248 0.000586
vt 0.966248 0.023316
vt 0.718470 0.913901
vt 0.717527 0.915649
vt 0.577337 0.810215
vt 0.577337 0.791515
vt 0.578509 0.790867
vt 0.578509 0.811819
vt 0.019682 0.893082
vt 0.018471 0.871379
vt 0.020120 0.871391
vt 0.021324 0.892984
vt 0.579681 0.790441
vt 0.579681 0.811288
vt 0.708921 0.969382
vt 0.708921 0.948996
vt 0.710456 0.947824
vt 0.710456 0.970554
vt 0.721254 0.405022
vt 0.721249 0.383712
vt 0.722903 0.382560
vt 0.722903 0.406076
vt 0.556949 0.746107
vt 0.556949 0.767401
vt 0.555777 0.768825
vt 0.555777 0.745081
vt 0.516817 0.894108
vt 0.508773 0.870645
vt 0.510369 0.870214
vt 0.518000 0.892458
vt 0.554605 0.768564
vt 0.554605 0.743779
vt 0.449766 0.148794
vt 0.449766 0.128407
vt 0.450744 0.127235
vt 0.450744 0.149966
vt 0.448427 0.149966
vt 0.448427 0.127235
vt 0.896256 0.916841
vt 0.896256 0.941916
vt 0.894916 0.940744
vt 0.894916 0.918014
vt 0.579681 0.743779
vt 0.578509 0.745081
vt 0.732552 0.404923
vt 0.732556 0.383614
vt 0.734205 0.382560
vt 0.734205 0.406076
vt 0.577337 0.767400
vt 0.577337 0.746107
vt 0.578509 0.768825
vt 0.018735 0.848970
vt 0.023069 0.824548
vt 0.024492 0.825996
vt 0.020377 0.849150
vt 0.579681 0.768564
vt 0.878972 0.936738
vt 0.878972 0.916352
vt 0.880287 0.915180
vt 0.880287 0.937910
vt 0.354395 0.962006
vt 0.354399 0.941868
vt 0.356044 0.940893
vt 0.356044 0.963135
vt 0.556949 0.769673
vt 0.556949 0.789333
vt 0.914529 0.534164
vt 0.904973 0.543719
vt 0.903062 0.543640
vt 0.913718 0.532988
vt 0.965577 0.520045
vt 0.965576 0.499658
vt 0.967129 0.498486
vt 0.967129 0.521217
vt 0.914529 0.561446
vt 0.913613 0.563222
vt 0.577337 0.789333
vt 0.577337 0.769673
vt 0.698173 0.969382
vt 0.698173 0.948996
vt 0.699669 0.947824
vt 0.699669 0.970554
vt 0.840569 0.526407
vt 0.840571 0.507488
vt 0.842209 0.506546
vt 0.842209 0.527588
vt 0.556949 0.812301
vt 0.556949 0.829847
vt 0.555777 0.831449
vt 0.502837 0.804716
vt 0.504480 0.805715
vt 0.554605 0.831873
vt 0.925897 0.534340
vt 0.917587 0.544996
vt 0.915701 0.544868
vt 0.924967 0.532988
vt 0.168254 0.932962
vt 0.168254 0.953348
vt 0.166604 0.954520
vt 0.166604 0.931790
vt 0.925898 0.561992
vt 0.924943 0.563773
vt 0.577337 0.829847
vt 0.577337 0.812301
vt 0.578509 0.831449
vt 0.023022 0.915027
vt 0.024492 0.913787
vt 0.579681 0.831873
vt 0.450484 0.956297
vt 0.450484 0.935910
vt 0.452101 0.934739
vt 0.452101 0.957469
vt 0.517751 0.797378
vt 0.518000 0.799062
vt 0.284759 0.948893
vt 0.284759 0.923819
vt 0.286376 0.924991
vt 0.286376 0.947721
vt 0.676993 0.096212
vt 0.676993 0.113936
vt 0.675378 0.115063
vt 0.675377 0.095409
vt 0.682698 0.683756
vt 0.682698 0.669639
vt 0.683870 0.667929
vt 0.683870 0.683821
vt 0.817062 0.269550
vt 0.823293 0.250752
vt 0.824752 0.251485
vt 0.818568 0.270141
vt 0.685042 0.668811
vt 0.685042 0.684584
vt 0.918420 0.915864
vt 0.918420 0.960974
vt 0.916830 0.962146
vt 0.916830 0.914692
vt 0.148745 0.950287
vt 0.148745 0.905177
vt 0.150461 0.904005
vt 0.150461 0.951459
vt 0.178399 0.854047
vt 0.168390 0.868675
vt 0.166604 0.868426
vt 0.177703 0.852205
vt 0.637585 0.669639
vt 0.637585 0.683756
vt 0.636413 0.683821
vt 0.636412 0.667929
vt 0.912345 0.891383
vt 0.910578 0.871659
vt 0.912179 0.871428
vt 0.913933 0.891003
vt 0.635240 0.684584
vt 0.635240 0.668811
vt 0.178399 0.896852
vt 0.177132 0.898067
vt 0.680867 0.114759
vt 0.680863 0.096737
vt 0.682389 0.095409
vt 0.682389 0.115243
vt 0.682698 0.725082
vt 0.682698 0.705114
vt 0.683870 0.703456
vt 0.683870 0.725608
vt 0.814102 0.310588
vt 0.813696 0.289730
vt 0.815227 0.290162
vt 0.815617 0.309993
vt 0.685042 0.704065
vt 0.685042 0.727180
vt 0.877800 0.916352
vt 0.877800 0.961462
vt 0.876229 0.962634
vt 0.876229 0.915180
vt 0.961941 0.046868
vt 0.961941 0.001758
vt 0.963491 0.000586
vt 0.963491 0.048040
vt 0.833316 0.337429
vt 0.833926 0.335570
vt 0.635240 0.727180
vt 0.636412 0.725608
vt 0.901890 0.534785
vt 0.895244 0.551536
vt 0.893650 0.551426
vt 0.900961 0.532988
vt 0.637585 0.705114
vt 0.637585 0.725082
vt 0.636412 0.703456
vt 0.911916 0.851243
vt 0.917082 0.831030
vt 0.918420 0.831956
vt 0.913506 0.851172
vt 0.635240 0.704065
vt 0.901890 0.580689
vt 0.900642 0.582094
vt 0.735056 0.270186
vt 0.735056 0.288658
vt 0.733475 0.289826
vt 0.733474 0.269528
vt 0.682698 0.703119
vt 0.682698 0.685530
vt 0.429798 0.916909
vt 0.429798 0.962019
vt 0.428243 0.963191
vt 0.428243 0.915737
vt 0.430997 0.958625
vt 0.430997 0.913514
vt 0.432676 0.912342
vt 0.432676 0.959797
vt 0.133266 0.854811
vt 0.124556 0.871101
vt 0.122851 0.870936
vt 0.132423 0.853035
vt 0.637585 0.685530
vt 0.637585 0.703119
vt 0.133266 0.899705
vt 0.132013 0.901027
vt 0.819853 0.110374
vt 0.819855 0.090967
vt 0.821488 0.089852
vt 0.821488 0.111341
vt 0.653337 0.825519
vt 0.637047 0.825519
vt 0.636890 0.824347
vt 0.655044 0.824347
vt 0.832955 0.230282
vt 0.833927 0.232052
vt 0.635240 0.823175
vt 0.654240 0.823175
vt 0.912173 0.915864
vt 0.912173 0.960974
vt 0.910578 0.962146
vt 0.910578 0.914692
vt 0.653337 0.870629
vt 0.655044 0.871801
vt 0.165431 0.854085
vt 0.153601 0.869469
vt 0.151717 0.869240
vt 0.164818 0.852205
vt 0.637047 0.870629
vt 0.636890 0.871801
vt 0.917070 0.913520
vt 0.918420 0.912019
vt 0.654240 0.872973
vt 0.635240 0.872973
vt 0.165431 0.896931
vt 0.164161 0.898128
vt 0.753202 0.915060
vt 0.753202 0.960170
vt 0.751559 0.961342
vt 0.751559 0.913888
vt 0.150388 0.853035
vt 0.150388 0.902833
vt 0.148745 0.901661
vt 0.148745 0.854207
vt 0.672590 0.114260
vt 0.672591 0.096535
vt 0.674205 0.095409
vt 0.674205 0.115063
vt 0.175589 0.807609
vt 0.175589 0.793492
vt 0.176761 0.791782
vt 0.176762 0.807674
vt 0.775263 0.844155
vt 0.779588 0.824830
vt 0.781113 0.825413
vt 0.776819 0.844593
vt 0.177934 0.792664
vt 0.177934 0.808437
vt 0.868774 0.685897
vt 0.868774 0.707424
vt 0.867183 0.708596
vt 0.867183 0.684725
vt 0.458892 0.149935
vt 0.458892 0.128407
vt 0.460608 0.127235
vt 0.460608 0.151107
vt 0.927087 0.063821
vt 0.919928 0.080036
vt 0.918126 0.080118
vt 0.926065 0.062138
vt 0.154061 0.793492
vt 0.154061 0.807609
vt 0.152889 0.807674
vt 0.152889 0.791782
vt 0.028601 0.896083
vt 0.026834 0.876359
vt 0.028435 0.876128
vt 0.030189 0.895703
vt 0.151717 0.808437
vt 0.151717 0.792664
vt 0.927087 0.092379
vt 0.926064 0.093806
vt 0.678169 0.114759
vt 0.678165 0.096737
vt 0.679691 0.095409
vt 0.679691 0.115243
vt 0.175589 0.848935
vt 0.175589 0.828967
vt 0.176762 0.827309
vt 0.176761 0.849462
vt 0.776409 0.885284
vt 0.773925 0.864570
vt 0.775492 0.864848
vt 0.777857 0.884541
vt 0.177934 0.827918
vt 0.177934 0.851033
vt 0.871517 0.685897
vt 0.871517 0.707424
vt 0.869946 0.708596
vt 0.869946 0.684725
vt 0.875416 0.707424
vt 0.875416 0.685897
vt 0.876966 0.684725
vt 0.876966 0.708596
vt 0.787882 0.898335
vt 0.788304 0.896425
vt 0.151717 0.851033
vt 0.152889 0.849462
vt 0.456798 0.901171
vt 0.452080 0.918564
vt 0.450484 0.918633
vt 0.455673 0.899490
vt 0.154061 0.828967
vt 0.154061 0.848935
vt 0.152889 0.827309
vt 0.028172 0.855943
vt 0.033337 0.835730
vt 0.034676 0.836656
vt 0.029762 0.855872
vt 0.151717 0.827918
vt 0.456798 0.932031
vt 0.455716 0.933567
vt 0.778176 0.114929
vt 0.778177 0.096457
vt 0.779758 0.095289
vt 0.779758 0.115588
vt 0.175589 0.826972
vt 0.175589 0.809383
vt 0.874244 0.685897
vt 0.874244 0.707424
vt 0.872689 0.708596
vt 0.872689 0.684725
vt 0.690069 0.405259
vt 0.690069 0.383732
vt 0.691747 0.382560
vt 0.691747 0.406431
vt 0.820224 0.888236
vt 0.814062 0.905650
vt 0.812351 0.905743
vt 0.819123 0.886607
vt 0.154061 0.809383
vt 0.154061 0.826972
vt 0.820224 0.918520
vt 0.819184 0.920015
vt 0.822660 0.110374
vt 0.822662 0.090967
vt 0.824294 0.089852
vt 0.824294 0.111341
vt 0.778434 0.373468
vt 0.762144 0.373468
vt 0.761988 0.372296
vt 0.780142 0.372296
vt 0.787161 0.803498
vt 0.788304 0.805163
vt 0.760338 0.371124
vt 0.779337 0.371124
vt 0.866011 0.685897
vt 0.866011 0.707424
vt 0.864416 0.708596
vt 0.864416 0.684725
vt 0.778434 0.394995
vt 0.780142 0.396167
vt 0.918068 0.354210
vt 0.909770 0.371754
vt 0.907880 0.371929
vt 0.917069 0.352504
vt 0.762144 0.394995
vt 0.761988 0.396167
vt 0.033325 0.918220
vt 0.034676 0.916719
vt 0.779337 0.397339
vt 0.760338 0.397339
vt 0.918068 0.383363
vt 0.917080 0.384803
vt 0.694563 0.383732
vt 0.694563 0.405259
vt 0.692920 0.406431
vt 0.692920 0.382560
vt 0.118789 0.923574
vt 0.118789 0.949790
vt 0.117146 0.948617
vt 0.117146 0.924746
vt 0.669802 0.114512
vt 0.669803 0.096534
vt 0.671418 0.095409
vt 0.671418 0.115318
vt 0.145832 0.808440
vt 0.145832 0.794151
vt 0.147004 0.792442
vt 0.147004 0.808503
vt 0.451905 0.844634
vt 0.456232 0.825049
vt 0.457759 0.825626
vt 0.453464 0.845066
vt 0.148176 0.793324
vt 0.148176 0.809267
vt 0.782889 0.935370
vt 0.782889 0.956006
vt 0.781299 0.957178
vt 0.781299 0.934198
vt 0.709883 0.404367
vt 0.709883 0.383732
vt 0.711600 0.382560
vt 0.711600 0.405539
vt 0.175445 0.900906
vt 0.168406 0.917449
vt 0.166604 0.917558
vt 0.174400 0.899238
vt 0.125195 0.794151
vt 0.125195 0.808440
vt 0.124023 0.808503
vt 0.124023 0.792442
vt 0.069776 0.896336
vt 0.067956 0.876361
vt 0.069556 0.876129
vt 0.071364 0.895956
vt 0.122851 0.809267
vt 0.122851 0.793324
vt 0.175445 0.929177
vt 0.174443 0.930618
vt 0.686263 0.114759
vt 0.686259 0.096737
vt 0.687785 0.095409
vt 0.687785 0.115243
vt 0.145832 0.849765
vt 0.145832 0.829797
vt 0.147004 0.828139
vt 0.147004 0.850292
vt 0.453228 0.885758
vt 0.450655 0.865055
vt 0.452223 0.865326
vt 0.454673 0.885009
vt 0.148176 0.828748
vt 0.148176 0.851863
vt 0.961023 0.219859
vt 0.961023 0.240494
vt 0.959452 0.241666
vt 0.959452 0.218687
vt 0.966850 0.077251
vt 0.966850 0.056616
vt 0.968401 0.055444
vt 0.968401 0.078423
vt 0.464365 0.898318
vt 0.464779 0.896406
vt 0.122851 0.851863
vt 0.124023 0.850292
vt 0.780127 0.901181
vt 0.775521 0.918604
vt 0.773925 0.918684
vt 0.778990 0.899507
vt 0.125195 0.829797
vt 0.125195 0.849765
vt 0.124023 0.828139
vt 0.069293 0.855946
vt 0.074459 0.835733
vt 0.075797 0.836659
vt 0.070883 0.855875
vt 0.122851 0.828748
vt 0.780127 0.931484
vt 0.779054 0.933026
vt 0.780930 0.114929
vt 0.780931 0.096457
vt 0.782512 0.095289
vt 0.782512 0.115587
vt 0.145832 0.827802
vt 0.145832 0.810213
vt 0.968000 0.682123
vt 0.968000 0.702758
vt 0.966445 0.703930
vt 0.966445 0.680951
vt 0.842859 0.350196
vt 0.842859 0.329560
vt 0.844537 0.328388
vt 0.844537 0.351368
vt 0.500762 0.896219
vt 0.494750 0.913685
vt 0.493041 0.913792
vt 0.499647 0.894599
vt 0.125195 0.810213
vt 0.125195 0.827802
vt 0.500762 0.925971
vt 0.499736 0.927474
vt 0.825466 0.110118
vt 0.825468 0.090968
vt 0.827100 0.089852
vt 0.827100 0.111085
vt 0.528196 0.881481
vt 0.544270 0.881481
vt 0.544427 0.882653
vt 0.526489 0.882653
vt 0.463629 0.803927
vt 0.464779 0.805587
vt 0.546077 0.883825
vt 0.527293 0.883825
vt 0.153312 0.934517
vt 0.153312 0.955153
vt 0.151717 0.956325
vt 0.151717 0.933345
vt 0.528196 0.860845
vt 0.526489 0.859673
vt 0.119005 0.892514
vt 0.110960 0.909892
vt 0.109071 0.910083
vt 0.117992 0.890815
vt 0.544270 0.860845
vt 0.544427 0.859673
vt 0.074447 0.918222
vt 0.075797 0.916721
vt 0.527293 0.858501
vt 0.546077 0.858501
vt 0.119005 0.920955
vt 0.118029 0.922402
vt 0.929033 0.530265
vt 0.929033 0.550900
vt 0.927390 0.552072
vt 0.927390 0.529093
vt 0.954089 0.523328
vt 0.954089 0.548651
vt 0.952446 0.547479
vt 0.952446 0.524500
vt 0.470007 0.708771
vt 0.470008 0.690418
vt 0.471623 0.689295
vt 0.471623 0.709580
vt 0.630136 0.807143
vt 0.630136 0.792599
vt 0.631309 0.790891
vt 0.631309 0.807203
vt 0.436610 0.844634
vt 0.441062 0.824691
vt 0.442589 0.825270
vt 0.438168 0.845067
vt 0.632481 0.791775
vt 0.632481 0.807968
vt 0.780127 0.935371
vt 0.780127 0.956006
vt 0.778537 0.957178
vt 0.778537 0.934198
vt 0.706994 0.404367
vt 0.706994 0.383732
vt 0.708711 0.382560
vt 0.708711 0.405539
vt 0.616073 0.899843
vt 0.608959 0.916761
vt 0.607156 0.916880
vt 0.615020 0.898181
vt 0.609500 0.792599
vt 0.609500 0.807143
vt 0.608328 0.807203
vt 0.608328 0.790891
vt 0.465148 0.772002
vt 0.463249 0.751657
vt 0.464849 0.751424
vt 0.466736 0.771621
vt 0.607156 0.807968
vt 0.607156 0.791775
vt 0.616073 0.928444
vt 0.615078 0.929889
vt 0.683565 0.114759
vt 0.683561 0.096737
vt 0.685087 0.095409
vt 0.685087 0.115243
vt 0.630136 0.848466
vt 0.630136 0.828498
vt 0.631309 0.826840
vt 0.631309 0.848993
vt 0.437932 0.885758
vt 0.435360 0.865055
vt 0.436928 0.865326
vt 0.439377 0.885009
vt 0.632481 0.827449
vt 0.632481 0.850564
vt 0.865014 0.939265
vt 0.865014 0.959901
vt 0.863443 0.961073
vt 0.863443 0.938093
vt 0.967421 0.022393
vt 0.967421 0.001758
vt 0.968971 0.000586
vt 0.968971 0.023565
vt 0.449069 0.898317
vt 0.449483 0.896405
vt 0.607156 0.850564
vt 0.608328 0.848993
vt 0.787500 0.901181
vt 0.782894 0.918604
vt 0.781299 0.918684
vt 0.786364 0.899507
vt 0.609500 0.828498
vt 0.609500 0.848466
vt 0.608328 0.826840
vt 0.464587 0.731241
vt 0.469752 0.711029
vt 0.471091 0.711954
vt 0.466176 0.731170
vt 0.607156 0.827449
vt 0.787500 0.931484
vt 0.786427 0.933026
vt 0.783684 0.114929
vt 0.783684 0.096457
vt 0.785266 0.095289
vt 0.785266 0.115586
vt 0.630136 0.826503
vt 0.630136 0.808914
vt 0.967132 0.523561
vt 0.967132 0.544196
vt 0.965577 0.545368
vt 0.965576 0.522389
vt 0.845710 0.350196
vt 0.845709 0.329560
vt 0.847388 0.328388
vt 0.847388 0.351368
vt 0.159438 0.900919
vt 0.153426 0.918385
vt 0.151717 0.918491
vt 0.158323 0.899300
vt 0.609500 0.808914
vt 0.609500 0.826503
vt 0.159438 0.930672
vt 0.158412 0.932173
vt 0.851816 0.526435
vt 0.851818 0.507664
vt 0.853450 0.506546
vt 0.853450 0.527402
vt 0.819413 0.862456
vt 0.803657 0.862456
vt 0.803501 0.861284
vt 0.821119 0.861284
vt 0.448333 0.803927
vt 0.449483 0.805587
vt 0.801850 0.860112
vt 0.820317 0.860112
vt 0.462391 0.934064
vt 0.462391 0.954699
vt 0.460795 0.955871
vt 0.460795 0.932891
vt 0.819413 0.883091
vt 0.821119 0.884263
vt 0.261093 0.898145
vt 0.253111 0.915135
vt 0.251221 0.915315
vt 0.260091 0.896439
vt 0.803657 0.883091
vt 0.803501 0.884263
vt 0.469740 0.793518
vt 0.471091 0.792017
vt 0.820317 0.885435
vt 0.801850 0.885435
vt 0.261093 0.926243
vt 0.260110 0.927685
vt 0.885671 0.329357
vt 0.885671 0.349992
vt 0.884028 0.351164
vt 0.884028 0.328185
vt 0.520334 0.927237
vt 0.520334 0.952561
vt 0.518691 0.951388
vt 0.518691 0.928409
vt 0.585166 0.530169
vt 0.608248 0.530169
vt 0.608891 0.532220
vt 0.582513 0.532220
vt 0.804706 0.113086
vt 0.804711 0.091077
vt 0.807410 0.089852
vt 0.807410 0.115431
vt 0.610009 0.534271
vt 0.583405 0.534271
vt 0.112180 0.709092
vt 0.105341 0.684663
vt 0.107766 0.683294
vt 0.114656 0.707928
vt 0.985777 0.376721
vt 0.985777 0.493994
vt 0.982985 0.496046
vt 0.982985 0.374670
vt 0.144695 0.972360
vt 0.144695 0.855086
vt 0.147573 0.853035
vt 0.147573 0.974411
vt 0.608248 0.412896
vt 0.585166 0.412896
vt 0.582513 0.410845
vt 0.608891 0.410845
vt 0.889938 0.192515
vt 0.900810 0.211652
vt 0.899616 0.215026
vt 0.886986 0.192782
vt 0.583405 0.408794
vt 0.610009 0.408794
vt 0.217881 0.870551
vt 0.218901 0.895899
vt 0.216187 0.895554
vt 0.215152 0.869996
vt 0.900810 0.115545
vt 0.898238 0.113119
vt 0.795444 0.587368
vt 0.776916 0.587368
vt 0.774017 0.585317
vt 0.795416 0.585317
vt 0.502837 0.951188
vt 0.502842 0.928864
vt 0.505657 0.927237
vt 0.505657 0.953313
vt 0.773925 0.583266
vt 0.796939 0.583266
vt 0.096737 0.661563
vt 0.082822 0.637576
vt 0.086005 0.637441
vt 0.099084 0.659999
vt 0.776916 0.704641
vt 0.774017 0.706692
vt 0.967635 0.214407
vt 0.967635 0.097133
vt 0.970536 0.095082
vt 0.970536 0.216458
vt 0.940296 0.369217
vt 0.940296 0.243740
vt 0.943196 0.245791
vt 0.943196 0.367166
vt 0.113983 0.560461
vt 0.116147 0.562847
vt 0.795444 0.704641
vt 0.795416 0.706692
vt 0.477160 0.854333
vt 0.491868 0.871127
vt 0.491146 0.874584
vt 0.473970 0.854964
vt 0.796939 0.708743
vt 0.773925 0.708743
vt 0.224798 0.818817
vt 0.218950 0.845924
vt 0.216235 0.845159
vt 0.221728 0.819669
vt 0.416388 0.985739
vt 0.416388 0.868465
vt 0.419163 0.866414
vt 0.419163 0.987790
vt 0.491868 0.778003
vt 0.489193 0.775964
vt 0.530327 0.709039
vt 0.548854 0.709039
vt 0.551754 0.711090
vt 0.530355 0.711090
vt 0.506829 0.951188
vt 0.506835 0.928864
vt 0.509650 0.927237
vt 0.509650 0.953313
vt 0.551845 0.713141
vt 0.528832 0.713141
vt 0.332386 0.653356
vt 0.317634 0.629875
vt 0.320810 0.629627
vt 0.334677 0.651710
vt 0.548854 0.565655
vt 0.551754 0.563604
vt 0.932419 0.520105
vt 0.932419 0.376721
vt 0.935319 0.374670
vt 0.935319 0.522156
vt 0.118311 0.304933
vt 0.118311 0.153346
vt 0.121212 0.155397
vt 0.121212 0.302882
vt 0.351970 0.535443
vt 0.354216 0.537751
vt 0.530327 0.565655
vt 0.530355 0.563604
vt 0.816875 0.504571
vt 0.832076 0.520920
vt 0.831457 0.524397
vt 0.813705 0.505295
vt 0.528832 0.561553
vt 0.551845 0.561553
vt 0.213980 0.818817
vt 0.208132 0.845924
vt 0.205417 0.845159
vt 0.210910 0.819669
vt 0.946372 0.555295
vt 0.946371 0.698679
vt 0.943597 0.700730
vt 0.943597 0.553244
vt 0.832076 0.410753
vt 0.829341 0.408794
vt 0.522872 0.412896
vt 0.499791 0.412896
vt 0.499147 0.410845
vt 0.525525 0.410845
vt 0.514815 0.950471
vt 0.514820 0.928462
vt 0.517519 0.927237
vt 0.517519 0.952816
vt 0.498029 0.408794
vt 0.524634 0.408794
vt 0.349496 0.700311
vt 0.341800 0.676138
vt 0.344176 0.674685
vt 0.351930 0.699060
vt 0.943066 0.097133
vt 0.943066 0.240517
vt 0.940273 0.242568
vt 0.940273 0.095082
vt 0.935566 0.698679
vt 0.935566 0.555295
vt 0.938444 0.553244
vt 0.938444 0.700730
vt 0.499791 0.556279
vt 0.522872 0.556279
vt 0.525525 0.558330
vt 0.499147 0.558330
vt 0.859716 0.327022
vt 0.870995 0.345922
vt 0.869874 0.349320
vt 0.856771 0.327352
vt 0.524634 0.560381
vt 0.498029 0.560381
vt 0.207063 0.870551
vt 0.208083 0.895899
vt 0.205369 0.895554
vt 0.204334 0.869996
vt 0.870995 0.232652
vt 0.868372 0.230282
vt 0.549595 0.412896
vt 0.526552 0.412896
vt 0.552239 0.410845
vt 0.430466 0.147243
vt 0.430460 0.127984
vt 0.433015 0.127235
vt 0.433015 0.149845
vt 0.553433 0.408794
vt 0.351922 0.724259
vt 0.354216 0.721554
vt 0.239404 0.729636
vt 0.239404 0.873020
vt 0.236796 0.875071
vt 0.236796 0.727585
vt 0.939616 0.698679
vt 0.939616 0.555295
vt 0.942425 0.553244
vt 0.942425 0.700730
vt 0.526552 0.556279
vt 0.549595 0.556279
vt 0.552239 0.558330
vt 0.230382 0.633750
vt 0.237443 0.651668
vt 0.236027 0.655024
vt 0.227731 0.633990
vt 0.553433 0.560381
vt 0.213980 0.919236
vt 0.210900 0.917477
vt 0.237443 0.538971
vt 0.234993 0.536500
vt 0.940485 0.526258
vt 0.940485 0.374670
vt 0.943171 0.376721
vt 0.943171 0.524207
vt 0.950185 0.553244
vt 0.950185 0.704832
vt 0.947544 0.702781
vt 0.947544 0.555295
vt 0.496354 0.412896
vt 0.475646 0.412896
vt 0.475288 0.410845
vt 0.388314 0.149733
vt 0.388310 0.128516
vt 0.391060 0.127235
vt 0.391060 0.152096
vt 0.473970 0.408794
vt 0.946876 0.711966
vt 0.946876 0.855350
vt 0.944111 0.857401
vt 0.944111 0.709915
vt 0.433990 0.765736
vt 0.433990 0.909119
vt 0.430997 0.911170
vt 0.430997 0.763685
vt 0.475646 0.556279
vt 0.496354 0.556279
vt 0.475288 0.558330
vt 0.857909 0.505215
vt 0.870097 0.522582
vt 0.869208 0.526093
vt 0.854922 0.505747
vt 0.473970 0.560381
vt 0.870097 0.410958
vt 0.867459 0.408794
vt 0.611685 0.530169
vt 0.632392 0.530169
vt 0.632751 0.532220
vt 0.392237 0.149733
vt 0.392232 0.128516
vt 0.394983 0.127235
vt 0.394983 0.152096
vt 0.634068 0.534271
vt 0.423101 0.868465
vt 0.423101 0.985739
vt 0.420335 0.987790
vt 0.420335 0.866414
vt 0.076970 0.955057
vt 0.076970 0.837784
vt 0.079962 0.835733
vt 0.079962 0.957108
vt 0.632392 0.412896
vt 0.611685 0.412896
vt 0.632751 0.410845
vt 0.874268 0.487857
vt 0.886046 0.505505
vt 0.885074 0.508994
vt 0.871270 0.488318
vt 0.634068 0.408794
vt 0.886046 0.411020
vt 0.883459 0.408794
vt 0.558443 0.530169
vt 0.581486 0.530169
vt 0.555799 0.532220
vt 0.426739 0.147243
vt 0.426733 0.127984
vt 0.429288 0.127235
vt 0.429288 0.149845
vt 0.554605 0.534271
vt 0.113759 0.733111
vt 0.116147 0.730489
vt 0.336580 0.990598
vt 0.336580 0.873325
vt 0.339187 0.871274
vt 0.339187 0.992649
vt 0.822292 0.979436
vt 0.822292 0.862163
vt 0.825100 0.860112
vt 0.825100 0.981487
vt 0.581486 0.412896
vt 0.558443 0.412896
vt 0.555799 0.410845
vt 0.243230 0.902346
vt 0.250049 0.920358
vt 0.248588 0.923694
vt 0.240576 0.902551
vt 0.554605 0.408794
vt 0.224798 0.919236
vt 0.221718 0.917477
vt 0.250049 0.824911
vt 0.247633 0.822408
vt 0.979375 0.834335
vt 0.979375 0.708858
vt 0.982060 0.710909
vt 0.982060 0.832284
vt 0.986171 0.678721
vt 0.986171 0.553244
vt 0.988813 0.555295
vt 0.988813 0.676670
vt 0.582306 0.403520
vt 0.605388 0.403520
vt 0.606031 0.405571
vt 0.579653 0.405571
vt 0.493041 0.951880
vt 0.493046 0.929871
vt 0.495744 0.928646
vt 0.495744 0.954225
vt 0.607149 0.407622
vt 0.580545 0.407622
vt 0.724860 0.558078
vt 0.717983 0.533659
vt 0.720406 0.532287
vt 0.727335 0.556910
vt 0.934794 0.860623
vt 0.934794 0.978954
vt 0.932001 0.981005
vt 0.932001 0.858572
vt 0.967602 0.956946
vt 0.967602 0.838615
vt 0.970480 0.836564
vt 0.970480 0.958997
vt 0.605388 0.285189
vt 0.582306 0.285189
vt 0.579653 0.283138
vt 0.606031 0.283138
vt 0.889724 0.790013
vt 0.900615 0.809139
vt 0.899425 0.812514
vt 0.886772 0.790283
vt 0.580545 0.281087
vt 0.607149 0.281087
vt 0.196245 0.870551
vt 0.197265 0.895898
vt 0.194551 0.895554
vt 0.193516 0.869996
vt 0.900615 0.712338
vt 0.898041 0.709915
vt 0.313764 0.667287
vt 0.295237 0.667287
vt 0.292338 0.665236
vt 0.313737 0.665236
vt 0.510822 0.951188
vt 0.510827 0.928864
vt 0.513643 0.927237
vt 0.513643 0.953313
vt 0.292246 0.663185
vt 0.315260 0.663185
vt 0.709343 0.510572
vt 0.695391 0.486607
vt 0.698574 0.486467
vt 0.711688 0.509005
vt 0.295237 0.785617
vt 0.292338 0.787668
vt 0.966463 0.097133
vt 0.966463 0.215464
vt 0.963562 0.217515
vt 0.963562 0.095082
vt 0.936223 0.370274
vt 0.936223 0.243740
vt 0.939124 0.245791
vt 0.939124 0.368223
vt 0.726694 0.408794
vt 0.728861 0.411176
vt 0.313764 0.785617
vt 0.313737 0.787668
vt 0.361490 0.851666
vt 0.376223 0.868439
vt 0.375505 0.871897
vt 0.358301 0.852301
vt 0.315260 0.789719
vt 0.292246 0.789719
vt 0.203162 0.818817
vt 0.197314 0.845924
vt 0.194599 0.845159
vt 0.200092 0.819669
vt 0.951814 0.978954
vt 0.951814 0.860624
vt 0.954589 0.858572
vt 0.954589 0.981005
vt 0.376223 0.774627
vt 0.373544 0.772591
vt 0.608825 0.403520
vt 0.629533 0.403520
vt 0.629891 0.405571
vt 0.384392 0.149733
vt 0.384388 0.128516
vt 0.387138 0.127235
vt 0.387138 0.152096
vt 0.631208 0.407622
vt 0.983530 0.245791
vt 0.983530 0.364121
vt 0.980764 0.366172
vt 0.980764 0.243740
vt 0.948403 0.364121
vt 0.948403 0.245791
vt 0.951396 0.243740
vt 0.951396 0.366172
vt 0.629533 0.285189
vt 0.608825 0.285189
vt 0.629891 0.283138
vt 0.874017 0.192885
vt 0.885814 0.210521
vt 0.884846 0.214011
vt 0.871019 0.193350
vt 0.631208 0.281087
vt 0.885814 0.115343
vt 0.883225 0.113119
vt 0.555583 0.403520
vt 0.578626 0.403520
vt 0.552939 0.405571
vt 0.434193 0.147243
vt 0.434187 0.127984
vt 0.436741 0.127235
vt 0.436741 0.149845
vt 0.551745 0.407622
vt 0.726477 0.582094
vt 0.728861 0.579468
vt 0.327856 0.873325
vt 0.327856 0.991655
vt 0.325249 0.993706
vt 0.325249 0.871274
vt 0.975715 0.495052
vt 0.975715 0.376721
vt 0.978523 0.374670
vt 0.978523 0.497103
vt 0.578626 0.285189
vt 0.555583 0.285189
vt 0.552939 0.283138
vt 0.889426 0.894325
vt 0.896256 0.912332
vt 0.894797 0.915669
vt 0.886772 0.894532
vt 0.551745 0.281087
vt 0.203162 0.919236
vt 0.200082 0.917477
vt 0.896256 0.816188
vt 0.893839 0.813686
vt 0.975518 0.835392
vt 0.975517 0.708858
vt 0.978203 0.710909
vt 0.978203 0.833341
vt 0.979707 0.221617
vt 0.979707 0.095082
vt 0.982348 0.097133
vt 0.982348 0.219566
vt 0.582306 0.275813
vt 0.605388 0.275813
vt 0.606031 0.277864
vt 0.579653 0.277864
vt 0.496917 0.951880
vt 0.496922 0.929871
vt 0.499620 0.928646
vt 0.499620 0.954225
vt 0.607149 0.279915
vt 0.580545 0.279915
vt 0.464832 0.685841
vt 0.457954 0.661423
vt 0.460377 0.660050
vt 0.467307 0.684673
vt 0.979592 0.245791
vt 0.979592 0.364156
vt 0.976800 0.366207
vt 0.976800 0.243740
vt 0.967546 0.830331
vt 0.967546 0.711966
vt 0.970424 0.709915
vt 0.970424 0.832382
vt 0.605388 0.157448
vt 0.582306 0.157448
vt 0.579653 0.155397
vt 0.606031 0.155397
vt 0.884022 0.663387
vt 0.894914 0.682512
vt 0.893724 0.685887
vt 0.881070 0.663657
vt 0.580545 0.153346
vt 0.607149 0.153346
vt 0.185427 0.870551
vt 0.186447 0.895898
vt 0.183733 0.895554
vt 0.182698 0.869996
vt 0.894914 0.585688
vt 0.892340 0.583266
vt 0.630985 0.667252
vt 0.612458 0.667252
vt 0.609559 0.665201
vt 0.630958 0.665201
vt 0.901787 0.949372
vt 0.901792 0.927049
vt 0.904608 0.925422
vt 0.904608 0.951497
vt 0.609467 0.663150
vt 0.632481 0.663150
vt 0.449313 0.638336
vt 0.435360 0.614372
vt 0.438542 0.614231
vt 0.451658 0.636769
vt 0.612458 0.785617
vt 0.609559 0.787668
vt 0.963530 0.956981
vt 0.963530 0.838615
vt 0.966430 0.836564
vt 0.966430 0.959032
vt 0.932150 0.370309
vt 0.932150 0.243740
vt 0.935051 0.245791
vt 0.935051 0.368258
vt 0.466667 0.536535
vt 0.468834 0.538917
vt 0.630985 0.785617
vt 0.630958 0.787668
vt 0.419257 0.742283
vt 0.433990 0.759055
vt 0.433272 0.762513
vt 0.416067 0.742918
vt 0.632481 0.789719
vt 0.609467 0.789719
vt 0.192344 0.818817
vt 0.186496 0.845923
vt 0.183781 0.845159
vt 0.189274 0.819669
vt 0.940145 0.978989
vt 0.940145 0.860623
vt 0.942920 0.858572
vt 0.942920 0.981040
vt 0.433990 0.665220
vt 0.431311 0.663185
vt 0.608825 0.275813
vt 0.629533 0.275813
vt 0.629891 0.277864
vt 0.396159 0.149733
vt 0.396155 0.128516
vt 0.398905 0.127235
vt 0.398905 0.152096
vt 0.631208 0.279915
vt 0.946876 0.860623
vt 0.946876 0.978989
vt 0.944111 0.981040
vt 0.944111 0.858572
vt 0.656217 0.943591
vt 0.656217 0.825226
vt 0.659209 0.823175
vt 0.659209 0.945642
vt 0.629533 0.157448
vt 0.608825 0.157448
vt 0.629891 0.155397
vt 0.873802 0.789704
vt 0.885600 0.807339
vt 0.884632 0.810829
vt 0.870804 0.790169
vt 0.631208 0.153346
vt 0.885600 0.712138
vt 0.883011 0.709915
vt 0.555583 0.275813
vt 0.578626 0.275813
vt 0.552939 0.277864
vt 0.423012 0.147243
vt 0.423006 0.127984
vt 0.425561 0.127235
vt 0.425561 0.149845
vt 0.551745 0.279915
vt 0.466451 0.709857
vt 0.468834 0.707231
vt 0.321469 0.991690
vt 0.321469 0.873325
vt 0.324076 0.871274
vt 0.324076 0.993741
vt 0.978478 0.838615
vt 0.978478 0.956981
vt 0.975670 0.959032
vt 0.975670 0.836564
vt 0.578626 0.157448
vt 0.555583 0.157448
vt 0.552939 0.155397
vt 0.873458 0.892663
vt 0.880288 0.910671
vt 0.878830 0.914008
vt 0.870804 0.892870
vt 0.551745 0.153346
vt 0.192344 0.919236
vt 0.189264 0.917477
vt 0.880288 0.814503
vt 0.877871 0.812001
vt 0.977069 0.553244
vt 0.977069 0.679814
vt 0.974384 0.677763
vt 0.974384 0.555295
vt 0.979650 0.963134
vt 0.979650 0.836564
vt 0.982292 0.838615
vt 0.982292 0.961083
vt 0.604193 0.712049
vt 0.604193 0.688969
vt 0.606244 0.688325
vt 0.606244 0.714701
vt 0.521697 0.950471
vt 0.521702 0.928462
vt 0.524401 0.927237
vt 0.524401 0.952816
vt 0.608295 0.687207
vt 0.608295 0.713810
vt 0.756535 0.375255
vt 0.753686 0.350048
vt 0.756299 0.349084
vt 0.759166 0.374502
vt 0.596227 0.910117
vt 0.596227 0.955599
vt 0.593435 0.957650
vt 0.593435 0.908066
vt 0.582414 0.908781
vt 0.582414 0.954263
vt 0.579536 0.956314
vt 0.579536 0.906730
vt 0.558707 0.688969
vt 0.558707 0.712049
vt 0.556656 0.714701
vt 0.556656 0.688325
vt 0.230692 0.687957
vt 0.238889 0.708383
vt 0.237252 0.711566
vt 0.227731 0.687824
vt 0.554605 0.713810
vt 0.554605 0.687208
vt 0.228699 0.870551
vt 0.229719 0.895899
vt 0.227004 0.895554
vt 0.225970 0.869996
vt 0.238889 0.658945
vt 0.236667 0.656196
vt 0.803346 0.854838
vt 0.821873 0.854838
vt 0.824772 0.856889
vt 0.803373 0.856889
vt 0.906586 0.949372
vt 0.906591 0.927049
vt 0.909406 0.925422
vt 0.909406 0.951497
vt 0.824864 0.858940
vt 0.801850 0.858940
vt 0.748883 0.325870
vt 0.738979 0.299969
vt 0.742142 0.300343
vt 0.751450 0.324701
vt 0.821873 0.809356
vt 0.824772 0.807305
vt 0.575463 0.954263
vt 0.575463 0.908781
vt 0.578364 0.906730
vt 0.578364 0.956314
vt 0.762417 0.936168
vt 0.762417 0.882482
vt 0.765317 0.884533
vt 0.765317 0.934117
vt 0.757410 0.269528
vt 0.759166 0.272228
vt 0.803346 0.809356
vt 0.803373 0.807305
vt 0.086074 0.856252
vt 0.097314 0.875540
vt 0.095946 0.878796
vt 0.082822 0.856263
vt 0.801850 0.805254
vt 0.824864 0.805254
vt 0.235616 0.818817
vt 0.229768 0.845924
vt 0.227053 0.845159
vt 0.232546 0.819669
vt 0.599120 0.955599
vt 0.599120 0.910117
vt 0.601895 0.908066
vt 0.601895 0.957650
vt 0.097314 0.828278
vt 0.095076 0.825766
vt 0.604193 0.685532
vt 0.604193 0.664825
vt 0.606244 0.664467
vt 0.380470 0.149733
vt 0.380465 0.128516
vt 0.383216 0.127235
vt 0.383216 0.152096
vt 0.608295 0.663150
vt 0.792242 0.911053
vt 0.792242 0.956536
vt 0.789476 0.958587
vt 0.789476 0.909002
vt 0.041707 0.954038
vt 0.041707 0.908556
vt 0.044700 0.906505
vt 0.044700 0.956089
vt 0.558707 0.664825
vt 0.558707 0.685532
vt 0.556656 0.664467
vt 0.883485 0.559573
vt 0.892478 0.578790
vt 0.890993 0.582094
vt 0.880451 0.559579
vt 0.554605 0.663150
vt 0.892478 0.530798
vt 0.890255 0.528208
vt 0.604193 0.738770
vt 0.604193 0.715729
vt 0.606244 0.741414
vt 0.419285 0.147243
vt 0.419279 0.127984
vt 0.421834 0.127235
vt 0.421834 0.149845
vt 0.608295 0.742607
vt 0.754258 0.399218
vt 0.757034 0.397011
vt 0.085430 0.912533
vt 0.085430 0.958015
vt 0.082822 0.960066
vt 0.082822 0.910482
vt 0.954433 0.048119
vt 0.954433 0.002637
vt 0.957242 0.000586
vt 0.957242 0.050170
vt 0.558707 0.715729
vt 0.558707 0.738770
vt 0.556656 0.741414
vt 0.865077 0.384933
vt 0.870310 0.403467
vt 0.868566 0.406664
vt 0.862414 0.384907
vt 0.554605 0.742607
vt 0.235616 0.919236
vt 0.232536 0.917477
vt 0.870310 0.355243
vt 0.868120 0.352540
vt 0.446026 0.899489
vt 0.446026 0.953175
vt 0.443341 0.951124
vt 0.443341 0.901540
vt 0.130625 0.955885
vt 0.130625 0.902199
vt 0.133266 0.904250
vt 0.133266 0.953834
vt 0.324427 0.412896
vt 0.298357 0.412896
vt 0.296943 0.410845
vt 0.326739 0.410845
vt 0.781314 0.400019
vt 0.781318 0.373364
vt 0.784206 0.371124
vt 0.784206 0.402105
vt 0.296368 0.408794
vt 0.326417 0.408794
vt 0.905732 0.125465
vt 0.904875 0.156176
vt 0.901982 0.156147
vt 0.902852 0.125178
vt 0.661489 0.993975
vt 0.661489 0.876702
vt 0.663902 0.874651
vt 0.663902 0.996026
vt 0.154882 0.715896
vt 0.179376 0.789671
vt 0.177067 0.790610
vt 0.151717 0.714255
vt 0.298357 0.530169
vt 0.324427 0.530169
vt 0.326739 0.532220
vt 0.296943 0.532220
vt 0.178677 0.703882
vt 0.179376 0.700295
vt 0.326417 0.534271
vt 0.296368 0.534271
vt 0.914542 0.768765
vt 0.915399 0.799476
vt 0.912518 0.799763
vt 0.911649 0.768794
vt 0.655044 0.876196
vt 0.655044 0.993469
vt 0.652581 0.995520
vt 0.652581 0.874145
vt 0.265270 0.412896
vt 0.244182 0.412896
vt 0.243357 0.410845
vt 0.267891 0.410845
vt 0.812351 0.946404
vt 0.812356 0.923416
vt 0.815234 0.921187
vt 0.815234 0.948278
vt 0.240576 0.408794
vt 0.267073 0.408794
vt 0.905810 0.186554
vt 0.910672 0.215026
vt 0.907484 0.213482
vt 0.902930 0.186777
vt 0.401324 0.868528
vt 0.401324 0.985801
vt 0.398577 0.987852
vt 0.398577 0.866477
vt 0.830595 0.726426
vt 0.849874 0.801732
vt 0.847382 0.803027
vt 0.827428 0.725087
vt 0.240576 0.534271
vt 0.243357 0.532220
vt 0.974345 0.709915
vt 0.974345 0.835392
vt 0.971596 0.833341
vt 0.971596 0.711966
vt 0.244182 0.530169
vt 0.265270 0.530169
vt 0.267891 0.532220
vt 0.849638 0.713547
vt 0.849874 0.709915
vt 0.267073 0.534271
vt 0.920339 0.709915
vt 0.915477 0.738387
vt 0.912597 0.738164
vt 0.917151 0.711458
vt 0.938787 0.860624
vt 0.938787 0.977897
vt 0.935966 0.979948
vt 0.935966 0.858572
vt 0.025280 0.157448
vt 0.004192 0.157448
vt 0.003367 0.155397
vt 0.027901 0.155397
vt 0.227399 0.945625
vt 0.227404 0.922637
vt 0.230281 0.920408
vt 0.230281 0.947499
vt 0.000586 0.153346
vt 0.027083 0.153346
vt 0.904167 0.321754
vt 0.909028 0.350226
vt 0.905841 0.348682
vt 0.901287 0.321977
vt 0.944238 0.240517
vt 0.944238 0.097133
vt 0.946985 0.095082
vt 0.946985 0.242568
vt 0.724711 0.688268
vt 0.744627 0.781199
vt 0.742085 0.782395
vt 0.721600 0.686805
vt 0.000586 0.304933
vt 0.003367 0.302882
vt 0.472756 0.536535
vt 0.472756 0.688123
vt 0.470007 0.686072
vt 0.470007 0.538586
vt 0.004192 0.300831
vt 0.025280 0.300831
vt 0.027901 0.302882
vt 0.744247 0.676151
vt 0.744627 0.672531
vt 0.027083 0.304933
vt 0.910477 0.709915
vt 0.905615 0.738387
vt 0.902735 0.738164
vt 0.907289 0.711458
vt 0.936491 0.520105
vt 0.936491 0.376721
vt 0.939313 0.374670
vt 0.939313 0.522156
vt 0.084437 0.157448
vt 0.058367 0.157448
vt 0.056953 0.155397
vt 0.086749 0.155397
vt 0.063666 0.945073
vt 0.063670 0.918418
vt 0.066558 0.916178
vt 0.066558 0.947159
vt 0.056378 0.153346
vt 0.086427 0.153346
vt 0.904089 0.260665
vt 0.903231 0.291376
vt 0.900339 0.291347
vt 0.901208 0.260378
vt 0.958755 0.698679
vt 0.958755 0.555295
vt 0.961167 0.553244
vt 0.961167 0.700730
vt 0.724549 0.014906
vt 0.749814 0.106528
vt 0.747460 0.107347
vt 0.721473 0.013103
vt 0.058367 0.300831
vt 0.084437 0.300831
vt 0.086749 0.302882
vt 0.056953 0.302882
vt 0.748932 0.004133
vt 0.749814 0.000586
vt 0.086427 0.304933
vt 0.056378 0.304933
vt 0.904680 0.768765
vt 0.905537 0.799476
vt 0.902656 0.799763
vt 0.901787 0.768794
vt 0.955817 0.240517
vt 0.955817 0.097133
vt 0.958280 0.095082
vt 0.958280 0.242568
vt 0.113047 0.157448
vt 0.088473 0.157448
vt 0.115235 0.155397
vt 0.030906 0.946074
vt 0.030901 0.921445
vt 0.033796 0.919392
vt 0.033796 0.948304
vt 0.117139 0.153346
vt 0.909028 0.230282
vt 0.905842 0.231840
vt 0.689011 0.575147
vt 0.689011 0.718530
vt 0.686911 0.720581
vt 0.686911 0.573096
vt 0.690984 0.573096
vt 0.690984 0.720581
vt 0.088473 0.300831
vt 0.113047 0.300831
vt 0.115235 0.302882
vt 0.072023 0.946252
vt 0.072028 0.921623
vt 0.074917 0.919394
vt 0.074917 0.948306
vt 0.117139 0.304933
vt 0.910477 0.829858
vt 0.907290 0.828301
vt 0.979696 0.520105
vt 0.979696 0.376721
vt 0.981813 0.374670
vt 0.981813 0.522156
vt 0.119692 0.432754
vt 0.119692 0.584342
vt 0.117578 0.582291
vt 0.117578 0.434805
vt 0.121679 0.434805
vt 0.121679 0.582291
vt 0.054432 0.157448
vt 0.029029 0.157448
vt 0.530555 0.944896
vt 0.530551 0.918540
vt 0.533441 0.916403
vt 0.533441 0.947048
vt 0.549650 0.954428
vt 0.549650 0.811045
vt 0.552137 0.808994
vt 0.552137 0.956479
vt 0.361516 0.678501
vt 0.385717 0.770410
vt 0.383194 0.771419
vt 0.358301 0.676881
vt 0.029029 0.300831
vt 0.054432 0.300831
vt 0.385097 0.666725
vt 0.385717 0.663185
vt 0.954722 0.376721
vt 0.954722 0.520105
vt 0.952155 0.522156
vt 0.952155 0.374670
vt 0.294422 0.412896
vt 0.269019 0.412896
vt 0.022538 0.944692
vt 0.022534 0.918336
vt 0.025424 0.916199
vt 0.025424 0.946844
vt 0.642511 0.993469
vt 0.642511 0.876196
vt 0.644997 0.874145
vt 0.644997 0.995520
vt 0.438650 0.727504
vt 0.462077 0.801624
vt 0.459606 0.802755
vt 0.435360 0.726042
vt 0.269019 0.530169
vt 0.294422 0.530169
vt 0.461630 0.714595
vt 0.462077 0.711029
vt 0.364626 0.875120
vt 0.364626 0.992393
vt 0.362059 0.994444
vt 0.362059 0.873069
vt 0.353037 0.412896
vt 0.328463 0.412896
vt 0.355225 0.410845
vt 0.026839 0.946074
vt 0.026834 0.921445
vt 0.029729 0.919392
vt 0.029729 0.948304
vt 0.357129 0.408794
vt 0.910672 0.095082
vt 0.907485 0.096640
vt 0.928856 0.711966
vt 0.928856 0.829239
vt 0.926756 0.831290
vt 0.926756 0.709915
vt 0.930829 0.709915
vt 0.930829 0.831290
vt 0.328463 0.530169
vt 0.353037 0.530169
vt 0.355225 0.532220
vt 0.685073 0.945610
vt 0.685078 0.920981
vt 0.687968 0.918751
vt 0.687968 0.947663
vt 0.357129 0.534271
vt 0.920339 0.829858
vt 0.917152 0.828301
vt 0.057422 0.878529
vt 0.057422 0.995802
vt 0.055305 0.997853
vt 0.055305 0.876478
vt 0.313032 0.790891
vt 0.313032 0.916369
vt 0.310918 0.914318
vt 0.310918 0.792942
vt 0.315019 0.792942
vt 0.315019 0.914318
vt 0.206702 0.412896
vt 0.180632 0.412896
vt 0.179218 0.410845
vt 0.209014 0.410845
vt 0.059602 0.945073
vt 0.059606 0.918418
vt 0.062494 0.916178
vt 0.062494 0.947159
vt 0.178642 0.408794
vt 0.208691 0.408794
vt 0.913951 0.260665
vt 0.913093 0.291376
vt 0.910201 0.291347
vt 0.911070 0.260378
vt 0.279998 0.876547
vt 0.279998 0.994878
vt 0.277586 0.996929
vt 0.277586 0.874496
vt 0.126012 0.715836
vt 0.150544 0.790337
vt 0.148234 0.791270
vt 0.122851 0.714187
vt 0.180632 0.531226
vt 0.206702 0.531226
vt 0.209014 0.533277
vt 0.179218 0.533277
vt 0.149837 0.703880
vt 0.150544 0.700295
vt 0.208692 0.535328
vt 0.178642 0.535328
vt 0.910815 0.642115
vt 0.911673 0.672826
vt 0.908792 0.673113
vt 0.907923 0.642145
vt 0.641339 0.876196
vt 0.641339 0.994526
vt 0.638875 0.996577
vt 0.638875 0.874145
vt 0.147545 0.412896
vt 0.126457 0.412896
vt 0.125632 0.410845
vt 0.150165 0.410845
vt 0.219290 0.945625
vt 0.219295 0.922637
vt 0.222172 0.920408
vt 0.222172 0.947499
vt 0.122851 0.408794
vt 0.149348 0.408794
vt 0.914029 0.321754
vt 0.918890 0.350226
vt 0.915703 0.348682
vt 0.911149 0.321977
vt 0.987450 0.245791
vt 0.987450 0.364121
vt 0.984702 0.366172
vt 0.984702 0.243740
vt 0.826882 0.599740
vt 0.846192 0.675761
vt 0.843698 0.677052
vt 0.823718 0.598396
vt 0.122851 0.535328
vt 0.125632 0.533277
vt 0.969194 0.553244
vt 0.969194 0.679779
vt 0.966445 0.677728
vt 0.966445 0.555295
vt 0.126457 0.531226
vt 0.147545 0.531226
vt 0.150165 0.533277
vt 0.845949 0.586897
vt 0.846192 0.583266
vt 0.149348 0.535328
vt 0.916613 0.583266
vt 0.911751 0.611737
vt 0.908871 0.611514
vt 0.913425 0.584809
vt 0.975628 0.245791
vt 0.975628 0.364121
vt 0.972806 0.366172
vt 0.972806 0.243740
vt 0.176697 0.412896
vt 0.151293 0.412896
vt 0.526493 0.944896
vt 0.526489 0.918540
vt 0.529379 0.916403
vt 0.529379 0.947048
vt 0.369457 0.993451
vt 0.369457 0.875120
vt 0.371944 0.873069
vt 0.371944 0.995502
vt 0.749288 0.727428
vt 0.772753 0.802271
vt 0.770280 0.803397
vt 0.746001 0.725959
vt 0.151293 0.531226
vt 0.176697 0.531226
vt 0.772298 0.714572
vt 0.772753 0.711007
vt 0.993890 0.097133
vt 0.993890 0.215464
vt 0.991322 0.217515
vt 0.991322 0.095082
vt 0.235311 0.412896
vt 0.210738 0.412896
vt 0.237499 0.410845
vt 0.067961 0.946077
vt 0.067956 0.921448
vt 0.070851 0.919394
vt 0.070851 0.948306
vt 0.239404 0.408794
vt 0.918890 0.230282
vt 0.915704 0.231840
vt 0.923611 0.711966
vt 0.923611 0.830297
vt 0.921511 0.832348
vt 0.921511 0.709915
vt 0.925584 0.709915
vt 0.925584 0.832348
vt 0.210738 0.531226
vt 0.235311 0.531226
vt 0.237499 0.533277
vt 0.182698 0.947266
vt 0.182703 0.922637
vt 0.185593 0.920408
vt 0.185593 0.949319
vt 0.239404 0.535328
vt 0.916613 0.703209
vt 0.913426 0.701652
vt 0.014769 0.878525
vt 0.014769 0.996855
vt 0.012652 0.998906
vt 0.012652 0.876474
vt 0.692233 0.784516
vt 0.692233 0.911051
vt 0.690119 0.909000
vt 0.690119 0.786567
vt 0.694219 0.786567
vt 0.694219 0.909000
vt 0.451217 0.157448
vt 0.425147 0.157448
vt 0.423733 0.155397
vt 0.453528 0.155397
vt 0.756282 0.571204
vt 0.756286 0.544549
vt 0.759174 0.542309
vt 0.759174 0.573290
vt 0.423157 0.153346
vt 0.453206 0.153346
vt 0.915594 0.125465
vt 0.914737 0.156176
vt 0.911844 0.156147
vt 0.912713 0.125178
vt 0.274001 0.994913
vt 0.274001 0.876547
vt 0.276414 0.874496
vt 0.276414 0.996964
vt 0.477131 0.699334
vt 0.501665 0.773859
vt 0.499354 0.774791
vt 0.473970 0.697685
vt 0.425147 0.275813
vt 0.451217 0.275813
vt 0.453529 0.277864
vt 0.423733 0.277864
vt 0.500957 0.687381
vt 0.501665 0.683795
vt 0.453207 0.279915
vt 0.423157 0.279915
vt 0.901947 0.467643
vt 0.902805 0.498354
vt 0.899924 0.498641
vt 0.899055 0.467673
vt 0.637703 0.876196
vt 0.637703 0.994561
vt 0.635240 0.996612
vt 0.635240 0.874145
vt 0.392060 0.157448
vt 0.370972 0.157448
vt 0.370147 0.155397
vt 0.394680 0.155397
vt 0.231453 0.945625
vt 0.231458 0.922637
vt 0.234335 0.920408
vt 0.234335 0.947498
vt 0.367366 0.153346
vt 0.393863 0.153346
vt 0.915672 0.186554
vt 0.920534 0.215026
vt 0.917346 0.213483
vt 0.912792 0.186777
vt 0.985980 0.710909
vt 0.985980 0.829274
vt 0.983232 0.831325
vt 0.983232 0.708858
vt 0.269988 0.744058
vt 0.289299 0.820103
vt 0.286805 0.821394
vt 0.266824 0.742714
vt 0.367366 0.279915
vt 0.370147 0.277864
vt 0.967600 0.243740
vt 0.967600 0.370309
vt 0.964850 0.368258
vt 0.964850 0.245791
vt 0.370972 0.275813
vt 0.392060 0.275813
vt 0.394680 0.277864
vt 0.289056 0.731217
vt 0.289299 0.727585
vt 0.393863 0.279915
vt 0.907745 0.408794
vt 0.902883 0.437265
vt 0.900003 0.437042
vt 0.904557 0.410337
vt 0.974543 0.376721
vt 0.974543 0.495087
vt 0.971721 0.497138
vt 0.971721 0.374670
vt 0.421212 0.157448
vt 0.395808 0.157448
vt 0.018476 0.944692
vt 0.018471 0.918336
vt 0.021362 0.916199
vt 0.021362 0.946844
vt 0.992456 0.364156
vt 0.992456 0.245791
vt 0.994943 0.243740
vt 0.994943 0.366207
vt 0.777212 0.726334
vt 0.800678 0.801201
vt 0.798205 0.802326
vt 0.773925 0.724865
vt 0.395808 0.275813
vt 0.421212 0.275813
vt 0.800223 0.713480
vt 0.800678 0.709915
vt 0.993844 0.838615
vt 0.993844 0.956981
vt 0.991276 0.959032
vt 0.991276 0.836564
vt 0.479826 0.157448
vt 0.455253 0.157448
vt 0.482014 0.155397
vt 0.539133 0.946434
vt 0.539128 0.921805
vt 0.542023 0.919751
vt 0.542023 0.948663
vt 0.483919 0.153346
vt 0.920534 0.095082
vt 0.917347 0.096640
vt 0.922163 0.232333
vt 0.922163 0.350699
vt 0.920062 0.352750
vt 0.920062 0.230282
vt 0.924135 0.230282
vt 0.924135 0.352750
vt 0.455253 0.275813
vt 0.479826 0.275813
vt 0.482014 0.277864
vt 0.543195 0.946609
vt 0.543200 0.921980
vt 0.546090 0.919751
vt 0.546090 0.948663
vt 0.483919 0.279915
vt 0.907745 0.528737
vt 0.904558 0.527180
vt 0.998232 0.245791
vt 0.998232 0.364156
vt 0.996115 0.366207
vt 0.996115 0.243740
vt 0.740239 0.910137
vt 0.740239 0.783567
vt 0.742353 0.785618
vt 0.742353 0.908086
vt 0.738253 0.908086
vt 0.738253 0.785618
vt 0.681968 0.374922
vt 0.681968 0.348853
vt 0.684019 0.347439
vt 0.684019 0.377233
vt 0.780886 0.569298
vt 0.780890 0.542643
vt 0.783778 0.540403
vt 0.783778 0.571384
vt 0.686070 0.346864
vt 0.686070 0.376911
vt 0.831178 0.834582
vt 0.830321 0.865293
vt 0.827428 0.865264
vt 0.828298 0.834295
vt 0.740666 0.913360
vt 0.740666 0.958842
vt 0.738253 0.960893
vt 0.738253 0.911309
vt 0.530020 0.831840
vt 0.548478 0.855677
vt 0.546612 0.857329
vt 0.526489 0.831342
vt 0.636483 0.348853
vt 0.636483 0.374922
vt 0.634432 0.377233
vt 0.634432 0.347440
vt 0.548478 0.812610
vt 0.547946 0.808994
vt 0.632381 0.376911
vt 0.632381 0.346864
vt 0.911809 0.467643
vt 0.912667 0.498354
vt 0.909786 0.498641
vt 0.908917 0.467673
vt 0.006708 0.912542
vt 0.006708 0.958024
vt 0.004245 0.960075
vt 0.004245 0.910491
vt 0.681968 0.315769
vt 0.681968 0.294682
vt 0.684019 0.293857
vt 0.684019 0.318389
vt 0.223344 0.945625
vt 0.223350 0.922637
vt 0.226227 0.920408
vt 0.226227 0.947498
vt 0.686070 0.291076
vt 0.686070 0.317572
vt 0.831257 0.895671
vt 0.836118 0.924143
vt 0.832930 0.922600
vt 0.828376 0.895894
vt 0.796162 0.911053
vt 0.796162 0.956536
vt 0.793414 0.958587
vt 0.793414 0.909002
vt 0.664897 0.845389
vt 0.679846 0.871569
vt 0.677786 0.873479
vt 0.661489 0.844937
vt 0.632381 0.291076
vt 0.634432 0.293857
vt 0.163359 0.899300
vt 0.163359 0.952986
vt 0.160610 0.950935
vt 0.160610 0.901351
vt 0.636483 0.294682
vt 0.636483 0.315769
vt 0.634432 0.318389
vt 0.679846 0.827925
vt 0.679111 0.824360
vt 0.632381 0.317572
vt 0.917607 0.408794
vt 0.912745 0.437265
vt 0.909865 0.437042
vt 0.914419 0.410337
vt 0.633287 0.908956
vt 0.633287 0.954438
vt 0.630466 0.956489
vt 0.630466 0.906905
vt 0.681968 0.344919
vt 0.681968 0.319517
vt 0.535070 0.944896
vt 0.535066 0.918540
vt 0.537956 0.916403
vt 0.537956 0.947048
vt 0.096586 0.912533
vt 0.096586 0.958015
vt 0.094100 0.960066
vt 0.094100 0.910482
vt 0.843528 0.375580
vt 0.861242 0.399975
vt 0.859257 0.401830
vt 0.839944 0.375235
vt 0.636483 0.319517
vt 0.636483 0.344919
vt 0.861242 0.356064
vt 0.860538 0.352540
vt 0.092927 0.912533
vt 0.092927 0.958015
vt 0.090360 0.960066
vt 0.090360 0.910482
vt 0.681968 0.403529
vt 0.681968 0.378957
vt 0.684019 0.405717
vt 0.098491 0.946840
vt 0.098486 0.922211
vt 0.101381 0.920157
vt 0.101381 0.949069
vt 0.686070 0.407622
vt 0.836118 0.804199
vt 0.832932 0.805757
vt 0.353672 0.892187
vt 0.353672 0.937670
vt 0.351572 0.939721
vt 0.351572 0.890137
vt 0.355645 0.890137
vt 0.355645 0.939721
vt 0.636483 0.378957
vt 0.636483 0.403529
vt 0.634432 0.405717
vt 0.102553 0.947016
vt 0.102558 0.922387
vt 0.105448 0.920157
vt 0.105448 0.949069
vt 0.632381 0.407622
vt 0.917607 0.528737
vt 0.914420 0.527180
vt 0.563547 0.913588
vt 0.563547 0.959070
vt 0.561430 0.961121
vt 0.561430 0.911537
vt 0.922176 0.353922
vt 0.922176 0.407608
vt 0.920062 0.405557
vt 0.920063 0.355973
vt 0.924163 0.355973
vt 0.924163 0.405557
vt 0.392376 0.121961
vt 0.419106 0.121961
vt 0.421284 0.124012
vt 0.390731 0.124012
vt 0.058943 0.310207
vt 0.032207 0.310207
vt 0.029775 0.308156
vt 0.060848 0.308156
vt 0.421146 0.126063
vt 0.390336 0.126063
vt 0.030167 0.306105
vt 0.060983 0.306105
vt 0.419106 0.004688
vt 0.421284 0.002637
vt 0.058943 0.427480
vt 0.060848 0.429531
vt 0.392376 0.004688
vt 0.390731 0.002637
vt 0.032207 0.427480
vt 0.029775 0.429531
vt 0.390336 0.000586
vt 0.421146 0.000586
vt 0.060983 0.431582
vt 0.030167 0.431582
vt 0.239404 0.878294
vt 0.239404 0.995567
vt 0.237239 0.997618
vt 0.237239 0.876243
vt 0.454050 0.121961
vt 0.477789 0.121961
vt 0.479521 0.124012
vt 0.451901 0.124012
vt 0.117621 0.310207
vt 0.093888 0.310207
vt 0.091982 0.308156
vt 0.119951 0.308156
vt 0.481848 0.126063
vt 0.452020 0.126063
vt 0.091859 0.306105
vt 0.121679 0.306105
vt 0.477789 0.004688
vt 0.479521 0.002637
vt 0.117621 0.427480
vt 0.119951 0.429531
vt 0.481848 0.000586
vt 0.996210 0.553244
vt 0.996210 0.678721
vt 0.993819 0.676670
vt 0.993819 0.555295
vt 0.454050 0.004688
vt 0.451901 0.002637
vt 0.093888 0.427480
vt 0.091982 0.429531
vt 0.452020 0.000586
vt 0.121679 0.431582
vt 0.091859 0.431582
vt 0.283587 0.876547
vt 0.283587 0.993820
vt 0.281170 0.995871
vt 0.281170 0.874496
vt 0.150649 0.004688
vt 0.126910 0.004688
vt 0.125178 0.002637
vt 0.152798 0.002637
vt 0.117621 0.004688
vt 0.093888 0.004688
vt 0.091982 0.002637
vt 0.119951 0.002637
vt 0.122851 0.000586
vt 0.152678 0.000586
vt 0.091859 0.000586
vt 0.121679 0.000586
vt 0.126910 0.148072
vt 0.125178 0.150123
vt 0.117621 0.148071
vt 0.119951 0.150122
vt 0.122851 0.152174
vt 0.957582 0.553244
vt 0.957582 0.704832
vt 0.955191 0.702781
vt 0.955191 0.555295
vt 0.150649 0.148072
vt 0.152798 0.150122
vt 0.093888 0.148071
vt 0.091982 0.150122
vt 0.152678 0.152174
vt 0.121679 0.152174
vt 0.091859 0.152174
vt 0.883876 0.814052
vt 0.883876 0.957436
vt 0.881460 0.959487
vt 0.881460 0.812001
vt 0.212323 0.004688
vt 0.185593 0.004688
vt 0.183415 0.002637
vt 0.213967 0.002637
vt 0.058943 0.004688
vt 0.032207 0.004688
vt 0.029775 0.002637
vt 0.060848 0.002637
vt 0.183553 0.000586
vt 0.214363 0.000586
vt 0.030167 0.000586
vt 0.060983 0.000586
vt 0.185593 0.148072
vt 0.183415 0.150123
vt 0.058943 0.148071
vt 0.060848 0.150123
vt 0.212323 0.148072
vt 0.213967 0.150122
vt 0.032207 0.148071
vt 0.029775 0.150122
vt 0.214363 0.152173
vt 0.183553 0.152174
vt 0.060983 0.152174
vt 0.030167 0.152174
vt 0.263488 0.967842
vt 0.263488 0.824459
vt 0.265652 0.822408
vt 0.265652 0.969893
vt 0.239989 0.004688
vt 0.216333 0.004688
vt 0.241387 0.002637
vt 0.028196 0.004688
vt 0.004528 0.004688
vt 0.001989 0.002637
vt 0.243929 0.000586
vt 0.000586 0.000586
vt 0.216333 0.148072
vt 0.758641 0.980036
vt 0.758641 0.884995
vt 0.761245 0.882482
vt 0.761245 0.980242
vt 0.239989 0.148071
vt 0.241387 0.150122
vt 0.004528 0.148071
vt 0.028196 0.148072
vt 0.001989 0.150123
vt 0.243929 0.152174
vt 0.000586 0.152174
vt 0.955761 0.855349
vt 0.955761 0.711966
vt 0.958247 0.709915
vt 0.958247 0.857401
vt 0.305496 0.979663
vt 0.305496 0.879184
vt 0.308055 0.879521
vt 0.308055 0.977281
vt 0.181503 0.004688
vt 0.154729 0.004688
vt 0.089809 0.004688
vt 0.063033 0.004688
vt 0.154729 0.148072
vt 0.089809 0.148071
vt 0.181503 0.148072
vt 0.063033 0.148071
vt 0.692156 0.718530
vt 0.692156 0.575147
vt 0.694187 0.573096
vt 0.694187 0.720581
vt 0.423196 0.121961
vt 0.449970 0.121961
vt 0.089808 0.310207
vt 0.063033 0.310207
vt 0.449970 0.004688
vt 0.089808 0.427480
vt 0.423196 0.004688
vt 0.063033 0.427480
vt 0.605099 0.880090
vt 0.605099 0.997363
vt 0.603068 0.999414
vt 0.603067 0.878039
vt 0.364709 0.121961
vt 0.388366 0.121961
vt 0.363311 0.124012
vt 0.028196 0.310207
vt 0.004528 0.310207
vt 0.001989 0.308156
vt 0.360770 0.126063
vt 0.000586 0.306105
vt 0.388366 0.004688
vt 0.950657 0.080834
vt 0.950657 0.003100
vt 0.953261 0.000586
vt 0.953261 0.081039
vt 0.364709 0.004688
vt 0.363311 0.002637
vt 0.004528 0.427480
vt 0.028196 0.427480
vt 0.001989 0.429531
vt 0.360770 0.000586
vt 0.000586 0.431582
vt 0.646169 0.993469
vt 0.646169 0.876196
vt 0.648656 0.874145
vt 0.648656 0.995520
vt 0.941933 0.000586
vt 0.941933 0.083758
vt 0.939374 0.083421
vt 0.939374 0.002968
vt 0.212323 0.285189
vt 0.185593 0.285189
vt 0.183415 0.283138
vt 0.213967 0.283138
vt 0.307837 0.403520
vt 0.334572 0.403520
vt 0.337005 0.405571
vt 0.305931 0.405571
vt 0.183553 0.281087
vt 0.214363 0.281087
vt 0.336613 0.407622
vt 0.305797 0.407622
vt 0.185593 0.403520
vt 0.183415 0.405571
vt 0.307837 0.285189
vt 0.305931 0.283138
vt 0.212323 0.403520
vt 0.213967 0.405571
vt 0.334572 0.285189
vt 0.337005 0.283138
vt 0.214363 0.407622
vt 0.183553 0.407622
vt 0.305797 0.281087
vt 0.336613 0.281087
vt 0.995062 0.215464
vt 0.995062 0.097133
vt 0.997226 0.095082
vt 0.997226 0.217515
vt 0.150649 0.285189
vt 0.126910 0.285189
vt 0.125178 0.283138
vt 0.152798 0.283138
vt 0.249159 0.403520
vt 0.272892 0.403520
vt 0.274798 0.405571
vt 0.246829 0.405571
vt 0.122851 0.281087
vt 0.152678 0.281087
vt 0.274921 0.407622
vt 0.245101 0.407622
vt 0.126910 0.403520
vt 0.125178 0.405571
vt 0.249159 0.285189
vt 0.246829 0.283138
vt 0.122851 0.407622
vt 0.634055 0.535443
vt 0.634055 0.661978
vt 0.631664 0.659927
vt 0.631664 0.537494
vt 0.150649 0.403520
vt 0.152798 0.405571
vt 0.272892 0.285189
vt 0.274798 0.283138
vt 0.152678 0.407622
vt 0.245101 0.281087
vt 0.274921 0.281087
vt 0.272829 0.876547
vt 0.272829 0.994878
vt 0.270413 0.996929
vt 0.270413 0.874496
vt 0.181503 0.285189
vt 0.154729 0.285189
vt 0.276971 0.403520
vt 0.303747 0.403520
vt 0.154729 0.403520
vt 0.276971 0.285189
vt 0.181503 0.403520
vt 0.303747 0.285189
vt 0.997382 0.673626
vt 0.997382 0.555295
vt 0.999414 0.553244
vt 0.999414 0.675677
vt 0.239989 0.285189
vt 0.216333 0.285189
vt 0.241387 0.283138
vt 0.338583 0.403520
vt 0.362252 0.403520
vt 0.364791 0.405571
vt 0.243929 0.281087
vt 0.366194 0.407622
vt 0.216333 0.403520
vt 0.946881 0.081535
vt 0.946881 0.003100
vt 0.949485 0.000586
vt 0.949485 0.081740
vt 0.239989 0.403520
vt 0.241387 0.405571
vt 0.362252 0.285189
vt 0.338583 0.285189
vt 0.364791 0.283138
vt 0.243929 0.407622
vt 0.366194 0.281087
vt 0.373736 0.993451
vt 0.373736 0.875120
vt 0.376223 0.873069
vt 0.376223 0.995502
vt 0.935643 0.084459
vt 0.935643 0.000586
vt 0.938202 0.000923
vt 0.938202 0.082077
vt 0.154457 0.275813
vt 0.181187 0.275813
vt 0.183365 0.277864
vt 0.152812 0.277864
vt 0.303458 0.157448
vt 0.276722 0.157448
vt 0.274290 0.155397
vt 0.305363 0.155397
vt 0.183227 0.279915
vt 0.152417 0.279915
vt 0.274682 0.153346
vt 0.305498 0.153346
vt 0.181187 0.157448
vt 0.183365 0.155397
vt 0.303458 0.275813
vt 0.305363 0.277864
vt 0.154457 0.157447
vt 0.152812 0.155397
vt 0.276722 0.275813
vt 0.274290 0.277864
vt 0.152417 0.153346
vt 0.183227 0.153346
vt 0.305498 0.279915
vt 0.274682 0.279915
vt 0.675544 0.995067
vt 0.675544 0.876702
vt 0.677709 0.874651
vt 0.677709 0.997118
vt 0.216131 0.275813
vt 0.239870 0.275813
vt 0.241602 0.277864
vt 0.213982 0.277864
vt 0.362136 0.157448
vt 0.338403 0.157448
vt 0.336497 0.155397
vt 0.364466 0.155397
vt 0.243929 0.279915
vt 0.214101 0.279915
vt 0.336374 0.153346
vt 0.366194 0.153346
vt 0.239870 0.157448
vt 0.241602 0.155397
vt 0.362136 0.275813
vt 0.364466 0.277864
vt 0.243929 0.153346
vt 0.955761 0.985142
vt 0.955761 0.858572
vt 0.958152 0.860623
vt 0.958152 0.983091
vt 0.216131 0.157448
vt 0.213982 0.155397
vt 0.338403 0.275813
vt 0.336497 0.277864
vt 0.214101 0.153346
vt 0.366194 0.279915
vt 0.336374 0.279915
vt 0.266825 0.994913
vt 0.266824 0.876547
vt 0.269241 0.874496
vt 0.269241 0.996964
vt 0.185277 0.275813
vt 0.212051 0.275813
vt 0.334324 0.157448
vt 0.307548 0.157448
vt 0.212051 0.157448
vt 0.334324 0.275813
vt 0.185277 0.157448
vt 0.307548 0.275813
vt 0.586987 0.878753
vt 0.586987 0.997119
vt 0.584955 0.999170
vt 0.584955 0.876702
vt 0.126791 0.275813
vt 0.150447 0.275813
vt 0.125392 0.277864
vt 0.272711 0.157448
vt 0.249043 0.157448
vt 0.246504 0.155397
vt 0.122851 0.279915
vt 0.245101 0.153346
vt 0.150447 0.157448
vt 0.943105 0.081558
vt 0.943105 0.003100
vt 0.945709 0.000586
vt 0.945709 0.081763
vt 0.126791 0.157448
vt 0.125392 0.155396
vt 0.249043 0.275813
vt 0.272711 0.275813
vt 0.246504 0.277864
vt 0.122851 0.153346
vt 0.245101 0.279915
vt 0.368285 0.875120
vt 0.368285 0.993485
vt 0.365799 0.995536
vt 0.365799 0.873069
vt 0.931911 0.084482
vt 0.931911 0.000586
vt 0.934470 0.000923
vt 0.934470 0.082100
vt 0.523557 0.651019
vt 0.523557 0.624291
vt 0.525609 0.622113
vt 0.525609 0.652664
vt 0.609666 0.058939
vt 0.609666 0.032205
vt 0.611717 0.029773
vt 0.611717 0.060844
vt 0.527660 0.622251
vt 0.527660 0.653059
vt 0.613768 0.030165
vt 0.613768 0.060978
vt 0.478072 0.624291
vt 0.476021 0.622113
vt 0.564181 0.058939
vt 0.562130 0.060844
vt 0.478072 0.651019
vt 0.476021 0.652664
vt 0.564181 0.032205
vt 0.562130 0.029773
vt 0.473970 0.653059
vt 0.473970 0.622251
vt 0.560078 0.060978
vt 0.560078 0.030165
vt 0.558094 0.959069
vt 0.558093 0.913588
vt 0.560258 0.911537
vt 0.560258 0.961121
vt 0.523557 0.589349
vt 0.523557 0.565612
vt 0.525609 0.563880
vt 0.525609 0.591498
vt 0.609666 0.117613
vt 0.609666 0.093881
vt 0.611717 0.091975
vt 0.611717 0.119942
vt 0.527660 0.561553
vt 0.527660 0.591379
vt 0.613768 0.091853
vt 0.613768 0.121670
vt 0.478072 0.565612
vt 0.476021 0.563880
vt 0.564181 0.117613
vt 0.562130 0.119942
vt 0.473970 0.561553
vt 0.181497 0.791782
vt 0.181497 0.845468
vt 0.179106 0.843417
vt 0.179106 0.793833
vt 0.478072 0.589349
vt 0.476021 0.591498
vt 0.564181 0.093881
vt 0.562130 0.091975
vt 0.473970 0.591379
vt 0.560078 0.121670
vt 0.560078 0.091853
vt 0.010296 0.912542
vt 0.010296 0.958024
vt 0.007880 0.960075
vt 0.007880 0.910491
vt 0.523557 0.620201
vt 0.523557 0.593429
vt 0.609666 0.089802
vt 0.609666 0.063029
vt 0.478072 0.593429
vt 0.564181 0.089802
vt 0.478072 0.620201
vt 0.564181 0.063029
vt 0.447198 0.947022
vt 0.447198 0.901540
vt 0.449230 0.899489
vt 0.449230 0.949073
vt 0.523557 0.678684
vt 0.523557 0.655029
vt 0.525608 0.680082
vt 0.609666 0.028194
vt 0.609666 0.004527
vt 0.611717 0.001989
vt 0.527660 0.682623
vt 0.613768 0.000586
vt 0.478072 0.655029
vt 0.721600 0.949223
vt 0.721600 0.919076
vt 0.724204 0.916562
vt 0.724204 0.949429
vt 0.478072 0.678684
vt 0.476021 0.680082
vt 0.564181 0.004527
vt 0.564181 0.028194
vt 0.562130 0.001989
vt 0.473970 0.682623
vt 0.560078 0.000586
vt 0.000586 0.958024
vt 0.000586 0.912542
vt 0.003072 0.910491
vt 0.003072 0.960075
vt 0.627006 0.151832
vt 0.627006 0.116247
vt 0.629565 0.116584
vt 0.629565 0.149450
vt 0.886777 0.944507
vt 0.886772 0.918654
vt 0.889655 0.916841
vt 0.889655 0.946391
vt 0.428716 0.403520
vt 0.453732 0.403520
vt 0.456557 0.405571
vt 0.427484 0.405571
vt 0.146131 0.650125
vt 0.132257 0.623753
vt 0.134845 0.622492
vt 0.148608 0.648641
vt 0.455641 0.407622
vt 0.426807 0.407622
vt 0.826256 0.711188
vt 0.804980 0.785954
vt 0.801850 0.787296
vt 0.823871 0.709915
vt 0.987152 0.828182
vt 0.987152 0.710909
vt 0.989882 0.708858
vt 0.989882 0.830233
vt 0.826256 0.800643
vt 0.826172 0.804082
vt 0.453732 0.286246
vt 0.428716 0.286246
vt 0.427484 0.284195
vt 0.456557 0.284195
vt 0.918659 0.672648
vt 0.917785 0.642862
vt 0.920671 0.642938
vt 0.921534 0.672475
vt 0.426807 0.282144
vt 0.455641 0.282144
vt 0.329028 0.990598
vt 0.329028 0.873325
vt 0.331650 0.871274
vt 0.331650 0.992649
vt 0.211164 0.946254
vt 0.211159 0.922423
vt 0.214052 0.920408
vt 0.214052 0.948137
vt 0.371437 0.403520
vt 0.395246 0.403520
vt 0.397711 0.405571
vt 0.369654 0.405571
vt 0.180572 0.699123
vt 0.161738 0.675843
vt 0.164080 0.674147
vt 0.181526 0.695701
vt 0.397282 0.407622
vt 0.367366 0.407622
vt 0.928626 0.097133
vt 0.928626 0.214407
vt 0.926928 0.216458
vt 0.926928 0.095082
vt 0.930978 0.095082
vt 0.930978 0.216458
vt 0.997371 0.836564
vt 0.997371 0.962042
vt 0.995016 0.959991
vt 0.995016 0.838615
vt 0.367366 0.282144
vt 0.369654 0.284195
vt 0.190831 0.946122
vt 0.190836 0.922290
vt 0.193724 0.920408
vt 0.193724 0.948137
vt 0.395246 0.286246
vt 0.371437 0.286246
vt 0.397711 0.284195
vt 0.918741 0.612795
vt 0.923705 0.583266
vt 0.926217 0.585777
vt 0.921614 0.613122
vt 0.397282 0.282144
vt 0.672054 0.993975
vt 0.672054 0.876702
vt 0.674372 0.874651
vt 0.674372 0.996026
vt 0.203033 0.946254
vt 0.203028 0.922423
vt 0.205921 0.920408
vt 0.205921 0.948137
vt 0.355527 0.004688
vt 0.331717 0.004688
vt 0.329252 0.002637
vt 0.357309 0.002637
vt 0.549862 0.328892
vt 0.529438 0.306994
vt 0.531655 0.305137
vt 0.550573 0.325412
vt 0.329682 0.000586
vt 0.359598 0.000586
vt 0.119277 0.587565
vt 0.119277 0.730949
vt 0.117578 0.732999
vt 0.117578 0.585514
vt 0.121628 0.585514
vt 0.121628 0.733000
vt 0.955894 0.526258
vt 0.955894 0.374670
vt 0.958249 0.376721
vt 0.958249 0.524207
vt 0.359598 0.152174
vt 0.357309 0.150123
vt 0.944343 0.549042
vt 0.944348 0.525210
vt 0.947236 0.523328
vt 0.947236 0.551057
vt 0.331717 0.148071
vt 0.355527 0.148072
vt 0.329252 0.150123
vt 0.493996 0.805493
vt 0.498961 0.775964
vt 0.501473 0.778475
vt 0.496870 0.805820
vt 0.329682 0.152174
vt 0.897428 0.959120
vt 0.897428 0.815737
vt 0.899746 0.813686
vt 0.899746 0.961171
vt 0.310923 0.945207
vt 0.310918 0.919354
vt 0.313801 0.917541
vt 0.313801 0.947091
vt 0.298247 0.004688
vt 0.273232 0.004688
vt 0.270406 0.002637
vt 0.299479 0.002637
vt 0.512061 0.282437
vt 0.496367 0.257105
vt 0.498860 0.255665
vt 0.514428 0.280782
vt 0.271323 0.000586
vt 0.300156 0.000586
vt 0.720428 0.673698
vt 0.698459 0.766165
vt 0.695391 0.767644
vt 0.717988 0.672531
vt 0.948157 0.240517
vt 0.948157 0.097133
vt 0.950887 0.095082
vt 0.950887 0.242568
vt 0.720361 0.779905
vt 0.720428 0.783344
vt 0.273232 0.148072
vt 0.298247 0.148071
vt 0.299479 0.150123
vt 0.270406 0.150123
vt 0.493915 0.865346
vt 0.493041 0.835560
vt 0.495927 0.835636
vt 0.496790 0.865173
vt 0.300156 0.152174
vt 0.271323 0.152174
vt 0.951967 0.855349
vt 0.951967 0.711966
vt 0.954589 0.709915
vt 0.954589 0.857401
vt 0.841283 0.947226
vt 0.841289 0.924397
vt 0.844148 0.922835
vt 0.844148 0.949296
vt 0.269576 0.004688
vt 0.248595 0.004688
vt 0.245773 0.002637
vt 0.485091 0.230897
vt 0.488408 0.231356
vt 0.245101 0.000586
vt 0.808155 0.118154
vt 0.790196 0.211483
vt 0.787201 0.212767
vt 0.805674 0.116768
vt 0.932001 0.855350
vt 0.932001 0.711966
vt 0.934939 0.709915
vt 0.934939 0.857401
vt 0.808155 0.225578
vt 0.808013 0.229110
vt 0.248595 0.148072
vt 0.269576 0.148072
vt 0.245773 0.150123
vt 0.498959 0.893427
vt 0.501473 0.891216
vt 0.245101 0.152174
vt 0.936256 0.240517
vt 0.936256 0.097133
vt 0.939101 0.095082
vt 0.939101 0.242568
vt 0.548985 0.153346
vt 0.550573 0.155903
vt 0.931550 0.704832
vt 0.931550 0.553244
vt 0.934394 0.555295
vt 0.934394 0.702781
vt 0.707569 0.944670
vt 0.707573 0.918583
vt 0.710456 0.916821
vt 0.710456 0.946652
vt 0.327721 0.004688
vt 0.302117 0.004688
vt 0.777004 0.001572
vt 0.753933 0.093771
vt 0.750986 0.095423
vt 0.774717 0.000586
vt 0.951357 0.698679
vt 0.951357 0.555295
vt 0.954019 0.553244
vt 0.954019 0.700730
vt 0.776688 0.106531
vt 0.777004 0.110018
vt 0.302117 0.148072
vt 0.327721 0.148072
vt 0.952059 0.240517
vt 0.952059 0.097133
vt 0.954645 0.095082
vt 0.954645 0.242568
vt 0.699451 0.944670
vt 0.699455 0.918583
vt 0.702338 0.916821
vt 0.702338 0.946652
vt 0.399242 0.403520
vt 0.424847 0.403520
vt 0.812524 0.231371
vt 0.790221 0.305838
vt 0.787201 0.307353
vt 0.810284 0.230282
vt 0.317634 0.990598
vt 0.317634 0.873325
vt 0.320297 0.871274
vt 0.320297 0.992649
vt 0.812368 0.319626
vt 0.812524 0.323125
vt 0.424846 0.286246
vt 0.399242 0.286246
vt 0.358301 0.992393
vt 0.358301 0.875120
vt 0.360887 0.873069
vt 0.360887 0.994444
vt 0.109071 0.947965
vt 0.109076 0.925137
vt 0.111936 0.923574
vt 0.111936 0.950035
vt 0.457388 0.403520
vt 0.478368 0.403520
vt 0.481190 0.405571
vt 0.122851 0.596817
vt 0.126128 0.597508
vt 0.481862 0.407622
vt 0.429027 0.771230
vt 0.411589 0.846983
vt 0.408550 0.848158
vt 0.426597 0.769755
vt 0.966374 0.711966
vt 0.966374 0.829239
vt 0.963436 0.831290
vt 0.963436 0.709915
vt 0.429027 0.861718
vt 0.428757 0.865242
vt 0.478368 0.286246
vt 0.457388 0.286246
vt 0.481190 0.284195
vt 0.923703 0.700730
vt 0.926217 0.698518
vt 0.481862 0.282144
vt 0.767298 0.975560
vt 0.767298 0.858286
vt 0.770144 0.856235
vt 0.770144 0.977611
vt 0.180122 0.536500
vt 0.181526 0.539163
vt 0.959419 0.835392
vt 0.959419 0.709915
vt 0.962264 0.711966
vt 0.962264 0.833341
vt 0.681023 0.946417
vt 0.681018 0.920564
vt 0.683901 0.918751
vt 0.683901 0.948301
vt 0.053732 0.436856
vt 0.028716 0.436856
vt 0.025891 0.434805
vt 0.054964 0.434805
vt 0.658684 0.523032
vt 0.644729 0.496703
vt 0.647313 0.495433
vt 0.661156 0.521541
vt 0.026808 0.432754
vt 0.055641 0.432754
vt 0.685923 0.729620
vt 0.664616 0.805105
vt 0.661489 0.806455
vt 0.683535 0.728352
vt 0.386889 0.986858
vt 0.386889 0.868528
vt 0.389619 0.866477
vt 0.389619 0.988909
vt 0.685923 0.819749
vt 0.685846 0.823188
vt 0.028716 0.555187
vt 0.053732 0.555187
vt 0.054964 0.557238
vt 0.025891 0.557238
vt 0.838165 0.893581
vt 0.837290 0.863796
vt 0.840177 0.863871
vt 0.841039 0.893409
vt 0.055641 0.559289
vt 0.026808 0.559289
vt 0.991054 0.829239
vt 0.991054 0.710909
vt 0.993675 0.708858
vt 0.993675 0.831290
vt 0.215229 0.946254
vt 0.215224 0.922423
vt 0.218118 0.920408
vt 0.218118 0.948137
vt 0.111012 0.436857
vt 0.087202 0.436857
vt 0.084737 0.434806
vt 0.112794 0.434806
vt 0.693276 0.571924
vt 0.674370 0.548702
vt 0.676707 0.546998
vt 0.694219 0.568499
vt 0.085167 0.432755
vt 0.115083 0.432755
vt 0.927006 0.232333
vt 0.927006 0.350664
vt 0.925308 0.352715
vt 0.925308 0.230282
vt 0.929357 0.230282
vt 0.929357 0.352715
vt 0.994847 0.835392
vt 0.994847 0.708858
vt 0.997202 0.710909
vt 0.997202 0.833341
vt 0.115083 0.559289
vt 0.112794 0.557238
vt 0.186765 0.946122
vt 0.186770 0.922290
vt 0.189659 0.920408
vt 0.189659 0.948137
vt 0.087202 0.555187
vt 0.111012 0.555187
vt 0.084737 0.557238
vt 0.838246 0.833729
vt 0.843211 0.804199
vt 0.845723 0.806711
vt 0.841120 0.834055
vt 0.085167 0.559289
vt 0.668564 0.995033
vt 0.668564 0.876702
vt 0.670882 0.874651
vt 0.670882 0.997084
vt 0.703510 0.944670
vt 0.703514 0.918583
vt 0.706397 0.916821
vt 0.706397 0.946652
vt 0.083206 0.436857
vt 0.057602 0.436856
vt 0.551845 0.715397
vt 0.529505 0.790584
vt 0.526489 0.792106
vt 0.549603 0.714313
vt 0.989985 0.673626
vt 0.989985 0.555295
vt 0.992647 0.553244
vt 0.992647 0.675677
vt 0.551682 0.804324
vt 0.551845 0.807822
vt 0.057602 0.555187
vt 0.083206 0.555187
vt 0.332822 0.991655
vt 0.332822 0.873325
vt 0.335408 0.871274
vt 0.335408 0.993706
vt 0.113108 0.947965
vt 0.113114 0.925137
vt 0.115973 0.923574
vt 0.115973 0.950035
vt 0.025061 0.436856
vt 0.004080 0.436856
vt 0.001258 0.434805
vt 0.635240 0.469796
vt 0.638519 0.470477
vt 0.000586 0.432754
vt 0.855599 0.231753
vt 0.838136 0.308219
vt 0.835099 0.309399
vt 0.853167 0.230282
vt 0.959452 0.215464
vt 0.959452 0.097133
vt 0.962390 0.095082
vt 0.962390 0.217515
vt 0.855599 0.322924
vt 0.855336 0.326449
vt 0.004080 0.555187
vt 0.025061 0.555187
vt 0.001258 0.557238
vt 0.843209 0.921663
vt 0.845723 0.919451
vt 0.000586 0.559289
vt 0.971653 0.956946
vt 0.971653 0.838615
vt 0.974498 0.836564
vt 0.974498 0.958997
vt 0.692806 0.408794
vt 0.694219 0.411452
vt 0.921511 0.960054
vt 0.921511 0.833520
vt 0.924355 0.835571
vt 0.924355 0.958003
vt 0.890831 0.944507
vt 0.890827 0.918654
vt 0.893710 0.916841
vt 0.893710 0.946391
vt 0.411448 0.412896
vt 0.386432 0.412896
vt 0.383607 0.410845
vt 0.412679 0.410845
vt 0.655830 0.231027
vt 0.641872 0.204699
vt 0.644456 0.203429
vt 0.658302 0.229535
vt 0.384523 0.408794
vt 0.413356 0.408794
vt 0.822546 0.584533
vt 0.801238 0.660043
vt 0.798111 0.661392
vt 0.820158 0.583266
vt 0.424273 0.986831
vt 0.424273 0.868465
vt 0.427003 0.866414
vt 0.427003 0.988882
vt 0.822546 0.674685
vt 0.822470 0.678124
vt 0.386432 0.531261
vt 0.411448 0.531261
vt 0.412679 0.533312
vt 0.383607 0.533312
vt 0.851921 0.900210
vt 0.851046 0.870424
vt 0.853932 0.870500
vt 0.854795 0.900037
vt 0.413356 0.535363
vt 0.384523 0.535363
vt 0.990832 0.495086
vt 0.990833 0.376721
vt 0.993454 0.374670
vt 0.993454 0.497138
vt 0.932424 0.549175
vt 0.932419 0.525343
vt 0.935312 0.523328
vt 0.935312 0.551057
vt 0.468727 0.412896
vt 0.444917 0.412896
vt 0.442453 0.410845
vt 0.470509 0.410845
vt 0.690426 0.279915
vt 0.671518 0.256695
vt 0.673855 0.254991
vt 0.691369 0.276490
vt 0.442882 0.408794
vt 0.472798 0.408794
vt 0.923404 0.097133
vt 0.923404 0.215499
vt 0.921706 0.217550
vt 0.921706 0.095082
vt 0.925756 0.095082
vt 0.925756 0.217550
vt 0.994626 0.501240
vt 0.994626 0.374670
vt 0.996981 0.376721
vt 0.996981 0.499189
vt 0.472798 0.535363
vt 0.470509 0.533312
vt 0.194896 0.946122
vt 0.194902 0.922290
vt 0.197790 0.920408
vt 0.197790 0.948137
vt 0.444917 0.531261
vt 0.468727 0.531261
vt 0.442453 0.533312
vt 0.852002 0.840357
vt 0.856966 0.810828
vt 0.859479 0.813339
vt 0.854875 0.840684
vt 0.442882 0.535363
vt 0.665074 0.995067
vt 0.665074 0.876702
vt 0.667392 0.874651
vt 0.667392 0.997118
vt 0.843305 0.706073
vt 0.843309 0.679986
vt 0.846192 0.678224
vt 0.846192 0.708055
vt 0.440921 0.412896
vt 0.415317 0.412896
vt 0.803534 0.001670
vt 0.781193 0.076881
vt 0.778176 0.078403
vt 0.801292 0.000586
vt 0.988622 0.364156
vt 0.988622 0.245791
vt 0.991284 0.243740
vt 0.991284 0.366207
vt 0.803370 0.090619
vt 0.803534 0.094117
vt 0.415317 0.531261
vt 0.440921 0.531261
vt 0.948049 0.978989
vt 0.948049 0.860624
vt 0.950634 0.858573
vt 0.950634 0.981040
vt 0.948408 0.547718
vt 0.948414 0.524890
vt 0.951274 0.523328
vt 0.951274 0.549788
vt 0.382776 0.412896
vt 0.361795 0.412896
vt 0.358974 0.410845
vt 0.632381 0.177793
vt 0.635660 0.178474
vt 0.358301 0.408794
vt 0.853749 0.410264
vt 0.836286 0.486754
vt 0.833248 0.487935
vt 0.851317 0.408794
vt 0.959419 0.956981
vt 0.959420 0.838615
vt 0.962358 0.836564
vt 0.962358 0.959032
vt 0.853749 0.501458
vt 0.853486 0.504983
vt 0.361795 0.531261
vt 0.382776 0.531261
vt 0.358974 0.533312
vt 0.856964 0.928292
vt 0.859479 0.926080
vt 0.358301 0.535363
vt 0.970366 0.673661
vt 0.970366 0.555295
vt 0.973212 0.553244
vt 0.973212 0.675712
vt 0.689956 0.116768
vt 0.691369 0.119426
vt 0.956728 0.370309
vt 0.956728 0.243740
vt 0.959573 0.245791
vt 0.959573 0.368258
vt 0.714184 0.944487
vt 0.714179 0.918634
vt 0.717062 0.916821
vt 0.717062 0.946371
vt 0.664528 0.053729
vt 0.664528 0.028715
vt 0.666579 0.025890
vt 0.666579 0.054960
vt 0.738692 0.484885
vt 0.732132 0.455818
vt 0.734959 0.455270
vt 0.741469 0.484094
vt 0.668630 0.026806
vt 0.668630 0.055637
vt 0.286400 0.824467
vt 0.270207 0.849898
vt 0.266824 0.850290
vt 0.284477 0.822566
vt 0.296165 0.957231
vt 0.296165 0.911749
vt 0.298895 0.909698
vt 0.298895 0.959282
vt 0.286400 0.870053
vt 0.285336 0.873324
vt 0.619043 0.028715
vt 0.619043 0.053729
vt 0.616991 0.054960
vt 0.616991 0.025890
vt 0.919654 0.498176
vt 0.918779 0.468390
vt 0.921665 0.468466
vt 0.922528 0.498003
vt 0.614940 0.055637
vt 0.614940 0.026806
vt 0.489135 0.957306
vt 0.489135 0.911824
vt 0.491757 0.909773
vt 0.491757 0.959357
vt 0.207098 0.946254
vt 0.207093 0.922423
vt 0.209987 0.920408
vt 0.209987 0.948137
vt 0.664528 0.111004
vt 0.664528 0.087196
vt 0.666579 0.084732
vt 0.666579 0.112786
vt 0.759248 0.541137
vt 0.747096 0.513770
vt 0.749798 0.512739
vt 0.761057 0.538080
vt 0.668630 0.085161
vt 0.668630 0.115075
vt 0.178315 0.901289
vt 0.178315 0.946772
vt 0.176617 0.948823
vt 0.176617 0.899238
vt 0.180667 0.899238
vt 0.180667 0.948823
vt 0.958414 0.054272
vt 0.958414 0.000586
vt 0.960768 0.002637
vt 0.960768 0.052221
vt 0.614940 0.115075
vt 0.616991 0.112786
vt 0.198962 0.946122
vt 0.198967 0.922290
vt 0.201856 0.920408
vt 0.201856 0.948137
vt 0.619043 0.087196
vt 0.619043 0.111004
vt 0.616991 0.084732
vt 0.919735 0.438323
vt 0.924699 0.408794
vt 0.927212 0.411305
vt 0.922608 0.438650
vt 0.614940 0.085161
vt 0.567855 0.928556
vt 0.567855 0.883074
vt 0.570173 0.881023
vt 0.570173 0.930607
vt 0.695391 0.944670
vt 0.695396 0.918583
vt 0.698279 0.916821
vt 0.698279 0.946652
vt 0.664528 0.083200
vt 0.664528 0.057598
vt 0.337928 0.821967
vt 0.320971 0.846895
vt 0.317634 0.847429
vt 0.336121 0.820253
vt 0.484746 0.957306
vt 0.484746 0.911824
vt 0.487408 0.909773
vt 0.487408 0.959357
vt 0.337928 0.866719
vt 0.337022 0.870102
vt 0.619043 0.057598
vt 0.619043 0.083200
vt 0.086602 0.958015
vt 0.086602 0.912533
vt 0.089188 0.910482
vt 0.089188 0.960066
vt 0.240576 0.949256
vt 0.240582 0.926428
vt 0.243441 0.924866
vt 0.243441 0.951326
vt 0.664528 0.025059
vt 0.664528 0.004080
vt 0.666579 0.001258
vt 0.730033 0.427364
vt 0.733019 0.428881
vt 0.668630 0.000586
vt 0.017299 0.826552
vt 0.003817 0.853518
vt 0.000586 0.853945
vt 0.015285 0.824548
vt 0.050032 0.954038
vt 0.050032 0.908556
vt 0.052970 0.906505
vt 0.052970 0.956089
vt 0.017299 0.871940
vt 0.016209 0.875302
vt 0.619043 0.004080
vt 0.619043 0.025059
vt 0.616992 0.001258
vt 0.924697 0.526258
vt 0.927212 0.524046
vt 0.614940 0.000586
vt 0.626448 0.954438
vt 0.626448 0.908956
vt 0.629293 0.906905
vt 0.629293 0.956489
vt 0.760391 0.408794
vt 0.761057 0.411730
vt 0.617246 0.951868
vt 0.617245 0.898181
vt 0.620090 0.900232
vt 0.620090 0.949817
vt 0.936487 0.548897
vt 0.936484 0.525321
vt 0.939305 0.523328
vt 0.939305 0.550229
vt 0.411909 0.657911
vt 0.431159 0.657911
vt 0.434188 0.659961
vt 0.411749 0.659962
vt 0.703108 0.164613
vt 0.714810 0.140065
vt 0.717149 0.141708
vt 0.705575 0.165993
vt 0.432636 0.662013
vt 0.410432 0.662013
vt 0.984999 0.555295
vt 0.984999 0.672568
vt 0.982206 0.674619
vt 0.982206 0.553244
vt 0.959421 0.493995
vt 0.959421 0.376721
vt 0.962409 0.374670
vt 0.962409 0.496046
vt 0.871199 0.003945
vt 0.855635 0.021655
vt 0.852639 0.020796
vt 0.870396 0.000586
vt 0.431159 0.540637
vt 0.411909 0.540637
vt 0.411749 0.538586
vt 0.434188 0.538586
vt 0.791270 0.880145
vt 0.789476 0.853010
vt 0.792279 0.852640
vt 0.794051 0.879483
vt 0.410432 0.536535
vt 0.432636 0.536535
vt 0.871199 0.097815
vt 0.868747 0.099620
vt 0.407763 0.149962
vt 0.407758 0.129562
vt 0.410426 0.127235
vt 0.410426 0.150807
vt 0.361978 0.657911
vt 0.384627 0.657911
vt 0.387525 0.659962
vt 0.361050 0.659962
vt 0.692542 0.213697
vt 0.695607 0.188516
vt 0.698152 0.189642
vt 0.695310 0.213042
vt 0.386465 0.662013
vt 0.358301 0.662013
vt 0.380141 0.869034
vt 0.380141 0.986307
vt 0.377395 0.988358
vt 0.377395 0.866983
vt 0.987439 0.214407
vt 0.987439 0.097133
vt 0.990150 0.095082
vt 0.990150 0.216458
vt 0.730784 0.287557
vt 0.732302 0.284487
vt 0.358301 0.536535
vt 0.361050 0.538586
vt 0.121206 0.737576
vt 0.111824 0.755690
vt 0.109071 0.755217
vt 0.119906 0.734283
vt 0.384627 0.540637
vt 0.361978 0.540637
vt 0.387525 0.538586
vt 0.791347 0.828028
vt 0.797811 0.803498
vt 0.800141 0.805131
vt 0.794128 0.827923
vt 0.386465 0.536535
vt 0.121206 0.832856
vt 0.118782 0.835082
vt 0.403923 0.149962
vt 0.403917 0.129562
vt 0.406586 0.127235
vt 0.406586 0.150807
vt 0.486696 0.148072
vt 0.509346 0.148072
vt 0.512244 0.150123
vt 0.485768 0.150123
vt 0.182698 0.631627
vt 0.186875 0.606606
vt 0.189367 0.607844
vt 0.185493 0.631095
vt 0.511184 0.152174
vt 0.483020 0.152174
vt 0.950795 0.711966
vt 0.950795 0.855350
vt 0.948049 0.857401
vt 0.948049 0.709915
vt 0.846895 0.949634
vt 0.846895 0.806250
vt 0.849606 0.804199
vt 0.849606 0.951685
vt 0.224907 0.722813
vt 0.226559 0.719813
vt 0.483020 0.000586
vt 0.485768 0.002637
vt 0.356344 0.728747
vt 0.346627 0.746684
vt 0.343883 0.746160
vt 0.355106 0.725431
vt 0.509346 0.004688
vt 0.486696 0.004688
vt 0.512244 0.002637
vt 0.890372 0.254812
vt 0.896837 0.230282
vt 0.899167 0.231915
vt 0.893153 0.254707
vt 0.511184 0.000586
vt 0.356344 0.841228
vt 0.353878 0.843408
vt 0.805846 0.946931
vt 0.805843 0.923355
vt 0.808664 0.921362
vt 0.808664 0.948263
vt 0.536628 0.148072
vt 0.555878 0.148072
vt 0.558906 0.150123
vt 0.536467 0.150123
vt 0.195426 0.583059
vt 0.208202 0.559052
vt 0.210465 0.560797
vt 0.197829 0.584547
vt 0.557355 0.152174
vt 0.535151 0.152174
vt 0.942938 0.711966
vt 0.942938 0.855349
vt 0.940145 0.857401
vt 0.940145 0.709915
vt 0.927390 0.698679
vt 0.927390 0.555295
vt 0.930378 0.553244
vt 0.930378 0.700730
vt 0.828405 0.116502
vt 0.812295 0.133717
vt 0.809327 0.132764
vt 0.827707 0.113119
vt 0.555878 0.004688
vt 0.536628 0.004688
vt 0.536467 0.002637
vt 0.558906 0.002637
vt 0.890296 0.306928
vt 0.888502 0.279794
vt 0.891304 0.279424
vt 0.893076 0.306267
vt 0.535151 0.000586
vt 0.557355 0.000586
vt 0.828405 0.227383
vt 0.825897 0.229110
vt 0.341071 0.949550
vt 0.341077 0.926790
vt 0.343935 0.924891
vt 0.343935 0.951275
vt 0.756146 0.120870
vt 0.736714 0.120870
vt 0.736352 0.118819
vt 0.759166 0.118819
vt 0.225551 0.536500
vt 0.226559 0.539888
vt 0.733474 0.116768
vt 0.757766 0.116768
vt 0.947090 0.376721
vt 0.947090 0.520105
vt 0.944343 0.522156
vt 0.944343 0.374670
vt 0.756146 0.264254
vt 0.759166 0.266305
vt 0.523804 0.687215
vt 0.505968 0.701355
vt 0.502837 0.700182
vt 0.523517 0.683795
vt 0.736714 0.264254
vt 0.736352 0.266305
vt 0.896856 0.334614
vt 0.899167 0.331939
vt 0.757766 0.268356
vt 0.733474 0.268356
vt 0.523804 0.794708
vt 0.521182 0.796206
vt 0.938973 0.711966
vt 0.938973 0.855349
vt 0.936111 0.857400
vt 0.936111 0.709915
vt 0.928384 0.526258
vt 0.928384 0.374670
vt 0.931247 0.376721
vt 0.931247 0.524207
vt 0.376526 0.150863
vt 0.376528 0.129284
vt 0.379293 0.127235
vt 0.379293 0.152022
vt 0.512845 0.148072
vt 0.533490 0.148072
vt 0.948262 0.520105
vt 0.948262 0.376721
vt 0.950983 0.374670
vt 0.950983 0.522156
vt 0.932150 0.240517
vt 0.932150 0.097133
vt 0.935084 0.095082
vt 0.935084 0.242568
vt 0.863244 0.586565
vt 0.850272 0.603810
vt 0.847364 0.603073
vt 0.862266 0.583266
vt 0.533490 0.004688
vt 0.512845 0.004688
vt 0.863244 0.697962
vt 0.860707 0.699918
vt 0.368648 0.150863
vt 0.368650 0.129284
vt 0.371415 0.127235
vt 0.371415 0.152022
vt 0.388127 0.657911
vt 0.408771 0.657911
vt 0.990104 0.838615
vt 0.990104 0.955889
vt 0.987384 0.957940
vt 0.987384 0.836564
vt 0.963581 0.493995
vt 0.963581 0.376721
vt 0.966515 0.374670
vt 0.966515 0.496046
vt 0.710853 0.787790
vt 0.698317 0.805355
vt 0.695391 0.804690
vt 0.709792 0.784516
vt 0.408771 0.540637
vt 0.388127 0.540637
vt 0.710853 0.882071
vt 0.708366 0.884091
vt 0.345108 0.949550
vt 0.345113 0.926790
vt 0.347972 0.924891
vt 0.347972 0.951275
vt 0.783009 0.248577
vt 0.763578 0.248577
vt 0.763216 0.246526
vt 0.786029 0.246526
vt 0.731145 0.116768
vt 0.732302 0.120108
vt 0.760338 0.244475
vt 0.784629 0.244475
vt 0.405244 0.868528
vt 0.405244 0.985801
vt 0.402496 0.987852
vt 0.402496 0.866477
vt 0.783009 0.365850
vt 0.786029 0.367901
vt 0.407378 0.773162
vt 0.390061 0.787933
vt 0.386889 0.786873
vt 0.406968 0.769755
vt 0.763578 0.365850
vt 0.763216 0.367901
vt 0.797831 0.907831
vt 0.800141 0.905156
vt 0.784629 0.369952
vt 0.760338 0.369952
vt 0.407378 0.863714
vt 0.404812 0.865305
vt 0.971708 0.214407
vt 0.971708 0.097133
vt 0.974570 0.095082
vt 0.974570 0.216458
vt 0.035848 0.961208
vt 0.035848 0.835730
vt 0.038711 0.837781
vt 0.038711 0.959157
vt 0.801853 0.946931
vt 0.801850 0.923355
vt 0.804671 0.921362
vt 0.804671 0.948263
vt 0.608213 0.657876
vt 0.627463 0.657876
vt 0.630492 0.659927
vt 0.608052 0.659927
vt 0.052370 0.608251
vt 0.064120 0.583726
vt 0.066455 0.585373
vt 0.054834 0.609636
vt 0.628940 0.661978
vt 0.606736 0.661978
vt 0.981034 0.555295
vt 0.981034 0.673626
vt 0.978241 0.675677
vt 0.978241 0.553244
vt 0.952568 0.364121
vt 0.952568 0.245791
vt 0.955556 0.243740
vt 0.955556 0.366172
vt 0.869847 0.116480
vt 0.854257 0.134166
vt 0.851261 0.133303
vt 0.869048 0.113119
vt 0.627463 0.539545
vt 0.608213 0.539545
vt 0.608053 0.537494
vt 0.630492 0.537494
vt 0.897880 0.659912
vt 0.896086 0.632777
vt 0.898889 0.632407
vt 0.900660 0.659251
vt 0.606736 0.535443
vt 0.628940 0.535443
vt 0.869847 0.211037
vt 0.867392 0.212838
vt 0.415444 0.149962
vt 0.415439 0.129562
vt 0.418107 0.127235
vt 0.418107 0.150807
vt 0.558281 0.657876
vt 0.580931 0.657876
vt 0.583829 0.659927
vt 0.557353 0.659927
vt 0.041707 0.657314
vt 0.044822 0.632139
vt 0.047365 0.633270
vt 0.044477 0.656664
vt 0.582769 0.661978
vt 0.554605 0.661978
vt 0.415216 0.868465
vt 0.415216 0.986796
vt 0.412469 0.988847
vt 0.412469 0.866414
vt 0.986950 0.495052
vt 0.986950 0.376721
vt 0.989660 0.374670
vt 0.989660 0.497103
vt 0.080126 0.731872
vt 0.081650 0.728805
vt 0.554605 0.535443
vt 0.557353 0.537494
vt 0.038986 0.736359
vt 0.029587 0.754465
vt 0.026834 0.753989
vt 0.037688 0.733065
vt 0.580931 0.539545
vt 0.558282 0.539545
vt 0.583829 0.537494
vt 0.897956 0.607795
vt 0.904421 0.583266
vt 0.906751 0.584898
vt 0.900737 0.607690
vt 0.582769 0.535443
vt 0.038986 0.832335
vt 0.036559 0.834558
vt 0.360770 0.150863
vt 0.360771 0.129284
vt 0.363537 0.127235
vt 0.363537 0.152022
vt 0.584431 0.657876
vt 0.605075 0.657876
vt 0.397404 0.868528
vt 0.397404 0.986858
vt 0.394684 0.988909
vt 0.394684 0.866477
vt 0.962339 0.673626
vt 0.962339 0.555295
vt 0.965273 0.553244
vt 0.965273 0.675677
vt 0.737081 0.786843
vt 0.724524 0.804392
vt 0.721600 0.803724
vt 0.736024 0.783567
vt 0.605075 0.539545
vt 0.584431 0.539545
vt 0.737081 0.881816
vt 0.734592 0.883832
vt 0.827428 0.949973
vt 0.827434 0.927214
vt 0.830293 0.925315
vt 0.830293 0.951699
vt 0.783009 0.120870
vt 0.763578 0.120870
vt 0.763216 0.118819
vt 0.786029 0.118819
vt 0.080500 0.560461
vt 0.081650 0.563803
vt 0.760338 0.116768
vt 0.784629 0.116768
vt 0.411297 0.868465
vt 0.411297 0.986796
vt 0.408550 0.988847
vt 0.408550 0.866414
vt 0.783009 0.239201
vt 0.786029 0.241252
vt 0.851467 0.003994
vt 0.834125 0.018735
vt 0.830955 0.017670
vt 0.851063 0.000586
vt 0.763578 0.239201
vt 0.763216 0.241252
vt 0.904440 0.687598
vt 0.906751 0.684923
vt 0.784629 0.243303
vt 0.760338 0.243303
vt 0.851467 0.095229
vt 0.848898 0.096815
vt 0.971634 0.245791
vt 0.971634 0.364121
vt 0.968772 0.366172
vt 0.968772 0.243740
vt 0.290435 0.822566
vt 0.290435 0.949101
vt 0.287572 0.947050
vt 0.287572 0.824617
vt 0.816408 0.946756
vt 0.816406 0.923180
vt 0.819226 0.921187
vt 0.819226 0.948089
vt 0.294184 0.657911
vt 0.313434 0.657911
vt 0.316462 0.659962
vt 0.294023 0.659962
vt 0.011252 0.608249
vt 0.023003 0.583725
vt 0.025339 0.585373
vt 0.013716 0.609634
vt 0.314911 0.662013
vt 0.292707 0.662013
vt 0.975742 0.215499
vt 0.975742 0.097133
vt 0.978535 0.095082
vt 0.978535 0.217550
vt 0.927841 0.952879
vt 0.927841 0.834513
vt 0.930829 0.832462
vt 0.930829 0.954930
vt 0.869632 0.713275
vt 0.854041 0.730961
vt 0.851046 0.730097
vt 0.868834 0.709915
vt 0.313434 0.539545
vt 0.294184 0.539545
vt 0.294023 0.537494
vt 0.316462 0.537494
vt 0.889012 0.485440
vt 0.887218 0.458306
vt 0.890020 0.457935
vt 0.891792 0.484779
vt 0.292707 0.535443
vt 0.314911 0.535443
vt 0.869632 0.807855
vt 0.867177 0.809656
vt 0.411604 0.149962
vt 0.411598 0.129562
vt 0.414266 0.127235
vt 0.414266 0.150807
vt 0.244252 0.657911
vt 0.266902 0.657911
vt 0.269800 0.659962
vt 0.243324 0.659962
vt 0.000586 0.657312
vt 0.003703 0.632137
vt 0.006245 0.633268
vt 0.003356 0.656662
vt 0.268740 0.662013
vt 0.240576 0.662013
vt 0.983521 0.215499
vt 0.983521 0.097133
vt 0.986267 0.095082
vt 0.986267 0.217550
vt 0.381314 0.987399
vt 0.381314 0.869034
vt 0.384024 0.866983
vt 0.384024 0.989450
vt 0.039011 0.731893
vt 0.040535 0.728826
vt 0.240576 0.535443
vt 0.243324 0.537494
vt 0.080107 0.736338
vt 0.070708 0.754444
vt 0.067956 0.753968
vt 0.078810 0.733044
vt 0.266902 0.539545
vt 0.244252 0.539545
vt 0.269800 0.537494
vt 0.889089 0.433323
vt 0.895553 0.408794
vt 0.897883 0.410426
vt 0.891869 0.433218
vt 0.268740 0.535443
vt 0.080107 0.832337
vt 0.077680 0.834561
vt 0.364709 0.150863
vt 0.364710 0.129284
vt 0.367476 0.127235
vt 0.367476 0.152022
vt 0.270401 0.657911
vt 0.291046 0.657911
vt 0.393512 0.868528
vt 0.393512 0.986893
vt 0.390791 0.988944
vt 0.390791 0.866477
vt 0.960745 0.364156
vt 0.960745 0.245791
vt 0.963678 0.243740
vt 0.963678 0.366207
vt 0.879898 0.586541
vt 0.867341 0.604090
vt 0.864416 0.603422
vt 0.878842 0.583266
vt 0.291046 0.539545
vt 0.270401 0.539545
vt 0.879898 0.681537
vt 0.877409 0.683553
vt 0.244613 0.949525
vt 0.244619 0.926765
vt 0.247478 0.924866
vt 0.247478 0.951250
vt 0.769733 0.587368
vt 0.750302 0.587368
vt 0.749940 0.585317
vt 0.772753 0.585317
vt 0.039385 0.560461
vt 0.040535 0.563803
vt 0.747062 0.583266
vt 0.771354 0.583266
vt 0.986212 0.838615
vt 0.986211 0.956981
vt 0.983464 0.959032
vt 0.983464 0.836564
vt 0.769733 0.705733
vt 0.772753 0.707784
vt 0.850089 0.116527
vt 0.832746 0.131267
vt 0.829577 0.130202
vt 0.849686 0.113119
vt 0.750302 0.705733
vt 0.749940 0.707784
vt 0.895572 0.513126
vt 0.897883 0.510451
vt 0.771354 0.709835
vt 0.747062 0.709835
vt 0.850089 0.207785
vt 0.847520 0.209371
vt 0.967687 0.495087
vt 0.967687 0.376721
vt 0.970549 0.374670
vt 0.970549 0.497138
vt 0.947231 0.243740
vt 0.947231 0.370309
vt 0.944368 0.368258
vt 0.944368 0.245791
vt 0.837293 0.948405
vt 0.837290 0.924829
vt 0.840111 0.922835
vt 0.840111 0.949737
vt 0.532622 0.354017
vt 0.532622 0.334769
vt 0.534673 0.331741
vt 0.534673 0.354178
vt 0.765398 0.460832
vt 0.772587 0.434606
vt 0.775178 0.435810
vt 0.768069 0.461756
vt 0.536724 0.333292
vt 0.536724 0.355494
vt 0.592263 0.910117
vt 0.592263 0.955599
vt 0.589470 0.957650
vt 0.589470 0.908066
vt 0.045872 0.954038
vt 0.045872 0.908556
vt 0.048860 0.906505
vt 0.048860 0.956089
vt 0.879279 0.531642
vt 0.867523 0.552078
vt 0.864416 0.551828
vt 0.877828 0.528508
vt 0.487137 0.334769
vt 0.487137 0.354017
vt 0.485086 0.354178
vt 0.485086 0.331741
vt 0.890500 0.077232
vt 0.888706 0.050098
vt 0.891508 0.049728
vt 0.893280 0.076571
vt 0.483034 0.355494
vt 0.483034 0.333292
vt 0.879279 0.579840
vt 0.877232 0.582094
vt 0.400083 0.149963
vt 0.400077 0.129562
vt 0.402745 0.127235
vt 0.402745 0.150807
vt 0.532622 0.403946
vt 0.532622 0.381298
vt 0.534673 0.378400
vt 0.534673 0.404874
vt 0.763653 0.511010
vt 0.762230 0.485684
vt 0.764933 0.486343
vt 0.766262 0.509877
vt 0.536724 0.379460
vt 0.536724 0.407622
vt 0.294993 0.911749
vt 0.294993 0.957231
vt 0.292246 0.959282
vt 0.292246 0.909698
vt 0.480863 0.957306
vt 0.480863 0.911824
vt 0.483574 0.909773
vt 0.483574 0.959357
vt 0.785332 0.539231
vt 0.786285 0.535942
vt 0.483034 0.407622
vt 0.485086 0.404874
vt 0.632370 0.854852
vt 0.625204 0.873952
vt 0.622414 0.873809
vt 0.630688 0.851736
vt 0.487137 0.381298
vt 0.487137 0.403946
vt 0.485086 0.378400
vt 0.890576 0.025116
vt 0.897041 0.000586
vt 0.899370 0.002219
vt 0.893357 0.025011
vt 0.483034 0.379460
vt 0.632370 0.903236
vt 0.630226 0.905733
vt 0.372587 0.150863
vt 0.372589 0.129284
vt 0.375354 0.127235
vt 0.375354 0.152022
vt 0.532622 0.377798
vt 0.532622 0.357156
vt 0.304324 0.911749
vt 0.304324 0.957231
vt 0.301604 0.959282
vt 0.301604 0.909698
vt 0.571357 0.954263
vt 0.571357 0.908781
vt 0.574291 0.906730
vt 0.574291 0.956314
vt 0.121627 0.839316
vt 0.112065 0.858661
vt 0.109071 0.858473
vt 0.120056 0.836254
vt 0.487137 0.357156
vt 0.487137 0.377798
vt 0.121627 0.887252
vt 0.119495 0.889643
vt 0.831465 0.949973
vt 0.831471 0.927214
vt 0.834329 0.925315
vt 0.834329 0.951699
vt 0.836377 0.529671
vt 0.816946 0.529671
vt 0.816583 0.527620
vt 0.839397 0.527620
vt 0.784557 0.408794
vt 0.786285 0.411877
vt 0.813705 0.525569
vt 0.837997 0.525569
vt 0.800081 0.911053
vt 0.800081 0.956536
vt 0.797334 0.958587
vt 0.797334 0.909002
vt 0.836377 0.575153
vt 0.839397 0.577204
vt 0.058429 0.827745
vt 0.045039 0.846149
vt 0.041707 0.845859
vt 0.057236 0.824527
vt 0.816946 0.575153
vt 0.816583 0.577204
vt 0.897060 0.104918
vt 0.899370 0.102243
vt 0.837997 0.579255
vt 0.813705 0.579255
vt 0.058429 0.873160
vt 0.056306 0.875306
vt 0.625276 0.908956
vt 0.625276 0.954438
vt 0.622414 0.956489
vt 0.622414 0.906905
vt 0.736588 0.885004
vt 0.736588 0.938690
vt 0.733725 0.936639
vt 0.733725 0.887055
vn 0.4389 0.7057 -0.5562
vn -0.4391 0.7057 0.5560
vn 0.4389 -0.7057 -0.5562
vn -0.4391 -0.7057 0.5560
vn -0.1271 0.0000 -0.9919
vn -0.9919 0.0000 0.1271
vn 0.9984 0.0000 -0.0559
vn 0.0559 0.0000 0.9984
vn 0.2530 0.7056 -0.6619
vn -0.2533 0.7056 0.6618
vn 0.2530 -0.7056 -0.6619
vn -0.2533 -0.7056 0.6618
vn -0.4078 0.0000 -0.9131
vn -0.9131 0.0000 0.4078
vn 0.9131 0.0000 -0.4078
vn 0.4078 0.0000 0.9131
vn 0.9378 0.0000 -0.3472
vn 0.3472 0.0000 0.9378
vn 0.4160 0.7055 -0.5737
vn -0.4157 0.7055 0.5739
vn 0.4160 -0.7055 -0.5737
vn -0.4157 -0.7055 0.5739
vn -0.2218 0.0000 -0.9751
vn -0.9751 0.0000 0.2219
vn 0.4160 -0.7056 -0.5737
vn -0.4157 -0.7056 0.5739
vn 0.4160 0.7055 -0.5738
vn 0.9891 0.0000 -0.1475
vn 0.1475 0.0000 0.9891
vn 0.5608 0.7058 -0.4330
vn -0.5606 0.7058 0.4332
vn 0.5607 -0.7058 -0.4329
vn -0.5606 -0.7058 0.4331
vn 0.0665 0.0000 -0.9978
vn -0.9978 0.0000 -0.0664
vn 0.5608 -0.7057 -0.4330
vn -0.5606 -0.7058 0.4332
vn 0.5607 0.7058 -0.4329
vn 0.9919 0.0000 0.1274
vn -0.1274 0.0000 0.9919
vn 0.1274 0.0000 -0.9919
vn -0.9919 0.0000 -0.1274
vn -0.4157 0.7056 0.5739
vn 0.4160 -0.7055 -0.5738
vn 0.5608 0.7058 -0.4329
vn 0.5607 -0.7058 -0.4330
vn -0.5606 0.7058 0.4331
vn -0.4391 -0.7058 0.5560
vn -0.3898 0.7059 -0.5914
vn 0.3896 0.7059 0.5915
vn -0.3898 -0.7059 -0.5914
vn 0.3896 -0.7059 0.5915
vn -0.9832 0.0000 -0.1826
vn -0.1826 0.0000 0.9832
vn 0.2542 0.0000 -0.9672
vn 0.9671 0.0000 0.2542
vn -0.5623 0.7056 -0.4312
vn 0.5622 0.7056 0.4314
vn -0.5623 -0.7057 -0.4311
vn 0.5621 -0.7057 0.4313
vn -0.9914 0.0000 0.1307
vn 0.1307 0.0000 0.9914
vn -0.1307 0.0000 -0.9914
vn 0.9914 0.0000 -0.1307
vn -0.5623 -0.7056 -0.4311
vn 0.5621 -0.7056 0.4314
vn 0.5621 0.7056 0.4314
vn -0.0667 0.0000 -0.9978
vn 0.9978 0.0000 -0.0667
vn -0.4339 0.7055 -0.5604
vn 0.4342 0.7055 0.5602
vn -0.4339 -0.7055 -0.5604
vn 0.4341 -0.7055 0.5602
vn -0.9981 0.0000 -0.0619
vn -0.0619 0.0000 0.9981
vn -0.4339 -0.7055 -0.5603
vn 0.4342 -0.7055 0.5601
vn 0.1449 0.0000 -0.9895
vn 0.9894 0.0000 0.1449
vn -0.2531 0.7060 -0.6614
vn 0.2533 0.7060 0.6613
vn -0.2531 -0.7061 -0.6614
vn 0.2533 -0.7061 0.6613
vn -0.9339 0.0000 -0.3574
vn -0.3574 0.0000 0.9339
vn -0.2531 0.7061 -0.6614
vn 0.2533 0.7061 0.6613
vn 0.4075 0.0000 -0.9132
vn 0.9132 0.0000 0.4075
vn -0.9132 0.0000 -0.4075
vn -0.4075 0.0000 0.9132
vn -0.5623 0.7056 -0.4311
vn -0.5623 -0.7056 -0.4312
vn 0.5621 0.7057 0.4313
vn -0.4339 0.7055 -0.5603
vn 0.4342 -0.7055 0.5602
vn 0.1449 0.0000 -0.9894
vn 0.2533 -0.7060 0.6613
vn 0.5621 -0.7057 0.4314
vn 0.5621 0.7057 0.4314
vn -0.5623 0.7057 -0.4311
vn 0.4341 0.7055 0.5602
vn -0.6859 0.7063 0.1753
vn 0.6862 0.7059 -0.1753
vn -0.6862 -0.7060 0.1754
vn 0.6860 -0.7062 -0.1752
vn -0.4857 -0.0043 0.8741
vn 0.8741 -0.0051 0.4857
vn -0.6818 -0.7055 0.1934
vn 0.6908 -0.7062 -0.1554
vn -0.6907 0.7063 0.1553
vn 0.6820 0.7054 -0.1932
vn -0.8363 0.0000 -0.5482
vn 0.5482 -0.0000 -0.8363
vn -0.6035 0.7063 0.3700
vn 0.6036 0.7063 -0.3699
vn -0.6035 -0.7064 0.3699
vn 0.6036 -0.7064 -0.3698
vn -0.2334 0.0000 0.9724
vn 0.9724 0.0000 0.2333
vn -0.9724 0.0000 -0.2333
vn 0.2334 0.0000 -0.9724
vn -0.6035 -0.7063 0.3700
vn 0.6036 -0.7063 -0.3699
vn -0.6037 0.7061 0.3701
vn 0.6034 0.7066 -0.3697
vn -0.9606 0.0000 -0.2779
vn 0.2779 -0.0000 -0.9606
vn -0.6616 0.7061 0.2525
vn 0.6616 0.7060 -0.2526
vn -0.6617 -0.7060 0.2525
vn 0.6615 -0.7061 -0.2526
vn -0.3656 -0.0000 0.9308
vn 0.9308 0.0000 0.3656
vn -0.6688 -0.7056 0.2343
vn 0.6545 -0.7060 -0.2705
vn -0.6543 0.7062 0.2705
vn 0.6690 0.7053 -0.2346
vn -0.9006 0.0048 -0.4345
vn 0.4346 0.0046 -0.9006
vn -0.7059 0.7064 0.0516
vn 0.7059 0.7064 -0.0517
vn -0.7060 -0.7064 0.0515
vn 0.7058 -0.7065 -0.0517
vn -0.6198 0.0000 0.7848
vn 0.7848 -0.0000 0.6198
vn -0.7059 -0.7064 0.0515
vn 0.7059 -0.7065 -0.0517
vn -0.7060 0.7063 0.0516
vn 0.7057 0.7066 -0.0517
vn -0.7568 0.0000 -0.6537
vn 0.6537 0.0000 -0.7568
vn -0.6537 0.0000 0.7568
vn 0.7568 0.0000 0.6537
vn -0.6857 0.7065 0.1752
vn 0.6865 0.7057 -0.1754
vn -0.6863 -0.7058 0.1754
vn 0.6858 -0.7064 -0.1752
vn -0.4857 -0.0092 0.8741
vn 0.8741 -0.0108 0.4856
vn -0.6845 -0.7056 0.1835
vn 0.6881 -0.7065 -0.1653
vn -0.6882 0.7065 0.1653
vn 0.6845 0.7056 -0.1833
vn -0.8364 0.0000 -0.5481
vn 0.5482 -0.0000 -0.8364
vn -0.6036 0.7062 0.3700
vn 0.6034 0.7065 -0.3698
vn -0.9606 0.0000 -0.2780
vn 0.2780 -0.0000 -0.9606
vn -0.6617 -0.7059 0.2526
vn 0.6615 -0.7062 -0.2526
vn -0.3657 -0.0000 0.9307
vn 0.9307 0.0000 0.3657
vn -0.6651 -0.7059 0.2439
vn 0.6582 -0.7061 -0.2611
vn -0.6581 0.7063 0.2609
vn 0.6652 0.7057 -0.2441
vn -0.9006 0.0102 -0.4345
vn 0.4346 0.0098 -0.9006
vn -0.7059 0.7065 0.0515
vn 0.7060 0.7063 -0.0517
vn -0.7061 -0.7063 0.0515
vn 0.7058 -0.7066 -0.0517
vn -0.6197 0.0000 0.7848
vn 0.7848 -0.0000 0.6197
vn 0.6865 0.7057 -0.1753
vn -0.6035 -0.7064 0.3700
vn -0.6036 0.7063 0.3700
vn -0.6617 -0.7059 0.2525
vn 0.6615 -0.7062 -0.2525
vn -0.6650 -0.7059 0.2439
vn 0.6582 -0.7061 -0.2610
vn -0.7059 0.7065 0.0516
vn 0.6858 -0.7063 -0.1752
vn -0.6845 -0.7056 0.1834
vn 0.6036 -0.7063 -0.3698
vn 0.6035 0.7065 -0.3698
vn 0.6583 -0.7061 -0.2611
vn -0.7058 0.7065 0.0515
vn -0.7060 -0.7063 0.0515
vn -0.0541 0.7066 0.7055
vn 0.0541 0.7066 -0.7055
vn -0.0541 -0.7067 0.7055
vn 0.0541 -0.7067 -0.7055
vn 0.6666 0.0000 0.7454
vn 0.7454 0.0000 -0.6667
vn -0.0541 -0.7066 0.7055
vn -0.7772 0.0000 0.6292
vn -0.6292 0.0000 -0.7773
vn 0.1535 0.7061 0.6913
vn -0.1533 0.7061 -0.6913
vn 0.1535 -0.7061 0.6912
vn -0.1533 -0.7061 -0.6913
vn 0.8435 0.0000 0.5371
vn 0.5371 0.0000 -0.8435
vn -0.5371 0.0000 0.8435
vn -0.8435 0.0000 -0.5371
vn 0.1535 -0.7061 0.6913
vn -0.5810 0.0000 0.8139
vn -0.8139 0.0000 -0.5810
vn 0.0048 0.7059 0.7083
vn -0.0050 0.7059 -0.7083
vn 0.0048 -0.7060 0.7082
vn -0.0050 -0.7060 -0.7082
vn 0.7481 0.0000 0.6636
vn 0.6636 0.0000 -0.7481
vn 0.0048 -0.7059 0.7083
vn -0.0050 -0.7059 -0.7083
vn -0.7169 0.0000 0.6972
vn -0.6972 0.0000 -0.7169
vn -0.1336 0.7068 0.6947
vn 0.1335 0.7068 -0.6947
vn -0.1336 -0.7068 0.6947
vn 0.1335 -0.7068 -0.6947
vn 0.5841 0.0000 0.8117
vn 0.8116 0.0000 -0.5841
vn -0.8279 0.0000 0.5609
vn -0.5609 0.0000 -0.8279
vn 0.5609 0.0000 0.8279
vn 0.8279 0.0000 -0.5609
vn -0.0541 0.7067 0.7055
vn 0.0541 0.7067 -0.7055
vn 0.0541 -0.7066 -0.7055
vn 0.1535 0.7061 0.6912
vn -0.0050 0.7060 -0.7082
vn 0.0048 0.7060 0.7082
vn 0.8117 0.0000 -0.5841
vn -0.1533 0.7062 -0.6913
vn 0.6488 0.7062 0.2835
vn -0.6488 0.7062 -0.2834
vn 0.6488 -0.7062 0.2835
vn -0.6488 -0.7062 -0.2835
vn 0.9162 0.0000 -0.4008
vn -0.4008 0.0000 -0.9162
vn -0.6488 -0.7062 -0.2834
vn 0.3341 0.0000 0.9426
vn -0.9426 0.0000 0.3340
vn 0.7050 0.7065 0.0619
vn -0.7050 0.7065 -0.0620
vn 0.7050 -0.7065 0.0619
vn -0.7050 -0.7065 -0.0620
vn 0.7663 0.0000 -0.6425
vn -0.6425 0.0000 -0.7663
vn 0.6425 0.0000 0.7663
vn -0.7663 0.0000 0.6425
vn 0.6096 0.0000 0.7927
vn -0.7927 0.0000 0.6096
vn 0.6851 0.7059 0.1797
vn -0.6851 0.7059 -0.1797
vn 0.6851 -0.7059 0.1797
vn -0.6851 -0.7059 -0.1797
vn 0.8413 0.0000 -0.5406
vn -0.5406 0.0000 -0.8413
vn 0.4707 0.0000 0.8823
vn -0.8823 0.0000 0.4707
vn 0.6055 0.7067 0.3659
vn -0.6056 0.7067 -0.3658
vn 0.6055 -0.7067 0.3659
vn -0.6056 -0.7067 -0.3658
vn 0.9625 0.0000 -0.2714
vn -0.2714 0.0000 -0.9625
vn 0.2396 0.0000 0.9709
vn -0.9709 0.0000 0.2396
vn 0.9709 0.0000 -0.2396
vn -0.2396 0.0000 -0.9709
vn -0.6488 0.7062 -0.2835
vn 0.7051 0.7064 0.0619
vn 0.6483 0.7062 0.2845
vn -0.6484 0.7062 -0.2845
vn 0.6484 -0.7062 0.2845
vn -0.6484 -0.7062 -0.2845
vn 0.9167 0.0000 -0.3996
vn -0.3997 0.0000 -0.9167
vn 0.6483 -0.7062 0.2845
vn 0.6484 0.7062 0.2845
vn 0.3329 0.0000 0.9430
vn -0.9430 0.0000 0.3329
vn 0.4703 0.0000 0.8825
vn -0.8825 0.0000 0.4703
vn 0.9626 0.0000 -0.2710
vn -0.2710 0.0000 -0.9626
vn 0.6477 0.7062 0.2860
vn -0.6477 0.7062 -0.2860
vn 0.6477 -0.7062 0.2860
vn -0.6477 -0.7062 -0.2860
vn 0.9174 0.0000 -0.3981
vn -0.3981 0.0000 -0.9174
vn 0.3313 0.0000 0.9435
vn -0.9435 0.0000 0.3313
vn 0.7051 -0.7064 0.0619
vn 0.6852 0.7059 0.1797
vn -0.6852 0.7059 -0.1797
vn -0.6852 -0.7059 -0.1797
vn 0.6852 -0.7059 0.1797
vn 0.4698 0.0000 0.8828
vn -0.8828 0.0000 0.4698
vn -0.6056 -0.7067 -0.3659
vn 0.9627 0.0000 -0.2704
vn -0.2704 0.0000 -0.9627
vn -0.6055 0.7067 -0.3658
vn 0.4339 0.7063 -0.5594
vn -0.4340 0.7063 0.5593
vn 0.4339 -0.7063 -0.5594
vn -0.4340 -0.7063 0.5593
vn -0.1442 0.0000 -0.9895
vn -0.9895 0.0000 0.1442
vn 0.9967 0.0000 -0.0813
vn 0.0813 0.0000 0.9967
vn 0.2867 0.7065 -0.6470
vn -0.2869 0.7065 0.6470
vn 0.2867 -0.7065 -0.6470
vn -0.2869 -0.7065 0.6470
vn -0.3599 0.0000 -0.9330
vn -0.9330 0.0000 0.3599
vn 0.9330 0.0000 -0.3599
vn 0.3599 0.0000 0.9330
vn 0.9471 0.0000 -0.3209
vn 0.3209 0.0000 0.9471
vn 0.5256 0.7064 -0.4741
vn -0.5254 0.7064 0.4742
vn 0.5255 -0.7064 -0.4741
vn -0.5254 -0.7064 0.4742
vn 0.0071 0.0000 -1.0000
vn -1.0000 0.0000 -0.0071
vn 0.5256 -0.7064 -0.4741
vn -0.5254 -0.7064 0.4743
vn 0.5255 0.7064 -0.4741
vn 0.9987 0.0000 0.0512
vn -0.0513 0.0000 0.9987
vn 0.0513 0.0000 -0.9987
vn -0.9987 0.0000 -0.0512
vn 0.3899 0.7064 -0.5908
vn -0.3898 0.7064 0.5908
vn 0.3899 -0.7064 -0.5908
vn -0.3898 -0.7064 0.5909
vn -0.2412 0.0000 -0.9705
vn -0.9705 0.0000 0.2412
vn -0.3898 -0.7064 0.5908
vn 0.9833 0.0000 -0.1820
vn 0.1820 0.0000 0.9833
vn -0.3898 0.7064 0.5909
vn -0.5254 0.7064 0.4743
vn -0.3896 0.7063 -0.5911
vn 0.3894 0.7063 0.5912
vn -0.3896 -0.7063 -0.5911
vn 0.3894 -0.7063 0.5912
vn 0.3895 0.7063 0.5912
vn 0.2445 0.0000 -0.9697
vn 0.9696 0.0000 0.2445
vn -0.5241 0.7064 -0.4757
vn 0.5240 0.7064 0.4758
vn -0.5241 -0.7064 -0.4757
vn 0.5240 -0.7064 0.4758
vn -0.9988 0.0000 0.0482
vn 0.0483 0.0000 0.9988
vn -0.0483 0.0000 -0.9988
vn 0.9988 0.0000 -0.0482
vn -0.0046 0.0000 -1.0000
vn 1.0000 0.0000 -0.0046
vn -0.5241 0.7065 -0.4757
vn 0.5240 0.7065 0.4758
vn -0.2793 0.7064 -0.6504
vn 0.2795 0.7064 0.6503
vn -0.2793 -0.7064 -0.6504
vn 0.2794 -0.7064 0.6503
vn -0.9443 0.0000 -0.3292
vn -0.3292 0.0000 0.9443
vn 0.2795 -0.7064 0.6503
vn 0.2794 0.7064 0.6503
vn 0.3706 0.0000 -0.9288
vn 0.9288 0.0000 0.3706
vn -0.9288 0.0000 -0.3706
vn -0.3706 0.0000 0.9288
vn -0.4335 0.7063 -0.5597
vn 0.4336 0.7063 0.5596
vn -0.4335 -0.7063 -0.5597
vn 0.4336 -0.7063 0.5596
vn -0.9966 0.0000 -0.0825
vn -0.0825 0.0000 0.9966
vn -0.5241 -0.7065 -0.4757
vn 0.5240 -0.7065 0.4758
vn -0.6824 0.7063 0.1883
vn 0.6825 0.7063 -0.1881
vn -0.6824 -0.7063 0.1883
vn 0.6825 -0.7063 -0.1881
vn -0.4770 0.0000 0.8789
vn 0.8789 0.0000 0.4770
vn -0.8470 0.0000 -0.5316
vn 0.5317 0.0000 -0.8470
vn -0.6141 0.7064 0.3519
vn 0.6142 0.7064 -0.3517
vn -0.6141 -0.7065 0.3518
vn 0.6142 -0.7065 -0.3517
vn -0.2622 0.0000 0.9650
vn 0.9650 0.0000 0.2622
vn -0.9650 0.0000 -0.2622
vn 0.2622 0.0000 -0.9650
vn -0.6141 -0.7064 0.3518
vn 0.6142 -0.7064 -0.3517
vn -0.6141 0.7065 0.3518
vn 0.6142 0.7065 -0.3517
vn -0.9527 0.0000 -0.3040
vn 0.3040 0.0000 -0.9527
vn -0.6141 0.7064 0.3518
vn -0.7048 0.7064 0.0651
vn 0.7048 0.7064 -0.0653
vn -0.7048 -0.7064 0.0651
vn 0.7048 -0.7064 -0.0653
vn -0.6044 0.0000 0.7967
vn 0.7967 0.0000 0.6044
vn -0.7692 0.0000 -0.6390
vn 0.6390 0.0000 -0.7692
vn -0.6390 0.0000 0.7692
vn 0.7692 0.0000 0.6390
vn -0.6661 0.7063 0.2397
vn 0.6660 0.7063 -0.2399
vn -0.6661 -0.7063 0.2397
vn 0.6660 -0.7063 -0.2399
vn -0.3859 0.0000 0.9225
vn 0.9225 0.0000 0.3859
vn -0.8965 0.0000 -0.4430
vn 0.4430 0.0000 -0.8965
vn -0.0269 0.7063 0.7074
vn 0.0270 0.7063 -0.7074
vn -0.0269 -0.7063 0.7074
vn 0.0270 -0.7063 -0.7074
vn 0.6936 0.0000 0.7204
vn 0.7204 0.0000 -0.6936
vn -0.7628 0.0000 0.6466
vn -0.6466 0.0000 -0.7629
vn 0.1497 0.7064 0.6918
vn -0.1495 0.7064 -0.6918
vn 0.1497 -0.7064 0.6918
vn -0.1495 -0.7064 -0.6918
vn 0.8406 0.0000 0.5417
vn 0.5417 0.0000 -0.8406
vn -0.5417 0.0000 0.8406
vn -0.8406 0.0000 -0.5417
vn -0.1495 0.7065 -0.6918
vn -0.5778 0.0000 0.8162
vn -0.8162 0.0000 -0.5778
vn -0.1495 -0.7065 -0.6918
vn 0.1497 0.7065 0.6918
vn -0.1511 0.7064 0.6915
vn 0.1509 0.7064 -0.6915
vn -0.1511 -0.7064 0.6915
vn 0.1509 -0.7064 -0.6915
vn 0.5767 0.0000 0.8170
vn 0.8170 0.0000 -0.5767
vn -0.8417 0.0000 0.5400
vn -0.5400 0.0000 -0.8417
vn 0.5400 0.0000 0.8417
vn 0.8417 0.0000 -0.5400
vn 0.0271 0.7063 0.7074
vn -0.0273 0.7063 -0.7074
vn 0.0271 -0.7063 0.7074
vn -0.0273 -0.7063 -0.7074
vn 0.7627 0.0000 0.6468
vn 0.6468 0.0000 -0.7627
vn -0.6933 0.0000 0.7206
vn -0.7206 0.0000 -0.6933
vn 0.1497 -0.7065 0.6917
vn 0.6545 0.7059 0.2707
vn -0.6545 0.7059 -0.2708
vn 0.6545 -0.7059 0.2707
vn -0.6545 -0.7059 -0.2708
vn 0.9097 0.0000 -0.4152
vn -0.4152 0.0000 -0.9097
vn 0.3407 0.0000 0.9402
vn -0.9402 0.0000 0.3407
vn 0.7052 0.7065 0.0601
vn -0.7052 0.7065 -0.0602
vn 0.7052 -0.7065 0.0601
vn -0.7051 -0.7065 -0.0602
vn 0.7647 0.0000 -0.6444
vn -0.6445 0.0000 -0.7646
vn 0.6444 0.0000 0.7646
vn -0.7647 0.0000 0.6444
vn -0.7052 -0.7065 -0.0602
vn -0.7051 0.7065 -0.0602
vn 0.6120 0.0000 0.7909
vn -0.7909 0.0000 0.6120
vn 0.5943 0.7064 0.3845
vn -0.5944 0.7064 -0.3843
vn 0.5943 -0.7064 0.3845
vn -0.5944 -0.7064 -0.3843
vn 0.9672 0.0000 -0.2539
vn -0.2540 0.0000 -0.9672
vn 0.2098 0.0000 0.9777
vn -0.9778 0.0000 0.2098
vn 0.9778 0.0000 -0.2098
vn -0.2098 0.0000 -0.9777
vn 0.6858 0.7061 0.1765
vn -0.6858 0.7061 -0.1765
vn 0.6858 -0.7060 0.1765
vn -0.6858 -0.7060 -0.1765
vn 0.8391 0.0000 -0.5440
vn -0.5440 0.0000 -0.8391
vn 0.6858 -0.7061 0.1765
vn 0.6858 0.7060 0.1765
vn -0.6858 0.7060 -0.1765
vn 0.4780 0.0000 0.8784
vn -0.8784 0.0000 0.4780
vn 0.6858 0.7060 0.1766
vn -0.6858 -0.7061 -0.1765
vn 0.6858 0.7061 0.1766
vn 0.6858 -0.7061 0.1766
vn 0.6858 -0.7060 0.1766
usemtl Pillars_and_Grids
s off
f 401/1/1 404/2/1 3/3/1 5/4/1
f 404/5/2 401/6/2 6/7/2 4/8/2
f 403/9/3 402/10/3 5/4/3 3/3/3
f 402/11/4 403/12/4 4/13/4 6/14/4
f 404/15/5 405/16/5 13/17/5 3/18/5
f 405/19/6 404/20/6 4/21/6 14/22/6
f 405/23/3 408/24/3 15/25/3 13/26/3
f 408/27/4 405/28/4 14/29/4 16/30/4
f 407/31/1 406/32/1 13/26/1 15/25/1
f 406/33/2 407/34/2 16/35/2 14/36/2
f 408/24/7 401/1/7 5/4/7 15/25/7
f 401/37/8 408/27/8 16/30/8 6/38/8
f 409/39/9 412/40/9 7/41/9 1/42/9
f 412/43/10 409/44/10 2/45/10 8/46/10
f 411/47/11 410/48/11 1/42/11 7/41/11
f 410/49/12 411/50/12 8/51/12 2/52/12
f 412/40/13 414/53/13 17/54/13 7/41/13
f 414/55/14 412/56/14 8/57/14 18/58/14
f 413/59/15 411/60/15 7/61/15 17/62/15
f 411/50/16 413/63/16 18/64/16 8/51/16
f 414/53/11 416/65/11 11/66/11 17/54/11
f 416/67/12 414/68/12 18/69/12 12/70/12
f 415/71/9 413/72/9 17/54/9 11/66/9
f 413/73/10 415/74/10 12/75/10 18/76/10
f 416/77/17 409/78/17 1/79/17 11/80/17
f 409/81/18 416/67/18 12/70/18 2/82/18
f 417/83/19 418/84/19 1/85/19 3/3/19
f 418/86/20 417/87/20 4/88/20 2/89/20
f 410/90/21 403/9/21 3/3/21 1/85/21
f 403/12/22 410/49/22 2/52/22 4/13/22
f 418/91/23 419/92/23 11/93/23 1/94/23
f 419/95/24 418/96/24 2/97/24 12/98/24
f 419/99/25 420/100/25 13/26/25 11/101/25
f 420/102/26 419/103/26 12/104/26 14/105/26
f 406/32/27 415/106/27 11/101/27 13/26/27
f 415/74/20 406/33/20 14/36/20 12/75/20
f 420/100/28 417/83/28 3/3/28 13/26/28
f 417/107/29 420/102/29 14/105/29 4/108/29
f 421/109/30 423/110/30 5/4/30 9/111/30
f 423/112/31 421/113/31 10/114/31 6/115/31
f 402/10/32 422/116/32 9/111/32 5/4/32
f 422/117/33 402/118/33 6/115/33 10/114/33
f 423/119/34 424/120/34 15/121/34 5/122/34
f 424/123/35 423/112/35 6/115/35 16/124/35
f 424/125/36 426/126/36 19/127/36 15/25/36
f 426/128/37 424/123/37 16/124/37 20/129/37
f 425/130/38 407/31/38 15/25/38 19/127/38
f 407/131/31 425/132/31 20/129/31 16/124/31
f 426/126/39 421/109/39 9/111/39 19/127/39
f 421/133/40 426/134/40 20/135/40 10/136/40
f 422/137/41 425/138/41 19/139/41 9/140/41
f 425/132/42 422/117/42 10/114/42 20/129/42
f 427/141/1 430/142/1 23/143/1 25/144/1
f 430/145/2 427/146/2 26/147/2 24/148/2
f 429/149/3 428/150/3 25/144/3 23/143/3
f 428/151/4 429/152/4 24/153/4 26/154/4
f 430/155/5 431/156/5 33/157/5 23/158/5
f 431/159/6 430/160/6 24/161/6 34/162/6
f 431/163/3 434/164/3 35/165/3 33/166/3
f 434/167/4 431/168/4 34/169/4 36/170/4
f 433/171/1 432/172/1 33/166/1 35/165/1
f 432/173/2 433/174/2 36/175/2 34/176/2
f 434/164/7 427/141/7 25/144/7 35/165/7
f 427/177/8 434/167/8 36/170/8 26/178/8
f 435/179/9 438/180/9 27/181/9 21/182/9
f 438/183/10 435/184/10 22/185/10 28/186/10
f 437/187/11 436/188/11 21/182/11 27/181/11
f 436/189/12 437/190/12 28/191/12 22/192/12
f 438/180/13 440/193/13 37/194/13 27/181/13
f 440/195/14 438/196/14 28/197/14 38/198/14
f 439/199/15 437/200/15 27/201/15 37/202/15
f 437/190/16 439/203/16 38/204/16 28/191/16
f 440/193/11 442/205/11 31/206/11 37/194/11
f 442/207/12 440/208/12 38/209/12 32/210/12
f 441/211/9 439/212/9 37/194/9 31/206/9
f 439/213/10 441/214/10 32/215/10 38/216/10
f 442/217/17 435/218/17 21/219/17 31/220/17
f 435/221/18 442/207/18 32/210/18 22/222/18
f 443/223/19 444/224/19 21/225/19 23/143/19
f 444/226/43 443/227/43 24/228/43 22/229/43
f 436/230/44 429/149/44 23/143/44 21/225/44
f 429/152/22 436/189/22 22/192/22 24/153/22
f 444/231/23 445/232/23 31/233/23 21/234/23
f 445/235/24 444/236/24 22/237/24 32/238/24
f 445/239/21 446/240/21 33/166/21 31/241/21
f 446/242/22 445/243/22 32/244/22 34/245/22
f 432/172/27 441/246/27 31/241/27 33/166/27
f 441/214/20 432/173/20 34/176/20 32/215/20
f 446/240/28 443/223/28 23/143/28 33/166/28
f 443/247/29 446/242/29 34/245/29 24/248/29
f 447/249/45 449/250/45 25/144/45 29/251/45
f 449/252/31 447/253/31 30/254/31 26/255/31
f 428/150/32 448/256/32 29/251/32 25/144/32
f 448/257/33 428/258/33 26/255/33 30/254/33
f 449/259/34 450/260/34 35/261/34 25/262/34
f 450/263/35 449/252/35 26/255/35 36/264/35
f 450/265/46 452/266/46 39/267/46 35/165/46
f 452/268/33 450/263/33 36/264/33 40/269/33
f 451/270/38 433/171/38 35/165/38 39/267/38
f 433/271/31 451/272/31 40/269/31 36/264/31
f 452/266/39 447/249/39 29/251/39 39/267/39
f 447/273/40 452/274/40 40/275/40 30/276/40
f 448/277/41 451/278/41 39/279/41 29/280/41
f 451/272/42 448/257/42 30/254/42 40/269/42
f 453/281/1 456/282/1 43/283/1 45/284/1
f 456/285/2 453/286/2 46/287/2 44/288/2
f 455/289/3 454/290/3 45/284/3 43/283/3
f 454/291/4 455/292/4 44/293/4 46/294/4
f 456/295/5 457/296/5 53/297/5 43/298/5
f 457/299/6 456/300/6 44/301/6 54/302/6
f 457/303/3 460/304/3 55/305/3 53/306/3
f 460/307/4 457/308/4 54/309/4 56/310/4
f 459/311/1 458/312/1 53/306/1 55/305/1
f 458/313/2 459/314/2 56/315/2 54/316/2
f 460/304/7 453/281/7 45/284/7 55/305/7
f 453/317/8 460/307/8 56/310/8 46/318/8
f 461/319/9 464/320/9 47/321/9 41/322/9
f 464/323/10 461/324/10 42/325/10 48/326/10
f 463/327/11 462/328/11 41/322/11 47/321/11
f 462/329/12 463/330/12 48/331/12 42/332/12
f 464/320/13 466/333/13 57/334/13 47/321/13
f 466/335/14 464/336/14 48/337/14 58/338/14
f 465/339/15 463/340/15 47/341/15 57/342/15
f 463/330/16 465/343/16 58/344/16 48/331/16
f 466/333/11 468/345/11 51/346/11 57/334/11
f 468/347/12 466/348/12 58/349/12 52/350/12
f 467/351/9 465/352/9 57/334/9 51/346/9
f 465/353/10 467/354/10 52/355/10 58/356/10
f 468/357/17 461/358/17 41/359/17 51/360/17
f 461/361/18 468/347/18 52/350/18 42/362/18
f 469/363/27 470/364/27 41/365/27 43/283/27
f 470/366/20 469/367/20 44/368/20 42/369/20
f 462/370/44 455/289/44 43/283/44 41/365/44
f 455/292/22 462/329/22 42/332/22 44/293/22
f 470/371/23 471/372/23 51/373/23 41/374/23
f 471/375/24 470/376/24 42/377/24 52/378/24
f 471/379/44 472/380/44 53/306/44 51/381/44
f 472/382/26 471/383/26 52/384/26 54/385/26
f 458/312/27 467/386/27 51/381/27 53/306/27
f 467/354/20 458/313/20 54/316/20 52/355/20
f 472/380/28 469/363/28 43/283/28 53/306/28
f 469/387/29 472/382/29 54/385/29 44/388/29
f 473/389/45 475/390/45 45/284/45 49/391/45
f 475/392/47 473/393/47 50/394/47 46/395/47
f 454/290/46 474/396/46 49/391/46 45/284/46
f 474/397/37 454/398/37 46/395/37 50/394/37
f 475/399/34 476/400/34 55/401/34 45/402/34
f 476/403/35 475/392/35 46/395/35 56/404/35
f 476/405/46 478/406/46 59/407/46 55/305/46
f 478/408/37 476/403/37 56/404/37 60/409/37
f 477/410/38 459/311/38 55/305/38 59/407/38
f 459/411/47 477/412/47 60/409/47 56/404/47
f 478/406/39 473/389/39 49/391/39 59/407/39
f 473/413/40 478/414/40 60/415/40 50/416/40
f 474/417/41 477/418/41 59/419/41 49/420/41
f 477/412/42 474/397/42 50/394/42 60/409/42
f 479/421/1 482/422/1 63/423/1 65/424/1
f 482/425/2 479/426/2 66/427/2 64/428/2
f 481/429/3 480/430/3 65/424/3 63/423/3
f 480/431/4 481/432/4 64/433/4 66/434/4
f 482/435/5 483/436/5 73/437/5 63/438/5
f 483/439/6 482/440/6 64/441/6 74/442/6
f 483/443/3 486/444/3 75/445/3 73/446/3
f 486/447/48 483/448/48 74/449/48 76/450/48
f 485/451/1 484/452/1 73/446/1 75/445/1
f 484/453/2 485/454/2 76/455/2 74/456/2
f 486/444/7 479/421/7 65/424/7 75/445/7
f 479/457/8 486/447/8 76/450/8 66/458/8
f 487/459/9 490/460/9 67/461/9 61/462/9
f 490/463/10 487/464/10 62/465/10 68/466/10
f 489/467/11 488/468/11 61/462/11 67/461/11
f 488/469/12 489/470/12 68/471/12 62/472/12
f 490/460/13 492/473/13 77/474/13 67/461/13
f 492/475/14 490/476/14 68/477/14 78/478/14
f 491/479/15 489/480/15 67/481/15 77/482/15
f 489/470/16 491/483/16 78/484/16 68/471/16
f 492/473/11 494/485/11 71/486/11 77/474/11
f 494/487/12 492/488/12 78/489/12 72/490/12
f 493/491/9 491/492/9 77/474/9 71/486/9
f 491/493/10 493/494/10 72/495/10 78/496/10
f 494/497/17 487/498/17 61/499/17 71/500/17
f 487/501/18 494/487/18 72/490/18 62/502/18
f 495/503/27 496/504/27 61/505/27 63/423/27
f 496/506/20 495/507/20 64/508/20 62/509/20
f 488/510/21 481/429/21 63/423/21 61/505/21
f 481/432/22 488/469/22 62/472/22 64/433/22
f 496/511/23 497/512/23 71/513/23 61/514/23
f 497/515/24 496/516/24 62/517/24 72/518/24
f 497/519/25 498/520/25 73/446/25 71/521/25
f 498/522/26 497/523/26 72/524/26 74/525/26
f 484/452/27 493/526/27 71/521/27 73/446/27
f 493/494/20 484/453/20 74/456/20 72/495/20
f 498/520/28 495/503/28 63/423/28 73/446/28
f 495/527/29 498/522/29 74/525/29 64/528/29
f 499/529/45 501/530/45 65/424/45 69/531/45
f 501/532/47 499/533/47 70/534/47 66/535/47
f 480/430/32 500/536/32 69/531/32 65/424/32
f 500/537/33 480/538/33 66/535/33 70/534/33
f 501/539/34 502/540/34 75/541/34 65/542/34
f 502/543/35 501/532/35 66/535/35 76/544/35
f 502/545/46 504/546/46 79/547/46 75/445/46
f 504/548/37 502/543/37 76/544/37 80/549/37
f 503/550/38 485/451/38 75/445/38 79/547/38
f 485/551/47 503/552/47 80/549/47 76/544/47
f 504/546/39 499/529/39 69/531/39 79/547/39
f 499/553/40 504/554/40 80/555/40 70/556/40
f 500/557/41 503/558/41 79/559/41 69/560/41
f 503/552/42 500/537/42 70/534/42 80/549/42
f 505/561/49 508/562/49 83/563/49 85/564/49
f 508/565/50 505/566/50 86/567/50 84/568/50
f 507/569/51 506/570/51 85/564/51 83/563/51
f 506/571/52 507/572/52 84/573/52 86/574/52
f 508/575/53 509/576/53 93/577/53 83/578/53
f 509/579/54 508/580/54 84/581/54 94/582/54
f 509/583/51 512/584/51 95/585/51 93/586/51
f 512/587/52 509/579/52 94/582/52 96/588/52
f 511/589/49 510/590/49 93/586/49 95/585/49
f 510/591/50 511/592/50 96/593/50 94/594/50
f 512/584/55 505/561/55 85/564/55 95/585/55
f 505/595/56 512/596/56 96/597/56 86/598/56
f 513/599/57 516/600/57 87/601/57 81/602/57
f 516/603/58 513/604/58 82/605/58 88/606/58
f 515/607/59 514/608/59 81/602/59 87/601/59
f 514/609/60 515/610/60 88/611/60 82/612/60
f 516/613/61 518/614/61 97/615/61 87/616/61
f 518/617/62 516/618/62 88/619/62 98/620/62
f 517/621/63 515/607/63 87/601/63 97/622/63
f 515/623/64 517/624/64 98/625/64 88/626/64
f 518/627/65 520/628/65 91/629/65 97/622/65
f 520/630/66 518/617/66 98/620/66 92/631/66
f 519/632/57 517/621/57 97/622/57 91/629/57
f 517/633/67 519/634/67 92/635/67 98/636/67
f 520/628/68 513/599/68 81/602/68 91/629/68
f 513/637/69 520/638/69 92/639/69 82/640/69
f 521/641/70 522/642/70 81/602/70 83/563/70
f 522/643/71 521/644/71 84/645/71 82/646/71
f 514/608/72 507/569/72 83/563/72 81/602/72
f 507/572/73 514/609/73 82/612/73 84/573/73
f 522/647/74 523/648/74 91/649/74 81/650/74
f 523/651/75 522/652/75 82/653/75 92/654/75
f 523/655/76 524/656/76 93/586/76 91/629/76
f 524/657/77 523/651/77 92/654/77 94/658/77
f 510/590/70 519/632/70 91/629/70 93/586/70
f 519/634/71 510/591/71 94/594/71 92/635/71
f 524/656/78 521/641/78 83/563/78 93/586/78
f 521/659/79 524/660/79 94/661/79 84/662/79
f 525/663/80 527/664/80 85/564/80 89/665/80
f 527/666/81 525/667/81 90/668/81 86/669/81
f 506/570/82 526/670/82 89/665/82 85/564/82
f 526/671/83 506/571/83 86/574/83 90/672/83
f 527/673/84 528/674/84 95/675/84 85/676/84
f 528/674/85 527/673/85 86/677/85 96/678/85
f 528/679/82 530/680/82 99/681/82 95/585/82
f 530/682/83 528/683/83 96/684/83 100/685/83
f 529/686/86 511/589/86 95/585/86 99/681/86
f 511/592/87 529/687/87 100/688/87 96/593/87
f 530/680/88 525/663/88 89/665/88 99/681/88
f 525/689/89 530/690/89 100/691/89 90/692/89
f 526/693/90 529/694/90 99/695/90 89/696/90
f 529/694/91 526/693/91 90/697/91 100/698/91
f 531/699/49 534/700/49 103/701/49 105/702/49
f 534/703/50 531/704/50 106/705/50 104/706/50
f 533/707/51 532/708/51 105/702/51 103/701/51
f 532/709/52 533/710/52 104/711/52 106/712/52
f 534/713/53 535/714/53 113/715/53 103/716/53
f 535/717/54 534/718/54 104/719/54 114/720/54
f 535/721/51 538/722/51 115/723/51 113/724/51
f 538/725/52 535/717/52 114/720/52 116/726/52
f 537/727/49 536/728/49 113/724/49 115/723/49
f 536/729/50 537/730/50 116/731/50 114/732/50
f 538/722/55 531/699/55 105/702/55 115/723/55
f 531/733/56 538/734/56 116/735/56 106/736/56
f 539/737/92 542/738/92 107/739/92 101/740/92
f 542/741/67 539/742/67 102/743/67 108/744/67
f 541/745/93 540/746/93 101/740/93 107/739/93
f 540/747/66 541/748/66 108/749/66 102/750/66
f 542/751/61 544/752/61 117/753/61 107/754/61
f 544/755/62 542/756/62 108/757/62 118/758/62
f 543/759/63 541/745/63 107/739/63 117/760/63
f 541/761/64 543/762/64 118/763/64 108/764/64
f 544/765/93 546/766/93 111/767/93 117/760/93
f 546/768/66 544/755/66 118/758/66 112/769/66
f 545/770/57 543/759/57 117/760/57 111/767/57
f 543/771/94 545/772/94 112/773/94 118/774/94
f 546/766/68 539/737/68 101/740/68 111/767/68
f 539/775/69 546/776/69 112/777/69 102/778/69
f 547/779/95 548/780/95 101/740/95 103/701/95
f 548/781/71 547/782/71 104/783/71 102/784/71
f 540/746/72 533/707/72 103/701/72 101/740/72
f 533/710/96 540/747/96 102/750/96 104/711/96
f 548/785/74 549/786/74 111/787/74 101/788/74
f 549/789/75 548/790/75 102/791/75 112/792/75
f 549/793/72 550/794/72 113/724/72 111/767/72
f 550/795/73 549/789/73 112/792/73 114/796/73
f 536/728/95 545/770/95 111/767/95 113/724/95
f 545/772/71 536/729/71 114/732/71 112/773/71
f 550/794/97 547/779/97 103/701/97 113/724/97
f 547/797/79 550/798/79 114/799/79 104/800/79
f 551/801/86 553/802/86 105/702/86 109/803/86
f 553/804/87 551/805/87 110/806/87 106/807/87
f 532/708/82 552/808/82 109/803/82 105/702/82
f 552/809/83 532/709/83 106/712/83 110/810/83
f 553/811/84 554/812/84 115/813/84 105/814/84
f 554/812/85 553/811/85 106/815/85 116/816/85
f 554/817/82 556/818/82 119/819/82 115/723/82
f 556/820/98 554/821/98 116/822/98 120/823/98
f 555/824/86 537/727/86 115/723/86 119/819/86
f 537/730/87 555/825/87 120/826/87 116/731/87
f 556/818/88 551/801/88 109/803/88 119/819/88
f 551/827/89 556/828/89 120/829/89 110/830/89
f 552/831/90 555/832/90 119/833/90 109/834/90
f 555/832/91 552/831/91 110/835/91 120/836/91
f 557/837/49 560/838/49 123/839/49 125/840/49
f 560/841/50 557/842/50 126/843/50 124/844/50
f 559/845/51 558/846/51 125/840/51 123/839/51
f 558/847/52 559/848/52 124/849/52 126/850/52
f 560/851/53 561/852/53 133/853/53 123/854/53
f 561/855/54 560/856/54 124/857/54 134/858/54
f 561/859/51 564/860/51 135/861/51 133/862/51
f 564/863/52 561/855/52 134/858/52 136/864/52
f 563/865/49 562/866/49 133/862/49 135/861/49
f 562/867/50 563/868/50 136/869/50 134/870/50
f 564/860/55 557/837/55 125/840/55 135/861/55
f 557/871/56 564/872/56 136/873/56 126/874/56
f 565/875/57 568/876/57 127/877/57 121/878/57
f 568/879/67 565/880/67 122/881/67 128/882/67
f 567/883/65 566/884/65 121/878/65 127/877/65
f 566/885/99 567/886/99 128/887/99 122/888/99
f 568/889/61 570/890/61 137/891/61 127/892/61
f 570/893/62 568/894/62 128/895/62 138/896/62
f 569/897/63 567/883/63 127/877/63 137/898/63
f 567/899/64 569/900/64 138/901/64 128/902/64
f 570/903/93 572/904/93 131/905/93 137/898/93
f 572/906/66 570/893/66 138/896/66 132/907/66
f 571/908/57 569/897/57 137/898/57 131/905/57
f 569/909/100 571/910/100 132/911/100 138/912/100
f 572/904/68 565/875/68 121/878/68 131/905/68
f 565/913/69 572/914/69 132/915/69 122/916/69
f 573/917/95 574/918/95 121/878/95 123/839/95
f 574/919/71 573/920/71 124/921/71 122/922/71
f 566/884/76 559/845/76 123/839/76 121/878/76
f 559/848/96 566/885/96 122/888/96 124/849/96
f 574/923/74 575/924/74 131/925/74 121/926/74
f 575/927/75 574/928/75 122/929/75 132/930/75
f 575/931/72 576/932/72 133/862/72 131/905/72
f 576/933/73 575/927/73 132/930/73 134/934/73
f 562/866/95 571/908/95 131/905/95 133/862/95
f 571/910/71 562/867/71 134/870/71 132/911/71
f 576/932/97 573/917/97 123/839/97 133/862/97
f 573/935/79 576/936/79 134/937/79 124/938/79
f 577/939/86 579/940/86 125/840/86 129/941/86
f 579/942/81 577/943/81 130/944/81 126/945/81
f 558/846/82 578/946/82 129/941/82 125/840/82
f 578/947/83 558/847/83 126/850/83 130/948/83
f 579/949/84 580/950/84 135/951/84 125/952/84
f 580/950/85 579/949/85 126/953/85 136/954/85
f 580/955/82 582/956/82 139/957/82 135/861/82
f 582/958/83 580/959/83 136/960/83 140/961/83
f 581/962/86 563/865/86 135/861/86 139/957/86
f 563/868/87 581/963/87 140/964/87 136/869/87
f 582/956/88 577/939/88 129/941/88 139/957/88
f 577/965/89 582/966/89 140/967/89 130/968/89
f 578/969/90 581/970/90 139/971/90 129/972/90
f 581/970/91 578/969/91 130/973/91 140/974/91
f 583/975/49 586/976/49 143/977/49 145/978/49
f 586/979/50 583/980/50 146/981/50 144/982/50
f 585/983/51 584/984/51 145/978/51 143/977/51
f 584/985/52 585/986/52 144/987/52 146/988/52
f 586/989/53 587/990/53 153/991/53 143/992/53
f 587/993/54 586/994/54 144/995/54 154/996/54
f 587/997/51 590/998/51 155/999/51 153/1000/51
f 590/1001/52 587/993/52 154/996/52 156/1002/52
f 589/1003/49 588/1004/49 153/1000/49 155/999/49
f 588/1005/50 589/1006/50 156/1007/50 154/1008/50
f 590/998/55 583/975/55 145/978/55 155/999/55
f 583/1009/56 590/1010/56 156/1011/56 146/1012/56
f 591/1013/57 594/1014/57 147/1015/57 141/1016/57
f 594/1017/67 591/1018/67 142/1019/67 148/1020/67
f 593/1021/93 592/1022/93 141/1016/93 147/1015/93
f 592/1023/60 593/1024/60 148/1025/60 142/1026/60
f 594/1027/61 596/1028/61 157/1029/61 147/1030/61
f 596/1031/62 594/1032/62 148/1033/62 158/1034/62
f 595/1035/63 593/1021/63 147/1015/63 157/1036/63
f 593/1037/64 595/1038/64 158/1039/64 148/1040/64
f 596/1041/93 598/1042/93 151/1043/93 157/1036/93
f 598/1044/66 596/1031/66 158/1034/66 152/1045/66
f 597/1046/101 595/1035/101 157/1036/101 151/1043/101
f 595/1047/94 597/1048/94 152/1049/94 158/1050/94
f 598/1042/68 591/1013/68 141/1016/68 151/1043/68
f 591/1051/69 598/1052/69 152/1053/69 142/1054/69
f 599/1055/95 600/1056/95 141/1016/95 143/977/95
f 600/1057/71 599/1058/71 144/1059/71 142/1060/71
f 592/1022/76 585/983/76 143/977/76 141/1016/76
f 585/986/96 592/1023/96 142/1026/96 144/987/96
f 600/1061/74 601/1062/74 151/1063/74 141/1064/74
f 601/1065/75 600/1066/75 142/1067/75 152/1068/75
f 601/1069/76 602/1070/76 153/1000/76 151/1043/76
f 602/1071/96 601/1065/96 152/1068/96 154/1072/96
f 588/1004/95 597/1046/95 151/1043/95 153/1000/95
f 597/1048/102 588/1005/102 154/1008/102 152/1049/102
f 602/1070/97 599/1055/97 143/977/97 153/1000/97
f 599/1073/79 602/1074/79 154/1075/79 144/1076/79
f 603/1077/80 605/1078/80 145/978/80 149/1079/80
f 605/1080/81 603/1081/81 150/1082/81 146/1083/81
f 584/984/82 604/1084/82 149/1079/82 145/978/82
f 604/1085/83 584/985/83 146/988/83 150/1086/83
f 605/1087/84 606/1088/84 155/1089/84 145/1090/84
f 606/1088/85 605/1087/85 146/1091/85 156/1092/85
f 606/1093/82 608/1094/82 159/1095/82 155/999/82
f 608/1096/83 606/1097/83 156/1098/83 160/1099/83
f 607/1100/86 589/1003/86 155/999/86 159/1095/86
f 589/1006/87 607/1101/87 160/1102/87 156/1007/87
f 608/1094/88 603/1077/88 149/1079/88 159/1095/88
f 603/1103/89 608/1104/89 160/1105/89 150/1106/89
f 604/1107/90 607/1108/90 159/1109/90 149/1110/90
f 607/1108/91 604/1107/91 150/1111/91 160/1112/91
f 609/1113/103 612/1114/103 163/1115/103 165/1116/103
f 612/1117/104 609/1118/104 166/1119/104 164/1120/104
f 611/1121/105 610/1122/105 165/1116/105 163/1115/105
f 610/1123/106 611/1124/106 164/1120/106 166/1119/106
f 612/1114/107 613/1125/107 173/1126/107 163/1115/107
f 613/1127/108 612/1117/108 164/1120/108 174/1128/108
f 613/1125/109 616/1129/109 175/1130/109 173/1126/109
f 616/1131/110 613/1127/110 174/1128/110 176/1132/110
f 615/1133/111 614/1134/111 173/1126/111 175/1130/111
f 614/1135/112 615/1136/112 176/1132/112 174/1128/112
f 616/1137/113 609/1138/113 165/1139/113 175/1140/113
f 609/1118/114 616/1131/114 176/1132/114 166/1119/114
f 617/1141/115 620/1142/115 167/1143/115 161/1144/115
f 620/1145/116 617/1146/116 162/1147/116 168/1148/116
f 619/1149/117 618/1150/117 161/1144/117 167/1143/117
f 618/1151/118 619/1152/118 168/1148/118 162/1147/118
f 620/1142/119 622/1153/119 177/1154/119 167/1143/119
f 622/1155/120 620/1145/120 168/1148/120 178/1156/120
f 621/1157/121 619/1149/121 167/1143/121 177/1154/121
f 619/1158/122 621/1159/122 178/1160/122 168/1161/122
f 622/1153/123 624/1162/123 171/1163/123 177/1154/123
f 624/1164/124 622/1155/124 178/1156/124 172/1165/124
f 623/1166/125 621/1157/125 177/1154/125 171/1163/125
f 621/1167/126 623/1168/126 172/1165/126 178/1156/126
f 624/1162/127 617/1141/127 161/1144/127 171/1163/127
f 617/1169/128 624/1170/128 172/1171/128 162/1172/128
f 625/1173/129 626/1174/129 161/1144/129 163/1115/129
f 626/1175/130 625/1176/130 164/1120/130 162/1147/130
f 618/1150/131 611/1121/131 163/1115/131 161/1144/131
f 611/1124/132 618/1151/132 162/1147/132 164/1120/132
f 626/1174/133 627/1177/133 171/1163/133 161/1144/133
f 627/1178/134 626/1175/134 162/1147/134 172/1165/134
f 627/1177/135 628/1179/135 173/1126/135 171/1163/135
f 628/1180/136 627/1178/136 172/1165/136 174/1128/136
f 614/1134/137 623/1166/137 171/1163/137 173/1126/137
f 623/1168/138 614/1135/138 174/1128/138 172/1165/138
f 628/1181/139 625/1182/139 163/1183/139 173/1184/139
f 625/1176/140 628/1180/140 174/1128/140 164/1120/140
f 629/1185/141 631/1186/141 165/1116/141 169/1187/141
f 631/1188/142 629/1189/142 170/1190/142 166/1119/142
f 610/1122/143 630/1191/143 169/1187/143 165/1116/143
f 630/1192/144 610/1123/144 166/1119/144 170/1190/144
f 631/1186/145 632/1193/145 175/1130/145 165/1116/145
f 632/1194/146 631/1195/146 166/1196/146 176/1197/146
f 632/1193/147 634/1198/147 179/1199/147 175/1130/147
f 634/1200/148 632/1201/148 176/1132/148 180/1202/148
f 633/1203/149 615/1133/149 175/1130/149 179/1199/149
f 615/1136/150 633/1204/150 180/1202/150 176/1132/150
f 634/1205/151 629/1206/151 169/1207/151 179/1208/151
f 629/1189/152 634/1200/152 180/1202/152 170/1190/152
f 630/1191/153 633/1203/153 179/1199/153 169/1187/153
f 633/1209/154 630/1210/154 170/1211/154 180/1212/154
f 635/1213/155 638/1214/155 183/1215/155 185/1216/155
f 638/1217/156 635/1218/156 186/1219/156 184/1220/156
f 637/1221/157 636/1222/157 185/1216/157 183/1215/157
f 636/1223/158 637/1224/158 184/1220/158 186/1219/158
f 638/1214/159 639/1225/159 193/1226/159 183/1215/159
f 639/1227/160 638/1217/160 184/1220/160 194/1228/160
f 639/1225/161 642/1229/161 195/1230/161 193/1226/161
f 642/1231/162 639/1227/162 194/1228/162 196/1232/162
f 641/1233/163 640/1234/163 193/1226/163 195/1230/163
f 640/1235/164 641/1236/164 196/1232/164 194/1228/164
f 642/1237/165 635/1238/165 185/1239/165 195/1240/165
f 635/1218/166 642/1231/166 196/1232/166 186/1219/166
f 643/1241/115 646/1242/115 187/1243/115 181/1244/115
f 646/1245/116 643/1246/116 182/1247/116 188/1248/116
f 645/1249/123 644/1250/123 181/1244/123 187/1243/123
f 644/1251/124 645/1252/124 188/1248/124 182/1247/124
f 646/1242/119 648/1253/119 197/1254/119 187/1243/119
f 648/1255/120 646/1245/120 188/1248/120 198/1256/120
f 647/1257/121 645/1249/121 187/1243/121 197/1254/121
f 645/1258/122 647/1259/122 198/1260/122 188/1261/122
f 648/1253/117 650/1262/117 191/1263/117 197/1254/117
f 650/1264/118 648/1255/118 198/1256/118 192/1265/118
f 649/1266/167 647/1257/167 197/1254/167 191/1263/167
f 647/1267/168 649/1268/168 192/1265/168 198/1256/168
f 650/1262/169 643/1241/169 181/1244/169 191/1263/169
f 643/1269/170 650/1270/170 192/1271/170 182/1272/170
f 651/1273/129 652/1274/129 181/1244/129 183/1215/129
f 652/1275/130 651/1276/130 184/1220/130 182/1247/130
f 644/1250/171 637/1221/171 183/1215/171 181/1244/171
f 637/1224/172 644/1251/172 182/1247/172 184/1220/172
f 652/1274/173 653/1277/173 191/1263/173 181/1244/173
f 653/1278/174 652/1275/174 182/1247/174 192/1265/174
f 653/1277/175 654/1279/175 193/1226/175 191/1263/175
f 654/1280/176 653/1278/176 192/1265/176 194/1228/176
f 640/1234/177 649/1266/177 191/1263/177 193/1226/177
f 649/1268/178 640/1235/178 194/1228/178 192/1265/178
f 654/1281/179 651/1282/179 183/1283/179 193/1284/179
f 651/1276/180 654/1280/180 194/1228/180 184/1220/180
f 655/1285/181 657/1286/181 185/1216/181 189/1287/181
f 657/1288/182 655/1289/182 190/1290/182 186/1219/182
f 636/1222/183 656/1291/183 189/1287/183 185/1216/183
f 656/1292/184 636/1223/184 186/1219/184 190/1290/184
f 657/1286/185 658/1293/185 195/1230/185 185/1216/185
f 658/1294/186 657/1295/186 186/1296/186 196/1297/186
f 658/1293/143 660/1298/143 199/1299/143 195/1230/143
f 660/1300/144 658/1301/144 196/1232/144 200/1302/144
f 659/1303/141 641/1233/141 195/1230/141 199/1299/141
f 641/1236/142 659/1304/142 200/1302/142 196/1232/142
f 660/1305/151 655/1306/151 189/1307/151 199/1308/151
f 655/1289/152 660/1300/152 200/1302/152 190/1290/152
f 656/1291/153 659/1303/153 199/1299/153 189/1287/153
f 659/1309/154 656/1310/154 190/1311/154 200/1312/154
f 661/1313/155 664/1314/155 203/1315/155 205/1316/155
f 664/1317/187 661/1318/187 206/1319/187 204/1320/187
f 663/1321/157 662/1322/157 205/1316/157 203/1315/157
f 662/1323/158 663/1324/158 204/1320/158 206/1319/158
f 664/1314/159 665/1325/159 213/1326/159 203/1315/159
f 665/1327/160 664/1317/160 204/1320/160 214/1328/160
f 665/1325/161 668/1329/161 215/1330/161 213/1326/161
f 668/1331/162 665/1327/162 214/1328/162 216/1332/162
f 667/1333/163 666/1334/163 213/1326/163 215/1330/163
f 666/1335/164 667/1336/164 216/1332/164 214/1328/164
f 668/1337/165 661/1338/165 205/1339/165 215/1340/165
f 661/1318/166 668/1331/166 216/1332/166 206/1319/166
f 669/1341/115 672/1342/115 207/1343/115 201/1344/115
f 672/1345/116 669/1346/116 202/1347/116 208/1348/116
f 671/1349/123 670/1350/123 201/1344/123 207/1343/123
f 670/1351/124 671/1352/124 208/1348/124 202/1347/124
f 672/1342/119 674/1353/119 217/1354/119 207/1343/119
f 674/1355/120 672/1345/120 208/1348/120 218/1356/120
f 673/1357/121 671/1349/121 207/1343/121 217/1354/121
f 671/1358/122 673/1359/122 218/1360/122 208/1361/122
f 674/1353/188 676/1362/188 211/1363/188 217/1354/188
f 676/1364/118 674/1355/118 218/1356/118 212/1365/118
f 675/1366/189 673/1357/189 217/1354/189 211/1363/189
f 673/1367/168 675/1368/168 212/1365/168 218/1356/168
f 676/1362/169 669/1341/169 201/1344/169 211/1363/169
f 669/1369/170 676/1370/170 212/1371/170 202/1372/170
f 677/1373/129 678/1374/129 201/1344/129 203/1315/129
f 678/1375/130 677/1376/130 204/1320/130 202/1347/130
f 670/1350/190 663/1321/190 203/1315/190 201/1344/190
f 663/1324/191 670/1351/191 202/1347/191 204/1320/191
f 678/1374/173 679/1377/173 211/1363/173 201/1344/173
f 679/1378/174 678/1375/174 202/1347/174 212/1365/174
f 679/1377/192 680/1379/192 213/1326/192 211/1363/192
f 680/1380/193 679/1378/193 212/1365/193 214/1328/193
f 666/1334/177 675/1366/177 211/1363/177 213/1326/177
f 675/1368/178 666/1335/178 214/1328/178 212/1365/178
f 680/1381/179 677/1382/179 203/1383/179 213/1384/179
f 677/1376/180 680/1380/180 214/1328/180 204/1320/180
f 681/1385/181 683/1386/181 205/1316/181 209/1387/181
f 683/1388/182 681/1389/182 210/1390/182 206/1319/182
f 662/1322/183 682/1391/183 209/1387/183 205/1316/183
f 682/1392/184 662/1323/184 206/1319/184 210/1390/184
f 683/1386/185 684/1393/185 215/1330/185 205/1316/185
f 684/1394/186 683/1395/186 206/1396/186 216/1397/186
f 684/1393/143 686/1398/143 219/1399/143 215/1330/143
f 686/1400/144 684/1401/144 216/1332/144 220/1402/144
f 685/1403/194 667/1333/194 215/1330/194 219/1399/194
f 667/1336/142 685/1404/142 220/1402/142 216/1332/142
f 686/1405/151 681/1406/151 209/1407/151 219/1408/151
f 681/1389/152 686/1400/152 220/1402/152 210/1390/152
f 682/1391/153 685/1403/153 219/1399/153 209/1387/153
f 685/1409/154 682/1410/154 210/1411/154 220/1412/154
f 687/1413/155 690/1414/155 223/1415/155 225/1416/155
f 690/1417/156 687/1418/156 226/1419/156 224/1420/156
f 689/1421/157 688/1422/157 225/1416/157 223/1415/157
f 688/1423/195 689/1424/195 224/1420/195 226/1419/195
f 690/1414/159 691/1425/159 233/1426/159 223/1415/159
f 691/1427/160 690/1417/160 224/1420/160 234/1428/160
f 691/1425/196 694/1429/196 235/1430/196 233/1426/196
f 694/1431/162 691/1427/162 234/1428/162 236/1432/162
f 693/1433/163 692/1434/163 233/1426/163 235/1430/163
f 692/1435/164 693/1436/164 236/1432/164 234/1428/164
f 694/1437/165 687/1438/165 225/1439/165 235/1440/165
f 687/1418/166 694/1431/166 236/1432/166 226/1419/166
f 695/1441/115 698/1442/115 227/1443/115 221/1444/115
f 698/1445/116 695/1446/116 222/1447/116 228/1448/116
f 697/1449/123 696/1450/123 221/1444/123 227/1443/123
f 696/1451/124 697/1452/124 228/1448/124 222/1447/124
f 698/1442/119 700/1453/119 237/1454/119 227/1443/119
f 700/1455/120 698/1445/120 228/1448/120 238/1456/120
f 699/1457/121 697/1449/121 227/1443/121 237/1454/121
f 697/1458/122 699/1459/122 238/1460/122 228/1461/122
f 700/1453/188 702/1462/188 231/1463/188 237/1454/188
f 702/1464/197 700/1455/197 238/1456/197 232/1465/197
f 701/1466/167 699/1457/167 237/1454/167 231/1463/167
f 699/1467/198 701/1468/198 232/1465/198 238/1456/198
f 702/1462/169 695/1441/169 221/1444/169 231/1463/169
f 695/1469/170 702/1470/170 232/1471/170 222/1472/170
f 703/1473/129 704/1474/129 221/1444/129 223/1415/129
f 704/1475/130 703/1476/130 224/1420/130 222/1447/130
f 696/1450/171 689/1421/171 223/1415/171 221/1444/171
f 689/1424/172 696/1451/172 222/1447/172 224/1420/172
f 704/1474/173 705/1477/173 231/1463/173 221/1444/173
f 705/1478/174 704/1475/174 222/1447/174 232/1465/174
f 705/1477/192 706/1479/192 233/1426/192 231/1463/192
f 706/1480/199 705/1478/199 232/1465/199 234/1428/199
f 692/1434/177 701/1466/177 231/1463/177 233/1426/177
f 701/1468/178 692/1435/178 234/1428/178 232/1465/178
f 706/1481/179 703/1482/179 223/1483/179 233/1484/179
f 703/1476/180 706/1480/180 234/1428/180 224/1420/180
f 707/1485/200 709/1486/200 225/1416/200 229/1487/200
f 709/1488/182 707/1489/182 230/1490/182 226/1419/182
f 688/1422/183 708/1491/183 229/1487/183 225/1416/183
f 708/1492/184 688/1423/184 226/1419/184 230/1490/184
f 709/1486/185 710/1493/185 235/1430/185 225/1416/185
f 710/1494/186 709/1495/186 226/1496/186 236/1497/186
f 710/1493/201 712/1498/201 239/1499/201 235/1430/201
f 712/1500/144 710/1501/144 236/1432/144 240/1502/144
f 711/1503/141 693/1433/141 235/1430/141 239/1499/141
f 693/1436/142 711/1504/142 240/1502/142 236/1432/142
f 712/1505/151 707/1506/151 229/1507/151 239/1508/151
f 707/1489/152 712/1500/152 240/1502/152 230/1490/152
f 708/1491/153 711/1503/153 239/1499/153 229/1487/153
f 711/1509/154 708/1510/154 230/1511/154 240/1512/154
f 713/1513/202 716/1514/202 243/1515/202 245/1516/202
f 716/1517/203 713/1518/203 246/1519/203 244/1520/203
f 715/1521/204 714/1522/204 245/1523/204 243/1524/204
f 714/1525/205 715/1526/205 244/1520/205 246/1519/205
f 716/1527/206 717/1528/206 253/1529/206 243/1530/206
f 717/1531/207 716/1532/207 244/1533/207 254/1534/207
f 717/1528/208 720/1535/208 255/1536/208 253/1529/208
f 720/1537/205 717/1538/205 254/1539/205 256/1540/205
f 719/1541/202 718/1542/202 253/1543/202 255/1544/202
f 718/1545/203 719/1546/203 256/1540/203 254/1539/203
f 720/1547/209 713/1548/209 245/1549/209 255/1550/209
f 713/1518/210 720/1537/210 256/1540/210 246/1519/210
f 721/1551/211 724/1552/211 247/1553/211 241/1554/211
f 724/1555/212 721/1556/212 242/1557/212 248/1558/212
f 723/1559/213 722/1560/213 241/1561/213 247/1562/213
f 722/1563/214 723/1564/214 248/1558/214 242/1557/214
f 724/1565/215 726/1566/215 257/1567/215 247/1568/215
f 726/1566/216 724/1565/216 248/1569/216 258/1570/216
f 725/1571/217 723/1572/217 247/1573/217 257/1574/217
f 723/1564/218 725/1575/218 258/1576/218 248/1558/218
f 726/1577/219 728/1578/219 251/1579/219 257/1580/219
f 728/1581/214 726/1582/214 258/1576/214 252/1583/214
f 727/1584/211 725/1585/211 257/1586/211 251/1587/211
f 725/1575/212 727/1588/212 252/1583/212 258/1576/212
f 728/1589/220 721/1590/220 241/1591/220 251/1592/220
f 721/1556/221 728/1581/221 252/1583/221 242/1557/221
f 729/1593/222 730/1594/222 241/1595/222 243/1596/222
f 730/1597/223 729/1598/223 244/1520/223 242/1557/223
f 722/1560/224 715/1521/224 243/1524/224 241/1561/224
f 715/1526/225 722/1563/225 242/1557/225 244/1520/225
f 730/1599/226 731/1600/226 251/1601/226 241/1602/226
f 731/1603/227 730/1604/227 242/1605/227 252/1606/227
f 731/1600/228 732/1607/228 253/1608/228 251/1601/228
f 732/1609/229 731/1610/229 252/1583/229 254/1539/229
f 718/1542/222 727/1584/222 251/1587/222 253/1543/222
f 727/1588/223 718/1545/223 254/1539/223 252/1583/223
f 732/1611/230 729/1612/230 243/1613/230 253/1614/230
f 729/1598/231 732/1609/231 254/1539/231 244/1520/231
f 733/1615/232 735/1616/232 245/1617/232 249/1618/232
f 735/1619/233 733/1620/233 250/1621/233 246/1519/233
f 714/1522/234 734/1622/234 249/1623/234 245/1523/234
f 734/1624/235 714/1525/235 246/1519/235 250/1621/235
f 735/1625/236 736/1626/236 255/1627/236 245/1628/236
f 736/1629/237 735/1630/237 246/1631/237 256/1632/237
f 736/1626/234 738/1633/234 259/1634/234 255/1627/234
f 738/1635/235 736/1636/235 256/1540/235 260/1637/235
f 737/1638/232 719/1541/232 255/1544/232 259/1639/232
f 719/1546/233 737/1640/233 260/1637/233 256/1540/233
f 738/1641/238 733/1642/238 249/1643/238 259/1644/238
f 733/1620/239 738/1635/239 260/1637/239 250/1621/239
f 734/1622/240 737/1645/240 259/1646/240 249/1623/240
f 737/1647/241 734/1648/241 250/1649/241 260/1650/241
f 739/1651/242 742/1652/242 263/1653/242 265/1654/242
f 742/1655/243 739/1656/243 266/1657/243 264/1658/243
f 741/1659/208 740/1660/208 265/1661/208 263/1662/208
f 740/1663/244 741/1664/244 264/1658/244 266/1657/244
f 742/1665/206 743/1666/206 273/1667/206 263/1668/206
f 743/1669/207 742/1670/207 264/1671/207 274/1672/207
f 743/1666/204 746/1673/204 275/1674/204 273/1667/204
f 746/1675/205 743/1676/205 274/1677/205 276/1678/205
f 745/1679/242 744/1680/242 273/1681/242 275/1682/242
f 744/1683/203 745/1684/203 276/1678/203 274/1677/203
f 746/1685/209 739/1686/209 265/1687/209 275/1688/209
f 739/1656/210 746/1675/210 276/1678/210 266/1657/210
f 747/1689/211 750/1690/211 267/1691/211 261/1692/211
f 750/1693/212 747/1694/212 262/1695/212 268/1696/212
f 749/1697/219 748/1698/219 261/1699/219 267/1700/219
f 748/1701/214 749/1702/214 268/1696/214 262/1695/214
f 750/1703/215 752/1704/215 277/1705/215 267/1706/215
f 752/1704/216 750/1703/216 268/1707/216 278/1708/216
f 751/1709/217 749/1710/217 267/1711/217 277/1712/217
f 749/1702/218 751/1713/218 278/1714/218 268/1696/218
f 752/1715/219 754/1716/219 271/1717/219 277/1718/219
f 754/1719/214 752/1720/214 278/1714/214 272/1721/214
f 753/1722/245 751/1723/245 277/1724/245 271/1725/245
f 751/1713/212 753/1726/212 272/1721/212 278/1714/212
f 754/1727/220 747/1728/220 261/1729/220 271/1730/220
f 747/1694/221 754/1719/221 272/1721/221 262/1695/221
f 755/1731/222 756/1732/222 261/1733/222 263/1734/222
f 756/1735/246 755/1736/246 264/1658/246 262/1695/246
f 748/1698/224 741/1659/224 263/1662/224 261/1699/224
f 741/1664/229 748/1701/229 262/1695/229 264/1658/229
f 756/1737/226 757/1738/226 271/1739/226 261/1740/226
f 757/1741/227 756/1742/227 262/1743/227 272/1744/227
f 757/1738/224 758/1745/224 273/1746/224 271/1739/224
f 758/1747/229 757/1748/229 272/1721/229 274/1677/229
f 744/1680/222 753/1722/222 271/1725/222 273/1681/222
f 753/1726/246 744/1683/246 274/1677/246 272/1721/246
f 758/1749/230 755/1750/230 263/1751/230 273/1752/230
f 755/1736/231 758/1747/231 274/1677/231 264/1658/231
f 759/1753/232 761/1754/232 265/1755/232 269/1756/232
f 761/1757/233 759/1758/233 270/1759/233 266/1657/233
f 740/1660/234 760/1760/234 269/1761/234 265/1661/234
f 760/1762/235 740/1663/235 266/1657/235 270/1759/235
f 761/1763/236 762/1764/236 275/1765/236 265/1766/236
f 762/1767/237 761/1768/237 266/1769/237 276/1770/237
f 762/1764/234 764/1771/234 279/1772/234 275/1765/234
f 764/1773/235 762/1774/235 276/1678/235 280/1775/235
f 763/1776/232 745/1679/232 275/1682/232 279/1777/232
f 745/1684/233 763/1778/233 280/1775/233 276/1678/233
f 764/1779/238 759/1780/238 269/1781/238 279/1782/238
f 759/1758/239 764/1773/239 280/1775/239 270/1759/239
f 760/1760/240 763/1783/240 279/1784/240 269/1761/240
f 763/1785/241 760/1786/241 270/1787/241 280/1788/241
f 765/1789/202 768/1790/202 283/1791/202 285/1792/202
f 768/1793/243 765/1794/243 286/1795/243 284/1796/243
f 767/1797/204 766/1798/204 285/1799/204 283/1800/204
f 766/1801/205 767/1802/205 284/1796/205 286/1795/205
f 768/1803/206 769/1804/206 293/1805/206 283/1806/206
f 769/1807/207 768/1808/207 284/1809/207 294/1810/207
f 769/1804/204 772/1811/204 295/1812/204 293/1805/204
f 772/1813/205 769/1814/205 294/1815/205 296/1816/205
f 771/1817/202 770/1818/202 293/1819/202 295/1820/202
f 770/1821/203 771/1822/203 296/1816/203 294/1815/203
f 772/1823/209 765/1824/209 285/1825/209 295/1826/209
f 765/1794/210 772/1813/210 296/1816/210 286/1795/210
f 773/1827/211 776/1828/211 287/1829/211 281/1830/211
f 776/1831/212 773/1832/212 282/1833/212 288/1834/212
f 775/1835/213 774/1836/213 281/1837/213 287/1838/213
f 774/1839/214 775/1840/214 288/1834/214 282/1833/214
f 776/1841/215 778/1842/215 297/1843/215 287/1844/215
f 778/1842/216 776/1841/216 288/1845/216 298/1846/216
f 777/1847/217 775/1848/217 287/1849/217 297/1850/217
f 775/1840/218 777/1851/218 298/1852/218 288/1834/218
f 778/1853/219 780/1854/219 291/1855/219 297/1856/219
f 780/1857/214 778/1858/214 298/1852/214 292/1859/214
f 779/1860/211 777/1861/211 297/1862/211 291/1863/211
f 777/1851/212 779/1864/212 292/1859/212 298/1852/212
f 780/1865/220 773/1866/220 281/1867/220 291/1868/220
f 773/1832/221 780/1857/221 292/1859/221 282/1833/221
f 781/1869/247 782/1870/247 281/1871/247 283/1872/247
f 782/1873/246 781/1874/246 284/1796/246 282/1833/246
f 774/1836/228 767/1797/228 283/1800/228 281/1837/228
f 767/1802/229 774/1839/229 282/1833/229 284/1796/229
f 782/1875/226 783/1876/226 291/1877/226 281/1878/226
f 783/1879/227 782/1880/227 282/1881/227 292/1882/227
f 783/1876/228 784/1883/228 293/1884/228 291/1877/228
f 784/1885/229 783/1886/229 292/1859/229 294/1815/229
f 770/1818/247 779/1860/247 291/1863/247 293/1819/247
f 779/1864/223 770/1821/223 294/1815/223 292/1859/223
f 784/1887/230 781/1888/230 283/1889/230 293/1890/230
f 781/1874/231 784/1885/231 294/1815/231 284/1796/231
f 785/1891/232 787/1892/232 285/1893/232 289/1894/232
f 787/1895/233 785/1896/233 290/1897/233 286/1795/233
f 766/1798/234 786/1898/234 289/1899/234 285/1799/234
f 786/1900/235 766/1801/235 286/1795/235 290/1897/235
f 787/1901/236 788/1902/236 295/1903/236 285/1904/236
f 788/1905/248 787/1906/248 286/1907/248 296/1908/248
f 788/1902/234 790/1909/234 299/1910/234 295/1903/234
f 790/1911/235 788/1912/235 296/1816/235 300/1913/235
f 789/1914/232 771/1817/232 295/1820/232 299/1915/232
f 771/1822/233 789/1916/233 300/1913/233 296/1816/233
f 790/1917/238 785/1918/238 289/1919/238 299/1920/238
f 785/1896/239 790/1911/239 300/1913/239 290/1897/239
f 786/1898/240 789/1921/240 299/1922/240 289/1899/240
f 789/1923/241 786/1924/241 290/1925/241 300/1926/241
f 791/1927/242 794/1928/242 303/1929/242 305/1930/242
f 794/1931/243 791/1932/243 306/1933/243 304/1934/243
f 793/1935/208 792/1936/208 305/1937/208 303/1938/208
f 792/1939/244 793/1940/244 304/1934/244 306/1933/244
f 794/1941/206 795/1942/206 313/1943/206 303/1944/206
f 795/1945/207 794/1946/207 304/1947/207 314/1948/207
f 795/1942/204 798/1949/204 315/1950/204 313/1943/204
f 798/1951/205 795/1952/205 314/1953/205 316/1954/205
f 797/1955/202 796/1956/202 313/1957/202 315/1958/202
f 796/1959/203 797/1960/203 316/1954/203 314/1953/203
f 798/1961/209 791/1962/209 305/1963/209 315/1964/209
f 791/1932/210 798/1951/210 316/1954/210 306/1933/210
f 799/1965/211 802/1966/211 307/1967/211 301/1968/211
f 802/1969/249 799/1970/249 302/1971/249 308/1972/249
f 801/1973/219 800/1974/219 301/1975/219 307/1976/219
f 800/1977/214 801/1978/214 308/1972/214 302/1971/214
f 802/1979/215 804/1980/215 317/1981/215 307/1982/215
f 804/1980/216 802/1979/216 308/1983/216 318/1984/216
f 803/1985/217 801/1986/217 307/1987/217 317/1988/217
f 801/1978/218 803/1989/218 318/1990/218 308/1972/218
f 804/1991/213 806/1992/213 311/1993/213 317/1994/213
f 806/1995/214 804/1996/214 318/1990/214 312/1997/214
f 805/1998/211 803/1999/211 317/2000/211 311/2001/211
f 803/1989/212 805/2002/212 312/1997/212 318/1990/212
f 806/2003/220 799/2004/220 301/2005/220 311/2006/220
f 799/1970/221 806/1995/221 312/1997/221 302/1971/221
f 807/2007/247 808/2008/247 301/2009/247 303/2010/247
f 808/2011/223 807/2012/223 304/1934/223 302/1971/223
f 800/1974/228 793/1935/228 303/1938/228 301/1975/228
f 793/1940/229 800/1977/229 302/1971/229 304/1934/229
f 808/2013/226 809/2014/226 311/2015/226 301/2016/226
f 809/2017/227 808/2018/227 302/2019/227 312/2020/227
f 809/2014/224 810/2021/224 313/2022/224 311/2015/224
f 810/2023/225 809/2024/225 312/1997/225 314/1953/225
f 796/1956/222 805/1998/222 311/2001/222 313/1957/222
f 805/2002/246 796/1959/246 314/1953/246 312/1997/246
f 810/2025/230 807/2026/230 303/2027/230 313/2028/230
f 807/2012/231 810/2023/231 314/1953/231 304/1934/231
f 811/2029/232 813/2030/232 305/2031/232 309/2032/232
f 813/2033/233 811/2034/233 310/2035/233 306/1933/233
f 792/1936/234 812/2036/234 309/2037/234 305/1937/234
f 812/2038/235 792/1939/235 306/1933/235 310/2035/235
f 813/2039/236 814/2040/236 315/2041/236 305/2042/236
f 814/2043/237 813/2044/237 306/2045/237 316/2046/237
f 814/2040/234 816/2047/234 319/2048/234 315/2041/234
f 816/2049/235 814/2050/235 316/1954/235 320/2051/235
f 815/2052/232 797/1955/232 315/1958/232 319/2053/232
f 797/1960/233 815/2054/233 320/2051/233 316/1954/233
f 816/2055/238 811/2056/238 309/2057/238 319/2058/238
f 811/2034/239 816/2049/239 320/2051/239 310/2035/239
f 812/2036/240 815/2059/240 319/2060/240 309/2037/240
f 815/2061/241 812/2062/241 310/2063/241 320/2064/241
f 817/2065/250 820/2066/250 323/2067/250 325/2068/250
f 820/2069/251 817/2070/251 326/2071/251 324/2072/251
f 819/2073/252 818/2074/252 325/2075/252 323/2076/252
f 818/2077/253 819/2078/253 324/2072/253 326/2071/253
f 820/2079/254 821/2080/254 333/2081/254 323/2082/254
f 821/2083/255 820/2084/255 324/2085/255 334/2086/255
f 821/2087/252 824/2088/252 335/2089/252 333/2090/252
f 824/2091/256 821/2092/256 334/2093/256 336/2094/256
f 823/2095/250 822/2096/250 333/2097/250 335/2098/250
f 822/2099/251 823/2100/251 336/2094/251 334/2093/251
f 824/2088/257 817/2101/257 325/2102/257 335/2089/257
f 817/2070/258 824/2091/258 336/2094/258 326/2071/258
f 825/2103/259 828/2104/259 327/2105/259 321/2106/259
f 828/2107/260 825/2108/260 322/2109/260 328/2110/260
f 827/2111/261 826/2112/261 321/2113/261 327/2114/261
f 826/2115/262 827/2116/262 328/2110/262 322/2109/262
f 828/2117/263 830/2118/263 337/2119/263 327/2120/263
f 830/2121/264 828/2122/264 328/2123/264 338/2124/264
f 829/2125/265 827/2111/265 327/2114/265 337/2126/265
f 827/2116/266 829/2127/266 338/2128/266 328/2110/266
f 830/2129/261 832/2130/261 331/2131/261 337/2132/261
f 832/2133/262 830/2134/262 338/2128/262 332/2135/262
f 831/2136/259 829/2137/259 337/2138/259 331/2139/259
f 829/2127/260 831/2140/260 332/2135/260 338/2128/260
f 832/2130/267 825/2141/267 321/2142/267 331/2131/267
f 825/2108/268 832/2133/268 332/2135/268 322/2109/268
f 833/2143/269 834/2144/269 321/2145/269 323/2146/269
f 834/2147/270 833/2148/270 324/2072/270 322/2109/270
f 826/2112/271 819/2073/271 323/2076/271 321/2113/271
f 819/2078/272 826/2115/272 322/2109/272 324/2072/272
f 834/2149/273 835/2150/273 331/2151/273 321/2152/273
f 835/2153/274 834/2154/274 322/2155/274 332/2156/274
f 835/2157/271 836/2158/271 333/2159/271 331/2160/271
f 836/2161/272 835/2162/272 332/2135/272 334/2093/272
f 822/2096/269 831/2136/269 331/2139/269 333/2097/269
f 831/2140/270 822/2099/270 334/2093/270 332/2135/270
f 836/2158/275 833/2163/275 323/2164/275 333/2159/275
f 833/2148/276 836/2161/276 334/2093/276 324/2072/276
f 837/2165/277 839/2166/277 325/2167/277 329/2168/277
f 839/2169/278 837/2170/278 330/2171/278 326/2172/278
f 818/2074/279 838/2173/279 329/2174/279 325/2075/279
f 838/2175/280 818/2176/280 326/2172/280 330/2171/280
f 839/2177/281 840/2178/281 335/2179/281 325/2180/281
f 840/2181/282 839/2169/282 326/2172/282 336/2182/282
f 840/2183/279 842/2184/279 339/2185/279 335/2186/279
f 842/2187/280 840/2181/280 336/2182/280 340/2188/280
f 841/2189/277 823/2095/277 335/2098/277 339/2190/277
f 823/2191/278 841/2192/278 340/2188/278 336/2182/278
f 842/2184/283 837/2193/283 329/2194/283 339/2185/283
f 837/2195/284 842/2196/284 340/2197/284 330/2198/284
f 838/2199/285 841/2200/285 339/2201/285 329/2202/285
f 841/2192/286 838/2175/286 330/2171/286 340/2188/286
f 843/2203/250 846/2204/250 343/2205/250 345/2206/250
f 846/2207/251 843/2208/251 346/2209/251 344/2210/251
f 845/2211/252 844/2212/252 345/2213/252 343/2214/252
f 844/2215/253 845/2216/253 344/2210/253 346/2209/253
f 846/2217/254 847/2218/254 353/2219/254 343/2220/254
f 847/2221/255 846/2222/255 344/2223/255 354/2224/255
f 847/2225/252 850/2226/252 355/2227/252 353/2228/252
f 850/2229/256 847/2230/256 354/2231/256 356/2232/256
f 849/2233/250 848/2234/250 353/2235/250 355/2236/250
f 848/2237/287 849/2238/287 356/2232/287 354/2231/287
f 850/2226/257 843/2239/257 345/2240/257 355/2227/257
f 843/2208/258 850/2229/258 356/2232/258 346/2209/258
f 851/2241/288 854/2242/288 347/2243/288 341/2244/288
f 854/2245/260 851/2246/260 342/2247/260 348/2248/260
f 853/2249/261 852/2250/261 341/2251/261 347/2252/261
f 852/2253/262 853/2254/262 348/2248/262 342/2247/262
f 854/2255/263 856/2256/263 357/2257/263 347/2258/263
f 856/2259/264 854/2260/264 348/2261/264 358/2262/264
f 855/2263/265 853/2249/265 347/2252/265 357/2264/265
f 853/2254/266 855/2265/266 358/2266/266 348/2248/266
f 856/2267/261 858/2268/261 351/2269/261 357/2270/261
f 858/2271/262 856/2272/262 358/2266/262 352/2273/262
f 857/2274/259 855/2275/259 357/2276/259 351/2277/259
f 855/2265/260 857/2278/260 352/2273/260 358/2266/260
f 858/2268/267 851/2279/267 341/2280/267 351/2269/267
f 851/2246/268 858/2271/268 352/2273/268 342/2247/268
f 859/2281/269 860/2282/269 341/2283/269 343/2284/269
f 860/2285/270 859/2286/270 344/2210/270 342/2247/270
f 852/2250/271 845/2211/271 343/2214/271 341/2251/271
f 845/2216/272 852/2253/272 342/2247/272 344/2210/272
f 860/2287/273 861/2288/273 351/2289/273 341/2290/273
f 861/2291/274 860/2292/274 342/2293/274 352/2294/274
f 861/2295/271 862/2296/271 353/2297/271 351/2298/271
f 862/2299/272 861/2300/272 352/2273/272 354/2231/272
f 848/2234/269 857/2274/269 351/2277/269 353/2235/269
f 857/2278/270 848/2237/270 354/2231/270 352/2273/270
f 862/2296/275 859/2301/275 343/2302/275 353/2297/275
f 859/2286/276 862/2299/276 354/2231/276 344/2210/276
f 863/2303/277 865/2304/277 345/2305/277 349/2306/277
f 865/2307/278 863/2308/278 350/2309/278 346/2310/278
f 844/2212/279 864/2311/279 349/2312/279 345/2213/279
f 864/2313/280 844/2314/280 346/2310/280 350/2309/280
f 865/2315/281 866/2316/281 355/2317/281 345/2318/281
f 866/2319/282 865/2307/282 346/2310/282 356/2320/282
f 866/2321/279 868/2322/279 359/2323/279 355/2324/279
f 868/2325/280 866/2319/280 356/2320/280 360/2326/280
f 867/2327/277 849/2233/277 355/2236/277 359/2328/277
f 849/2329/278 867/2330/278 360/2326/278 356/2320/278
f 868/2322/283 863/2331/283 349/2332/283 359/2323/283
f 863/2333/284 868/2334/284 360/2335/284 350/2336/284
f 864/2337/285 867/2338/285 359/2339/285 349/2340/285
f 867/2330/286 864/2313/286 350/2309/286 360/2326/286
f 869/2341/289 872/2342/289 363/2343/289 365/2344/289
f 872/2345/290 869/2346/290 366/2347/290 364/2348/290
f 871/2349/291 870/2350/291 365/2351/291 363/2352/291
f 870/2353/292 871/2354/292 364/2348/292 366/2347/292
f 872/2355/293 873/2356/293 373/2357/293 363/2358/293
f 873/2359/294 872/2360/294 364/2361/294 374/2362/294
f 873/2363/295 876/2364/295 375/2365/295 373/2366/295
f 876/2367/292 873/2368/292 374/2369/292 376/2370/292
f 875/2371/296 874/2372/296 373/2373/296 375/2374/296
f 874/2375/290 875/2376/290 376/2370/290 374/2369/290
f 876/2364/297 869/2377/297 365/2378/297 375/2365/297
f 869/2346/298 876/2367/298 376/2370/298 366/2347/298
f 877/2379/288 880/2380/288 367/2381/288 361/2382/288
f 880/2383/260 877/2384/260 362/2385/260 368/2386/260
f 879/2387/261 878/2388/261 361/2389/261 367/2390/261
f 878/2391/262 879/2392/262 368/2386/262 362/2385/262
f 880/2393/263 882/2394/263 377/2395/263 367/2396/263
f 882/2397/264 880/2398/264 368/2399/264 378/2400/264
f 881/2401/265 879/2387/265 367/2390/265 377/2402/265
f 879/2392/266 881/2403/266 378/2404/266 368/2386/266
f 882/2405/261 884/2406/261 371/2407/261 377/2408/261
f 884/2409/262 882/2410/262 378/2404/262 372/2411/262
f 883/2412/259 881/2413/259 377/2414/259 371/2415/259
f 881/2403/260 883/2416/260 372/2411/260 378/2404/260
f 884/2406/267 877/2417/267 361/2418/267 371/2407/267
f 877/2384/268 884/2409/268 372/2411/268 362/2385/268
f 885/2419/269 886/2420/269 361/2421/269 363/2422/269
f 886/2423/270 885/2424/270 364/2348/270 362/2385/270
f 878/2388/271 871/2349/271 363/2352/271 361/2389/271
f 871/2354/272 878/2391/272 362/2385/272 364/2348/272
f 886/2425/273 887/2426/273 371/2427/273 361/2428/273
f 887/2429/274 886/2430/274 362/2431/274 372/2432/274
f 887/2433/271 888/2434/271 373/2435/271 371/2436/271
f 888/2437/272 887/2438/272 372/2411/272 374/2369/272
f 874/2372/269 883/2412/269 371/2415/269 373/2373/269
f 883/2416/270 874/2375/270 374/2369/270 372/2411/270
f 888/2434/299 885/2439/299 363/2440/299 373/2435/299
f 885/2424/300 888/2437/300 374/2369/300 364/2348/300
f 889/2441/277 891/2442/277 365/2443/277 369/2444/277
f 891/2445/278 889/2446/278 370/2447/278 366/2448/278
f 870/2350/279 890/2449/279 369/2450/279 365/2351/279
f 890/2451/280 870/2452/280 366/2448/280 370/2447/280
f 891/2453/301 892/2454/301 375/2455/301 365/2456/301
f 892/2457/302 891/2445/302 366/2448/302 376/2458/302
f 892/2459/279 894/2460/279 379/2461/279 375/2462/279
f 894/2463/280 892/2457/280 376/2458/280 380/2464/280
f 893/2465/277 875/2371/277 375/2374/277 379/2466/277
f 875/2467/278 893/2468/278 380/2464/278 376/2458/278
f 894/2460/283 889/2469/283 369/2470/283 379/2461/283
f 889/2471/284 894/2472/284 380/2473/284 370/2474/284
f 890/2475/285 893/2476/285 379/2477/285 369/2478/285
f 893/2468/286 890/2451/286 370/2447/286 380/2464/286
f 895/2479/303 898/2480/303 383/2481/303 385/2482/303
f 898/2483/304 895/2484/304 386/2485/304 384/2486/304
f 897/2487/305 896/2488/305 385/2489/305 383/2490/305
f 896/2491/306 897/2492/306 384/2486/306 386/2485/306
f 898/2493/307 899/2494/307 393/2495/307 383/2496/307
f 899/2497/308 898/2498/308 384/2499/308 394/2500/308
f 899/2501/305 902/2502/305 395/2503/305 393/2504/305
f 902/2505/306 899/2506/306 394/2507/306 396/2508/306
f 901/2509/303 900/2510/303 393/2511/303 395/2512/303
f 900/2513/304 901/2514/304 396/2508/304 394/2507/304
f 902/2502/309 895/2515/309 385/2516/309 395/2503/309
f 895/2484/310 902/2505/310 396/2508/310 386/2485/310
f 903/2517/288 906/2518/288 387/2519/288 381/2520/288
f 906/2521/260 903/2522/260 382/2523/260 388/2524/260
f 905/2525/261 904/2526/261 381/2527/261 387/2528/261
f 904/2529/262 905/2530/262 388/2524/262 382/2523/262
f 906/2531/263 908/2532/263 397/2533/263 387/2534/263
f 908/2535/264 906/2536/264 388/2537/264 398/2538/264
f 907/2539/265 905/2525/265 387/2528/265 397/2540/265
f 905/2530/266 907/2541/266 398/2542/266 388/2524/266
f 908/2543/311 910/2544/311 391/2545/311 397/2546/311
f 910/2547/262 908/2548/262 398/2542/262 392/2549/262
f 909/2550/259 907/2551/259 397/2552/259 391/2553/259
f 907/2541/260 909/2554/260 392/2549/260 398/2542/260
f 910/2544/267 903/2555/267 381/2556/267 391/2545/267
f 903/2522/268 910/2547/268 392/2549/268 382/2523/268
f 911/2557/312 912/2558/312 381/2559/312 383/2560/312
f 912/2561/313 911/2562/313 384/2486/313 382/2523/313
f 904/2526/271 897/2487/271 383/2490/271 381/2527/271
f 897/2492/314 904/2529/314 382/2523/314 384/2486/314
f 912/2563/273 913/2564/273 391/2565/273 381/2566/273
f 913/2567/274 912/2568/274 382/2569/274 392/2570/274
f 913/2571/315 914/2572/315 393/2573/315 391/2574/315
f 914/2575/314 913/2576/314 392/2549/314 394/2507/314
f 900/2510/269 909/2550/269 391/2553/269 393/2511/269
f 909/2554/270 900/2513/270 394/2507/270 392/2549/270
f 914/2572/316 911/2577/316 383/2578/316 393/2573/316
f 911/2562/317 914/2575/317 394/2507/317 384/2486/317
f 915/2579/277 917/2580/277 385/2581/277 389/2582/277
f 917/2583/278 915/2584/278 390/2585/278 386/2586/278
f 896/2488/279 916/2587/279 389/2588/279 385/2489/279
f 916/2589/318 896/2590/318 386/2586/318 390/2585/318
f 917/2591/319 918/2592/319 395/2593/319 385/2594/319
f 918/2595/320 917/2583/320 386/2586/320 396/2596/320
f 918/2597/279 920/2598/279 399/2599/279 395/2600/279
f 920/2601/280 918/2595/280 396/2596/280 400/2602/280
f 919/2603/277 901/2509/277 395/2512/277 399/2604/277
f 901/2605/321 919/2606/321 400/2602/321 396/2596/321
f 920/2598/283 915/2607/283 389/2608/283 399/2599/283
f 915/2609/284 920/2610/284 400/2611/284 390/2612/284
f 916/2613/285 919/2614/285 399/2615/285 389/2616/285
f 919/2606/286 916/2589/286 390/2585/286 400/2602/286
f 1421/2617/322 1424/2618/322 923/2619/322 925/2620/322
f 1424/2621/323 1421/2622/323 926/2623/323 924/2624/323
f 1423/2625/324 1422/2626/324 925/2620/324 923/2619/324
f 1422/2627/325 1423/2628/325 924/2629/325 926/2630/325
f 1424/2631/326 1425/2632/326 953/2633/326 923/2634/326
f 1425/2635/327 1424/2636/327 924/2637/327 954/2638/327
f 1425/2639/324 1428/2640/324 955/2641/324 953/2642/324
f 1428/2643/325 1425/2644/325 954/2645/325 956/2646/325
f 1427/2647/322 1426/2648/322 953/2642/322 955/2641/322
f 1426/2649/323 1427/2650/323 956/2651/323 954/2652/323
f 1428/2640/328 1421/2617/328 925/2620/328 955/2641/328
f 1421/2653/329 1428/2643/329 956/2646/329 926/2654/329
f 1429/2655/330 1432/2656/330 927/2657/330 921/2658/330
f 1432/2659/331 1429/2660/331 922/2661/331 928/2662/331
f 1431/2663/332 1430/2664/332 921/2658/332 927/2657/332
f 1430/2665/333 1431/2666/333 928/2667/333 922/2668/333
f 1432/2656/334 1434/2669/334 957/2670/334 927/2657/334
f 1434/2671/335 1432/2672/335 928/2673/335 958/2674/335
f 1433/2675/336 1431/2676/336 927/2677/336 957/2678/336
f 1431/2666/337 1433/2679/337 958/2680/337 928/2667/337
f 1434/2669/332 1436/2681/332 951/2682/332 957/2670/332
f 1436/2683/333 1434/2684/333 958/2685/333 952/2686/333
f 1435/2687/330 1433/2688/330 957/2670/330 951/2682/330
f 1433/2689/331 1435/2690/331 952/2691/331 958/2692/331
f 1436/2693/338 1429/2694/338 921/2695/338 951/2696/338
f 1429/2697/339 1436/2683/339 952/2686/339 922/2698/339
f 1437/2699/330 1440/2700/330 947/2701/330 941/2702/330
f 1440/2703/331 1437/2704/331 942/2705/331 948/2706/331
f 1439/2707/332 1438/2708/332 941/2702/332 947/2701/332
f 1438/2709/333 1439/2710/333 948/2711/333 942/2712/333
f 1440/2700/334 1442/2713/334 933/2714/334 947/2701/334
f 1442/2715/335 1440/2716/335 948/2717/335 934/2718/335
f 1441/2719/336 1439/2720/336 947/2721/336 933/2722/336
f 1439/2710/337 1441/2723/337 934/2724/337 948/2711/337
f 1442/2713/332 1444/2725/332 939/2726/332 933/2714/332
f 1444/2727/333 1442/2728/333 934/2729/333 940/2730/333
f 1443/2731/330 1441/2732/330 933/2714/330 939/2726/330
f 1441/2733/331 1443/2734/331 940/2735/331 934/2736/331
f 1444/2737/338 1437/2738/338 941/2739/338 939/2740/338
f 1437/2741/339 1444/2727/339 940/2730/339 942/2742/339
f 1445/2743/322 1448/2744/322 943/2745/322 945/2746/322
f 1448/2747/323 1445/2748/323 946/2749/323 944/2750/323
f 1447/2751/324 1446/2752/324 945/2746/324 943/2745/324
f 1446/2753/325 1447/2754/325 944/2755/325 946/2756/325
f 1448/2757/326 1449/2758/326 937/2759/326 943/2760/326
f 1449/2761/327 1448/2762/327 944/2763/327 938/2764/327
f 1449/2765/324 1452/2766/324 935/2767/324 937/2768/324
f 1452/2769/325 1449/2770/325 938/2771/325 936/2772/325
f 1451/2773/322 1450/2774/322 937/2768/322 935/2767/322
f 1450/2775/323 1451/2776/323 936/2777/323 938/2778/323
f 1452/2766/328 1445/2743/328 945/2746/328 935/2767/328
f 1445/2779/329 1452/2769/329 936/2772/329 946/2780/329
f 1453/2781/340 1455/2782/340 945/2746/340 949/2783/340
f 1455/2784/341 1453/2785/341 950/2786/341 946/2787/341
f 1446/2752/342 1454/2788/342 949/2783/342 945/2746/342
f 1454/2789/343 1446/2753/343 946/2756/343 950/2790/343
f 1455/2791/344 1456/2792/344 935/2793/344 945/2794/344
f 1456/2795/345 1455/2796/345 946/2797/345 936/2798/345
f 1456/2799/346 1458/2800/346 931/2801/346 935/2767/346
f 1458/2802/347 1456/2803/347 936/2804/347 932/2805/347
f 1457/2806/348 1451/2773/348 935/2767/348 931/2801/348
f 1451/2776/341 1457/2807/341 932/2808/341 936/2777/341
f 1458/2800/349 1453/2781/349 949/2783/349 931/2801/349
f 1453/2809/350 1458/2802/350 932/2805/350 950/2810/350
f 1454/2811/351 1457/2812/351 931/2813/351 949/2814/351
f 1457/2815/352 1454/2816/352 950/2817/352 932/2818/352
f 1459/2819/353 1460/2820/353 941/2821/353 943/2745/353
f 1460/2822/354 1459/2823/354 944/2824/354 942/2825/354
f 1438/2826/355 1447/2751/355 943/2745/355 941/2821/355
f 1447/2754/356 1438/2709/356 942/2712/356 944/2755/356
f 1460/2827/357 1461/2828/357 939/2829/357 941/2830/357
f 1461/2831/358 1460/2832/358 942/2833/358 940/2834/358
f 1461/2835/355 1462/2836/355 937/2768/355 939/2837/355
f 1462/2838/359 1461/2839/359 940/2840/359 938/2841/359
f 1450/2774/353 1443/2842/353 939/2837/353 937/2768/353
f 1443/2734/354 1450/2775/354 938/2778/354 940/2735/354
f 1462/2836/360 1459/2819/360 943/2745/360 937/2768/360
f 1459/2843/361 1462/2838/361 938/2841/361 944/2844/361
f 1463/2845/353 1464/2846/353 921/2847/353 923/2619/353
f 1464/2848/362 1463/2849/362 924/2850/362 922/2851/362
f 1430/2852/355 1423/2625/355 923/2619/355 921/2847/355
f 1423/2628/356 1430/2665/356 922/2668/356 924/2629/356
f 1464/2853/357 1465/2854/357 951/2855/357 921/2856/357
f 1465/2857/358 1464/2858/358 922/2859/358 952/2860/358
f 1465/2861/355 1466/2862/355 953/2642/355 951/2863/355
f 1466/2864/359 1465/2865/359 952/2866/359 954/2867/359
f 1426/2648/353 1435/2868/353 951/2863/353 953/2642/353
f 1435/2690/362 1426/2649/362 954/2652/362 952/2691/362
f 1466/2862/360 1463/2845/360 923/2619/360 953/2642/360
f 1463/2869/361 1466/2864/361 954/2867/361 924/2870/361
f 1467/2871/340 1469/2872/340 925/2620/340 929/2873/340
f 1469/2874/363 1467/2875/363 930/2876/363 926/2877/363
f 1422/2626/342 1468/2878/342 929/2873/342 925/2620/342
f 1468/2879/343 1422/2627/343 926/2630/343 930/2880/343
f 1469/2881/344 1470/2882/344 955/2883/344 925/2884/344
f 1470/2885/345 1469/2886/345 926/2887/345 956/2888/345
f 1470/2889/346 1472/2890/346 959/2891/346 955/2641/346
f 1472/2892/343 1470/2893/343 956/2894/343 960/2895/343
f 1471/2896/348 1427/2647/348 955/2641/348 959/2891/348
f 1427/2650/341 1471/2897/341 960/2898/341 956/2651/341
f 1472/2890/349 1467/2871/349 929/2873/349 959/2891/349
f 1467/2899/350 1472/2892/350 960/2895/350 930/2900/350
f 1468/2901/351 1471/2902/351 959/2903/351 929/2904/351
f 1471/2905/352 1468/2906/352 930/2907/352 960/2908/352
f 1473/2909/322 1476/2910/322 963/2911/322 965/2912/322
f 1476/2913/323 1473/2914/323 966/2915/323 964/2916/323
f 1475/2917/324 1474/2918/324 965/2912/324 963/2911/324
f 1474/2919/325 1475/2920/325 964/2921/325 966/2922/325
f 1476/2923/326 1477/2924/326 973/2925/326 963/2926/326
f 1477/2927/327 1476/2928/327 964/2929/327 974/2930/327
f 1477/2931/324 1480/2932/324 975/2933/324 973/2934/324
f 1480/2935/325 1477/2936/325 974/2937/325 976/2938/325
f 1479/2939/322 1478/2940/322 973/2934/322 975/2933/322
f 1478/2941/323 1479/2942/323 976/2943/323 974/2944/323
f 1480/2932/328 1473/2909/328 965/2912/328 975/2933/328
f 1473/2945/329 1480/2935/329 976/2938/329 966/2946/329
f 1481/2947/330 1484/2948/330 967/2949/330 961/2950/330
f 1484/2951/331 1481/2952/331 962/2953/331 968/2954/331
f 1483/2955/332 1482/2956/332 961/2950/332 967/2949/332
f 1482/2957/333 1483/2958/333 968/2959/333 962/2960/333
f 1484/2948/334 1486/2961/334 977/2962/334 967/2949/334
f 1486/2963/335 1484/2964/335 968/2965/335 978/2966/335
f 1485/2967/336 1483/2968/336 967/2969/336 977/2970/336
f 1483/2958/337 1485/2971/337 978/2972/337 968/2959/337
f 1486/2961/332 1488/2973/332 971/2974/332 977/2962/332
f 1488/2975/333 1486/2976/333 978/2977/333 972/2978/333
f 1487/2979/330 1485/2980/330 977/2962/330 971/2974/330
f 1485/2981/331 1487/2982/331 972/2983/331 978/2984/331
f 1488/2985/338 1481/2986/338 961/2987/338 971/2988/338
f 1481/2989/339 1488/2975/339 972/2978/339 962/2990/339
f 1489/2991/353 1490/2992/353 961/2993/353 963/2911/353
f 1490/2994/362 1489/2995/362 964/2996/362 962/2997/362
f 1482/2998/355 1475/2917/355 963/2911/355 961/2993/355
f 1475/2920/359 1482/2957/359 962/2960/359 964/2921/359
f 1490/2999/357 1491/3000/357 971/3001/357 961/3002/357
f 1491/3003/358 1490/3004/358 962/3005/358 972/3006/358
f 1491/3007/355 1492/3008/355 973/2934/355 971/3009/355
f 1492/3010/359 1491/3011/359 972/3012/359 974/3013/359
f 1478/2940/353 1487/3014/353 971/3009/353 973/2934/353
f 1487/2982/362 1478/2941/362 974/2944/362 972/2983/362
f 1492/3008/360 1489/2991/360 963/2911/360 973/2934/360
f 1489/3015/361 1492/3010/361 974/3013/361 964/3016/361
f 1493/3017/340 1495/3018/340 965/2912/340 969/3019/340
f 1495/3020/363 1493/3021/363 970/3022/363 966/3023/363
f 1474/2918/342 1494/3024/342 969/3019/342 965/2912/342
f 1494/3025/343 1474/2919/343 966/2922/343 970/3026/343
f 1495/3027/344 1496/3028/344 975/3029/344 965/3030/344
f 1496/3031/345 1495/3032/345 966/3033/345 976/3034/345
f 1496/3035/346 1498/3036/346 979/3037/346 975/2933/346
f 1498/3038/347 1496/3039/347 976/3040/347 980/3041/347
f 1497/3042/348 1479/2939/348 975/2933/348 979/3037/348
f 1479/2942/341 1497/3043/341 980/3044/341 976/2943/341
f 1498/3036/349 1493/3017/349 969/3019/349 979/3037/349
f 1493/3045/350 1498/3038/350 980/3041/350 970/3046/350
f 1494/3047/351 1497/3048/351 979/3049/351 969/3050/351
f 1497/3051/352 1494/3052/352 970/3053/352 980/3054/352
f 1499/3055/322 1502/3056/322 983/3057/322 985/3058/322
f 1502/3059/323 1499/3060/323 986/3061/323 984/3062/323
f 1501/3063/324 1500/3064/324 985/3058/324 983/3057/324
f 1500/3065/325 1501/3066/325 984/3067/325 986/3068/325
f 1502/3069/326 1503/3070/326 993/3071/326 983/3072/326
f 1503/3073/327 1502/3074/327 984/3075/327 994/3076/327
f 1503/3077/324 1506/3078/324 995/3079/324 993/3080/324
f 1506/3081/325 1503/3082/325 994/3083/325 996/3084/325
f 1505/3085/322 1504/3086/322 993/3080/322 995/3079/322
f 1504/3087/323 1505/3088/323 996/3089/323 994/3090/323
f 1506/3078/328 1499/3055/328 985/3058/328 995/3079/328
f 1499/3091/329 1506/3081/329 996/3084/329 986/3092/329
f 1507/3093/330 1510/3094/330 987/3095/330 981/3096/330
f 1510/3097/331 1507/3098/331 982/3099/331 988/3100/331
f 1509/3101/332 1508/3102/332 981/3096/332 987/3095/332
f 1508/3103/333 1509/3104/333 988/3105/333 982/3106/333
f 1510/3094/334 1512/3107/334 997/3108/334 987/3095/334
f 1512/3109/335 1510/3110/335 988/3111/335 998/3112/335
f 1511/3113/336 1509/3114/336 987/3115/336 997/3116/336
f 1509/3104/337 1511/3117/337 998/3118/337 988/3105/337
f 1512/3107/332 1514/3119/332 991/3120/332 997/3108/332
f 1514/3121/333 1512/3122/333 998/3123/333 992/3124/333
f 1513/3125/330 1511/3126/330 997/3108/330 991/3120/330
f 1511/3127/331 1513/3128/331 992/3129/331 998/3130/331
f 1514/3131/338 1507/3132/338 981/3133/338 991/3134/338
f 1507/3135/339 1514/3121/339 992/3124/339 982/3136/339
f 1515/3137/353 1516/3138/353 981/3139/353 983/3057/353
f 1516/3140/362 1515/3141/362 984/3142/362 982/3143/362
f 1508/3144/355 1501/3063/355 983/3057/355 981/3139/355
f 1501/3066/356 1508/3103/356 982/3106/356 984/3067/356
f 1516/3145/357 1517/3146/357 991/3147/357 981/3148/357
f 1517/3149/358 1516/3150/358 982/3151/358 992/3152/358
f 1517/3153/355 1518/3154/355 993/3080/355 991/3155/355
f 1518/3156/356 1517/3157/356 992/3158/356 994/3159/356
f 1504/3086/353 1513/3160/353 991/3155/353 993/3080/353
f 1513/3128/362 1504/3087/362 994/3090/362 992/3129/362
f 1518/3154/360 1515/3137/360 983/3057/360 993/3080/360
f 1515/3161/361 1518/3156/361 994/3159/361 984/3162/361
f 1519/3163/340 1521/3164/340 985/3058/340 989/3165/340
f 1521/3166/363 1519/3167/363 990/3168/363 986/3169/363
f 1500/3064/342 1520/3170/342 989/3165/342 985/3058/342
f 1520/3171/343 1500/3065/343 986/3068/343 990/3172/343
f 1521/3173/344 1522/3174/344 995/3175/344 985/3176/344
f 1522/3177/345 1521/3178/345 986/3179/345 996/3180/345
f 1522/3181/346 1524/3182/346 999/3183/346 995/3079/346
f 1524/3184/347 1522/3185/347 996/3186/347 1000/3187/347
f 1523/3188/348 1505/3085/348 995/3079/348 999/3183/348
f 1505/3088/341 1523/3189/341 1000/3190/341 996/3089/341
f 1524/3182/349 1519/3163/349 989/3165/349 999/3183/349
f 1519/3191/350 1524/3184/350 1000/3187/350 990/3192/350
f 1520/3193/351 1523/3194/351 999/3195/351 989/3196/351
f 1523/3197/352 1520/3198/352 990/3199/352 1000/3200/352
f 1525/3201/322 1528/3202/322 1003/3203/322 1005/3204/322
f 1528/3205/323 1525/3206/323 1006/3207/323 1004/3208/323
f 1527/3209/324 1526/3210/324 1005/3204/324 1003/3203/324
f 1526/3211/325 1527/3212/325 1004/3213/325 1006/3214/325
f 1528/3215/326 1529/3216/326 1013/3217/326 1003/3218/326
f 1529/3219/327 1528/3220/327 1004/3221/327 1014/3222/327
f 1529/3223/324 1532/3224/324 1015/3225/324 1013/3226/324
f 1532/3227/325 1529/3228/325 1014/3229/325 1016/3230/325
f 1531/3231/322 1530/3232/322 1013/3226/322 1015/3225/322
f 1530/3233/323 1531/3234/323 1016/3235/323 1014/3236/323
f 1532/3224/328 1525/3201/328 1005/3204/328 1015/3225/328
f 1525/3237/329 1532/3227/329 1016/3230/329 1006/3238/329
f 1533/3239/330 1536/3240/330 1007/3241/330 1001/3242/330
f 1536/3243/331 1533/3244/331 1002/3245/331 1008/3246/331
f 1535/3247/332 1534/3248/332 1001/3242/332 1007/3241/332
f 1534/3249/333 1535/3250/333 1008/3251/333 1002/3252/333
f 1536/3240/334 1538/3253/334 1017/3254/334 1007/3241/334
f 1538/3255/335 1536/3256/335 1008/3257/335 1018/3258/335
f 1537/3259/336 1535/3260/336 1007/3261/336 1017/3262/336
f 1535/3250/337 1537/3263/337 1018/3264/337 1008/3251/337
f 1538/3253/332 1540/3265/332 1011/3266/332 1017/3254/332
f 1540/3267/333 1538/3268/333 1018/3269/333 1012/3270/333
f 1539/3271/330 1537/3272/330 1017/3254/330 1011/3266/330
f 1537/3273/331 1539/3274/331 1012/3275/331 1018/3276/331
f 1540/3277/338 1533/3278/338 1001/3279/338 1011/3280/338
f 1533/3281/339 1540/3267/339 1012/3270/339 1002/3282/339
f 1541/3283/353 1542/3284/353 1001/3285/353 1003/3203/353
f 1542/3286/354 1541/3287/354 1004/3288/354 1002/3289/354
f 1534/3290/355 1527/3209/355 1003/3203/355 1001/3285/355
f 1527/3212/356 1534/3249/356 1002/3252/356 1004/3213/356
f 1542/3291/357 1543/3292/357 1011/3293/357 1001/3294/357
f 1543/3295/358 1542/3296/358 1002/3297/358 1012/3298/358
f 1543/3299/355 1544/3300/355 1013/3226/355 1011/3301/355
f 1544/3302/359 1543/3303/359 1012/3304/359 1014/3305/359
f 1530/3232/353 1539/3306/353 1011/3301/353 1013/3226/353
f 1539/3274/362 1530/3233/362 1014/3236/362 1012/3275/362
f 1544/3300/360 1541/3283/360 1003/3203/360 1013/3226/360
f 1541/3307/361 1544/3302/361 1014/3305/361 1004/3308/361
f 1545/3309/340 1547/3310/340 1005/3204/340 1009/3311/340
f 1547/3312/341 1545/3313/341 1010/3314/341 1006/3315/341
f 1526/3210/342 1546/3316/342 1009/3311/342 1005/3204/342
f 1546/3317/343 1526/3211/343 1006/3214/343 1010/3318/343
f 1547/3319/344 1548/3320/344 1015/3321/344 1005/3322/344
f 1548/3323/345 1547/3324/345 1006/3325/345 1016/3326/345
f 1548/3327/346 1550/3328/346 1019/3329/346 1015/3225/346
f 1550/3330/347 1548/3331/347 1016/3332/347 1020/3333/347
f 1549/3334/348 1531/3231/348 1015/3225/348 1019/3329/348
f 1531/3234/341 1549/3335/341 1020/3336/341 1016/3235/341
f 1550/3328/349 1545/3309/349 1009/3311/349 1019/3329/349
f 1545/3337/350 1550/3330/350 1020/3333/350 1010/3338/350
f 1546/3339/351 1549/3340/351 1019/3341/351 1009/3342/351
f 1549/3343/352 1546/3344/352 1010/3345/352 1020/3346/352
f 1551/3347/364 1554/3348/364 1023/3349/364 1025/3350/364
f 1554/3351/365 1551/3352/365 1026/3353/365 1024/3354/365
f 1553/3355/366 1552/3356/366 1025/3350/366 1023/3349/366
f 1552/3357/367 1553/3358/367 1024/3359/367 1026/3360/367
f 1554/3361/53 1555/3362/53 1053/3363/53 1023/3364/53
f 1555/3365/54 1554/3366/54 1024/3367/54 1054/3368/54
f 1555/3369/366 1558/3370/366 1055/3371/366 1053/3372/366
f 1558/3373/367 1555/3365/367 1054/3368/367 1056/3374/367
f 1557/3375/364 1556/3376/364 1053/3372/364 1055/3371/364
f 1556/3377/368 1557/3378/368 1056/3379/368 1054/3380/368
f 1558/3370/369 1551/3347/369 1025/3350/369 1055/3371/369
f 1551/3381/370 1558/3382/370 1056/3383/370 1026/3384/370
f 1559/3385/371 1562/3386/371 1027/3387/371 1021/3388/371
f 1562/3389/372 1559/3390/372 1022/3391/372 1028/3392/372
f 1561/3393/373 1560/3394/373 1021/3388/373 1027/3387/373
f 1560/3395/374 1561/3396/374 1028/3397/374 1022/3398/374
f 1562/3399/375 1564/3400/375 1057/3401/375 1027/3402/375
f 1564/3403/376 1562/3404/376 1028/3405/376 1058/3406/376
f 1563/3407/377 1561/3393/377 1027/3387/377 1057/3408/377
f 1561/3409/378 1563/3410/378 1058/3411/378 1028/3412/378
f 1564/3413/373 1566/3414/373 1051/3415/373 1057/3408/373
f 1566/3416/374 1564/3403/374 1058/3406/374 1052/3417/374
f 1565/3418/371 1563/3407/371 1057/3408/371 1051/3415/371
f 1563/3419/372 1565/3420/372 1052/3421/372 1058/3422/372
f 1566/3414/379 1559/3385/379 1021/3388/379 1051/3415/379
f 1559/3423/380 1566/3424/380 1052/3425/380 1022/3426/380
f 1567/3427/371 1570/3428/371 1047/3429/371 1041/3430/371
f 1570/3431/372 1567/3432/372 1042/3433/372 1048/3434/372
f 1569/3435/373 1568/3436/373 1041/3430/373 1047/3429/373
f 1568/3437/374 1569/3438/374 1048/3439/374 1042/3440/374
f 1570/3441/375 1572/3442/375 1033/3443/375 1047/3444/375
f 1572/3445/376 1570/3446/376 1048/3447/376 1034/3448/376
f 1571/3449/377 1569/3435/377 1047/3429/377 1033/3450/377
f 1569/3451/378 1571/3452/378 1034/3453/378 1048/3454/378
f 1572/3455/373 1574/3456/373 1039/3457/373 1033/3450/373
f 1574/3458/374 1572/3445/374 1034/3448/374 1040/3459/374
f 1573/3460/381 1571/3449/381 1033/3450/381 1039/3457/381
f 1571/3461/382 1573/3462/382 1040/3463/382 1034/3464/382
f 1574/3456/379 1567/3427/379 1041/3430/379 1039/3457/379
f 1567/3465/380 1574/3466/380 1040/3467/380 1042/3468/380
f 1575/3469/364 1578/3470/364 1043/3471/364 1045/3472/364
f 1578/3473/365 1575/3474/365 1046/3475/365 1044/3476/365
f 1577/3477/366 1576/3478/366 1045/3472/366 1043/3471/366
f 1576/3479/367 1577/3480/367 1044/3481/367 1046/3482/367
f 1578/3483/53 1579/3484/53 1037/3485/53 1043/3486/53
f 1579/3487/54 1578/3488/54 1044/3489/54 1038/3490/54
f 1579/3491/366 1582/3492/366 1035/3493/366 1037/3494/366
f 1582/3495/367 1579/3487/367 1038/3490/367 1036/3496/367
f 1581/3497/364 1580/3498/364 1037/3494/364 1035/3493/364
f 1580/3499/365 1581/3500/365 1036/3501/365 1038/3502/365
f 1582/3492/369 1575/3469/369 1045/3472/369 1035/3493/369
f 1575/3503/370 1582/3504/370 1036/3505/370 1046/3506/370
f 1583/3507/383 1585/3508/383 1045/3472/383 1049/3509/383
f 1585/3510/384 1583/3511/384 1050/3512/384 1046/3513/384
f 1576/3478/385 1584/3514/385 1049/3509/385 1045/3472/385
f 1584/3515/386 1576/3479/386 1046/3482/386 1050/3516/386
f 1585/3517/387 1586/3518/387 1035/3519/387 1045/3520/387
f 1586/3518/388 1585/3517/388 1046/3521/388 1036/3522/388
f 1586/3523/385 1588/3524/385 1031/3525/385 1035/3493/385
f 1588/3526/389 1586/3527/389 1036/3528/389 1032/3529/389
f 1587/3530/383 1581/3497/383 1035/3493/383 1031/3525/383
f 1581/3500/390 1587/3531/390 1032/3532/390 1036/3501/390
f 1588/3524/391 1583/3507/391 1049/3509/391 1031/3525/391
f 1583/3533/392 1588/3534/392 1032/3535/392 1050/3536/392
f 1584/3537/393 1587/3538/393 1031/3539/393 1049/3540/393
f 1587/3538/394 1584/3537/394 1050/3541/394 1032/3542/394
f 1589/3543/395 1590/3544/395 1041/3430/395 1043/3471/395
f 1590/3545/396 1589/3546/396 1044/3547/396 1042/3548/396
f 1568/3436/397 1577/3477/397 1043/3471/397 1041/3430/397
f 1577/3480/398 1568/3437/398 1042/3440/398 1044/3481/398
f 1590/3549/399 1591/3550/399 1039/3551/399 1041/3552/399
f 1591/3553/400 1590/3554/400 1042/3555/400 1040/3556/400
f 1591/3557/397 1592/3558/397 1037/3494/397 1039/3457/397
f 1592/3559/398 1591/3553/398 1040/3556/398 1038/3560/398
f 1580/3498/395 1573/3460/395 1039/3457/395 1037/3494/395
f 1573/3462/396 1580/3499/396 1038/3502/396 1040/3463/396
f 1592/3558/78 1589/3543/78 1043/3471/78 1037/3494/78
f 1589/3561/79 1592/3562/79 1038/3563/79 1044/3564/79
f 1593/3565/395 1594/3566/395 1021/3388/395 1023/3349/395
f 1594/3567/396 1593/3568/396 1024/3569/396 1022/3570/396
f 1560/3394/397 1553/3355/397 1023/3349/397 1021/3388/397
f 1553/3358/398 1560/3395/398 1022/3398/398 1024/3359/398
f 1594/3571/399 1595/3572/399 1051/3573/399 1021/3574/399
f 1595/3575/400 1594/3576/400 1022/3577/400 1052/3578/400
f 1595/3579/397 1596/3580/397 1053/3372/397 1051/3415/397
f 1596/3581/398 1595/3575/398 1052/3578/398 1054/3582/398
f 1556/3376/395 1565/3418/395 1051/3415/395 1053/3372/395
f 1565/3420/396 1556/3377/396 1054/3380/396 1052/3421/396
f 1596/3580/78 1593/3565/78 1023/3349/78 1053/3372/78
f 1593/3583/79 1596/3584/79 1054/3585/79 1024/3586/79
f 1597/3587/383 1599/3588/383 1025/3350/383 1029/3589/383
f 1599/3590/384 1597/3591/384 1030/3592/384 1026/3593/384
f 1552/3356/385 1598/3594/385 1029/3589/385 1025/3350/385
f 1598/3595/386 1552/3357/386 1026/3360/386 1030/3596/386
f 1599/3597/387 1600/3598/387 1055/3599/387 1025/3600/387
f 1600/3598/388 1599/3597/388 1026/3601/388 1056/3602/388
f 1600/3603/385 1602/3604/385 1059/3605/385 1055/3371/385
f 1602/3606/389 1600/3607/389 1056/3608/389 1060/3609/389
f 1601/3610/383 1557/3375/383 1055/3371/383 1059/3605/383
f 1557/3378/390 1601/3611/390 1060/3612/390 1056/3379/390
f 1602/3604/391 1597/3587/391 1029/3589/391 1059/3605/391
f 1597/3613/392 1602/3614/392 1060/3615/392 1030/3616/392
f 1598/3617/393 1601/3618/393 1059/3619/393 1029/3620/393
f 1601/3618/394 1598/3617/394 1030/3621/394 1060/3622/394
f 1603/3623/364 1606/3624/364 1063/3625/364 1065/3626/364
f 1606/3627/365 1603/3628/365 1066/3629/365 1064/3630/365
f 1605/3631/366 1604/3632/366 1065/3626/366 1063/3625/366
f 1604/3633/367 1605/3634/367 1064/3635/367 1066/3636/367
f 1606/3637/53 1607/3638/53 1073/3639/53 1063/3640/53
f 1607/3641/54 1606/3642/54 1064/3643/54 1074/3644/54
f 1607/3645/366 1610/3646/366 1075/3647/366 1073/3648/366
f 1610/3649/367 1607/3641/367 1074/3644/367 1076/3650/367
f 1609/3651/364 1608/3652/364 1073/3648/364 1075/3647/364
f 1608/3653/368 1609/3654/368 1076/3655/368 1074/3656/368
f 1610/3646/369 1603/3623/369 1065/3626/369 1075/3647/369
f 1603/3657/370 1610/3658/370 1076/3659/370 1066/3660/370
f 1611/3661/371 1614/3662/371 1067/3663/371 1061/3664/371
f 1614/3665/372 1611/3666/372 1062/3667/372 1068/3668/372
f 1613/3669/401 1612/3670/401 1061/3664/401 1067/3663/401
f 1612/3671/402 1613/3672/402 1068/3673/402 1062/3674/402
f 1614/3675/375 1616/3676/375 1077/3677/375 1067/3678/375
f 1616/3679/376 1614/3680/376 1068/3681/376 1078/3682/376
f 1615/3683/377 1613/3669/377 1067/3663/377 1077/3684/377
f 1613/3685/378 1615/3686/378 1078/3687/378 1068/3688/378
f 1616/3689/373 1618/3690/373 1071/3691/373 1077/3684/373
f 1618/3692/374 1616/3679/374 1078/3682/374 1072/3693/374
f 1617/3694/371 1615/3683/371 1077/3684/371 1071/3691/371
f 1615/3695/372 1617/3696/372 1072/3697/372 1078/3698/372
f 1618/3690/379 1611/3661/379 1061/3664/379 1071/3691/379
f 1611/3699/380 1618/3700/380 1072/3701/380 1062/3702/380
f 1619/3703/395 1620/3704/395 1061/3664/395 1063/3625/395
f 1620/3705/396 1619/3706/396 1064/3707/396 1062/3708/396
f 1612/3670/397 1605/3631/397 1063/3625/397 1061/3664/397
f 1605/3634/398 1612/3671/398 1062/3674/398 1064/3635/398
f 1620/3709/399 1621/3710/399 1071/3711/399 1061/3712/399
f 1621/3713/400 1620/3714/400 1062/3715/400 1072/3716/400
f 1621/3717/397 1622/3718/397 1073/3648/397 1071/3691/397
f 1622/3719/398 1621/3713/398 1072/3716/398 1074/3720/398
f 1608/3652/395 1617/3694/395 1071/3691/395 1073/3648/395
f 1617/3696/396 1608/3653/396 1074/3656/396 1072/3697/396
f 1622/3718/78 1619/3703/78 1063/3625/78 1073/3648/78
f 1619/3721/79 1622/3722/79 1074/3723/79 1064/3724/79
f 1623/3725/383 1625/3726/383 1065/3626/383 1069/3727/383
f 1625/3728/384 1623/3729/384 1070/3730/384 1066/3731/384
f 1604/3632/385 1624/3732/385 1069/3727/385 1065/3626/385
f 1624/3733/386 1604/3633/386 1066/3636/386 1070/3734/386
f 1625/3735/387 1626/3736/387 1075/3737/387 1065/3738/387
f 1626/3736/388 1625/3735/388 1066/3739/388 1076/3740/388
f 1626/3741/385 1628/3742/385 1079/3743/385 1075/3647/385
f 1628/3744/389 1626/3745/389 1076/3746/389 1080/3747/389
f 1627/3748/383 1609/3651/383 1075/3647/383 1079/3743/383
f 1609/3654/390 1627/3749/390 1080/3750/390 1076/3655/390
f 1628/3742/391 1623/3725/391 1069/3727/391 1079/3743/391
f 1623/3751/392 1628/3752/392 1080/3753/392 1070/3754/392
f 1624/3755/393 1627/3756/393 1079/3757/393 1069/3758/393
f 1627/3756/394 1624/3755/394 1070/3759/394 1080/3760/394
f 1629/3761/364 1632/3762/364 1083/3763/364 1085/3764/364
f 1632/3765/365 1629/3766/365 1086/3767/365 1084/3768/365
f 1631/3769/366 1630/3770/366 1085/3764/366 1083/3763/366
f 1630/3771/367 1631/3772/367 1084/3773/367 1086/3774/367
f 1632/3775/53 1633/3776/53 1093/3777/53 1083/3778/53
f 1633/3779/54 1632/3780/54 1084/3781/54 1094/3782/54
f 1633/3783/366 1636/3784/366 1095/3785/366 1093/3786/366
f 1636/3787/367 1633/3779/367 1094/3782/367 1096/3788/367
f 1635/3789/364 1634/3790/364 1093/3786/364 1095/3785/364
f 1634/3791/365 1635/3792/365 1096/3793/365 1094/3794/365
f 1636/3784/369 1629/3761/369 1085/3764/369 1095/3785/369
f 1629/3795/370 1636/3796/370 1096/3797/370 1086/3798/370
f 1637/3799/371 1640/3800/371 1087/3801/371 1081/3802/371
f 1640/3803/372 1637/3804/372 1082/3805/372 1088/3806/372
f 1639/3807/401 1638/3808/401 1081/3802/401 1087/3801/401
f 1638/3809/402 1639/3810/402 1088/3811/402 1082/3812/402
f 1640/3813/375 1642/3814/375 1097/3815/375 1087/3816/375
f 1642/3817/376 1640/3818/376 1088/3819/376 1098/3820/376
f 1641/3821/377 1639/3807/377 1087/3801/377 1097/3822/377
f 1639/3823/378 1641/3824/378 1098/3825/378 1088/3826/378
f 1642/3827/373 1644/3828/373 1091/3829/373 1097/3822/373
f 1644/3830/374 1642/3817/374 1098/3820/374 1092/3831/374
f 1643/3832/371 1641/3821/371 1097/3822/371 1091/3829/371
f 1641/3833/372 1643/3834/372 1092/3835/372 1098/3836/372
f 1644/3828/379 1637/3799/379 1081/3802/379 1091/3829/379
f 1637/3837/380 1644/3838/380 1092/3839/380 1082/3840/380
f 1645/3841/395 1646/3842/395 1081/3802/395 1083/3763/395
f 1646/3843/396 1645/3844/396 1084/3845/396 1082/3846/396
f 1638/3808/397 1631/3769/397 1083/3763/397 1081/3802/397
f 1631/3772/398 1638/3809/398 1082/3812/398 1084/3773/398
f 1646/3847/399 1647/3848/399 1091/3849/399 1081/3850/399
f 1647/3851/400 1646/3852/400 1082/3853/400 1092/3854/400
f 1647/3855/397 1648/3856/397 1093/3786/397 1091/3829/397
f 1648/3857/398 1647/3851/398 1092/3854/398 1094/3858/398
f 1634/3790/395 1643/3832/395 1091/3829/395 1093/3786/395
f 1643/3834/396 1634/3791/396 1094/3794/396 1092/3835/396
f 1648/3856/78 1645/3841/78 1083/3763/78 1093/3786/78
f 1645/3859/79 1648/3860/79 1094/3861/79 1084/3862/79
f 1649/3863/383 1651/3864/383 1085/3764/383 1089/3865/383
f 1651/3866/384 1649/3867/384 1090/3868/384 1086/3869/384
f 1630/3770/385 1650/3870/385 1089/3865/385 1085/3764/385
f 1650/3871/386 1630/3771/386 1086/3774/386 1090/3872/386
f 1651/3873/387 1652/3874/387 1095/3875/387 1085/3876/387
f 1652/3874/388 1651/3873/388 1086/3877/388 1096/3878/388
f 1652/3879/385 1654/3880/385 1099/3881/385 1095/3785/385
f 1654/3882/389 1652/3883/389 1096/3884/389 1100/3885/389
f 1653/3886/383 1635/3789/383 1095/3785/383 1099/3881/383
f 1635/3792/390 1653/3887/390 1100/3888/390 1096/3793/390
f 1654/3880/391 1649/3863/391 1089/3865/391 1099/3881/391
f 1649/3889/392 1654/3890/392 1100/3891/392 1090/3892/392
f 1650/3893/393 1653/3894/393 1099/3895/393 1089/3896/393
f 1653/3894/394 1650/3893/394 1090/3897/394 1100/3898/394
f 1655/3899/364 1658/3900/364 1103/3901/364 1105/3902/364
f 1658/3903/365 1655/3904/365 1106/3905/365 1104/3906/365
f 1657/3907/366 1656/3908/366 1105/3902/366 1103/3901/366
f 1656/3909/367 1657/3910/367 1104/3911/367 1106/3912/367
f 1658/3913/53 1659/3914/53 1113/3915/53 1103/3916/53
f 1659/3917/54 1658/3918/54 1104/3919/54 1114/3920/54
f 1659/3921/366 1662/3922/366 1115/3923/366 1113/3924/366
f 1662/3925/367 1659/3917/367 1114/3920/367 1116/3926/367
f 1661/3927/364 1660/3928/364 1113/3924/364 1115/3923/364
f 1660/3929/368 1661/3930/368 1116/3931/368 1114/3932/368
f 1662/3922/369 1655/3899/369 1105/3902/369 1115/3923/369
f 1655/3933/370 1662/3934/370 1116/3935/370 1106/3936/370
f 1663/3937/371 1666/3938/371 1107/3939/371 1101/3940/371
f 1666/3941/372 1663/3942/372 1102/3943/372 1108/3944/372
f 1665/3945/373 1664/3946/373 1101/3940/373 1107/3939/373
f 1664/3947/374 1665/3948/374 1108/3949/374 1102/3950/374
f 1666/3951/375 1668/3952/375 1117/3953/375 1107/3954/375
f 1668/3955/376 1666/3956/376 1108/3957/376 1118/3958/376
f 1667/3959/377 1665/3945/377 1107/3939/377 1117/3960/377
f 1665/3961/378 1667/3962/378 1118/3963/378 1108/3964/378
f 1668/3965/373 1670/3966/373 1111/3967/373 1117/3960/373
f 1670/3968/374 1668/3955/374 1118/3958/374 1112/3969/374
f 1669/3970/371 1667/3959/371 1117/3960/371 1111/3967/371
f 1667/3971/372 1669/3972/372 1112/3973/372 1118/3974/372
f 1670/3966/379 1663/3937/379 1101/3940/379 1111/3967/379
f 1663/3975/380 1670/3976/380 1112/3977/380 1102/3978/380
f 1671/3979/395 1672/3980/395 1101/3940/395 1103/3901/395
f 1672/3981/396 1671/3982/396 1104/3983/396 1102/3984/396
f 1664/3946/397 1657/3907/397 1103/3901/397 1101/3940/397
f 1657/3910/398 1664/3947/398 1102/3950/398 1104/3911/398
f 1672/3985/399 1673/3986/399 1111/3987/399 1101/3988/399
f 1673/3989/400 1672/3990/400 1102/3991/400 1112/3992/400
f 1673/3993/397 1674/3994/397 1113/3924/397 1111/3967/397
f 1674/3995/398 1673/3989/398 1112/3992/398 1114/3996/398
f 1660/3928/395 1669/3970/395 1111/3967/395 1113/3924/395
f 1669/3972/396 1660/3929/396 1114/3932/396 1112/3973/396
f 1674/3994/78 1671/3979/78 1103/3901/78 1113/3924/78
f 1671/3997/79 1674/3998/79 1114/3999/79 1104/4000/79
f 1675/4001/383 1677/4002/383 1105/3902/383 1109/4003/383
f 1677/4004/384 1675/4005/384 1110/4006/384 1106/4007/384
f 1656/3908/385 1676/4008/385 1109/4003/385 1105/3902/385
f 1676/4009/386 1656/3909/386 1106/3912/386 1110/4010/386
f 1677/4011/387 1678/4012/387 1115/4013/387 1105/4014/387
f 1678/4012/388 1677/4011/388 1106/4015/388 1116/4016/388
f 1678/4017/385 1680/4018/385 1119/4019/385 1115/3923/385
f 1680/4020/389 1678/4021/389 1116/4022/389 1120/4023/389
f 1679/4024/383 1661/3927/383 1115/3923/383 1119/4019/383
f 1661/3930/390 1679/4025/390 1120/4026/390 1116/3931/390
f 1680/4018/391 1675/4001/391 1109/4003/391 1119/4019/391
f 1675/4027/392 1680/4028/392 1120/4029/392 1110/4030/392
f 1676/4031/393 1679/4032/393 1119/4033/393 1109/4034/393
f 1679/4032/394 1676/4031/394 1110/4035/394 1120/4036/394
f 1681/4037/403 1684/4038/403 1123/4039/403 1125/4040/403
f 1684/4041/404 1681/4042/404 1126/4043/404 1124/4044/404
f 1683/4045/405 1682/4046/405 1125/4040/405 1123/4039/405
f 1682/4047/406 1683/4048/406 1124/4044/406 1126/4043/406
f 1684/4038/407 1685/4049/407 1153/4050/407 1123/4039/407
f 1685/4051/408 1684/4041/408 1124/4044/408 1154/4052/408
f 1685/4049/405 1688/4053/405 1155/4054/405 1153/4050/405
f 1688/4055/406 1685/4051/406 1154/4052/406 1156/4056/406
f 1687/4057/403 1686/4058/403 1153/4050/403 1155/4054/403
f 1686/4059/404 1687/4060/404 1156/4056/404 1154/4052/404
f 1688/4061/409 1681/4062/409 1125/4063/409 1155/4064/409
f 1681/4042/410 1688/4055/410 1156/4056/410 1126/4043/410
f 1689/4065/411 1692/4066/411 1127/4067/411 1121/4068/411
f 1692/4069/412 1689/4070/412 1122/4071/412 1128/4072/412
f 1691/4073/413 1690/4074/413 1121/4068/413 1127/4067/413
f 1690/4075/414 1691/4076/414 1128/4072/414 1122/4071/414
f 1692/4066/415 1694/4077/415 1157/4078/415 1127/4067/415
f 1694/4079/416 1692/4069/416 1128/4072/416 1158/4080/416
f 1693/4081/417 1691/4073/417 1127/4067/417 1157/4078/417
f 1691/4082/418 1693/4083/418 1158/4084/418 1128/4085/418
f 1694/4077/419 1696/4086/419 1151/4087/419 1157/4078/419
f 1696/4088/420 1694/4079/420 1158/4080/420 1152/4089/420
f 1695/4090/421 1693/4081/421 1157/4078/421 1151/4087/421
f 1693/4091/422 1695/4092/422 1152/4089/422 1158/4080/422
f 1696/4086/423 1689/4065/423 1121/4068/423 1151/4087/423
f 1689/4093/424 1696/4094/424 1152/4095/424 1122/4096/424
f 1697/4097/425 1700/4098/425 1147/4099/425 1141/4100/425
f 1700/4101/412 1697/4102/412 1142/4103/412 1148/4104/412
f 1699/4105/413 1698/4106/413 1141/4100/413 1147/4099/413
f 1698/4107/414 1699/4108/414 1148/4104/414 1142/4103/414
f 1700/4098/415 1702/4109/415 1133/4110/415 1147/4099/415
f 1702/4111/416 1700/4101/416 1148/4104/416 1134/4112/416
f 1701/4113/417 1699/4105/417 1147/4099/417 1133/4110/417
f 1699/4114/418 1701/4115/418 1134/4116/418 1148/4117/418
f 1702/4109/419 1704/4118/419 1139/4119/419 1133/4110/419
f 1704/4120/420 1702/4111/420 1134/4112/420 1140/4121/420
f 1703/4122/421 1701/4113/421 1133/4110/421 1139/4119/421
f 1701/4123/422 1703/4124/422 1140/4121/422 1134/4112/422
f 1704/4118/423 1697/4097/423 1141/4100/423 1139/4119/423
f 1697/4125/424 1704/4126/424 1140/4127/424 1142/4128/424
f 1705/4129/403 1708/4130/403 1143/4131/403 1145/4132/403
f 1708/4133/404 1705/4134/404 1146/4135/404 1144/4136/404
f 1707/4137/405 1706/4138/405 1145/4132/405 1143/4131/405
f 1706/4139/406 1707/4140/406 1144/4136/406 1146/4135/406
f 1708/4130/407 1709/4141/407 1137/4142/407 1143/4131/407
f 1709/4143/408 1708/4133/408 1144/4136/408 1138/4144/408
f 1709/4141/405 1712/4145/405 1135/4146/405 1137/4142/405
f 1712/4147/406 1709/4143/406 1138/4144/406 1136/4148/406
f 1711/4149/403 1710/4150/403 1137/4142/403 1135/4146/403
f 1710/4151/404 1711/4152/404 1136/4148/404 1138/4144/404
f 1712/4153/409 1705/4154/409 1145/4155/409 1135/4156/409
f 1705/4134/410 1712/4147/410 1136/4148/410 1146/4135/410
f 1713/4157/426 1715/4158/426 1145/4132/426 1149/4159/426
f 1715/4160/427 1713/4161/427 1150/4162/427 1146/4135/427
f 1706/4138/428 1714/4163/428 1149/4159/428 1145/4132/428
f 1714/4164/429 1706/4139/429 1146/4135/429 1150/4162/429
f 1715/4158/430 1716/4165/430 1135/4146/430 1145/4132/430
f 1716/4166/431 1715/4167/431 1146/4168/431 1136/4169/431
f 1716/4165/428 1718/4170/428 1131/4171/428 1135/4146/428
f 1718/4172/429 1716/4173/429 1136/4148/429 1132/4174/429
f 1717/4175/426 1711/4149/426 1135/4146/426 1131/4171/426
f 1711/4152/427 1717/4176/427 1132/4174/427 1136/4148/427
f 1718/4177/432 1713/4178/432 1149/4179/432 1131/4180/432
f 1713/4161/433 1718/4172/433 1132/4174/433 1150/4162/433
f 1714/4163/434 1717/4175/434 1131/4171/434 1149/4159/434
f 1717/4181/435 1714/4182/435 1150/4183/435 1132/4184/435
f 1719/4185/436 1720/4186/436 1141/4100/436 1143/4131/436
f 1720/4187/437 1719/4188/437 1144/4136/437 1142/4103/437
f 1698/4106/438 1707/4137/438 1143/4131/438 1141/4100/438
f 1707/4140/439 1698/4107/439 1142/4103/439 1144/4136/439
f 1720/4186/440 1721/4189/440 1139/4119/440 1141/4100/440
f 1721/4190/441 1720/4187/441 1142/4103/441 1140/4121/441
f 1721/4189/438 1722/4191/438 1137/4142/438 1139/4119/438
f 1722/4192/439 1721/4190/439 1140/4121/439 1138/4144/439
f 1710/4150/436 1703/4122/436 1139/4119/436 1137/4142/436
f 1703/4124/437 1710/4151/437 1138/4144/437 1140/4121/437
f 1722/4193/442 1719/4194/442 1143/4195/442 1137/4196/442
f 1719/4188/443 1722/4192/443 1138/4144/443 1144/4136/443
f 1723/4197/436 1724/4198/436 1121/4068/436 1123/4039/436
f 1724/4199/437 1723/4200/437 1124/4044/437 1122/4071/437
f 1690/4074/438 1683/4045/438 1123/4039/438 1121/4068/438
f 1683/4048/439 1690/4075/439 1122/4071/439 1124/4044/439
f 1724/4198/440 1725/4201/440 1151/4087/440 1121/4068/440
f 1725/4202/441 1724/4199/441 1122/4071/441 1152/4089/441
f 1725/4201/438 1726/4203/438 1153/4050/438 1151/4087/438
f 1726/4204/439 1725/4202/439 1152/4089/439 1154/4052/439
f 1686/4058/436 1695/4090/436 1151/4087/436 1153/4050/436
f 1695/4092/437 1686/4059/437 1154/4052/437 1152/4089/437
f 1726/4205/442 1723/4206/442 1123/4207/442 1153/4208/442
f 1723/4200/443 1726/4204/443 1154/4052/443 1124/4044/443
f 1727/4209/426 1729/4210/426 1125/4040/426 1129/4211/426
f 1729/4212/427 1727/4213/427 1130/4214/427 1126/4043/427
f 1682/4046/428 1728/4215/428 1129/4211/428 1125/4040/428
f 1728/4216/429 1682/4047/429 1126/4043/429 1130/4214/429
f 1729/4210/430 1730/4217/430 1155/4054/430 1125/4040/430
f 1730/4218/431 1729/4219/431 1126/4220/431 1156/4221/431
f 1730/4217/428 1732/4222/428 1159/4223/428 1155/4054/428
f 1732/4224/429 1730/4225/429 1156/4056/429 1160/4226/429
f 1731/4227/426 1687/4057/426 1155/4054/426 1159/4223/426
f 1687/4060/427 1731/4228/427 1160/4226/427 1156/4056/427
f 1732/4229/432 1727/4230/432 1129/4231/432 1159/4232/432
f 1727/4213/433 1732/4224/433 1160/4226/433 1130/4214/433
f 1728/4215/434 1731/4227/434 1159/4223/434 1129/4211/434
f 1731/4233/435 1728/4234/435 1130/4235/435 1160/4236/435
f 1733/4237/403 1736/4238/403 1163/4239/403 1165/4240/403
f 1736/4241/404 1733/4242/404 1166/4243/404 1164/4244/404
f 1735/4245/405 1734/4246/405 1165/4240/405 1163/4239/405
f 1734/4247/406 1735/4248/406 1164/4244/406 1166/4243/406
f 1736/4238/407 1737/4249/407 1173/4250/407 1163/4239/407
f 1737/4251/408 1736/4241/408 1164/4244/408 1174/4252/408
f 1737/4249/405 1740/4253/405 1175/4254/405 1173/4250/405
f 1740/4255/406 1737/4251/406 1174/4252/406 1176/4256/406
f 1739/4257/403 1738/4258/403 1173/4250/403 1175/4254/403
f 1738/4259/404 1739/4260/404 1176/4256/404 1174/4252/404
f 1740/4261/409 1733/4262/409 1165/4263/409 1175/4264/409
f 1733/4242/410 1740/4255/410 1176/4256/410 1166/4243/410
f 1741/4265/425 1744/4266/425 1167/4267/425 1161/4268/425
f 1744/4269/412 1741/4270/412 1162/4271/412 1168/4272/412
f 1743/4273/413 1742/4274/413 1161/4268/413 1167/4267/413
f 1742/4275/414 1743/4276/414 1168/4272/414 1162/4271/414
f 1744/4266/415 1746/4277/415 1177/4278/415 1167/4267/415
f 1746/4279/416 1744/4269/416 1168/4272/416 1178/4280/416
f 1745/4281/417 1743/4273/417 1167/4267/417 1177/4278/417
f 1743/4282/418 1745/4283/418 1178/4284/418 1168/4285/418
f 1746/4277/419 1748/4286/419 1171/4287/419 1177/4278/419
f 1748/4288/420 1746/4279/420 1178/4280/420 1172/4289/420
f 1747/4290/421 1745/4281/421 1177/4278/421 1171/4287/421
f 1745/4291/422 1747/4292/422 1172/4289/422 1178/4280/422
f 1748/4286/423 1741/4265/423 1161/4268/423 1171/4287/423
f 1741/4293/424 1748/4294/424 1172/4295/424 1162/4296/424
f 1749/4297/436 1750/4298/436 1161/4268/436 1163/4239/436
f 1750/4299/437 1749/4300/437 1164/4244/437 1162/4271/437
f 1742/4274/438 1735/4245/438 1163/4239/438 1161/4268/438
f 1735/4248/439 1742/4275/439 1162/4271/439 1164/4244/439
f 1750/4298/440 1751/4301/440 1171/4287/440 1161/4268/440
f 1751/4302/441 1750/4299/441 1162/4271/441 1172/4289/441
f 1751/4301/438 1752/4303/438 1173/4250/438 1171/4287/438
f 1752/4304/439 1751/4302/439 1172/4289/439 1174/4252/439
f 1738/4258/436 1747/4290/436 1171/4287/436 1173/4250/436
f 1747/4292/437 1738/4259/437 1174/4252/437 1172/4289/437
f 1752/4305/442 1749/4306/442 1163/4307/442 1173/4308/442
f 1749/4300/443 1752/4304/443 1174/4252/443 1164/4244/443
f 1753/4309/426 1755/4310/426 1165/4240/426 1169/4311/426
f 1755/4312/427 1753/4313/427 1170/4314/427 1166/4243/427
f 1734/4246/428 1754/4315/428 1169/4311/428 1165/4240/428
f 1754/4316/429 1734/4247/429 1166/4243/429 1170/4314/429
f 1755/4310/430 1756/4317/430 1175/4254/430 1165/4240/430
f 1756/4318/431 1755/4319/431 1166/4320/431 1176/4321/431
f 1756/4317/428 1758/4322/428 1179/4323/428 1175/4254/428
f 1758/4324/429 1756/4325/429 1176/4256/429 1180/4326/429
f 1757/4327/426 1739/4257/426 1175/4254/426 1179/4323/426
f 1739/4260/427 1757/4328/427 1180/4326/427 1176/4256/427
f 1758/4329/432 1753/4330/432 1169/4331/432 1179/4332/432
f 1753/4313/433 1758/4324/433 1180/4326/433 1170/4314/433
f 1754/4315/434 1757/4327/434 1179/4323/434 1169/4311/434
f 1757/4333/435 1754/4334/435 1170/4335/435 1180/4336/435
f 1759/4337/403 1762/4338/403 1183/4339/403 1185/4340/403
f 1762/4341/404 1759/4342/404 1186/4343/404 1184/4344/404
f 1761/4345/405 1760/4346/405 1185/4340/405 1183/4339/405
f 1760/4347/406 1761/4348/406 1184/4344/406 1186/4343/406
f 1762/4338/407 1763/4349/407 1193/4350/407 1183/4339/407
f 1763/4351/408 1762/4341/408 1184/4344/408 1194/4352/408
f 1763/4349/405 1766/4353/405 1195/4354/405 1193/4350/405
f 1766/4355/406 1763/4351/406 1194/4352/406 1196/4356/406
f 1765/4357/403 1764/4358/403 1193/4350/403 1195/4354/403
f 1764/4359/404 1765/4360/404 1196/4356/404 1194/4352/404
f 1766/4361/409 1759/4362/409 1185/4363/409 1195/4364/409
f 1759/4342/410 1766/4355/410 1196/4356/410 1186/4343/410
f 1767/4365/425 1770/4366/425 1187/4367/425 1181/4368/425
f 1770/4369/412 1767/4370/412 1182/4371/412 1188/4372/412
f 1769/4373/413 1768/4374/413 1181/4368/413 1187/4367/413
f 1768/4375/414 1769/4376/414 1188/4372/414 1182/4371/414
f 1770/4366/415 1772/4377/415 1197/4378/415 1187/4367/415
f 1772/4379/416 1770/4369/416 1188/4372/416 1198/4380/416
f 1771/4381/417 1769/4373/417 1187/4367/417 1197/4378/417
f 1769/4382/418 1771/4383/418 1198/4384/418 1188/4385/418
f 1772/4377/419 1774/4386/419 1191/4387/419 1197/4378/419
f 1774/4388/420 1772/4379/420 1198/4380/420 1192/4389/420
f 1773/4390/421 1771/4381/421 1197/4378/421 1191/4387/421
f 1771/4391/422 1773/4392/422 1192/4389/422 1198/4380/422
f 1774/4386/423 1767/4365/423 1181/4368/423 1191/4387/423
f 1767/4393/424 1774/4394/424 1192/4395/424 1182/4396/424
f 1775/4397/436 1776/4398/436 1181/4368/436 1183/4339/436
f 1776/4399/437 1775/4400/437 1184/4344/437 1182/4371/437
f 1768/4374/438 1761/4345/438 1183/4339/438 1181/4368/438
f 1761/4348/439 1768/4375/439 1182/4371/439 1184/4344/439
f 1776/4398/440 1777/4401/440 1191/4387/440 1181/4368/440
f 1777/4402/441 1776/4399/441 1182/4371/441 1192/4389/441
f 1777/4401/438 1778/4403/438 1193/4350/438 1191/4387/438
f 1778/4404/439 1777/4402/439 1192/4389/439 1194/4352/439
f 1764/4358/436 1773/4390/436 1191/4387/436 1193/4350/436
f 1773/4392/437 1764/4359/437 1194/4352/437 1192/4389/437
f 1778/4405/442 1775/4406/442 1183/4407/442 1193/4408/442
f 1775/4400/443 1778/4404/443 1194/4352/443 1184/4344/443
f 1779/4409/426 1781/4410/426 1185/4340/426 1189/4411/426
f 1781/4412/427 1779/4413/427 1190/4414/427 1186/4343/427
f 1760/4346/428 1780/4415/428 1189/4411/428 1185/4340/428
f 1780/4416/429 1760/4347/429 1186/4343/429 1190/4414/429
f 1781/4410/430 1782/4417/430 1195/4354/430 1185/4340/430
f 1782/4418/431 1781/4419/431 1186/4420/431 1196/4421/431
f 1782/4417/428 1784/4422/428 1199/4423/428 1195/4354/428
f 1784/4424/429 1782/4425/429 1196/4356/429 1200/4426/429
f 1783/4427/426 1765/4357/426 1195/4354/426 1199/4423/426
f 1765/4360/427 1783/4428/427 1200/4426/427 1196/4356/427
f 1784/4429/432 1779/4430/432 1189/4431/432 1199/4432/432
f 1779/4413/433 1784/4424/433 1200/4426/433 1190/4414/433
f 1780/4415/434 1783/4427/434 1199/4423/434 1189/4411/434
f 1783/4433/435 1780/4434/435 1190/4435/435 1200/4436/435
f 1785/4437/403 1788/4438/403 1203/4439/403 1205/4440/403
f 1788/4441/404 1785/4442/404 1206/4443/404 1204/4444/404
f 1787/4445/405 1786/4446/405 1205/4440/405 1203/4439/405
f 1786/4447/406 1787/4448/406 1204/4444/406 1206/4443/406
f 1788/4438/407 1789/4449/407 1213/4450/407 1203/4439/407
f 1789/4451/408 1788/4441/408 1204/4444/408 1214/4452/408
f 1789/4449/405 1792/4453/405 1215/4454/405 1213/4450/405
f 1792/4455/406 1789/4451/406 1214/4452/406 1216/4456/406
f 1791/4457/403 1790/4458/403 1213/4450/403 1215/4454/403
f 1790/4459/404 1791/4460/404 1216/4456/404 1214/4452/404
f 1792/4461/409 1785/4462/409 1205/4463/409 1215/4464/409
f 1785/4442/410 1792/4455/410 1216/4456/410 1206/4443/410
f 1793/4465/425 1796/4466/425 1207/4467/425 1201/4468/425
f 1796/4469/412 1793/4470/412 1202/4471/412 1208/4472/412
f 1795/4473/413 1794/4474/413 1201/4468/413 1207/4467/413
f 1794/4475/414 1795/4476/414 1208/4472/414 1202/4471/414
f 1796/4466/415 1798/4477/415 1217/4478/415 1207/4467/415
f 1798/4479/416 1796/4469/416 1208/4472/416 1218/4480/416
f 1797/4481/417 1795/4473/417 1207/4467/417 1217/4478/417
f 1795/4482/418 1797/4483/418 1218/4484/418 1208/4485/418
f 1798/4477/419 1800/4486/419 1211/4487/419 1217/4478/419
f 1800/4488/420 1798/4479/420 1218/4480/420 1212/4489/420
f 1799/4490/421 1797/4481/421 1217/4478/421 1211/4487/421
f 1797/4491/422 1799/4492/422 1212/4489/422 1218/4480/422
f 1800/4486/423 1793/4465/423 1201/4468/423 1211/4487/423
f 1793/4493/424 1800/4494/424 1212/4495/424 1202/4496/424
f 1801/4497/436 1802/4498/436 1201/4468/436 1203/4439/436
f 1802/4499/437 1801/4500/437 1204/4444/437 1202/4471/437
f 1794/4474/438 1787/4445/438 1203/4439/438 1201/4468/438
f 1787/4448/439 1794/4475/439 1202/4471/439 1204/4444/439
f 1802/4498/440 1803/4501/440 1211/4487/440 1201/4468/440
f 1803/4502/441 1802/4499/441 1202/4471/441 1212/4489/441
f 1803/4501/438 1804/4503/438 1213/4450/438 1211/4487/438
f 1804/4504/439 1803/4502/439 1212/4489/439 1214/4452/439
f 1790/4458/436 1799/4490/436 1211/4487/436 1213/4450/436
f 1799/4492/437 1790/4459/437 1214/4452/437 1212/4489/437
f 1804/4505/442 1801/4506/442 1203/4507/442 1213/4508/442
f 1801/4500/443 1804/4504/443 1214/4452/443 1204/4444/443
f 1805/4509/426 1807/4510/426 1205/4440/426 1209/4511/426
f 1807/4512/427 1805/4513/427 1210/4514/427 1206/4443/427
f 1786/4446/428 1806/4515/428 1209/4511/428 1205/4440/428
f 1806/4516/429 1786/4447/429 1206/4443/429 1210/4514/429
f 1807/4510/430 1808/4517/430 1215/4454/430 1205/4440/430
f 1808/4518/431 1807/4519/431 1206/4520/431 1216/4521/431
f 1808/4517/428 1810/4522/428 1219/4523/428 1215/4454/428
f 1810/4524/429 1808/4525/429 1216/4456/429 1220/4526/429
f 1809/4527/426 1791/4457/426 1215/4454/426 1219/4523/426
f 1791/4460/427 1809/4528/427 1220/4526/427 1216/4456/427
f 1810/4529/432 1805/4530/432 1209/4531/432 1219/4532/432
f 1805/4513/433 1810/4524/433 1220/4526/433 1210/4514/433
f 1806/4515/434 1809/4527/434 1219/4523/434 1209/4511/434
f 1809/4533/435 1806/4534/435 1210/4535/435 1220/4536/435
f 1811/4537/444 1814/4538/444 1223/4539/444 1225/4540/444
f 1814/4541/445 1811/4542/445 1226/4543/445 1224/4544/445
f 1813/4545/446 1812/4546/446 1225/4547/446 1223/4548/446
f 1812/4549/447 1813/4550/447 1224/4544/447 1226/4543/447
f 1814/4551/448 1815/4552/448 1253/4553/448 1223/4554/448
f 1815/4555/449 1814/4556/449 1224/4557/449 1254/4558/449
f 1815/4552/446 1818/4559/446 1255/4560/446 1253/4553/446
f 1818/4561/447 1815/4562/447 1254/4563/447 1256/4564/447
f 1817/4565/444 1816/4566/444 1253/4567/444 1255/4568/444
f 1816/4569/445 1817/4570/445 1256/4564/445 1254/4563/445
f 1818/4571/450 1811/4572/450 1225/4573/450 1255/4574/450
f 1811/4542/451 1818/4561/451 1256/4564/451 1226/4543/451
f 1819/4575/452 1822/4576/452 1227/4577/452 1221/4578/452
f 1822/4579/453 1819/4580/453 1222/4581/453 1228/4582/453
f 1821/4583/454 1820/4584/454 1221/4585/454 1227/4586/454
f 1820/4587/455 1821/4588/455 1228/4582/455 1222/4581/455
f 1822/4589/456 1824/4590/456 1257/4591/456 1227/4592/456
f 1824/4590/457 1822/4589/457 1228/4593/457 1258/4594/457
f 1823/4595/458 1821/4596/458 1227/4597/458 1257/4598/458
f 1821/4588/459 1823/4599/459 1258/4600/459 1228/4582/459
f 1824/4601/454 1826/4602/454 1251/4603/454 1257/4604/454
f 1826/4605/455 1824/4606/455 1258/4600/455 1252/4607/455
f 1825/4608/452 1823/4609/452 1257/4610/452 1251/4611/452
f 1823/4599/460 1825/4612/460 1252/4607/460 1258/4600/460
f 1826/4613/461 1819/4614/461 1221/4615/461 1251/4616/461
f 1819/4580/462 1826/4605/462 1252/4607/462 1222/4581/462
f 1827/4617/452 1830/4618/452 1247/4619/452 1241/4620/452
f 1830/4621/453 1827/4622/453 1242/4623/453 1248/4624/453
f 1829/4625/454 1828/4626/454 1241/4627/454 1247/4628/454
f 1828/4629/463 1829/4630/463 1248/4624/463 1242/4623/463
f 1830/4631/456 1832/4632/456 1233/4633/456 1247/4634/456
f 1832/4632/457 1830/4631/457 1248/4635/457 1234/4636/457
f 1831/4637/458 1829/4638/458 1247/4639/458 1233/4640/458
f 1829/4630/459 1831/4641/459 1234/4642/459 1248/4624/459
f 1832/4643/454 1834/4644/454 1239/4645/454 1233/4646/454
f 1834/4647/455 1832/4648/455 1234/4642/455 1240/4649/455
f 1833/4650/464 1831/4651/464 1233/4652/464 1239/4653/464
f 1831/4641/460 1833/4654/460 1240/4649/460 1234/4642/460
f 1834/4655/461 1827/4656/461 1241/4657/461 1239/4658/461
f 1827/4622/462 1834/4647/462 1240/4649/462 1242/4623/462
f 1835/4659/444 1838/4660/444 1243/4661/444 1245/4662/444
f 1838/4663/445 1835/4664/445 1246/4665/445 1244/4666/445
f 1837/4667/446 1836/4668/446 1245/4669/446 1243/4670/446
f 1836/4671/447 1837/4672/447 1244/4666/447 1246/4665/447
f 1838/4673/448 1839/4674/448 1237/4675/448 1243/4676/448
f 1839/4677/449 1838/4678/449 1244/4679/449 1238/4680/449
f 1839/4674/446 1842/4681/446 1235/4682/446 1237/4675/446
f 1842/4683/447 1839/4684/447 1238/4685/447 1236/4686/447
f 1841/4687/444 1840/4688/444 1237/4689/444 1235/4690/444
f 1840/4691/445 1841/4692/445 1236/4686/445 1238/4685/445
f 1842/4693/450 1835/4694/450 1245/4695/450 1235/4696/450
f 1835/4664/451 1842/4683/451 1236/4686/451 1246/4665/451
f 1843/4697/465 1845/4698/465 1245/4699/465 1249/4700/465
f 1845/4701/466 1843/4702/466 1250/4703/466 1246/4665/466
f 1836/4668/467 1844/4704/467 1249/4705/467 1245/4669/467
f 1844/4706/468 1836/4671/468 1246/4665/468 1250/4703/468
f 1845/4707/469 1846/4708/469 1235/4709/469 1245/4710/469
f 1846/4711/470 1845/4712/470 1246/4713/470 1236/4714/470
f 1846/4708/467 1848/4715/467 1231/4716/467 1235/4709/467
f 1848/4717/468 1846/4718/468 1236/4686/468 1232/4719/468
f 1847/4720/465 1841/4687/465 1235/4690/465 1231/4721/465
f 1841/4692/466 1847/4722/466 1232/4719/466 1236/4686/466
f 1848/4723/471 1843/4724/471 1249/4725/471 1231/4726/471
f 1843/4702/472 1848/4717/472 1232/4719/472 1250/4703/472
f 1844/4704/473 1847/4727/473 1231/4728/473 1249/4705/473
f 1847/4729/474 1844/4730/474 1250/4731/474 1232/4732/474
f 1849/4733/475 1850/4734/475 1241/4735/475 1243/4736/475
f 1850/4737/476 1849/4738/476 1244/4666/476 1242/4623/476
f 1828/4626/477 1837/4667/477 1243/4670/477 1241/4627/477
f 1837/4672/478 1828/4629/478 1242/4623/478 1244/4666/478
f 1850/4739/479 1851/4740/479 1239/4741/479 1241/4742/479
f 1851/4743/480 1850/4744/480 1242/4745/480 1240/4746/480
f 1851/4740/477 1852/4747/477 1237/4748/477 1239/4741/477
f 1852/4749/478 1851/4750/478 1240/4649/478 1238/4685/478
f 1840/4688/475 1833/4650/475 1239/4653/475 1237/4689/475
f 1833/4654/476 1840/4691/476 1238/4685/476 1240/4649/476
f 1852/4751/481 1849/4752/481 1243/4753/481 1237/4754/481
f 1849/4738/482 1852/4749/482 1238/4685/482 1244/4666/482
f 1853/4755/475 1854/4756/475 1221/4757/475 1223/4758/475
f 1854/4759/476 1853/4760/476 1224/4544/476 1222/4581/476
f 1820/4584/477 1813/4545/477 1223/4548/477 1221/4585/477
f 1813/4550/478 1820/4587/478 1222/4581/478 1224/4544/478
f 1854/4761/479 1855/4762/479 1251/4763/479 1221/4764/479
f 1855/4765/480 1854/4766/480 1222/4767/480 1252/4768/480
f 1855/4762/477 1856/4769/477 1253/4770/477 1251/4763/477
f 1856/4771/478 1855/4772/478 1252/4607/478 1254/4563/478
f 1816/4566/475 1825/4608/475 1251/4611/475 1253/4567/475
f 1825/4612/476 1816/4569/476 1254/4563/476 1252/4607/476
f 1856/4773/481 1853/4774/481 1223/4775/481 1253/4776/481
f 1853/4760/482 1856/4771/482 1254/4563/482 1224/4544/482
f 1857/4777/465 1859/4778/465 1225/4779/465 1229/4780/465
f 1859/4781/466 1857/4782/466 1230/4783/466 1226/4543/466
f 1812/4546/467 1858/4784/467 1229/4785/467 1225/4547/467
f 1858/4786/468 1812/4549/468 1226/4543/468 1230/4783/468
f 1859/4787/469 1860/4788/469 1255/4789/469 1225/4790/469
f 1860/4791/470 1859/4792/470 1226/4793/470 1256/4794/470
f 1860/4788/467 1862/4795/467 1259/4796/467 1255/4789/467
f 1862/4797/468 1860/4798/468 1256/4564/468 1260/4799/468
f 1861/4800/465 1817/4565/465 1255/4568/465 1259/4801/465
f 1817/4570/466 1861/4802/466 1260/4799/466 1256/4564/466
f 1862/4803/471 1857/4804/471 1229/4805/471 1259/4806/471
f 1857/4782/472 1862/4797/472 1260/4799/472 1230/4783/472
f 1858/4784/473 1861/4807/473 1259/4808/473 1229/4785/473
f 1861/4809/474 1858/4810/474 1230/4811/474 1260/4812/474
f 1863/4813/444 1866/4814/444 1263/4815/444 1265/4816/444
f 1866/4817/445 1863/4818/445 1266/4819/445 1264/4820/445
f 1865/4821/446 1864/4822/446 1265/4823/446 1263/4824/446
f 1864/4825/447 1865/4826/447 1264/4820/447 1266/4819/447
f 1866/4827/448 1867/4828/448 1273/4829/448 1263/4830/448
f 1867/4831/449 1866/4832/449 1264/4833/449 1274/4834/449
f 1867/4828/446 1870/4835/446 1275/4836/446 1273/4829/446
f 1870/4837/447 1867/4838/447 1274/4839/447 1276/4840/447
f 1869/4841/444 1868/4842/444 1273/4843/444 1275/4844/444
f 1868/4845/445 1869/4846/445 1276/4840/445 1274/4839/445
f 1870/4847/450 1863/4848/450 1265/4849/450 1275/4850/450
f 1863/4818/451 1870/4837/451 1276/4840/451 1266/4819/451
f 1871/4851/452 1874/4852/452 1267/4853/452 1261/4854/452
f 1874/4855/453 1871/4856/453 1262/4857/453 1268/4858/453
f 1873/4859/483 1872/4860/483 1261/4861/483 1267/4862/483
f 1872/4863/463 1873/4864/463 1268/4858/463 1262/4857/463
f 1874/4865/456 1876/4866/456 1277/4867/456 1267/4868/456
f 1876/4866/457 1874/4865/457 1268/4869/457 1278/4870/457
f 1875/4871/458 1873/4872/458 1267/4873/458 1277/4874/458
f 1873/4864/459 1875/4875/459 1278/4876/459 1268/4858/459
f 1876/4877/454 1878/4878/454 1271/4879/454 1277/4880/454
f 1878/4881/455 1876/4882/455 1278/4876/455 1272/4883/455
f 1877/4884/452 1875/4885/452 1277/4886/452 1271/4887/452
f 1875/4875/453 1877/4888/453 1272/4883/453 1278/4876/453
f 1878/4889/461 1871/4890/461 1261/4891/461 1271/4892/461
f 1871/4856/462 1878/4881/462 1272/4883/462 1262/4857/462
f 1879/4893/475 1880/4894/475 1261/4895/475 1263/4896/475
f 1880/4897/476 1879/4898/476 1264/4820/476 1262/4857/476
f 1872/4860/477 1865/4821/477 1263/4824/477 1261/4861/477
f 1865/4826/478 1872/4863/478 1262/4857/478 1264/4820/478
f 1880/4899/479 1881/4900/479 1271/4901/479 1261/4902/479
f 1881/4903/480 1880/4904/480 1262/4905/480 1272/4906/480
f 1881/4900/477 1882/4907/477 1273/4908/477 1271/4901/477
f 1882/4909/478 1881/4910/478 1272/4883/478 1274/4839/478
f 1868/4842/475 1877/4884/475 1271/4887/475 1273/4843/475
f 1877/4888/476 1868/4845/476 1274/4839/476 1272/4883/476
f 1882/4911/481 1879/4912/481 1263/4913/481 1273/4914/481
f 1879/4898/482 1882/4909/482 1274/4839/482 1264/4820/482
f 1883/4915/465 1885/4916/465 1265/4917/465 1269/4918/465
f 1885/4919/466 1883/4920/466 1270/4921/466 1266/4819/466
f 1864/4822/467 1884/4922/467 1269/4923/467 1265/4823/467
f 1884/4924/468 1864/4825/468 1266/4819/468 1270/4921/468
f 1885/4925/469 1886/4926/469 1275/4927/469 1265/4928/469
f 1886/4929/470 1885/4930/470 1266/4931/470 1276/4932/470
f 1886/4926/467 1888/4933/467 1279/4934/467 1275/4927/467
f 1888/4935/468 1886/4936/468 1276/4840/468 1280/4937/468
f 1887/4938/465 1869/4841/465 1275/4844/465 1279/4939/465
f 1869/4846/466 1887/4940/466 1280/4937/466 1276/4840/466
f 1888/4941/471 1883/4942/471 1269/4943/471 1279/4944/471
f 1883/4920/472 1888/4935/472 1280/4937/472 1270/4921/472
f 1884/4922/473 1887/4945/473 1279/4946/473 1269/4923/473
f 1887/4947/474 1884/4948/474 1270/4949/474 1280/4950/474
f 1889/4951/444 1892/4952/444 1283/4953/444 1285/4954/444
f 1892/4955/445 1889/4956/445 1286/4957/445 1284/4958/445
f 1891/4959/446 1890/4960/446 1285/4961/446 1283/4962/446
f 1890/4963/447 1891/4964/447 1284/4958/447 1286/4957/447
f 1892/4965/448 1893/4966/448 1293/4967/448 1283/4968/448
f 1893/4969/449 1892/4970/449 1284/4971/449 1294/4972/449
f 1893/4966/446 1896/4973/446 1295/4974/446 1293/4967/446
f 1896/4975/447 1893/4976/447 1294/4977/447 1296/4978/447
f 1895/4979/444 1894/4980/444 1293/4981/444 1295/4982/444
f 1894/4983/445 1895/4984/445 1296/4978/445 1294/4977/445
f 1896/4985/450 1889/4986/450 1285/4987/450 1295/4988/450
f 1889/4956/451 1896/4975/451 1296/4978/451 1286/4957/451
f 1897/4989/452 1900/4990/452 1287/4991/452 1281/4992/452
f 1900/4993/453 1897/4994/453 1282/4995/453 1288/4996/453
f 1899/4997/483 1898/4998/483 1281/4999/483 1287/5000/483
f 1898/5001/463 1899/5002/463 1288/4996/463 1282/4995/463
f 1900/5003/456 1902/5004/456 1297/5005/456 1287/5006/456
f 1902/5004/457 1900/5003/457 1288/5007/457 1298/5008/457
f 1901/5009/458 1899/5010/458 1287/5011/458 1297/5012/458
f 1899/5002/459 1901/5013/459 1298/5014/459 1288/4996/459
f 1902/5015/454 1904/5016/454 1291/5017/454 1297/5018/454
f 1904/5019/455 1902/5020/455 1298/5014/455 1292/5021/455
f 1903/5022/452 1901/5023/452 1297/5024/452 1291/5025/452
f 1901/5013/453 1903/5026/453 1292/5021/453 1298/5014/453
f 1904/5027/461 1897/5028/461 1281/5029/461 1291/5030/461
f 1897/4994/462 1904/5019/462 1292/5021/462 1282/4995/462
f 1905/5031/475 1906/5032/475 1281/5033/475 1283/5034/475
f 1906/5035/476 1905/5036/476 1284/4958/476 1282/4995/476
f 1898/4998/477 1891/4959/477 1283/4962/477 1281/4999/477
f 1891/4964/478 1898/5001/478 1282/4995/478 1284/4958/478
f 1906/5037/479 1907/5038/479 1291/5039/479 1281/5040/479
f 1907/5041/480 1906/5042/480 1282/5043/480 1292/5044/480
f 1907/5038/477 1908/5045/477 1293/5046/477 1291/5039/477
f 1908/5047/478 1907/5048/478 1292/5021/478 1294/4977/478
f 1894/4980/475 1903/5022/475 1291/5025/475 1293/4981/475
f 1903/5026/476 1894/4983/476 1294/4977/476 1292/5021/476
f 1908/5049/481 1905/5050/481 1283/5051/481 1293/5052/481
f 1905/5036/482 1908/5047/482 1294/4977/482 1284/4958/482
f 1909/5053/465 1911/5054/465 1285/5055/465 1289/5056/465
f 1911/5057/466 1909/5058/466 1290/5059/466 1286/4957/466
f 1890/4960/467 1910/5060/467 1289/5061/467 1285/4961/467
f 1910/5062/468 1890/4963/468 1286/4957/468 1290/5059/468
f 1911/5063/469 1912/5064/469 1295/5065/469 1285/5066/469
f 1912/5067/470 1911/5068/470 1286/5069/470 1296/5070/470
f 1912/5064/467 1914/5071/467 1299/5072/467 1295/5065/467
f 1914/5073/468 1912/5074/468 1296/4978/468 1300/5075/468
f 1913/5076/465 1895/4979/465 1295/4982/465 1299/5077/465
f 1895/4984/466 1913/5078/466 1300/5075/466 1296/4978/466
f 1914/5079/471 1909/5080/471 1289/5081/471 1299/5082/471
f 1909/5058/472 1914/5073/472 1300/5075/472 1290/5059/472
f 1910/5060/473 1913/5083/473 1299/5084/473 1289/5061/473
f 1913/5085/474 1910/5086/474 1290/5087/474 1300/5088/474
f 1915/5089/444 1918/5090/444 1303/5091/444 1305/5092/444
f 1918/5093/445 1915/5094/445 1306/5095/445 1304/5096/445
f 1917/5097/446 1916/5098/446 1305/5099/446 1303/5100/446
f 1916/5101/447 1917/5102/447 1304/5096/447 1306/5095/447
f 1918/5103/448 1919/5104/448 1313/5105/448 1303/5106/448
f 1919/5107/449 1918/5108/449 1304/5109/449 1314/5110/449
f 1919/5104/446 1922/5111/446 1315/5112/446 1313/5105/446
f 1922/5113/447 1919/5114/447 1314/5115/447 1316/5116/447
f 1921/5117/444 1920/5118/444 1313/5119/444 1315/5120/444
f 1920/5121/445 1921/5122/445 1316/5116/445 1314/5115/445
f 1922/5123/450 1915/5124/450 1305/5125/450 1315/5126/450
f 1915/5094/451 1922/5113/451 1316/5116/451 1306/5095/451
f 1923/5127/452 1926/5128/452 1307/5129/452 1301/5130/452
f 1926/5131/453 1923/5132/453 1302/5133/453 1308/5134/453
f 1925/5135/454 1924/5136/454 1301/5137/454 1307/5138/454
f 1924/5139/463 1925/5140/463 1308/5134/463 1302/5133/463
f 1926/5141/456 1928/5142/456 1317/5143/456 1307/5144/456
f 1928/5142/457 1926/5141/457 1308/5145/457 1318/5146/457
f 1927/5147/458 1925/5148/458 1307/5149/458 1317/5150/458
f 1925/5140/459 1927/5151/459 1318/5152/459 1308/5134/459
f 1928/5153/454 1930/5154/454 1311/5155/454 1317/5156/454
f 1930/5157/455 1928/5158/455 1318/5152/455 1312/5159/455
f 1929/5160/452 1927/5161/452 1317/5162/452 1311/5163/452
f 1927/5151/460 1929/5164/460 1312/5159/460 1318/5152/460
f 1930/5165/461 1923/5166/461 1301/5167/461 1311/5168/461
f 1923/5132/462 1930/5157/462 1312/5159/462 1302/5133/462
f 1931/5169/475 1932/5170/475 1301/5171/475 1303/5172/475
f 1932/5173/476 1931/5174/476 1304/5096/476 1302/5133/476
f 1924/5136/477 1917/5097/477 1303/5100/477 1301/5137/477
f 1917/5102/478 1924/5139/478 1302/5133/478 1304/5096/478
f 1932/5175/479 1933/5176/479 1311/5177/479 1301/5178/479
f 1933/5179/480 1932/5180/480 1302/5181/480 1312/5182/480
f 1933/5176/477 1934/5183/477 1313/5184/477 1311/5177/477
f 1934/5185/478 1933/5186/478 1312/5159/478 1314/5115/478
f 1920/5118/475 1929/5160/475 1311/5163/475 1313/5119/475
f 1929/5164/476 1920/5121/476 1314/5115/476 1312/5159/476
f 1934/5187/481 1931/5188/481 1303/5189/481 1313/5190/481
f 1931/5174/482 1934/5185/482 1314/5115/482 1304/5096/482
f 1935/5191/465 1937/5192/465 1305/5193/465 1309/5194/465
f 1937/5195/466 1935/5196/466 1310/5197/466 1306/5095/466
f 1916/5098/467 1936/5198/467 1309/5199/467 1305/5099/467
f 1936/5200/468 1916/5101/468 1306/5095/468 1310/5197/468
f 1937/5201/469 1938/5202/469 1315/5203/469 1305/5204/469
f 1938/5205/470 1937/5206/470 1306/5207/470 1316/5208/470
f 1938/5202/467 1940/5209/467 1319/5210/467 1315/5203/467
f 1940/5211/468 1938/5212/468 1316/5116/468 1320/5213/468
f 1939/5214/465 1921/5117/465 1315/5120/465 1319/5215/465
f 1921/5122/466 1939/5216/466 1320/5213/466 1316/5116/466
f 1940/5217/471 1935/5218/471 1309/5219/471 1319/5220/471
f 1935/5196/472 1940/5211/472 1320/5213/472 1310/5197/472
f 1936/5198/473 1939/5221/473 1319/5222/473 1309/5199/473
f 1939/5223/474 1936/5224/474 1310/5225/474 1320/5226/474
f 1941/5227/484 1944/5228/484 1323/5229/484 1325/5230/484
f 1944/5231/485 1941/5232/485 1326/5233/485 1324/5234/485
f 1943/5235/486 1942/5236/486 1325/5237/486 1323/5238/486
f 1942/5239/487 1943/5240/487 1324/5234/487 1326/5233/487
f 1944/5241/488 1945/5242/488 1353/5243/488 1323/5244/488
f 1945/5245/489 1944/5246/489 1324/5247/489 1354/5248/489
f 1945/5249/486 1948/5250/486 1355/5251/486 1353/5252/486
f 1948/5253/487 1945/5254/487 1354/5255/487 1356/5256/487
f 1947/5257/484 1946/5258/484 1353/5259/484 1355/5260/484
f 1946/5261/485 1947/5262/485 1356/5256/485 1354/5255/485
f 1948/5250/490 1941/5263/490 1325/5264/490 1355/5251/490
f 1941/5232/491 1948/5253/491 1356/5256/491 1326/5233/491
f 1949/5265/492 1952/5266/492 1327/5267/492 1321/5268/492
f 1952/5269/493 1949/5270/493 1322/5271/493 1328/5272/493
f 1951/5273/494 1950/5274/494 1321/5275/494 1327/5276/494
f 1950/5277/495 1951/5278/495 1328/5272/495 1322/5271/495
f 1952/5279/496 1954/5280/496 1357/5281/496 1327/5282/496
f 1954/5283/497 1952/5284/497 1328/5285/497 1358/5286/497
f 1953/5287/498 1951/5273/498 1327/5276/498 1357/5288/498
f 1951/5278/499 1953/5289/499 1358/5290/499 1328/5272/499
f 1954/5291/494 1956/5292/494 1351/5293/494 1357/5294/494
f 1956/5295/500 1954/5296/500 1358/5290/500 1352/5297/500
f 1955/5298/492 1953/5299/492 1357/5300/492 1351/5301/492
f 1953/5289/501 1955/5302/501 1352/5297/501 1358/5290/501
f 1956/5292/502 1949/5303/502 1321/5304/502 1351/5293/502
f 1949/5270/503 1956/5295/503 1352/5297/503 1322/5271/503
f 1957/5305/492 1960/5306/492 1347/5307/492 1341/5308/492
f 1960/5309/493 1957/5310/493 1342/5311/493 1348/5312/493
f 1959/5313/494 1958/5314/494 1341/5315/494 1347/5316/494
f 1958/5317/495 1959/5318/495 1348/5312/495 1342/5311/495
f 1960/5319/496 1962/5320/496 1333/5321/496 1347/5322/496
f 1962/5323/497 1960/5324/497 1348/5325/497 1334/5326/497
f 1961/5327/498 1959/5313/498 1347/5316/498 1333/5328/498
f 1959/5318/499 1961/5329/499 1334/5330/499 1348/5312/499
f 1962/5331/494 1964/5332/494 1339/5333/494 1333/5334/494
f 1964/5335/500 1962/5336/500 1334/5330/500 1340/5337/500
f 1963/5338/492 1961/5339/492 1333/5340/492 1339/5341/492
f 1961/5329/501 1963/5342/501 1340/5337/501 1334/5330/501
f 1964/5332/502 1957/5343/502 1341/5344/502 1339/5333/502
f 1957/5310/503 1964/5335/503 1340/5337/503 1342/5311/503
f 1965/5345/484 1968/5346/484 1343/5347/484 1345/5348/484
f 1968/5349/485 1965/5350/485 1346/5351/485 1344/5352/485
f 1967/5353/486 1966/5354/486 1345/5355/486 1343/5356/486
f 1966/5357/487 1967/5358/487 1344/5352/487 1346/5351/487
f 1968/5359/488 1969/5360/488 1337/5361/488 1343/5362/488
f 1969/5363/489 1968/5364/489 1344/5365/489 1338/5366/489
f 1969/5367/486 1972/5368/486 1335/5369/486 1337/5370/486
f 1972/5371/487 1969/5372/487 1338/5373/487 1336/5374/487
f 1971/5375/484 1970/5376/484 1337/5377/484 1335/5378/484
f 1970/5379/485 1971/5380/485 1336/5374/485 1338/5373/485
f 1972/5368/490 1965/5381/490 1345/5382/490 1335/5369/490
f 1965/5350/491 1972/5371/491 1336/5374/491 1346/5351/491
f 1973/5383/504 1975/5384/504 1345/5385/504 1349/5386/504
f 1975/5387/505 1973/5388/505 1350/5389/505 1346/5390/505
f 1966/5354/506 1974/5391/506 1349/5392/506 1345/5355/506
f 1974/5393/507 1966/5394/507 1346/5390/507 1350/5389/507
f 1975/5395/508 1976/5396/508 1335/5397/508 1345/5398/508
f 1976/5399/509 1975/5387/509 1346/5390/509 1336/5400/509
f 1976/5401/506 1978/5402/506 1331/5403/506 1335/5404/506
f 1978/5405/507 1976/5399/507 1336/5400/507 1332/5406/507
f 1977/5407/504 1971/5375/504 1335/5378/504 1331/5408/504
f 1971/5409/505 1977/5410/505 1332/5406/505 1336/5400/505
f 1978/5402/510 1973/5411/510 1349/5412/510 1331/5403/510
f 1973/5413/511 1978/5414/511 1332/5415/511 1350/5416/511
f 1974/5417/512 1977/5418/512 1331/5419/512 1349/5420/512
f 1977/5410/513 1974/5393/513 1350/5389/513 1332/5406/513
f 1979/5421/514 1980/5422/514 1341/5423/514 1343/5424/514
f 1980/5425/515 1979/5426/515 1344/5352/515 1342/5311/515
f 1958/5314/516 1967/5353/516 1343/5356/516 1341/5315/516
f 1967/5358/517 1958/5317/517 1342/5311/517 1344/5352/517
f 1980/5427/518 1981/5428/518 1339/5429/518 1341/5430/518
f 1981/5431/519 1980/5432/519 1342/5433/519 1340/5434/519
f 1981/5435/520 1982/5436/520 1337/5437/520 1339/5438/520
f 1982/5439/517 1981/5440/517 1340/5337/517 1338/5373/517
f 1970/5376/521 1963/5338/521 1339/5341/521 1337/5377/521
f 1963/5342/522 1970/5379/522 1338/5373/522 1340/5337/522
f 1982/5436/523 1979/5441/523 1343/5442/523 1337/5437/523
f 1979/5426/524 1982/5439/524 1338/5373/524 1344/5352/524
f 1983/5443/525 1984/5444/525 1321/5445/525 1323/5446/525
f 1984/5447/522 1983/5448/522 1324/5234/522 1322/5271/522
f 1950/5274/516 1943/5235/516 1323/5238/516 1321/5275/516
f 1943/5240/517 1950/5277/517 1322/5271/517 1324/5234/517
f 1984/5449/518 1985/5450/518 1351/5451/518 1321/5452/518
f 1985/5453/519 1984/5454/519 1322/5455/519 1352/5456/519
f 1985/5457/520 1986/5458/520 1353/5459/520 1351/5460/520
f 1986/5461/526 1985/5462/526 1352/5297/526 1354/5255/526
f 1946/5258/525 1955/5298/525 1351/5301/525 1353/5259/525
f 1955/5302/522 1946/5261/522 1354/5255/522 1352/5297/522
f 1986/5458/523 1983/5463/523 1323/5464/523 1353/5459/523
f 1983/5448/524 1986/5461/524 1354/5255/524 1324/5234/524
f 1987/5465/504 1989/5466/504 1325/5467/504 1329/5468/504
f 1989/5469/505 1987/5470/505 1330/5471/505 1326/5472/505
f 1942/5236/506 1988/5473/506 1329/5474/506 1325/5237/506
f 1988/5475/507 1942/5476/507 1326/5472/507 1330/5471/507
f 1989/5477/508 1990/5478/508 1355/5479/508 1325/5480/508
f 1990/5481/509 1989/5469/509 1326/5472/509 1356/5482/509
f 1990/5483/506 1992/5484/506 1359/5485/506 1355/5486/506
f 1992/5487/507 1990/5481/507 1356/5482/507 1360/5488/507
f 1991/5489/504 1947/5257/504 1355/5260/504 1359/5490/504
f 1947/5491/505 1991/5492/505 1360/5488/505 1356/5482/505
f 1992/5484/510 1987/5493/510 1329/5494/510 1359/5485/510
f 1987/5495/511 1992/5496/511 1360/5497/511 1330/5498/511
f 1988/5499/512 1991/5500/512 1359/5501/512 1329/5502/512
f 1991/5492/513 1988/5475/513 1330/5471/513 1360/5488/513
f 1993/5503/484 1996/5504/484 1363/5505/484 1365/5506/484
f 1996/5507/485 1993/5508/485 1366/5509/485 1364/5510/485
f 1995/5511/486 1994/5512/486 1365/5513/486 1363/5514/486
f 1994/5515/487 1995/5516/487 1364/5510/487 1366/5509/487
f 1996/5517/488 1997/5518/488 1373/5519/488 1363/5520/488
f 1997/5521/489 1996/5522/489 1364/5523/489 1374/5524/489
f 1997/5525/486 2000/5526/486 1375/5527/486 1373/5528/486
f 2000/5529/487 1997/5530/487 1374/5531/487 1376/5532/487
f 1999/5533/484 1998/5534/484 1373/5535/484 1375/5536/484
f 1998/5537/485 1999/5538/485 1376/5532/485 1374/5531/485
f 2000/5526/490 1993/5539/490 1365/5540/490 1375/5527/490
f 1993/5508/491 2000/5529/491 1376/5532/491 1366/5509/491
f 2001/5541/492 2004/5542/492 1367/5543/492 1361/5544/492
f 2004/5545/493 2001/5546/493 1362/5547/493 1368/5548/493
f 2003/5549/494 2002/5550/494 1361/5551/494 1367/5552/494
f 2002/5553/495 2003/5554/495 1368/5548/495 1362/5547/495
f 2004/5555/496 2006/5556/496 1377/5557/496 1367/5558/496
f 2006/5559/497 2004/5560/497 1368/5561/497 1378/5562/497
f 2005/5563/498 2003/5549/498 1367/5552/498 1377/5564/498
f 2003/5554/499 2005/5565/499 1378/5566/499 1368/5548/499
f 2006/5567/494 2008/5568/494 1371/5569/494 1377/5570/494
f 2008/5571/500 2006/5572/500 1378/5566/500 1372/5573/500
f 2007/5574/492 2005/5575/492 1377/5576/492 1371/5577/492
f 2005/5565/501 2007/5578/501 1372/5573/501 1378/5566/501
f 2008/5568/502 2001/5579/502 1361/5580/502 1371/5569/502
f 2001/5546/503 2008/5571/503 1372/5573/503 1362/5547/503
f 2009/5581/527 2010/5582/527 1361/5583/527 1363/5584/527
f 2010/5585/522 2009/5586/522 1364/5510/522 1362/5547/522
f 2002/5550/516 1995/5511/516 1363/5514/516 1361/5551/516
f 1995/5516/517 2002/5553/517 1362/5547/517 1364/5510/517
f 2010/5587/518 2011/5588/518 1371/5589/518 1361/5590/518
f 2011/5591/519 2010/5592/519 1362/5593/519 1372/5594/519
f 2011/5595/528 2012/5596/528 1373/5597/528 1371/5598/528
f 2012/5599/517 2011/5600/517 1372/5573/517 1374/5531/517
f 1998/5534/521 2007/5574/521 1371/5577/521 1373/5535/521
f 2007/5578/522 1998/5537/522 1374/5531/522 1372/5573/522
f 2012/5596/523 2009/5601/523 1363/5602/523 1373/5597/523
f 2009/5586/524 2012/5599/524 1374/5531/524 1364/5510/524
f 2013/5603/504 2015/5604/504 1365/5605/504 1369/5606/504
f 2015/5607/505 2013/5608/505 1370/5609/505 1366/5610/505
f 1994/5512/506 2014/5611/506 1369/5612/506 1365/5513/506
f 2014/5613/507 1994/5614/507 1366/5610/507 1370/5609/507
f 2015/5615/508 2016/5616/508 1375/5617/508 1365/5618/508
f 2016/5619/509 2015/5607/509 1366/5610/509 1376/5620/509
f 2016/5621/506 2018/5622/506 1379/5623/506 1375/5624/506
f 2018/5625/507 2016/5619/507 1376/5620/507 1380/5626/507
f 2017/5627/504 1999/5533/504 1375/5536/504 1379/5628/504
f 1999/5629/505 2017/5630/505 1380/5626/505 1376/5620/505
f 2018/5622/510 2013/5631/510 1369/5632/510 1379/5623/510
f 2013/5633/511 2018/5634/511 1380/5635/511 1370/5636/511
f 2014/5637/512 2017/5638/512 1379/5639/512 1369/5640/512
f 2017/5630/513 2014/5613/513 1370/5609/513 1380/5626/513
f 2019/5641/484 2022/5642/484 1383/5643/484 1385/5644/484
f 2022/5645/485 2019/5646/485 1386/5647/485 1384/5648/485
f 2021/5649/486 2020/5650/486 1385/5651/486 1383/5652/486
f 2020/5653/487 2021/5654/487 1384/5648/487 1386/5647/487
f 2022/5655/488 2023/5656/488 1393/5657/488 1383/5658/488
f 2023/5659/489 2022/5660/489 1384/5661/489 1394/5662/489
f 2023/5663/486 2026/5664/486 1395/5665/486 1393/5666/486
f 2026/5667/487 2023/5668/487 1394/5669/487 1396/5670/487
f 2025/5671/484 2024/5672/484 1393/5673/484 1395/5674/484
f 2024/5675/485 2025/5676/485 1396/5670/485 1394/5669/485
f 2026/5664/490 2019/5677/490 1385/5678/490 1395/5665/490
f 2019/5646/491 2026/5667/491 1396/5670/491 1386/5647/491
f 2027/5679/492 2030/5680/492 1387/5681/492 1381/5682/492
f 2030/5683/493 2027/5684/493 1382/5685/493 1388/5686/493
f 2029/5687/494 2028/5688/494 1381/5689/494 1387/5690/494
f 2028/5691/495 2029/5692/495 1388/5686/495 1382/5685/495
f 2030/5693/496 2032/5694/496 1397/5695/496 1387/5696/496
f 2032/5697/497 2030/5698/497 1388/5699/497 1398/5700/497
f 2031/5701/498 2029/5687/498 1387/5690/498 1397/5702/498
f 2029/5692/499 2031/5703/499 1398/5704/499 1388/5686/499
f 2032/5705/494 2034/5706/494 1391/5707/494 1397/5708/494
f 2034/5709/500 2032/5710/500 1398/5704/500 1392/5711/500
f 2033/5712/492 2031/5713/492 1397/5714/492 1391/5715/492
f 2031/5703/501 2033/5716/501 1392/5711/501 1398/5704/501
f 2034/5706/502 2027/5717/502 1381/5718/502 1391/5707/502
f 2027/5684/503 2034/5709/503 1392/5711/503 1382/5685/503
f 2035/5719/521 2036/5720/521 1381/5721/521 1383/5722/521
f 2036/5723/522 2035/5724/522 1384/5648/522 1382/5685/522
f 2028/5688/529 2021/5649/529 1383/5652/529 1381/5689/529
f 2021/5654/517 2028/5691/517 1382/5685/517 1384/5648/517
f 2036/5725/518 2037/5726/518 1391/5727/518 1381/5728/518
f 2037/5729/519 2036/5730/519 1382/5731/519 1392/5732/519
f 2037/5733/529 2038/5734/529 1393/5735/529 1391/5736/529
f 2038/5737/517 2037/5738/517 1392/5711/517 1394/5669/517
f 2024/5672/521 2033/5712/521 1391/5715/521 1393/5673/521
f 2033/5716/522 2024/5675/522 1394/5669/522 1392/5711/522
f 2038/5734/523 2035/5739/523 1383/5740/523 1393/5735/523
f 2035/5724/524 2038/5737/524 1394/5669/524 1384/5648/524
f 2039/5741/504 2041/5742/504 1385/5743/504 1389/5744/504
f 2041/5745/505 2039/5746/505 1390/5747/505 1386/5748/505
f 2020/5650/506 2040/5749/506 1389/5750/506 1385/5651/506
f 2040/5751/507 2020/5752/507 1386/5748/507 1390/5747/507
f 2041/5753/508 2042/5754/508 1395/5755/508 1385/5756/508
f 2042/5757/509 2041/5745/509 1386/5748/509 1396/5758/509
f 2042/5759/506 2044/5760/506 1399/5761/506 1395/5762/506
f 2044/5763/507 2042/5757/507 1396/5758/507 1400/5764/507
f 2043/5765/504 2025/5671/504 1395/5674/504 1399/5766/504
f 2025/5767/505 2043/5768/505 1400/5764/505 1396/5758/505
f 2044/5760/510 2039/5769/510 1389/5770/510 1399/5761/510
f 2039/5771/511 2044/5772/511 1400/5773/511 1390/5774/511
f 2040/5775/512 2043/5776/512 1399/5777/512 1389/5778/512
f 2043/5768/513 2040/5751/513 1390/5747/513 1400/5764/513
f 2045/5779/484 2048/5780/484 1403/5781/484 1405/5782/484
f 2048/5783/485 2045/5784/485 1406/5785/485 1404/5786/485
f 2047/5787/486 2046/5788/486 1405/5789/486 1403/5790/486
f 2046/5791/487 2047/5792/487 1404/5786/487 1406/5785/487
f 2048/5793/488 2049/5794/488 1413/5795/488 1403/5796/488
f 2049/5797/489 2048/5798/489 1404/5799/489 1414/5800/489
f 2049/5801/486 2052/5802/486 1415/5803/486 1413/5804/486
f 2052/5805/487 2049/5806/487 1414/5807/487 1416/5808/487
f 2051/5809/484 2050/5810/484 1413/5811/484 1415/5812/484
f 2050/5813/485 2051/5814/485 1416/5808/485 1414/5807/485
f 2052/5802/490 2045/5815/490 1405/5816/490 1415/5803/490
f 2045/5784/491 2052/5805/491 1416/5808/491 1406/5785/491
f 2053/5817/492 2056/5818/492 1407/5819/492 1401/5820/492
f 2056/5821/493 2053/5822/493 1402/5823/493 1408/5824/493
f 2055/5825/494 2054/5826/494 1401/5827/494 1407/5828/494
f 2054/5829/495 2055/5830/495 1408/5824/495 1402/5823/495
f 2056/5831/496 2058/5832/496 1417/5833/496 1407/5834/496
f 2058/5835/497 2056/5836/497 1408/5837/497 1418/5838/497
f 2057/5839/498 2055/5825/498 1407/5828/498 1417/5840/498
f 2055/5830/499 2057/5841/499 1418/5842/499 1408/5824/499
f 2058/5843/494 2060/5844/494 1411/5845/494 1417/5846/494
f 2060/5847/500 2058/5848/500 1418/5842/500 1412/5849/500
f 2059/5850/492 2057/5851/492 1417/5852/492 1411/5853/492
f 2057/5841/501 2059/5854/501 1412/5849/501 1418/5842/501
f 2060/5844/502 2053/5855/502 1401/5856/502 1411/5845/502
f 2053/5822/503 2060/5847/503 1412/5849/503 1402/5823/503
f 2061/5857/514 2062/5858/514 1401/5859/514 1403/5860/514
f 2062/5861/515 2061/5862/515 1404/5786/515 1402/5823/515
f 2054/5826/516 2047/5787/516 1403/5790/516 1401/5827/516
f 2047/5792/517 2054/5829/517 1402/5823/517 1404/5786/517
f 2062/5863/518 2063/5864/518 1411/5865/518 1401/5866/518
f 2063/5867/519 2062/5868/519 1402/5869/519 1412/5870/519
f 2063/5871/520 2064/5872/520 1413/5873/520 1411/5874/520
f 2064/5875/526 2063/5876/526 1412/5849/526 1414/5807/526
f 2050/5810/525 2059/5850/525 1411/5853/525 1413/5811/525
f 2059/5854/522 2050/5813/522 1414/5807/522 1412/5849/522
f 2064/5872/523 2061/5877/523 1403/5878/523 1413/5873/523
f 2061/5862/524 2064/5875/524 1414/5807/524 1404/5786/524
f 2065/5879/504 2067/5880/504 1405/5881/504 1409/5882/504
f 2067/5883/505 2065/5884/505 1410/5885/505 1406/5886/505
f 2046/5788/506 2066/5887/506 1409/5888/506 1405/5789/506
f 2066/5889/507 2046/5890/507 1406/5886/507 1410/5885/507
f 2067/5891/508 2068/5892/508 1415/5893/508 1405/5894/508
f 2068/5895/509 2067/5883/509 1406/5886/509 1416/5896/509
f 2068/5897/506 2070/5898/506 1419/5899/506 1415/5900/506
f 2070/5901/507 2068/5895/507 1416/5896/507 1420/5902/507
f 2069/5903/504 2051/5809/504 1415/5812/504 1419/5904/504
f 2051/5905/505 2069/5906/505 1420/5902/505 1416/5896/505
f 2070/5898/510 2065/5907/510 1409/5908/510 1419/5899/510
f 2065/5909/511 2070/5910/511 1420/5911/511 1410/5912/511
f 2066/5913/512 2069/5914/512 1419/5915/512 1409/5916/512
f 2069/5906/513 2066/5889/513 1410/5885/513 1420/5902/513
o B1_Deco_Cylinder.001
v -0.504883 15.503140 -0.675997
v -0.504883 16.322704 -0.675997
v -0.502399 15.503140 -0.696848
v -0.502399 16.322704 -0.696848
v -0.484031 15.503140 -0.673513
v -0.484031 16.322704 -0.673513
v -0.481547 15.503140 -0.694365
v -0.481547 16.322704 -0.694365
v -0.620440 14.522260 -2.002207
v -1.019316 14.522260 -1.827089
v -0.193871 14.522260 -2.090566
v 0.241747 14.522260 -2.088307
v 0.667376 14.522260 -1.995526
v 1.064415 14.522260 -1.816280
v 1.415509 14.522260 -1.558402
v 1.705315 14.522260 -1.233162
v 1.921168 14.522260 -0.854775
v 2.053632 14.522260 -0.439779
v 2.096919 14.522260 -0.006311
v 2.049137 14.522260 0.426685
v 1.912375 14.522260 0.840284
v 1.692608 14.522260 1.216410
v 1.399444 14.522260 1.538626
v 1.045693 14.522260 1.792848
v 0.646816 14.522260 1.967966
v 0.220248 14.522260 2.056326
v -0.215371 14.522260 2.054066
v -0.641000 14.522260 1.961285
v -1.038038 14.522260 1.782039
v -1.389133 14.522260 1.524161
v -1.678938 14.522260 1.198922
v -1.894790 14.522260 0.820536
v -2.027255 14.522260 0.405540
v -2.070543 14.522260 -0.027928
v -2.022762 14.522260 -0.460923
v -1.886000 14.522260 -0.874522
v -1.666234 14.522260 -1.250649
v -1.373070 14.522260 -1.572864
v -2.048899 14.522260 0.188806
v -1.786864 14.522260 1.009728
v -0.428186 14.522260 2.007676
v 0.433532 14.522260 2.012145
v 1.802492 14.522260 1.028347
v 2.073028 14.522260 0.210187
v 1.560412 14.522260 -1.395782
v 0.865896 14.522260 -1.905902
v -0.819878 14.522260 -1.914648
v -1.519652 14.522260 -1.411757
v -0.819878 14.499609 -1.914648
v -1.019316 14.499609 -1.827089
v -0.193871 14.499609 -2.090566
v -0.620440 14.499609 -2.002207
v 0.241747 14.499609 -2.088307
v 0.667376 14.499609 -1.995526
v 0.865896 14.499609 -1.905902
v 1.415509 14.499609 -1.558402
v 1.064415 14.499609 -1.816280
v 1.560412 14.499609 -1.395782
v 1.921168 14.499609 -0.854775
v 1.705315 14.499609 -1.233162
v 2.053632 14.499609 -0.439779
v 2.096919 14.499609 -0.006311
v 2.073028 14.499609 0.210187
v 1.912375 14.499609 0.840284
v 2.049137 14.499609 0.426685
v 1.802492 14.499609 1.028347
v 1.399444 14.499609 1.538626
v 1.692608 14.499609 1.216410
v 1.045693 14.499609 1.792848
v 0.646816 14.499609 1.967966
v 0.433532 14.499609 2.012145
v -0.215371 14.499609 2.054066
v 0.220248 14.499609 2.056326
v -0.428186 14.499609 2.007676
v -1.038038 14.499609 1.782039
v -0.641000 14.499609 1.961285
v -1.389133 14.499609 1.524161
v -1.678938 14.499609 1.198922
v -1.786864 14.499609 1.009728
v -2.027255 14.499609 0.405540
v -1.894790 14.499609 0.820536
v -2.048899 14.499609 0.188806
v -2.022762 14.499609 -0.460923
v -2.070543 14.499609 -0.027928
v -1.886000 14.499609 -0.874522
v -1.666234 14.499609 -1.250649
v -1.519652 14.499609 -1.411757
v -1.373070 14.499609 -1.572864
v -1.123818 14.932139 -1.293138
v -1.244045 14.932139 -1.160998
v -1.364270 14.932139 -1.028858
v -1.544522 14.932139 -0.720359
v -1.695884 14.932139 -0.025984
v -1.656694 14.932139 -0.381126
v -1.678131 14.932139 0.151780
v -1.551732 14.932139 0.669924
v -1.660379 14.932139 0.329545
v -1.463211 14.932139 0.825099
v -1.374690 14.932139 0.980275
v -1.136992 14.932139 1.247035
v -0.523376 14.932139 1.605564
v -0.849025 14.932139 1.458547
v -0.348826 14.932139 1.643613
v 0.183018 14.932139 1.683516
v -0.174275 14.932139 1.681662
v 0.357953 14.932139 1.647279
v 0.532888 14.932139 1.611043
v 0.860046 14.932139 1.467412
v 1.390645 14.932139 0.994619
v 1.150192 14.932139 1.258900
v 1.480772 14.932139 0.840370
v 1.683070 14.932139 0.346888
v 1.570897 14.932139 0.686121
v 1.702665 14.932139 0.169317
v 1.722260 14.932139 -0.008255
v 1.686756 14.932139 -0.363784
v 1.401067 14.932139 -1.014515
v 1.578109 14.932139 -0.704163
v 1.282218 14.932139 -1.147896
v 0.875402 14.932139 -1.492787
v 1.163369 14.932139 -1.281277
v 0.712577 14.932139 -1.566296
v 0.549752 14.932139 -1.639805
v 0.200652 14.932139 -1.715903
v -0.506513 14.932139 -1.645284
v -0.156642 14.932139 -1.717757
v -0.833669 14.932139 -1.501653
v -0.670091 14.932139 -1.573468
v -1.244045 14.950718 -1.160998
v -0.670091 14.950718 -1.573468
v 0.712577 14.950718 -1.566296
v 1.282218 14.950718 -1.147896
v 1.702665 14.950718 0.169317
v 1.480772 14.950718 0.840370
v 0.357953 14.950718 1.647279
v -0.348826 14.950718 1.643613
v -1.463211 14.950718 0.825099
v -1.678131 14.950718 0.151780
v -1.123818 14.950718 -1.293138
v -1.364270 14.950718 -1.028858
v -1.544522 14.950718 -0.720359
v -1.656694 14.950718 -0.381126
v -1.695884 14.950718 -0.025984
v -1.660379 14.950718 0.329545
v -1.551732 14.950718 0.669924
v -1.374690 14.950718 0.980275
v -1.136992 14.950718 1.247035
v -0.849025 14.950718 1.458547
v -0.523376 14.950718 1.605564
v -0.174275 14.950718 1.681662
v 0.183018 14.950718 1.683516
v 0.532888 14.950718 1.611043
v 0.860046 14.950718 1.467412
v 1.150192 14.950718 1.258900
v 1.390645 14.950718 0.994619
v 1.570897 14.950718 0.686121
v 1.683070 14.950718 0.346888
v 1.722260 14.950718 -0.008255
v 1.686756 14.950718 -0.363784
v 1.578109 14.950718 -0.704163
v 1.401067 14.950718 -1.014515
v 1.163369 14.950718 -1.281277
v 0.875402 14.950718 -1.492787
v 0.549752 14.950718 -1.639805
v 0.200652 14.950718 -1.715903
v -0.156642 14.950718 -1.717757
v -0.833669 14.950718 -1.501653
v -0.506513 14.950718 -1.645284
v -0.395937 15.250929 -1.298864
v -0.653486 15.250929 -1.185793
v -0.120507 15.250929 -1.355917
v 0.160766 15.250929 -1.354458
v 0.435589 15.250929 -1.294551
v 0.691951 15.250929 -1.178813
v 0.918648 15.250929 -1.012305
v 1.105772 15.250929 -0.802302
v 1.245145 15.250929 -0.557983
v 1.330675 15.250929 -0.290025
v 1.358626 15.250929 -0.010141
v 1.327773 15.250929 0.269439
v 1.239468 15.250929 0.536494
v 1.097568 15.250929 0.779354
v 0.908275 15.250929 0.987404
v 0.679863 15.250929 1.151552
v 0.422313 15.250929 1.264624
v 0.146884 15.250929 1.321676
v -0.134389 15.250929 1.320217
v -0.409213 15.250929 1.260310
v -0.665574 15.250929 1.144573
v -0.892272 15.250929 0.978064
v -1.079395 15.250929 0.768062
v -1.218768 15.250929 0.523743
v -1.304299 15.250929 0.255786
v -1.332249 15.250929 -0.024098
v -1.301398 15.250929 -0.303678
v -1.213092 15.250929 -0.570733
v -1.071192 15.250929 -0.813593
v -0.881901 15.250929 -1.021643
v -1.318274 15.250929 0.115844
v -1.149082 15.250929 0.645902
v -0.271801 15.250929 1.290263
v 0.284598 15.250929 1.293149
v 1.168518 15.250929 0.657924
v 1.343199 15.250929 0.129649
v 1.012210 15.250929 -0.907304
v 0.563770 15.250929 -1.236682
v -0.524711 15.250929 -1.242328
v -0.976547 15.250929 -0.917618
v -0.524711 15.236304 -1.242328
v -0.653486 15.236304 -1.185793
v -0.120507 15.236304 -1.355917
v -0.395937 15.236304 -1.298864
v 0.160766 15.236304 -1.354458
v 0.435589 15.236304 -1.294551
v 0.563770 15.236304 -1.236682
v 0.918648 15.236304 -1.012305
v 0.691951 15.236304 -1.178813
v 1.012210 15.236304 -0.907304
v 1.245145 15.236304 -0.557983
v 1.105772 15.236304 -0.802302
v 1.330675 15.236304 -0.290025
v 1.358626 15.236304 -0.010141
v 1.343199 15.236304 0.129649
v 1.239468 15.236304 0.536494
v 1.327773 15.236304 0.269439
v 1.168518 15.236304 0.657924
v 0.908275 15.236304 0.987404
v 1.097568 15.236304 0.779354
v 0.679863 15.236304 1.151552
v 0.422313 15.236304 1.264624
v 0.284598 15.236304 1.293149
v -0.134389 15.236304 1.320217
v 0.146884 15.236304 1.321676
v -0.271801 15.236304 1.290263
v -0.665574 15.236304 1.144573
v -0.409213 15.236304 1.260310
v -0.892272 15.236304 0.978064
v -1.079395 15.236304 0.768062
v -1.149082 15.236304 0.645902
v -1.304299 15.236304 0.255786
v -1.218768 15.236304 0.523743
v -1.318274 15.236304 0.115844
v -1.301398 15.236304 -0.303678
v -1.332249 15.236304 -0.024098
v -1.213092 15.236304 -0.570733
v -1.071192 15.236304 -0.813593
v -0.976547 15.236304 -0.917618
v -0.881901 15.236304 -1.021643
v -0.297290 15.516200 -0.989812
v -0.492739 15.516200 -0.904005
v -0.088271 15.516200 -1.033109
v 0.125182 15.516200 -1.032001
v 0.333740 15.516200 -0.986539
v 0.528289 15.516200 -0.898708
v 0.700325 15.516200 -0.772348
v 0.842330 15.516200 -0.612981
v 0.948098 15.516200 -0.427571
v 1.013005 15.516200 -0.224223
v 1.034216 15.516200 -0.011824
v 1.010803 15.516200 0.200344
v 0.943789 15.516200 0.403008
v 0.836104 15.516200 0.587310
v 0.692453 15.516200 0.745195
v 0.519115 15.516200 0.869764
v 0.323666 15.516200 0.955572
v 0.114647 15.516200 0.998868
v -0.098806 15.516200 0.997761
v -0.307364 15.516200 0.952298
v -0.501913 15.516200 0.864468
v -0.673949 15.516200 0.738107
v -0.815954 15.516200 0.578740
v -0.921721 15.516200 0.393331
v -0.986629 15.516200 0.189984
v -1.007840 15.516200 -0.022416
v -0.984427 15.516200 -0.234583
v -0.917414 15.516200 -0.437247
v -0.809729 15.516200 -0.621549
v -0.666078 15.516200 -0.779435
v -0.997234 15.516200 0.083784
v -0.868837 15.516200 0.486036
v -0.203085 15.516200 0.975030
v 0.219156 15.516200 0.977220
v 0.889947 15.516200 0.495159
v 1.022510 15.516200 0.094260
v 0.771328 15.516200 -0.692664
v 0.431015 15.516200 -0.942623
v -0.395014 15.516200 -0.946908
v -0.737904 15.516200 -0.700492
v -0.395014 15.489040 -0.946908
v -0.492739 15.489040 -0.904005
v -0.088271 15.489040 -1.033109
v -0.297290 15.489040 -0.989812
v 0.125182 15.489040 -1.032001
v 0.333740 15.489040 -0.986539
v 0.431015 15.489040 -0.942623
v 0.700325 15.489040 -0.772348
v 0.528289 15.489040 -0.898708
v 0.771328 15.489040 -0.692664
v 0.948098 15.489040 -0.427571
v 0.842330 15.489040 -0.612981
v 1.013005 15.489040 -0.224223
v 1.034216 15.489040 -0.011824
v 1.022510 15.489040 0.094260
v 0.943789 15.489040 0.403008
v 1.010803 15.489040 0.200344
v 0.889947 15.489040 0.495159
v 0.692453 15.489040 0.745195
v 0.836104 15.489040 0.587310
v 0.519115 15.489040 0.869764
v 0.323666 15.489040 0.955572
v 0.219156 15.489040 0.977220
v -0.098806 15.489040 0.997761
v 0.114647 15.489040 0.998868
v -0.203085 15.489040 0.975030
v -0.501913 15.489040 0.864468
v -0.307364 15.489040 0.952298
v -0.673949 15.489040 0.738107
v -0.815954 15.489040 0.578740
v -0.868837 15.489040 0.486036
v -0.986629 15.489040 0.189984
v -0.921721 15.489040 0.393331
v -0.997234 15.489040 0.083784
v -0.984427 15.489040 -0.234583
v -1.007840 15.489040 -0.022416
v -0.917414 15.489040 -0.437247
v -0.809729 15.489040 -0.621549
v -0.737904 15.489040 -0.700492
v -0.666078 15.489040 -0.779435
v -0.739173 14.075917 -2.374183
v -1.212792 14.075917 -2.166251
v -0.232671 14.075917 -2.479100
v 0.284576 14.075917 -2.476417
v 0.789962 14.075917 -2.366251
v 1.261400 14.075917 -2.153416
v 1.678283 14.075917 -1.847216
v 2.022395 14.075917 -1.461031
v 2.278696 14.075917 -1.011740
v 2.435982 14.075917 -0.518979
v 2.487380 14.075917 -0.004286
v 2.430645 14.075917 0.509847
v 2.268255 14.075917 1.000949
v 2.007308 14.075917 1.447556
v 1.659208 14.075917 1.830150
v 1.239169 14.075917 2.132010
v 0.765549 14.075917 2.339942
v 0.259047 14.075917 2.444860
v -0.258199 14.075917 2.442176
v -0.763586 14.075917 2.332009
v -1.235022 14.075917 2.119175
v -1.651907 14.075917 1.812974
v -1.996018 14.075917 1.426790
v -2.252317 14.075917 0.977500
v -2.409604 14.075917 0.484741
v -2.461004 14.075917 -0.029953
v -2.404269 14.075917 -0.544085
v -2.241880 14.075917 -1.035186
v -1.980933 14.075917 -1.481795
v -1.632835 14.075917 -1.864388
v -2.435304 14.075917 0.227394
v -2.124168 14.075917 1.202145
v -0.510893 14.075917 2.387093
v 0.512298 14.075917 2.392400
v 2.137782 14.075917 1.224252
v 2.459012 14.075917 0.252781
v 1.850339 14.075917 -1.654123
v 1.025681 14.075917 -2.259833
v -0.975982 14.075917 -2.270217
v -1.806884 14.075917 -1.673091
v -0.975982 14.049023 -2.270217
v -1.212792 14.049023 -2.166251
v -0.232671 14.049023 -2.479100
v -0.739173 14.049023 -2.374183
v 0.284576 14.049023 -2.476417
v 0.789962 14.049023 -2.366251
v 1.025681 14.049023 -2.259833
v 1.678283 14.049023 -1.847216
v 1.261400 14.049023 -2.153416
v 1.850339 14.049023 -1.654123
v 2.278696 14.049023 -1.011740
v 2.022395 14.049023 -1.461031
v 2.435982 14.049023 -0.518979
v 2.487380 14.049023 -0.004286
v 2.459012 14.049023 0.252781
v 2.268255 14.049023 1.000949
v 2.430645 14.049023 0.509847
v 2.137782 14.049023 1.224252
v 1.659208 14.049023 1.830150
v 2.007308 14.049023 1.447556
v 1.239169 14.049023 2.132010
v 0.765549 14.049023 2.339942
v 0.512298 14.049023 2.392400
v -0.258199 14.049023 2.442176
v 0.259047 14.049023 2.444860
v -0.510893 14.049023 2.387093
v -1.235022 14.049023 2.119175
v -0.763586 14.049023 2.332009
v -1.651907 14.049023 1.812974
v -1.996018 14.049023 1.426790
v -2.124168 14.049023 1.202145
v -2.409604 14.049023 0.484741
v -2.252317 14.049023 0.977500
v -2.435304 14.049023 0.227394
v -2.404269 14.049023 -0.544085
v -2.461004 14.049023 -0.029953
v -2.241880 14.049023 -1.035186
v -1.980933 14.049023 -1.481795
v -1.806884 14.049023 -1.673091
v -1.632835 14.049023 -1.864388
v 0.537743 15.503140 -0.675997
v 0.537743 16.322704 -0.675997
v 0.540227 15.503140 -0.696848
v 0.540227 16.322704 -0.696848
v 0.558595 15.503140 -0.673513
v 0.558595 16.322704 -0.673513
v 0.561079 15.503140 -0.694365
v 0.561079 16.322704 -0.694365
v 0.788078 15.503140 0.303570
v 0.788078 16.322704 0.303570
v 0.790562 15.503140 0.282719
v 0.790562 16.322704 0.282719
v 0.808930 15.503140 0.306054
v 0.808930 16.322704 0.306054
v 0.811414 15.503140 0.285202
v 0.811414 16.322704 0.285202
v -0.784539 15.503140 0.303570
v -0.784539 16.322704 0.303570
v -0.782055 15.503140 0.282719
v -0.782055 16.322704 0.282719
v -0.763687 15.503140 0.306054
v -0.763687 16.322704 0.306054
v -0.761204 15.503140 0.285202
v -0.761204 16.322704 0.285202
v -0.014278 15.503140 0.855591
v -0.014278 16.322704 0.855591
v -0.011794 15.503140 0.834739
v -0.011794 16.322704 0.834739
v 0.006574 15.503140 0.858074
v 0.006574 16.322704 0.858074
v 0.009058 15.503140 0.837223
v 0.009058 16.322704 0.837223
v -0.023409 15.433622 0.015491
v -0.023409 18.323946 0.015491
v -0.018982 15.433622 -0.021680
v -0.018982 18.323946 -0.021680
v 0.013762 15.433622 0.019919
v 0.013762 18.323946 0.019919
v 0.018190 15.433622 -0.017252
v 0.018190 18.323946 -0.017252
v -0.803927 15.503140 -0.258422
v -0.803927 16.322704 -0.258422
v -0.813720 15.503140 -0.276997
v -0.813720 16.322704 -0.276997
v -0.785352 15.503140 -0.268215
v -0.785352 16.322704 -0.268215
v -0.795145 15.503140 -0.286791
v -0.795145 16.322704 -0.286791
v 0.054375 15.503140 -0.850356
v 0.054375 16.322704 -0.850356
v 0.044582 15.503140 -0.868931
v 0.044582 16.322704 -0.868931
v 0.072950 15.503140 -0.860150
v 0.072950 16.322704 -0.860150
v 0.063157 15.503140 -0.878725
v 0.063157 16.322704 -0.878725
v 0.816587 15.503140 -0.186088
v 0.816587 16.322704 -0.186088
v 0.806794 15.503140 -0.204664
v 0.806794 16.322704 -0.204664
v 0.835163 15.503140 -0.195882
v 0.835163 16.322704 -0.195882
v 0.825370 15.503140 -0.214457
v 0.825370 16.322704 -0.214457
v -0.478010 15.503140 0.706740
v -0.478010 16.322704 0.706740
v -0.487803 15.503140 0.688165
v -0.487803 16.322704 0.688165
v -0.459434 15.503140 0.696946
v -0.459434 16.322704 0.696946
v -0.469228 15.503140 0.678371
v -0.469228 16.322704 0.678371
v 0.469480 15.503140 0.723866
v 0.469480 16.322704 0.723866
v 0.459686 15.503140 0.705291
v 0.459686 16.322704 0.705291
v 0.488055 15.503140 0.714073
v 0.488055 16.322704 0.714073
v 0.478262 15.503140 0.695497
v 0.478262 16.322704 0.695497
v -0.070281 15.731059 -0.227298
v -0.116538 15.731059 -0.206990
v -0.020813 15.731059 -0.237545
v 0.029705 15.731059 -0.237283
v 0.079065 15.731059 -0.226523
v 0.125109 15.731059 -0.205736
v 0.165825 15.731059 -0.175831
v 0.199433 15.731059 -0.138113
v 0.224465 15.731059 -0.094232
v 0.239827 15.731059 -0.046106
v 0.244847 15.731059 0.004163
v 0.239305 15.731059 0.054377
v 0.223445 15.731059 0.102341
v 0.197959 15.731059 0.145960
v 0.163962 15.731059 0.183327
v 0.122938 15.731059 0.212808
v 0.076680 15.731059 0.233116
v 0.027212 15.731059 0.243363
v -0.023306 15.731059 0.243101
v -0.072665 15.731059 0.232342
v -0.118709 15.731059 0.211555
v -0.159425 15.731059 0.181649
v -0.193033 15.731059 0.143932
v -0.218065 15.731059 0.100051
v -0.233427 15.731059 0.051925
v -0.238447 15.731059 0.001656
v -0.232906 15.731059 -0.048558
v -0.217046 15.731059 -0.096522
v -0.191560 15.731059 -0.140141
v -0.157562 15.731059 -0.177508
v -0.235937 15.731059 0.026790
v -0.205549 15.731059 0.121991
v -0.047986 15.731059 0.237722
v 0.051946 15.731059 0.238240
v 0.210702 15.731059 0.124150
v 0.242076 15.731059 0.029270
v 0.182629 15.731059 -0.156972
v 0.102087 15.731059 -0.216130
v -0.093410 15.731059 -0.217144
v -0.174561 15.731059 -0.158824
v -0.093410 15.492560 -0.217144
v -0.116538 15.492560 -0.206990
v -0.020813 15.492560 -0.237545
v -0.070281 15.492560 -0.227298
v 0.029705 15.492560 -0.237283
v 0.079065 15.492560 -0.226523
v 0.102087 15.492560 -0.216130
v 0.165825 15.492560 -0.175831
v 0.125109 15.492560 -0.205736
v 0.182629 15.492560 -0.156972
v 0.224465 15.492560 -0.094232
v 0.199433 15.492560 -0.138113
v 0.239827 15.492560 -0.046106
v 0.244847 15.492560 0.004163
v 0.242076 15.492560 0.029270
v 0.223445 15.492560 0.102341
v 0.239305 15.492560 0.054377
v 0.210702 15.492560 0.124150
v 0.163962 15.492560 0.183327
v 0.197959 15.492560 0.145960
v 0.122938 15.492560 0.212808
v 0.076680 15.492560 0.233116
v 0.051946 15.492560 0.238240
v -0.023306 15.492560 0.243101
v 0.027212 15.492560 0.243363
v -0.047986 15.492560 0.237722
v -0.118709 15.492560 0.211555
v -0.072665 15.492560 0.232342
v -0.159425 15.492560 0.181649
v -0.193033 15.492560 0.143932
v -0.205549 15.492560 0.121991
v -0.233427 15.492560 0.051925
v -0.218065 15.492560 0.100051
v -0.235937 15.492560 0.026790
v -0.232906 15.492560 -0.048558
v -0.238447 15.492560 0.001656
v -0.217046 15.492560 -0.096522
v -0.191560 15.492560 -0.140141
v -0.174561 15.492560 -0.158824
v -0.157562 15.492560 -0.177508
v -0.022367 16.042229 -0.077188
v -0.038461 16.042229 -0.070122
v -0.005155 16.042229 -0.080753
v 0.012422 16.042229 -0.080662
v 0.029596 16.042229 -0.076919
v 0.045616 16.042229 -0.069686
v 0.059783 16.042229 -0.059281
v 0.071476 16.042229 -0.046157
v 0.080186 16.042229 -0.030890
v 0.085531 16.042229 -0.014145
v 0.087277 16.042229 0.003345
v 0.085349 16.042229 0.020817
v 0.079831 16.042229 0.037505
v 0.070964 16.042229 0.052682
v 0.059135 16.042229 0.065683
v 0.044861 16.042229 0.075941
v 0.028766 16.042229 0.083007
v 0.011554 16.042229 0.086572
v -0.006023 16.042229 0.086481
v -0.023197 16.042229 0.082737
v -0.039217 16.042229 0.075505
v -0.053383 16.042229 0.065099
v -0.065077 16.042229 0.051976
v -0.073786 16.042229 0.036708
v -0.079131 16.042229 0.019964
v -0.080878 16.042229 0.002473
v -0.078950 16.042229 -0.014998
v -0.073432 16.042229 -0.031686
v -0.064564 16.042229 -0.046863
v -0.052735 16.042229 -0.059864
v -0.080005 16.042229 0.011218
v -0.069432 16.042229 0.044342
v -0.014610 16.042229 0.084609
v 0.020160 16.042229 0.084789
v 0.075397 16.042229 0.045094
v 0.086313 16.042229 0.012081
v 0.065630 16.042229 -0.052719
v 0.037606 16.042229 -0.073302
v -0.030414 16.042229 -0.073655
v -0.058650 16.042229 -0.053364
v -0.030414 15.737245 -0.073655
v -0.038461 15.737245 -0.070122
v -0.005155 15.737245 -0.080753
v -0.022367 15.737245 -0.077188
v 0.012422 15.737245 -0.080662
v 0.029596 15.737245 -0.076919
v 0.037606 15.737245 -0.073302
v 0.059783 15.737245 -0.059281
v 0.045616 15.737245 -0.069686
v 0.065630 15.737245 -0.052719
v 0.080186 15.737245 -0.030890
v 0.071476 15.737245 -0.046157
v 0.085531 15.737245 -0.014145
v 0.087277 15.737245 0.003345
v 0.086313 15.737245 0.012081
v 0.079831 15.737245 0.037505
v 0.085349 15.737245 0.020817
v 0.075397 15.737245 0.045094
v 0.059135 15.737245 0.065683
v 0.070964 15.737245 0.052682
v 0.044861 15.737245 0.075941
v 0.028766 15.737245 0.083007
v 0.020160 15.737245 0.084789
v -0.006023 15.737245 0.086481
v 0.011554 15.737245 0.086572
v -0.014610 15.737245 0.084609
v -0.039217 15.737245 0.075505
v -0.023197 15.737245 0.082737
v -0.053383 15.737245 0.065099
v -0.065077 15.737245 0.051976
v -0.069432 15.737245 0.044342
v -0.079131 15.737245 0.019964
v -0.073786 15.737245 0.036708
v -0.080005 15.737245 0.011218
v -0.078950 15.737245 -0.014998
v -0.080878 15.737245 0.002473
v -0.073432 15.737245 -0.031686
v -0.064564 15.737245 -0.046863
v -0.058650 15.737245 -0.053364
v -0.052735 15.737245 -0.059864
vt 0.867862 0.174611
vt 0.867862 0.243674
vt 0.866145 0.243674
vt 0.866145 0.174611
vt 0.874605 0.174611
vt 0.874605 0.243674
vt 0.872915 0.243674
vt 0.872915 0.174611
vt 0.690555 0.772399
vt 0.690555 0.841462
vt 0.688821 0.841462
vt 0.688821 0.772399
vt 0.637326 0.848969
vt 0.637326 0.847199
vt 0.639078 0.847199
vt 0.639078 0.848969
vt 0.685401 0.822538
vt 0.685401 0.820768
vt 0.687152 0.820768
vt 0.687152 0.822538
vt 0.876274 0.243674
vt 0.876274 0.174611
vt 0.877958 0.174611
vt 0.877958 0.243674
vt 0.869530 0.243674
vt 0.869530 0.174611
vt 0.871246 0.174611
vt 0.871246 0.243674
vt 0.657043 0.814811
vt 0.657043 0.883874
vt 0.655352 0.883874
vt 0.655352 0.814811
vt 0.693957 0.772399
vt 0.693957 0.841462
vt 0.692223 0.841462
vt 0.692223 0.772399
vt 0.685401 0.774169
vt 0.685401 0.772399
vt 0.687153 0.772399
vt 0.687153 0.774169
vt 0.685401 0.791444
vt 0.685401 0.789674
vt 0.687153 0.789674
vt 0.687153 0.791443
vt 0.876966 0.325413
vt 0.876966 0.394477
vt 0.875281 0.394477
vt 0.875281 0.325413
vt 0.864477 0.174611
vt 0.864477 0.243674
vt 0.862761 0.243674
vt 0.862761 0.174611
vt 0.661801 0.814811
vt 0.661801 0.883874
vt 0.660111 0.883875
vt 0.660111 0.814811
vt 0.855606 0.348280
vt 0.855606 0.417343
vt 0.853872 0.417343
vt 0.853872 0.348280
vt 0.687153 0.786219
vt 0.687153 0.787989
vt 0.685401 0.787989
vt 0.685401 0.786219
vt 0.685401 0.819083
vt 0.685401 0.817313
vt 0.687152 0.817313
vt 0.687152 0.819083
vt 0.880318 0.254665
vt 0.880318 0.323728
vt 0.878634 0.323728
vt 0.878634 0.254665
vt 0.868537 0.394477
vt 0.868537 0.325413
vt 0.870254 0.325413
vt 0.870254 0.394477
vt 0.871922 0.323728
vt 0.871922 0.254665
vt 0.873613 0.254665
vt 0.873613 0.323728
vt 0.845182 0.373112
vt 0.845182 0.304049
vt 0.846916 0.304049
vt 0.846916 0.373112
vt 0.687153 0.794898
vt 0.685401 0.794898
vt 0.685401 0.793129
vt 0.687153 0.793129
vt 0.685401 0.812173
vt 0.685401 0.810404
vt 0.687152 0.810404
vt 0.687152 0.812173
vt 0.875281 0.323728
vt 0.875281 0.254665
vt 0.876966 0.254665
vt 0.876966 0.323728
vt 0.870254 0.254665
vt 0.870254 0.323728
vt 0.868537 0.323728
vt 0.868537 0.254665
vt 0.871922 0.394476
vt 0.871922 0.325413
vt 0.873613 0.325413
vt 0.873613 0.394477
vt 0.850318 0.304049
vt 0.850318 0.373112
vt 0.848584 0.373112
vt 0.848584 0.304049
vt 0.687152 0.796584
vt 0.687152 0.798353
vt 0.685401 0.798353
vt 0.685401 0.796584
vt 0.685401 0.800039
vt 0.687152 0.800039
vt 0.687152 0.801808
vt 0.685401 0.801808
vt 0.881311 0.174611
vt 0.881311 0.243674
vt 0.879627 0.243674
vt 0.879627 0.174611
vt 0.985617 0.974348
vt 0.985617 0.730785
vt 0.988677 0.730785
vt 0.988677 0.974348
vt 0.988682 0.663087
vt 0.988682 0.419525
vt 0.991696 0.419525
vt 0.991696 0.663087
vt 0.983949 0.730785
vt 0.983949 0.974348
vt 0.980858 0.974347
vt 0.980858 0.730785
vt 0.825193 0.414407
vt 0.825193 0.411253
vt 0.828316 0.411253
vt 0.828316 0.414407
vt 0.687432 0.846302
vt 0.687432 0.843148
vt 0.690555 0.843148
vt 0.690555 0.846302
vt 0.993348 0.730785
vt 0.993348 0.974348
vt 0.990345 0.974347
vt 0.990345 0.730785
vt 0.895234 0.394476
vt 0.895234 0.325413
vt 0.896845 0.325413
vt 0.896845 0.394476
vt 0.891278 0.174611
vt 0.891278 0.243674
vt 0.889627 0.243674
vt 0.889627 0.174611
vt 0.898521 0.323728
vt 0.898521 0.254665
vt 0.900090 0.254665
vt 0.900090 0.323728
vt 0.637326 0.845514
vt 0.637326 0.843744
vt 0.639078 0.843744
vt 0.639078 0.845514
vt 0.685401 0.829448
vt 0.685401 0.827678
vt 0.687152 0.827678
vt 0.687152 0.829448
vt 0.886974 0.254665
vt 0.886974 0.323728
vt 0.885314 0.323728
vt 0.885314 0.254665
vt 0.896853 0.254665
vt 0.896853 0.323728
vt 0.895242 0.323728
vt 0.895242 0.254665
vt 0.888634 0.394476
vt 0.888634 0.325413
vt 0.890286 0.325413
vt 0.890286 0.394477
vt 0.901033 0.174611
vt 0.901033 0.243674
vt 0.899464 0.243674
vt 0.899464 0.174611
vt 0.685401 0.832903
vt 0.685401 0.831133
vt 0.687152 0.831133
vt 0.687152 0.832903
vt 0.685401 0.825993
vt 0.685401 0.824223
vt 0.687152 0.824223
vt 0.687152 0.825993
vt 0.883646 0.254665
vt 0.883646 0.323728
vt 0.881987 0.323728
vt 0.881987 0.254665
vt 0.891962 0.323728
vt 0.891962 0.254665
vt 0.893573 0.254665
vt 0.893573 0.323728
vt 0.886307 0.243674
vt 0.886307 0.174611
vt 0.887959 0.174611
vt 0.887959 0.243674
vt 0.896227 0.243674
vt 0.896226 0.174611
vt 0.897795 0.174611
vt 0.897795 0.243674
vt 0.685401 0.815628
vt 0.685401 0.813859
vt 0.687152 0.813859
vt 0.687152 0.815628
vt 0.685401 0.805263
vt 0.685401 0.803494
vt 0.687152 0.803494
vt 0.687152 0.805263
vt 0.880318 0.325413
vt 0.880318 0.394477
vt 0.878659 0.394477
vt 0.878659 0.325414
vt 0.894558 0.174611
vt 0.894558 0.243674
vt 0.892947 0.243674
vt 0.892947 0.174611
vt 0.888642 0.323728
vt 0.888642 0.254665
vt 0.890294 0.254665
vt 0.890294 0.323728
vt 0.693792 0.843148
vt 0.693792 0.912211
vt 0.692223 0.912211
vt 0.692223 0.843148
vt 0.687153 0.781079
vt 0.685401 0.781079
vt 0.685401 0.779309
vt 0.687153 0.779309
vt 0.685401 0.784534
vt 0.685401 0.782764
vt 0.687153 0.782764
vt 0.687153 0.784534
vt 0.883646 0.325413
vt 0.883646 0.394477
vt 0.881987 0.394477
vt 0.881987 0.325414
vt 0.891954 0.394477
vt 0.891954 0.325413
vt 0.893566 0.325413
vt 0.893566 0.394477
vt 0.885314 0.394477
vt 0.885314 0.325413
vt 0.886966 0.325413
vt 0.886966 0.394477
vt 0.898514 0.394477
vt 0.898514 0.325413
vt 0.900083 0.325413
vt 0.900083 0.394477
vt 0.685401 0.808718
vt 0.685401 0.806949
vt 0.687152 0.806949
vt 0.687152 0.808718
vt 0.685401 0.777624
vt 0.685401 0.775854
vt 0.687153 0.775854
vt 0.687153 0.777624
vt 0.884639 0.174611
vt 0.884639 0.243674
vt 0.882979 0.243674
vt 0.882979 0.174611
vt 0.058029 0.724897
vt 0.044527 0.712615
vt 0.023169 0.682917
vt 0.008389 0.649381
vt 0.000834 0.613474
vt 0.000834 0.595119
vt 0.000834 0.576765
vt 0.008389 0.540858
vt 0.015779 0.524090
vt 0.023169 0.507322
vt 0.044527 0.477624
vt 0.071531 0.453060
vt 0.103001 0.434706
vt 0.120280 0.429034
vt 0.137559 0.423362
vt 0.173698 0.419525
vt 0.191767 0.421443
vt 0.209836 0.423362
vt 0.244395 0.434706
vt 0.275864 0.453060
vt 0.302868 0.477624
vt 0.313547 0.492473
vt 0.324227 0.507322
vt 0.339006 0.540858
vt 0.342784 0.558811
vt 0.346561 0.576765
vt 0.346561 0.613474
vt 0.339006 0.649381
vt 0.324227 0.682917
vt 0.313547 0.697766
vt 0.302868 0.712615
vt 0.275864 0.737178
vt 0.260130 0.746356
vt 0.244395 0.755533
vt 0.209836 0.766877
vt 0.173698 0.770714
vt 0.137560 0.766877
vt 0.120280 0.761205
vt 0.103001 0.755533
vt 0.071531 0.737178
vt 0.822587 0.710828
vt 0.837407 0.709255
vt 0.867048 0.712402
vt 0.881221 0.717054
vt 0.895393 0.721706
vt 0.921204 0.736761
vt 0.943353 0.756907
vt 0.960871 0.781266
vt 0.966932 0.795019
vt 0.972993 0.808772
vt 0.979190 0.838223
vt 0.979190 0.853277
vt 0.979190 0.868331
vt 0.972993 0.897782
vt 0.960871 0.925288
vt 0.943353 0.949647
vt 0.932278 0.959720
vt 0.921204 0.969793
vt 0.895393 0.984848
vt 0.881221 0.989500
vt 0.867048 0.994152
vt 0.837407 0.997299
vt 0.807767 0.994152
vt 0.779422 0.984848
vt 0.766516 0.977321
vt 0.753611 0.969793
vt 0.731462 0.949647
vt 0.722703 0.937467
vt 0.713944 0.925288
vt 0.701822 0.897782
vt 0.695625 0.868331
vt 0.695625 0.838223
vt 0.698723 0.823497
vt 0.701822 0.808772
vt 0.713944 0.781266
vt 0.722703 0.769087
vt 0.731462 0.756907
vt 0.753611 0.736760
vt 0.779422 0.721706
vt 0.807767 0.712402
vt 0.822587 0.705996
vt 0.807767 0.704422
vt 0.779422 0.695118
vt 0.753611 0.680064
vt 0.731462 0.659917
vt 0.722703 0.647737
vt 0.713944 0.635558
vt 0.701822 0.608052
vt 0.698723 0.593327
vt 0.695625 0.578601
vt 0.695625 0.548493
vt 0.701822 0.519042
vt 0.713944 0.491536
vt 0.722703 0.479357
vt 0.731462 0.467177
vt 0.753611 0.447031
vt 0.766516 0.439503
vt 0.779422 0.431976
vt 0.807767 0.422672
vt 0.837407 0.419525
vt 0.867048 0.422672
vt 0.881221 0.427324
vt 0.895393 0.431976
vt 0.921204 0.447031
vt 0.932278 0.457104
vt 0.943353 0.467177
vt 0.960871 0.491536
vt 0.972993 0.519042
vt 0.979190 0.548493
vt 0.979190 0.563547
vt 0.979190 0.578601
vt 0.972993 0.608052
vt 0.966932 0.621805
vt 0.960871 0.635558
vt 0.943353 0.659917
vt 0.921204 0.680063
vt 0.895393 0.695118
vt 0.881221 0.699770
vt 0.867048 0.704422
vt 0.837407 0.707569
vt 0.352007 0.631428
vt 0.348230 0.613474
vt 0.348230 0.576764
vt 0.352007 0.558811
vt 0.355785 0.540857
vt 0.370564 0.507322
vt 0.391923 0.477623
vt 0.418927 0.453060
vt 0.434661 0.443883
vt 0.450396 0.434706
vt 0.484955 0.423362
vt 0.503024 0.421443
vt 0.521093 0.419525
vt 0.557231 0.423362
vt 0.591790 0.434706
vt 0.623259 0.453060
vt 0.636761 0.465342
vt 0.650263 0.477624
vt 0.671622 0.507322
vt 0.679012 0.524090
vt 0.686402 0.540857
vt 0.693957 0.576765
vt 0.693957 0.613474
vt 0.686402 0.649381
vt 0.679012 0.666149
vt 0.671622 0.682916
vt 0.650263 0.712615
vt 0.636761 0.724897
vt 0.623259 0.737178
vt 0.591790 0.755533
vt 0.557232 0.766877
vt 0.521093 0.770714
vt 0.503024 0.768795
vt 0.484955 0.766877
vt 0.450396 0.755533
vt 0.434661 0.746356
vt 0.418927 0.737178
vt 0.391923 0.712615
vt 0.370564 0.682917
vt 0.355785 0.649381
vt 0.228173 0.909222
vt 0.225734 0.897630
vt 0.225734 0.873927
vt 0.228173 0.862334
vt 0.230612 0.850742
vt 0.240155 0.829089
vt 0.253946 0.809913
vt 0.271382 0.794053
vt 0.281542 0.788127
vt 0.291701 0.782201
vt 0.314016 0.774877
vt 0.325683 0.773638
vt 0.337350 0.772399
vt 0.360684 0.774877
vt 0.382998 0.782201
vt 0.403317 0.794053
vt 0.412035 0.801983
vt 0.420753 0.809913
vt 0.434544 0.829089
vt 0.439315 0.839915
vt 0.444087 0.850742
vt 0.448965 0.873927
vt 0.448965 0.897630
vt 0.444087 0.920814
vt 0.439316 0.931641
vt 0.434544 0.942468
vt 0.420753 0.961644
vt 0.412035 0.969574
vt 0.403317 0.977504
vt 0.382998 0.989355
vt 0.360684 0.996680
vt 0.337350 0.999157
vt 0.325682 0.997918
vt 0.314015 0.996680
vt 0.291701 0.989355
vt 0.281542 0.983429
vt 0.271382 0.977504
vt 0.253946 0.961644
vt 0.240155 0.942468
vt 0.230612 0.920814
vt 0.077959 0.993017
vt 0.066802 0.989355
vt 0.046482 0.977504
vt 0.029046 0.961644
vt 0.015255 0.942468
vt 0.010484 0.931641
vt 0.005712 0.920814
vt 0.000834 0.897630
vt 0.000834 0.885778
vt 0.000834 0.873927
vt 0.005712 0.850742
vt 0.015255 0.829089
vt 0.029046 0.809913
vt 0.037764 0.801983
vt 0.046482 0.794053
vt 0.066802 0.782201
vt 0.077959 0.778539
vt 0.089116 0.774877
vt 0.112450 0.772399
vt 0.135784 0.774877
vt 0.158098 0.782201
vt 0.168258 0.788127
vt 0.178417 0.794053
vt 0.195853 0.809913
vt 0.202749 0.819501
vt 0.209644 0.829089
vt 0.219187 0.850742
vt 0.224066 0.873927
vt 0.224066 0.897629
vt 0.221626 0.909222
vt 0.219187 0.920814
vt 0.209644 0.942468
vt 0.202749 0.952056
vt 0.195853 0.961644
vt 0.178417 0.977504
vt 0.158098 0.989355
vt 0.135784 0.996680
vt 0.124117 0.997918
vt 0.112450 0.999157
vt 0.089116 0.996680
vt 0.827044 0.104675
vt 0.825193 0.095878
vt 0.825194 0.077890
vt 0.827044 0.069093
vt 0.828895 0.060296
vt 0.836138 0.043863
vt 0.846603 0.029311
vt 0.859835 0.017275
vt 0.867545 0.012778
vt 0.875255 0.008281
vt 0.892189 0.002723
vt 0.901043 0.001783
vt 0.909897 0.000843
vt 0.927604 0.002723
vt 0.944538 0.008281
vt 0.959958 0.017275
vt 0.966574 0.023293
vt 0.973190 0.029311
vt 0.983656 0.043863
vt 0.987277 0.052080
vt 0.990898 0.060296
vt 0.994600 0.077890
vt 0.994600 0.095878
vt 0.990898 0.113472
vt 0.987277 0.121688
vt 0.983656 0.129905
vt 0.973190 0.144457
vt 0.966574 0.150475
vt 0.959958 0.156493
vt 0.944538 0.165487
vt 0.927604 0.171045
vt 0.909897 0.172925
vt 0.901043 0.171985
vt 0.892189 0.171045
vt 0.875255 0.165487
vt 0.867545 0.160990
vt 0.859835 0.156493
vt 0.846603 0.144457
vt 0.836137 0.129905
vt 0.828895 0.113472
vt 0.526483 0.943542
vt 0.517629 0.942602
vt 0.500695 0.937043
vt 0.485275 0.928049
vt 0.472043 0.916013
vt 0.466810 0.908737
vt 0.461577 0.901461
vt 0.454335 0.885029
vt 0.452484 0.876231
vt 0.450633 0.867434
vt 0.450634 0.849447
vt 0.454335 0.831852
vt 0.461578 0.815420
vt 0.466810 0.808144
vt 0.472043 0.800868
vt 0.485275 0.788832
vt 0.492985 0.784335
vt 0.500695 0.779838
vt 0.517629 0.774279
vt 0.535337 0.772399
vt 0.553044 0.774279
vt 0.561511 0.777059
vt 0.569978 0.779838
vt 0.585398 0.788832
vt 0.592014 0.794850
vt 0.598630 0.800868
vt 0.609096 0.815420
vt 0.616338 0.831852
vt 0.620040 0.849447
vt 0.620040 0.858441
vt 0.620040 0.867434
vt 0.616338 0.885029
vt 0.612717 0.893245
vt 0.609096 0.901461
vt 0.598630 0.916013
vt 0.585398 0.928049
vt 0.569978 0.937043
vt 0.561511 0.939822
vt 0.553045 0.942602
vt 0.535337 0.944482
vt 0.823525 0.209341
vt 0.823525 0.231135
vt 0.814555 0.273771
vt 0.797005 0.313590
vt 0.771644 0.348854
vt 0.755612 0.363437
vt 0.739580 0.378020
vt 0.702214 0.399814
vt 0.681697 0.406549
vt 0.661179 0.413283
vt 0.618269 0.417839
vt 0.575359 0.413283
vt 0.534324 0.399814
vt 0.515642 0.388917
vt 0.496959 0.378020
vt 0.464895 0.348853
vt 0.452214 0.331222
vt 0.439534 0.313590
vt 0.421985 0.273770
vt 0.413014 0.231135
vt 0.413014 0.187547
vt 0.417499 0.166229
vt 0.421985 0.144911
vt 0.439534 0.105092
vt 0.452214 0.087460
vt 0.464895 0.069828
vt 0.496959 0.040662
vt 0.534325 0.018868
vt 0.575360 0.005399
vt 0.596815 0.003121
vt 0.618270 0.000843
vt 0.661180 0.005399
vt 0.681697 0.012134
vt 0.702215 0.018868
vt 0.739580 0.040662
vt 0.771644 0.069828
vt 0.797005 0.105092
vt 0.805780 0.125002
vt 0.814555 0.144911
vt 0.823525 0.187547
vt 0.411346 0.209341
vt 0.411346 0.231135
vt 0.402375 0.273771
vt 0.393600 0.293681
vt 0.384826 0.313590
vt 0.359465 0.348854
vt 0.327401 0.378020
vt 0.290035 0.399814
vt 0.269517 0.406549
vt 0.249000 0.413283
vt 0.206090 0.417839
vt 0.184635 0.415561
vt 0.163180 0.413283
vt 0.122145 0.399814
vt 0.084779 0.378020
vt 0.052715 0.348854
vt 0.040035 0.331222
vt 0.027354 0.313590
vt 0.009805 0.273771
vt 0.005320 0.252453
vt 0.000834 0.231135
vt 0.000834 0.187547
vt 0.009805 0.144912
vt 0.027354 0.105092
vt 0.040034 0.087460
vt 0.052715 0.069829
vt 0.084779 0.040662
vt 0.103462 0.029765
vt 0.122145 0.018868
vt 0.163180 0.005399
vt 0.206090 0.000843
vt 0.249000 0.005399
vt 0.269517 0.012134
vt 0.290035 0.018868
vt 0.327401 0.040662
vt 0.343433 0.055245
vt 0.359465 0.069828
vt 0.384826 0.105092
vt 0.402375 0.144911
vt 0.411346 0.187547
vt 0.661363 0.796973
vt 0.660925 0.799055
vt 0.659211 0.802944
vt 0.656734 0.806388
vt 0.653603 0.809237
vt 0.651778 0.810301
vt 0.649953 0.811366
vt 0.645946 0.812681
vt 0.643850 0.812904
vt 0.641755 0.813126
vt 0.637564 0.812681
vt 0.633556 0.811366
vt 0.629907 0.809237
vt 0.628341 0.807813
vt 0.626775 0.806388
vt 0.624298 0.802944
vt 0.623441 0.801000
vt 0.622584 0.799055
vt 0.621708 0.794891
vt 0.621708 0.790634
vt 0.622584 0.786470
vt 0.623441 0.784525
vt 0.624298 0.782581
vt 0.626775 0.779137
vt 0.628341 0.777713
vt 0.629907 0.776288
vt 0.633556 0.774160
vt 0.637564 0.772844
vt 0.641755 0.772399
vt 0.643850 0.772622
vt 0.645946 0.772844
vt 0.649953 0.774160
vt 0.651778 0.775224
vt 0.653603 0.776288
vt 0.656734 0.779137
vt 0.659211 0.782581
vt 0.660925 0.786470
vt 0.661363 0.788552
vt 0.661801 0.790634
vt 0.661801 0.794891
vt 0.626528 0.857531
vt 0.625830 0.857302
vt 0.624561 0.856561
vt 0.623471 0.855570
vt 0.622609 0.854372
vt 0.622311 0.853696
vt 0.622013 0.853019
vt 0.621708 0.851570
vt 0.621708 0.850829
vt 0.621708 0.850089
vt 0.622013 0.848640
vt 0.622609 0.847287
vt 0.623471 0.846089
vt 0.624016 0.845593
vt 0.624561 0.845097
vt 0.625830 0.844357
vt 0.626528 0.844128
vt 0.627225 0.843899
vt 0.628683 0.843744
vt 0.630141 0.843899
vt 0.631536 0.844357
vt 0.632170 0.844727
vt 0.632805 0.845097
vt 0.633895 0.846089
vt 0.634326 0.846688
vt 0.634757 0.847287
vt 0.635353 0.848640
vt 0.635658 0.850089
vt 0.635658 0.851570
vt 0.635506 0.852295
vt 0.635353 0.853019
vt 0.634757 0.854372
vt 0.634326 0.854971
vt 0.633895 0.855570
vt 0.632805 0.856561
vt 0.631536 0.857302
vt 0.630141 0.857760
vt 0.629412 0.857837
vt 0.628683 0.857915
vt 0.627225 0.857760
vt 0.827083 0.346969
vt 0.827083 0.380244
vt 0.825193 0.380244
vt 0.825194 0.346969
vt 0.838746 0.186636
vt 0.838746 0.174611
vt 0.840296 0.174611
vt 0.840295 0.186636
vt 0.837077 0.212001
vt 0.837077 0.225567
vt 0.835528 0.225567
vt 0.835528 0.212001
vt 0.838746 0.198662
vt 0.840295 0.198662
vt 0.837077 0.254820
vt 0.835528 0.254820
vt 0.837077 0.284915
vt 0.835528 0.284915
vt 0.837077 0.377666
vt 0.837077 0.388066
vt 0.835528 0.388066
vt 0.835528 0.377666
vt 0.832309 0.388453
vt 0.832309 0.365194
vt 0.833859 0.365194
vt 0.833859 0.388453
vt 0.838746 0.314951
vt 0.838746 0.300174
vt 0.840295 0.300174
vt 0.840295 0.314951
vt 0.837077 0.328466
vt 0.837077 0.342394
vt 0.835528 0.342394
vt 0.835528 0.328466
vt 0.832310 0.338468
vt 0.833859 0.338468
vt 0.832309 0.294415
vt 0.832310 0.279388
vt 0.833859 0.279388
vt 0.833859 0.294415
vt 0.838746 0.367322
vt 0.838746 0.354992
vt 0.840295 0.354992
vt 0.840295 0.367322
vt 0.832310 0.235522
vt 0.832310 0.221428
vt 0.833859 0.221428
vt 0.833859 0.235522
vt 0.832309 0.196057
vt 0.833859 0.196057
vt 0.843514 0.257906
vt 0.843514 0.272934
vt 0.841964 0.272934
vt 0.841964 0.257906
vt 0.832309 0.174611
vt 0.833859 0.174611
vt 0.843514 0.214051
vt 0.843514 0.228139
vt 0.841964 0.228139
vt 0.841964 0.214051
vt 0.843514 0.199963
vt 0.841964 0.199963
vt 0.843514 0.287963
vt 0.841964 0.287963
vt 0.843514 0.316997
vt 0.841964 0.316997
vt 0.832309 0.249616
vt 0.833859 0.249616
vt 0.843514 0.343739
vt 0.841964 0.343739
vt 0.837077 0.367266
vt 0.835528 0.367266
vt 0.838746 0.342663
vt 0.840296 0.342663
vt 0.838746 0.285397
vt 0.840295 0.285397
vt 0.837077 0.314538
vt 0.835528 0.314538
vt 0.838746 0.255292
vt 0.840295 0.255292
vt 0.837077 0.174611
vt 0.837077 0.198435
vt 0.835528 0.198435
vt 0.835528 0.174611
vt 0.832309 0.309443
vt 0.833859 0.309443
vt 0.843514 0.367020
vt 0.841964 0.367020
vt 0.843514 0.174611
vt 0.841964 0.174611
vt 0.827083 0.204675
vt 0.827083 0.238462
vt 0.825194 0.238462
vt 0.825194 0.204675
vt 0.999166 0.554010
vt 0.999166 0.590127
vt 0.997276 0.590127
vt 0.997276 0.554010
vt 0.827083 0.189643
vt 0.825193 0.189643
vt 0.999166 0.654414
vt 0.999166 0.667093
vt 0.997276 0.667093
vt 0.997276 0.654414
vt 0.827083 0.394906
vt 0.825193 0.394906
vt 0.995016 0.822233
vt 0.995016 0.805049
vt 0.996905 0.805049
vt 0.996905 0.822233
vt 0.838746 0.225953
vt 0.840295 0.225953
vt 0.828752 0.270998
vt 0.828752 0.235599
vt 0.830641 0.235599
vt 0.830641 0.270998
vt 0.999166 0.448572
vt 0.999166 0.465112
vt 0.997276 0.465112
vt 0.997276 0.448572
vt 0.828752 0.378289
vt 0.828752 0.361113
vt 0.830641 0.361113
vt 0.830641 0.378289
vt 0.999166 0.679773
vt 0.997276 0.679773
vt 0.828752 0.343936
vt 0.830641 0.343936
vt 0.995016 0.756933
vt 0.995016 0.730785
vt 0.996905 0.730785
vt 0.996905 0.756933
vt 0.828752 0.307644
vt 0.828752 0.289321
vt 0.830641 0.289321
vt 0.830641 0.307644
vt 0.995016 0.876853
vt 0.995016 0.858531
vt 0.996905 0.858531
vt 0.996905 0.876853
vt 0.995016 0.787866
vt 0.996905 0.787866
vt 0.827083 0.174611
vt 0.825194 0.174611
vt 0.995016 0.963147
vt 0.995016 0.930563
vt 0.996905 0.930563
vt 0.996905 0.963147
vt 0.999166 0.607108
vt 0.999166 0.624090
vt 0.997276 0.624090
vt 0.997276 0.607108
vt 0.827083 0.256478
vt 0.825194 0.256478
vt 0.995016 0.991505
vt 0.996905 0.991505
vt 0.999166 0.517317
vt 0.997276 0.517317
vt 0.999166 0.481651
vt 0.997276 0.481651
vt 0.995016 0.895175
vt 0.996905 0.895175
vt 0.828752 0.202995
vt 0.830641 0.202995
vt 0.827083 0.409567
vt 0.825194 0.409567
vt 0.828752 0.409199
vt 0.830641 0.409199
vt 0.828752 0.174611
vt 0.830641 0.174611
vt 0.827083 0.311199
vt 0.825194 0.311199
vt 0.999166 0.419525
vt 0.997276 0.419525
vt 0.827083 0.274495
vt 0.825194 0.274495
vt 0.863981 0.319159
vt 0.863981 0.342858
vt 0.862761 0.342858
vt 0.862761 0.319159
vt 0.855938 0.232494
vt 0.855938 0.221529
vt 0.857158 0.221529
vt 0.857158 0.232494
vt 0.863981 0.307526
vt 0.862761 0.307526
vt 0.863981 0.274077
vt 0.863981 0.295893
vt 0.862761 0.295893
vt 0.862761 0.274077
vt 0.854270 0.236810
vt 0.854270 0.248640
vt 0.853050 0.248640
vt 0.853050 0.236810
vt 0.863981 0.264371
vt 0.862761 0.264371
vt 0.855938 0.190985
vt 0.855938 0.182798
vt 0.857158 0.182798
vt 0.857158 0.190985
vt 0.866869 0.387808
vt 0.866869 0.406135
vt 0.865649 0.406135
vt 0.865649 0.387808
vt 0.866869 0.366756
vt 0.865649 0.366756
vt 0.854270 0.283908
vt 0.854270 0.295003
vt 0.853050 0.295003
vt 0.853050 0.283908
vt 0.866869 0.343899
vt 0.865649 0.343899
vt 0.866869 0.332068
vt 0.865649 0.332068
vt 0.866869 0.296804
vt 0.866869 0.320237
vt 0.865649 0.320237
vt 0.865649 0.296804
vt 0.866869 0.274623
vt 0.866869 0.285714
vt 0.865649 0.285714
vt 0.865649 0.274623
vt 0.866869 0.254665
vt 0.865649 0.254665
vt 0.854270 0.326071
vt 0.854270 0.342954
vt 0.853050 0.342954
vt 0.853050 0.326071
vt 0.854270 0.306098
vt 0.853050 0.306098
vt 0.854270 0.260470
vt 0.853050 0.260470
vt 0.863981 0.254665
vt 0.862761 0.254665
vt 0.854270 0.213960
vt 0.853050 0.213960
vt 0.854270 0.192921
vt 0.853050 0.192921
vt 0.855938 0.210565
vt 0.857158 0.210565
vt 0.854270 0.174611
vt 0.853050 0.174611
vt 0.855938 0.255814
vt 0.857158 0.255814
vt 0.855938 0.174611
vt 0.857158 0.174611
vt 0.855938 0.279506
vt 0.857158 0.279506
vt 0.855938 0.302535
vt 0.857158 0.302535
vt 0.863981 0.387439
vt 0.863981 0.396906
vt 0.862761 0.396906
vt 0.862761 0.387439
vt 0.855938 0.313215
vt 0.857158 0.313215
vt 0.855938 0.342649
vt 0.855938 0.323894
vt 0.857158 0.323894
vt 0.857158 0.342649
vt 0.863981 0.406373
vt 0.862761 0.406373
vt 0.863981 0.365955
vt 0.862761 0.365955
vt 0.858827 0.240796
vt 0.858827 0.222811
vt 0.861092 0.222811
vt 0.861092 0.240796
vt 0.849116 0.218537
vt 0.849116 0.210216
vt 0.851381 0.210216
vt 0.851381 0.218537
vt 0.858827 0.249624
vt 0.861092 0.249624
vt 0.858827 0.275008
vt 0.858827 0.258452
vt 0.861092 0.258452
vt 0.861092 0.275008
vt 0.847448 0.221812
vt 0.847448 0.230790
vt 0.845182 0.230790
vt 0.845182 0.221812
vt 0.858827 0.282374
vt 0.861092 0.282374
vt 0.849116 0.187037
vt 0.849116 0.180824
vt 0.851382 0.180824
vt 0.851381 0.187037
vt 0.858827 0.305333
vt 0.858827 0.291425
vt 0.861092 0.291425
vt 0.861092 0.305333
vt 0.858827 0.321309
vt 0.861092 0.321309
vt 0.847448 0.257554
vt 0.847448 0.265974
vt 0.845182 0.265974
vt 0.845182 0.257554
vt 0.858827 0.338655
vt 0.861092 0.338655
vt 0.858827 0.347633
vt 0.861092 0.347633
vt 0.858827 0.374394
vt 0.858827 0.356611
vt 0.861092 0.356611
vt 0.861092 0.374394
vt 0.858827 0.391227
vt 0.858827 0.382811
vt 0.861092 0.382811
vt 0.861092 0.391227
vt 0.858827 0.406373
vt 0.861092 0.406373
vt 0.847448 0.289551
vt 0.847448 0.302363
vt 0.845182 0.302363
vt 0.845182 0.289551
vt 0.847448 0.274394
vt 0.845182 0.274394
vt 0.847448 0.239768
vt 0.845182 0.239768
vt 0.858827 0.289739
vt 0.861092 0.289739
vt 0.847448 0.204472
vt 0.845182 0.204472
vt 0.847448 0.188506
vt 0.845182 0.188506
vt 0.849116 0.201895
vt 0.851381 0.201895
vt 0.847448 0.174611
vt 0.845182 0.174611
vt 0.849116 0.236234
vt 0.851381 0.236234
vt 0.849116 0.174611
vt 0.851381 0.174611
vt 0.849116 0.254214
vt 0.851382 0.254214
vt 0.849116 0.271690
vt 0.851381 0.271690
vt 0.858827 0.188979
vt 0.858827 0.181795
vt 0.861092 0.181795
vt 0.861092 0.188979
vt 0.849116 0.279795
vt 0.851382 0.279795
vt 0.849116 0.302132
vt 0.849116 0.287899
vt 0.851381 0.287899
vt 0.851381 0.302132
vt 0.858827 0.174611
vt 0.861092 0.174611
vt 0.858827 0.205284
vt 0.861092 0.205284
vt 0.993364 0.493853
vt 0.993365 0.454343
vt 0.995608 0.454343
vt 0.995608 0.493853
vt 0.993364 0.662811
vt 0.993364 0.622693
vt 0.995608 0.622693
vt 0.995608 0.662811
vt 0.984770 0.568854
vt 0.984770 0.525969
vt 0.987013 0.525969
vt 0.987013 0.568854
vt 0.993365 0.680660
vt 0.995608 0.680660
vt 0.984770 0.449636
vt 0.984770 0.434580
vt 0.987013 0.434580
vt 0.987013 0.449636
vt 0.993364 0.436934
vt 0.995608 0.436934
vt 0.983101 0.620516
vt 0.983102 0.640920
vt 0.980858 0.640920
vt 0.980858 0.620516
vt 0.998511 0.164941
vt 0.998511 0.206973
vt 0.996268 0.206973
vt 0.996268 0.164941
vt 0.984770 0.694049
vt 0.984770 0.674410
vt 0.987014 0.674410
vt 0.987013 0.694049
vt 0.998512 0.037545
vt 0.998511 0.057940
vt 0.996268 0.057940
vt 0.996268 0.037545
vt 0.984770 0.419525
vt 0.987013 0.419525
vt 0.998511 0.078335
vt 0.996268 0.078335
vt 0.983101 0.698053
vt 0.983101 0.729100
vt 0.980858 0.729100
vt 0.980858 0.698053
vt 0.998511 0.121427
vt 0.998511 0.143184
vt 0.996268 0.143184
vt 0.996268 0.121427
vt 0.983101 0.555661
vt 0.983101 0.577416
vt 0.980858 0.577416
vt 0.980858 0.555661
vt 0.983101 0.661323
vt 0.980858 0.661323
vt 0.993365 0.698509
vt 0.995608 0.698509
vt 0.983101 0.453196
vt 0.983101 0.491887
vt 0.980858 0.491887
vt 0.980858 0.453196
vt 0.984770 0.505805
vt 0.984770 0.485642
vt 0.987013 0.485642
vt 0.987014 0.505805
vt 0.993364 0.601300
vt 0.995608 0.601300
vt 0.983101 0.419525
vt 0.980858 0.419525
vt 0.984770 0.612423
vt 0.987014 0.612423
vt 0.984770 0.654771
vt 0.987013 0.654771
vt 0.983101 0.533906
vt 0.980858 0.533906
vt 0.998511 0.245686
vt 0.996268 0.245686
vt 0.993365 0.419525
vt 0.995608 0.419525
vt 0.998511 0.000843
vt 0.996268 0.000843
vt 0.998511 0.279390
vt 0.996268 0.279390
vt 0.993365 0.536326
vt 0.995608 0.536326
vt 0.984770 0.728540
vt 0.987013 0.728540
vt 0.993365 0.579908
vt 0.995608 0.579908
vt 0.621708 0.830476
vt 0.621708 0.826219
vt 0.641602 0.826219
vt 0.641602 0.830476
vt 0.663470 0.814716
vt 0.663470 0.812747
vt 0.683364 0.812747
vt 0.683364 0.814716
vt 0.621708 0.832565
vt 0.641602 0.832565
vt 0.621708 0.838572
vt 0.621708 0.834654
vt 0.641602 0.834654
vt 0.641602 0.838572
vt 0.663470 0.791463
vt 0.663470 0.789338
vt 0.683364 0.789338
vt 0.683364 0.791463
vt 0.621708 0.840316
vt 0.641602 0.840316
vt 0.663470 0.807261
vt 0.663470 0.805790
vt 0.683364 0.805790
vt 0.683364 0.807261
vt 0.852204 0.414051
vt 0.852204 0.417343
vt 0.832309 0.417343
vt 0.832309 0.414051
vt 0.852204 0.410270
vt 0.832309 0.410270
vt 0.663470 0.783004
vt 0.663470 0.781012
vt 0.683364 0.781012
vt 0.683364 0.783004
vt 0.852204 0.406165
vt 0.832309 0.406165
vt 0.852204 0.404040
vt 0.832309 0.404040
vt 0.852204 0.397706
vt 0.852204 0.401915
vt 0.832309 0.401915
vt 0.832309 0.397706
vt 0.852204 0.393723
vt 0.852204 0.395714
vt 0.832309 0.395714
vt 0.832309 0.393723
vt 0.852204 0.390138
vt 0.832309 0.390138
vt 0.663470 0.775432
vt 0.663470 0.772399
vt 0.683364 0.772399
vt 0.683364 0.775432
vt 0.663470 0.779019
vt 0.683364 0.779019
vt 0.663470 0.787214
vt 0.683364 0.787214
vt 0.621708 0.842059
vt 0.641602 0.842059
vt 0.663470 0.795567
vt 0.683364 0.795567
vt 0.663470 0.799346
vt 0.683364 0.799346
vt 0.663470 0.810777
vt 0.683364 0.810777
vt 0.663470 0.802634
vt 0.683364 0.802634
vt 0.663470 0.818904
vt 0.683364 0.818904
vt 0.663470 0.804320
vt 0.683364 0.804320
vt 0.663470 0.823160
vt 0.683364 0.823160
vt 0.663470 0.827296
vt 0.683364 0.827296
vt 0.621708 0.818212
vt 0.621708 0.816512
vt 0.641602 0.816512
vt 0.641602 0.818212
vt 0.663470 0.829214
vt 0.683364 0.829214
vt 0.663470 0.834500
vt 0.663470 0.831132
vt 0.683364 0.831132
vt 0.683364 0.834500
vt 0.621708 0.814811
vt 0.641602 0.814811
vt 0.621708 0.822071
vt 0.641602 0.822071
vt 0.679522 0.836186
vt 0.680988 0.836186
vt 0.680988 0.861886
vt 0.679522 0.861886
vt 0.667050 0.861886
vt 0.666372 0.861886
vt 0.666372 0.836186
vt 0.667050 0.836186
vt 0.678802 0.836186
vt 0.678802 0.861886
vt 0.676733 0.836186
vt 0.678083 0.836186
vt 0.678083 0.861886
vt 0.676733 0.861886
vt 0.649837 0.840512
vt 0.649105 0.840512
vt 0.649105 0.814811
vt 0.649837 0.814811
vt 0.676133 0.836186
vt 0.676133 0.861886
vt 0.664483 0.861886
vt 0.663976 0.861886
vt 0.663976 0.836186
vt 0.664483 0.836186
vt 0.651507 0.842198
vt 0.652640 0.842198
vt 0.652640 0.867898
vt 0.651507 0.867898
vt 0.650204 0.842198
vt 0.650204 0.867898
vt 0.646923 0.840512
vt 0.646237 0.840512
vt 0.646237 0.814811
vt 0.646923 0.814812
vt 0.648791 0.842198
vt 0.648791 0.867898
vt 0.648059 0.842198
vt 0.648059 0.867898
vt 0.645877 0.842198
vt 0.647327 0.842198
vt 0.647327 0.867898
vt 0.645877 0.867898
vt 0.644505 0.842198
vt 0.645191 0.842198
vt 0.645191 0.867898
vt 0.644505 0.867898
vt 0.643271 0.842197
vt 0.643271 0.867898
vt 0.644315 0.840512
vt 0.643271 0.840512
vt 0.643271 0.814811
vt 0.644315 0.814811
vt 0.645551 0.840512
vt 0.645551 0.814811
vt 0.648373 0.840512
vt 0.648373 0.814811
vt 0.675533 0.836186
vt 0.675533 0.861886
vt 0.651250 0.840512
vt 0.651250 0.814811
vt 0.652551 0.840512
vt 0.652551 0.814811
vt 0.665694 0.861886
vt 0.665694 0.836186
vt 0.653684 0.840512
vt 0.653684 0.814812
vt 0.668493 0.861886
vt 0.668493 0.836186
vt 0.663470 0.861886
vt 0.663470 0.836186
vt 0.669958 0.861886
vt 0.669958 0.836186
vt 0.671383 0.861886
vt 0.671383 0.836186
vt 0.683746 0.836186
vt 0.684331 0.836186
vt 0.684331 0.861886
vt 0.683746 0.861886
vt 0.672044 0.861886
vt 0.672044 0.836186
vt 0.673864 0.861886
vt 0.672704 0.861886
vt 0.672704 0.836186
vt 0.673864 0.836186
vt 0.684917 0.836186
vt 0.684917 0.861886
vt 0.682417 0.836186
vt 0.682417 0.861886
vn -0.6416 -0.5774 0.5050
vn -0.6416 0.5774 0.5050
vn -0.5050 0.5774 -0.6416
vn -0.5050 -0.5774 -0.6416
vn 0.6416 0.5773 -0.5050
vn 0.6416 -0.5773 -0.5050
vn 0.5050 -0.5774 0.6416
vn 0.5050 0.5774 0.6416
vn -0.5050 0.5773 -0.6416
vn -0.6416 -0.5773 0.5050
vn -0.6416 0.5773 0.5050
vn -0.2414 -0.5774 0.7800
vn -0.2414 0.5773 0.7800
vn -0.7800 0.5774 -0.2414
vn -0.7800 -0.5774 -0.2414
vn 0.2415 0.5774 -0.7800
vn 0.2414 -0.5773 -0.7800
vn 0.7800 -0.5774 0.2414
vn 0.7800 0.5773 0.2415
vn -0.2414 -0.5773 0.7800
vn 0.2415 -0.5774 -0.7800
vn 0.7800 -0.5773 0.2415
vn -0.2415 0.5774 0.7800
vn -0.7800 0.5773 -0.2415
vn 0.2414 0.5773 -0.7800
vn 0.2415 -0.5773 -0.7800
vn 0.7800 -0.5774 0.2415
vn 0.7800 0.5774 0.2414
vn -0.2415 -0.5773 0.7800
vn -0.2415 0.5773 0.7800
vn 0.2415 0.5773 -0.7800
vn 0.7800 0.5774 0.2415
vn -0.2415 -0.5774 0.7800
vn -0.7800 -0.5773 -0.2415
vn 0.2414 0.5774 -0.7800
vn 0.0000 -1.0000 -0.0000
vn 0.0000 1.0000 0.0000
vn -0.6677 -0.6843 0.2931
vn -0.5921 -0.6843 0.4255
vn -0.5921 0.6843 0.4255
vn -0.6677 0.6843 0.2931
vn -0.5280 -0.7071 0.4704
vn -0.4907 -0.6843 0.5394
vn -0.4907 0.6843 0.5394
vn -0.5280 0.7071 0.4704
vn -0.2910 -0.7071 0.6445
vn -0.2289 -0.6843 0.6923
vn -0.2289 0.6843 0.6923
vn -0.2910 0.7071 0.6445
vn -0.0800 -0.6843 0.7248
vn -0.0800 0.6843 0.7248
vn 0.0725 -0.6843 0.7256
vn 0.0725 0.6843 0.7256
vn 0.5231 -0.7071 0.4759
vn 0.5877 -0.6843 0.4317
vn 0.5877 0.6843 0.4317
vn 0.5231 0.7071 0.4759
vn 0.6646 -0.6843 0.3000
vn 0.6646 0.6843 0.3000
vn -0.7125 -0.6843 -0.1553
vn -0.7029 -0.7071 -0.0776
vn -0.7029 0.7071 -0.0776
vn -0.7125 0.6843 -0.1553
vn 0.2842 -0.7071 0.6475
vn 0.3613 -0.6843 0.6334
vn 0.3613 0.6843 0.6334
vn 0.2842 0.7071 0.6475
vn 0.7125 -0.6843 0.1553
vn 0.7125 0.6843 0.1553
vn 0.7036 -0.7071 -0.0703
vn 0.7140 -0.6843 -0.1479
vn 0.7140 0.6843 -0.1479
vn 0.7036 0.7071 -0.0703
vn -0.5877 -0.6843 -0.4317
vn -0.6105 -0.7071 -0.3567
vn -0.6105 0.7071 -0.3567
vn -0.5877 0.6843 -0.4317
vn 0.6142 -0.7071 -0.3504
vn 0.5921 -0.6843 -0.4255
vn 0.5921 0.6843 -0.4255
vn 0.6142 0.7071 -0.3504
vn 0.4907 -0.6843 -0.5393
vn 0.4907 0.6843 -0.5393
vn -0.0725 -0.6843 -0.7256
vn -0.1434 -0.7071 -0.6924
vn -0.1434 0.7071 -0.6924
vn -0.0725 0.6843 -0.7256
vn 0.3679 -0.6843 -0.6296
vn 0.3679 0.6843 -0.6296
vn 0.1506 -0.7071 -0.6909
vn 0.0800 -0.6843 -0.7248
vn 0.0800 0.6843 -0.7248
vn 0.1506 0.7071 -0.6909
vn 0.2289 -0.6843 -0.6923
vn 0.2289 0.6843 -0.6923
vn -0.2217 -0.6843 -0.6947
vn -0.2217 0.6843 -0.6947
vn -0.3613 -0.6843 -0.6334
vn -0.3613 0.6843 -0.6334
vn 0.6677 -0.6843 -0.2931
vn 0.6677 0.6843 -0.2931
vn -0.4851 -0.6843 -0.5444
vn -0.4851 0.6843 -0.5444
vn 0.4851 -0.6843 0.5444
vn 0.4851 0.6843 0.5444
vn -0.6646 -0.6843 -0.3000
vn -0.6646 0.6843 -0.3000
vn -0.7292 -0.6843 -0.0038
vn -0.7292 0.6843 -0.0038
vn 0.2217 -0.6843 0.6947
vn 0.2217 0.6843 0.6947
vn -0.7140 -0.6843 0.1479
vn -0.7140 0.6843 0.1479
vn -0.3679 -0.6843 0.6296
vn -0.3679 0.6843 0.6296
vn 0.7292 -0.6843 0.0038
vn 0.7292 0.6843 0.0038
vn -0.6106 -0.7071 -0.3567
vn -0.6106 0.7071 -0.3567
vn 0.5230 -0.7071 0.4758
vn 0.5230 0.7071 0.4758
vn -0.5279 -0.7071 0.4704
vn -0.5279 0.7071 0.4704
vn 0.5877 -0.6843 0.4316
vn 0.5877 0.6843 0.4316
vn 0.7037 -0.7071 -0.0703
vn 0.7037 0.7071 -0.0703
vn 0.2843 -0.7071 0.6475
vn 0.2843 0.7071 0.6475
vn -0.7028 -0.7071 -0.0776
vn -0.7028 0.7071 -0.0776
vn -0.4907 -0.6843 0.5393
vn -0.4907 0.6843 0.5393
vn 0.5230 -0.7071 0.4759
vn 0.5230 0.7071 0.4759
vn 0.4907 -0.6843 -0.5394
vn 0.4907 0.6843 -0.5394
vn -0.9792 0.0000 0.2028
vn -1.0000 0.0000 -0.0052
vn 0.4020 0.0000 0.9156
vn 0.3041 0.0000 0.9526
vn -0.9940 0.0000 -0.1097
vn -0.9771 0.0000 -0.2130
vn -0.9114 0.0000 -0.4115
vn 0.9951 0.0000 -0.0994
vn 1.0000 0.0000 0.0052
vn -0.8634 0.0000 -0.5045
vn 0.7397 0.0000 0.6730
vn 0.6653 0.0000 0.7466
vn -0.8060 0.0000 -0.5920
vn -0.6653 0.0000 -0.7466
vn -0.4955 0.0000 -0.8686
vn 0.8686 0.0000 -0.4955
vn 0.9156 0.0000 -0.4020
vn -0.3041 0.0000 -0.9526
vn -0.2028 0.0000 -0.9792
vn -0.0994 0.0000 -0.9951
vn 0.1097 0.0000 -0.9940
vn 0.2130 0.0000 -0.9771
vn 0.3139 0.0000 -0.9494
vn 0.5045 0.0000 -0.8634
vn 0.6730 0.0000 -0.7397
vn 0.8121 0.0000 -0.5836
vn 0.9792 0.0000 -0.2028
vn 0.9771 0.0000 0.2130
vn 0.9114 0.0000 0.4115
vn 0.4955 0.0000 0.8686
vn 0.8060 0.0000 0.5920
vn 0.0994 0.0000 0.9951
vn -0.1097 0.0000 0.9940
vn -0.3139 0.0000 0.9494
vn -0.7466 0.0000 0.6653
vn -0.8121 0.0000 0.5836
vn -0.4115 0.0000 0.9114
vn -0.5045 0.0000 0.8634
vn -0.6730 0.0000 0.7397
vn -0.9156 0.0000 0.4020
vn -0.2217 -0.6843 -0.6946
vn -0.2910 -0.7070 0.6445
usemtl B1_New_Babel
s 1
f 2071/5917/530 2072/5918/531 2074/5919/532 2073/5920/533
f 2073/5921/533 2074/5922/532 2078/5923/534 2077/5924/535
f 2075/5925/536 2076/5926/537 2072/5927/531 2071/5928/530
f 2073/5929/533 2077/5930/535 2075/5931/536 2071/5932/530
f 2078/5933/534 2074/5934/532 2072/5935/531 2076/5936/537
f 2077/5937/535 2078/5938/534 2076/5939/537 2075/5940/536
f 2479/5941/530 2480/5942/531 2482/5943/538 2481/5944/533
f 2481/5945/533 2482/5946/538 2486/5947/534 2485/5948/535
f 2483/5949/536 2484/5950/537 2480/5951/531 2479/5952/530
f 2481/5953/533 2485/5954/535 2483/5955/536 2479/5956/530
f 2486/5957/534 2482/5958/538 2480/5959/531 2484/5960/537
f 2485/5961/535 2486/5962/534 2484/5963/537 2483/5964/536
f 2487/5965/530 2488/5966/531 2490/5967/538 2489/5968/533
f 2489/5969/533 2490/5970/538 2494/5971/534 2493/5972/535
f 2491/5973/536 2492/5974/537 2488/5975/531 2487/5976/530
f 2489/5977/533 2493/5978/535 2491/5979/536 2487/5980/530
f 2494/5981/534 2490/5982/538 2488/5983/531 2492/5984/537
f 2493/5985/535 2494/5986/534 2492/5987/537 2491/5988/536
f 2495/5989/530 2496/5990/531 2498/5991/538 2497/5992/533
f 2497/5993/533 2498/5994/538 2502/5995/534 2501/5996/535
f 2499/5997/536 2500/5998/537 2496/5999/531 2495/6000/530
f 2497/6001/533 2501/6002/535 2499/6003/536 2495/6004/530
f 2502/6005/534 2498/6006/538 2496/6007/531 2500/6008/537
f 2501/6009/535 2502/6010/534 2500/6011/537 2499/6012/536
f 2503/6013/530 2504/6014/531 2506/6015/538 2505/6016/533
f 2505/6017/533 2506/6018/538 2510/6019/534 2509/6020/535
f 2507/6021/536 2508/6022/537 2504/6023/531 2503/6024/530
f 2505/6025/533 2509/6026/535 2507/6027/536 2503/6028/530
f 2510/6029/534 2506/6030/538 2504/6031/531 2508/6032/537
f 2509/6033/535 2510/6034/534 2508/6035/537 2507/6036/536
f 2511/6037/539 2512/6038/540 2514/6039/532 2513/6040/533
f 2513/6041/533 2514/6042/532 2518/6043/534 2517/6044/535
f 2515/6045/536 2516/6046/537 2512/6047/540 2511/6048/539
f 2513/6049/533 2517/6050/535 2515/6051/536 2511/6052/539
f 2518/6053/534 2514/6054/532 2512/6055/540 2516/6056/537
f 2517/6057/535 2518/6058/534 2516/6059/537 2515/6060/536
f 2519/6061/541 2520/6062/542 2522/6063/543 2521/6064/544
f 2521/6065/544 2522/6066/543 2526/6067/545 2525/6068/546
f 2523/6069/547 2524/6070/548 2520/6071/542 2519/6072/541
f 2521/6073/544 2525/6074/546 2523/6075/547 2519/6076/541
f 2526/6077/545 2522/6078/543 2520/6079/542 2524/6080/548
f 2525/6081/546 2526/6082/545 2524/6083/548 2523/6084/547
f 2527/6085/549 2528/6086/542 2530/6087/543 2529/6088/544
f 2529/6089/544 2530/6090/543 2534/6091/545 2533/6092/550
f 2531/6093/551 2532/6094/548 2528/6095/542 2527/6096/549
f 2529/6097/544 2533/6098/550 2531/6099/551 2527/6100/549
f 2534/6101/545 2530/6102/543 2528/6103/542 2532/6104/548
f 2533/6105/550 2534/6106/545 2532/6107/548 2531/6108/551
f 2535/6109/541 2536/6110/552 2538/6111/553 2537/6112/544
f 2537/6113/544 2538/6114/553 2542/6115/554 2541/6116/555
f 2539/6117/556 2540/6118/557 2536/6119/552 2535/6120/541
f 2537/6121/544 2541/6122/555 2539/6123/556 2535/6124/541
f 2542/6125/554 2538/6126/553 2536/6127/552 2540/6128/557
f 2541/6129/555 2542/6130/554 2540/6131/557 2539/6132/556
f 2543/6133/558 2544/6134/559 2546/6135/543 2545/6136/544
f 2545/6137/544 2546/6138/543 2550/6139/560 2549/6140/555
f 2547/6141/556 2548/6142/561 2544/6143/559 2543/6144/558
f 2545/6145/544 2549/6146/555 2547/6147/556 2543/6148/558
f 2550/6149/560 2546/6150/543 2544/6151/559 2548/6152/561
f 2549/6153/555 2550/6154/560 2548/6155/561 2547/6156/556
f 2551/6157/562 2552/6158/542 2554/6159/543 2553/6160/563
f 2553/6161/563 2554/6162/543 2558/6163/564 2557/6164/546
f 2555/6165/547 2556/6166/561 2552/6167/542 2551/6168/562
f 2553/6169/563 2557/6170/546 2555/6171/547 2551/6172/562
f 2558/6173/564 2554/6174/543 2552/6175/542 2556/6176/561
f 2557/6177/546 2558/6178/564 2556/6179/561 2555/6180/547
usemtl B1_Deco
s off
f 2117/6181/565 2079/6182/565 2081/6183/565 2082/6184/565 2083/6185/565 2116/6186/565 2084/6187/565 2085/6188/565 2115/6189/565 2086/6190/565 2087/6191/565 2088/6192/565 2089/6193/565 2114/6194/565 2090/6195/565 2091/6196/565 2113/6197/565 2092/6198/565 2093/6199/565 2094/6200/565 2095/6201/565 2112/6202/565 2096/6203/565 2097/6204/565 2111/6205/565 2098/6206/565 2099/6207/565 2100/6208/565 2101/6209/565 2110/6210/565 2102/6211/565 2103/6212/565 2109/6213/565 2104/6214/565 2105/6215/565 2106/6216/565 2107/6217/565 2118/6218/565 2108/6219/565 2080/6220/565
f 2198/6221/566 2197/6222/566 2159/6223/566 2160/6224/566 2161/6225/566 2162/6226/566 2164/6227/566 2163/6228/566 2165/6229/566 2167/6230/566 2166/6231/566 2168/6232/566 2169/6233/566 2170/6234/566 2172/6235/566 2171/6236/566 2173/6237/566 2175/6238/566 2174/6239/566 2176/6240/566 2177/6241/566 2178/6242/566 2180/6243/566 2179/6244/566 2181/6245/566 2183/6246/566 2182/6247/566 2184/6248/566 2185/6249/566 2186/6250/566 2188/6251/566 2187/6252/566 2189/6253/566 2191/6254/566 2190/6255/566 2192/6256/566 2193/6257/566 2194/6258/566 2196/6259/566 2195/6260/566
f 2200/6261/565 2238/6262/565 2236/6263/565 2235/6264/565 2234/6265/565 2201/6266/565 2233/6267/565 2232/6268/565 2202/6269/565 2231/6270/565 2230/6271/565 2229/6272/565 2228/6273/565 2203/6274/565 2227/6275/565 2226/6276/565 2204/6277/565 2225/6278/565 2224/6279/565 2223/6280/565 2222/6281/565 2205/6282/565 2221/6283/565 2220/6284/565 2206/6285/565 2219/6286/565 2218/6287/565 2217/6288/565 2216/6289/565 2207/6290/565 2215/6291/565 2214/6292/565 2208/6293/565 2213/6294/565 2212/6295/565 2211/6296/565 2210/6297/565 2199/6298/565 2209/6299/565 2237/6300/565
f 2119/6301/566 2120/6302/566 2158/6303/566 2157/6304/566 2156/6305/566 2155/6306/566 2153/6307/566 2154/6308/566 2152/6309/566 2150/6310/566 2151/6311/566 2149/6312/566 2148/6313/566 2147/6314/566 2145/6315/566 2146/6316/566 2144/6317/566 2142/6318/566 2143/6319/566 2141/6320/566 2140/6321/566 2139/6322/566 2137/6323/566 2138/6324/566 2136/6325/566 2134/6326/566 2135/6327/566 2133/6328/566 2132/6329/566 2131/6330/566 2129/6331/566 2130/6332/566 2128/6333/566 2126/6334/566 2127/6335/566 2125/6336/566 2124/6337/566 2123/6338/566 2121/6339/566 2122/6340/566
f 2279/6341/566 2280/6342/566 2318/6343/566 2317/6344/566 2316/6345/566 2315/6346/566 2313/6347/566 2314/6348/566 2312/6349/566 2310/6350/566 2311/6351/566 2309/6352/566 2308/6353/566 2307/6354/566 2305/6355/566 2306/6356/566 2304/6357/566 2302/6358/566 2303/6359/566 2301/6360/566 2300/6361/566 2299/6362/566 2297/6363/566 2298/6364/566 2296/6365/566 2294/6366/566 2295/6367/566 2293/6368/566 2292/6369/566 2291/6370/566 2289/6371/566 2290/6372/566 2288/6373/566 2286/6374/566 2287/6375/566 2285/6376/566 2284/6377/566 2283/6378/566 2281/6379/566 2282/6380/566
f 2277/6381/565 2239/6382/565 2241/6383/565 2242/6384/565 2243/6385/565 2276/6386/565 2244/6387/565 2245/6388/565 2275/6389/565 2246/6390/565 2247/6391/565 2248/6392/565 2249/6393/565 2274/6394/565 2250/6395/565 2251/6396/565 2273/6397/565 2252/6398/565 2253/6399/565 2254/6400/565 2255/6401/565 2272/6402/565 2256/6403/565 2257/6404/565 2271/6405/565 2258/6406/565 2259/6407/565 2260/6408/565 2261/6409/565 2270/6410/565 2262/6411/565 2263/6412/565 2269/6413/565 2264/6414/565 2265/6415/565 2266/6416/565 2267/6417/565 2278/6418/565 2268/6419/565 2240/6420/565
f 2359/6421/566 2360/6422/566 2398/6423/566 2397/6424/566 2396/6425/566 2395/6426/566 2393/6427/566 2394/6428/566 2392/6429/566 2390/6430/566 2391/6431/566 2389/6432/566 2388/6433/566 2387/6434/566 2385/6435/566 2386/6436/566 2384/6437/566 2382/6438/566 2383/6439/566 2381/6440/566 2380/6441/566 2379/6442/566 2377/6443/566 2378/6444/566 2376/6445/566 2374/6446/566 2375/6447/566 2373/6448/566 2372/6449/566 2371/6450/566 2369/6451/566 2370/6452/566 2368/6453/566 2366/6454/566 2367/6455/566 2365/6456/566 2364/6457/566 2363/6458/566 2361/6459/566 2362/6460/566
f 2357/6461/565 2319/6462/565 2321/6463/565 2322/6464/565 2323/6465/565 2356/6466/565 2324/6467/565 2325/6468/565 2355/6469/565 2326/6470/565 2327/6471/565 2328/6472/565 2329/6473/565 2354/6474/565 2330/6475/565 2331/6476/565 2353/6477/565 2332/6478/565 2333/6479/565 2334/6480/565 2335/6481/565 2352/6482/565 2336/6483/565 2337/6484/565 2351/6485/565 2338/6486/565 2339/6487/565 2340/6488/565 2341/6489/565 2350/6490/565 2342/6491/565 2343/6492/565 2349/6493/565 2344/6494/565 2345/6495/565 2346/6496/565 2347/6497/565 2358/6498/565 2348/6499/565 2320/6500/565
f 2437/6501/565 2399/6502/565 2401/6503/565 2402/6504/565 2403/6505/565 2436/6506/565 2404/6507/565 2405/6508/565 2435/6509/565 2406/6510/565 2407/6511/565 2408/6512/565 2409/6513/565 2434/6514/565 2410/6515/565 2411/6516/565 2433/6517/565 2412/6518/565 2413/6519/565 2414/6520/565 2415/6521/565 2432/6522/565 2416/6523/565 2417/6524/565 2431/6525/565 2418/6526/565 2419/6527/565 2420/6528/565 2421/6529/565 2430/6530/565 2422/6531/565 2423/6532/565 2429/6533/565 2424/6534/565 2425/6535/565 2426/6536/565 2427/6537/565 2438/6538/565 2428/6539/565 2400/6540/565
f 2439/6541/566 2440/6542/566 2478/6543/566 2477/6544/566 2476/6545/566 2475/6546/566 2473/6547/566 2474/6548/566 2472/6549/566 2470/6550/566 2471/6551/566 2469/6552/566 2468/6553/566 2467/6554/566 2465/6555/566 2466/6556/566 2464/6557/566 2462/6558/566 2463/6559/566 2461/6560/566 2460/6561/566 2459/6562/566 2457/6563/566 2458/6564/566 2456/6565/566 2454/6566/566 2455/6567/566 2453/6568/566 2452/6569/566 2451/6570/566 2449/6571/566 2450/6572/566 2448/6573/566 2446/6574/566 2447/6575/566 2445/6576/566 2444/6577/566 2443/6578/566 2441/6579/566 2442/6580/566
f 2597/6581/565 2559/6582/565 2561/6583/565 2562/6584/565 2563/6585/565 2596/6586/565 2564/6587/565 2565/6588/565 2595/6589/565 2566/6590/565 2567/6591/565 2568/6592/565 2569/6593/565 2594/6594/565 2570/6595/565 2571/6596/565 2593/6597/565 2572/6598/565 2573/6599/565 2574/6600/565 2575/6601/565 2592/6602/565 2576/6603/565 2577/6604/565 2591/6605/565 2578/6606/565 2579/6607/565 2580/6608/565 2581/6609/565 2590/6610/565 2582/6611/565 2583/6612/565 2589/6613/565 2584/6614/565 2585/6615/565 2586/6616/565 2587/6617/565 2598/6618/565 2588/6619/565 2560/6620/565
f 2677/6621/565 2639/6622/565 2641/6623/565 2642/6624/565 2643/6625/565 2676/6626/565 2644/6627/565 2645/6628/565 2675/6629/565 2646/6630/565 2647/6631/565 2648/6632/565 2649/6633/565 2674/6634/565 2650/6635/565 2651/6636/565 2673/6637/565 2652/6638/565 2653/6639/565 2654/6640/565 2655/6641/565 2672/6642/565 2656/6643/565 2657/6644/565 2671/6645/565 2658/6646/565 2659/6647/565 2660/6648/565 2661/6649/565 2670/6650/565 2662/6651/565 2663/6652/565 2669/6653/565 2664/6654/565 2665/6655/565 2666/6656/565 2667/6657/565 2678/6658/565 2668/6659/565 2640/6660/565
s 1
f 2087/6661/567 2086/6662/568 2130/6663/569 2129/6664/570
f 2202/6665/571 2232/6666/572 2191/6667/573 2189/6668/574
f 2201/6669/575 2234/6670/576 2193/6671/577 2192/6672/578
f 2231/6673/568 2202/6665/571 2189/6668/574 2187/6674/569
f 2234/6670/576 2235/6675/579 2194/6676/580 2193/6671/577
f 2235/6675/579 2236/6677/581 2196/6678/582 2194/6676/580
f 2199/6679/583 2210/6680/584 2161/6681/585 2160/6682/586
f 2210/6683/584 2211/6684/587 2162/6685/588 2161/6686/585
f 2227/6687/589 2203/6688/590 2184/6689/591 2182/6690/592
f 2200/6691/593 2237/6692/594 2197/6693/595 2198/6694/596
f 2211/6684/587 2212/6695/597 2164/6696/598 2162/6685/588
f 2208/6697/599 2214/6698/600 2167/6699/601 2165/6700/602
f 2225/6701/603 2204/6702/604 2181/6703/605 2179/6704/606
f 2207/6705/607 2216/6706/608 2169/6707/609 2168/6708/610
f 2216/6706/608 2217/6709/611 2170/6710/612 2169/6707/609
f 2221/6711/613 2205/6712/614 2176/6713/615 2174/6714/616
f 2217/6709/611 2218/6715/617 2172/6716/618 2170/6710/612
f 2206/6717/619 2220/6718/620 2175/6719/621 2173/6720/622
f 2219/6721/623 2206/6717/619 2173/6720/622 2171/6722/624
f 2205/6712/614 2222/6723/625 2177/6724/626 2176/6713/615
f 2222/6723/625 2223/6725/627 2178/6726/628 2177/6724/626
f 2215/6727/629 2207/6705/607 2168/6708/610 2166/6728/630
f 2223/6725/627 2224/6729/631 2180/6730/632 2178/6726/628
f 2209/6731/633 2199/6679/583 2160/6682/586 2159/6732/634
f 2204/6702/604 2226/6733/635 2183/6734/636 2181/6703/605
f 2226/6733/635 2227/6687/589 2182/6690/592 2183/6734/636
f 2203/6688/590 2228/6735/637 2185/6736/638 2184/6689/591
f 2238/6737/639 2200/6691/593 2198/6694/596 2195/6738/640
f 2228/6735/637 2229/6739/641 2186/6740/642 2185/6736/638
f 2232/6741/572 2233/6742/643 2190/6743/644 2191/6744/573
f 2213/6745/645 2208/6697/599 2165/6700/602 2163/6746/646
f 2224/6729/631 2225/6747/603 2179/6748/606 2180/6730/632
f 2220/6718/620 2221/6711/613 2174/6714/616 2175/6719/621
f 2218/6749/617 2219/6721/623 2171/6722/624 2172/6750/618
f 2214/6698/600 2215/6727/629 2166/6728/630 2167/6699/601
f 2212/6695/597 2213/6745/645 2163/6746/646 2164/6696/598
f 2236/6677/581 2238/6737/639 2195/6738/640 2196/6678/582
f 2237/6692/594 2209/6731/633 2159/6732/634 2197/6693/595
f 2233/6742/643 2201/6669/575 2192/6672/578 2190/6743/644
f 2091/6751/635 2090/6752/589 2135/6753/592 2134/6754/636
f 2081/6755/581 2079/6756/639 2122/6757/640 2121/6758/582
f 2113/6759/647 2091/6751/635 2134/6754/636 2136/6760/648
f 2108/6761/633 2118/6762/649 2157/6763/650 2158/6764/634
f 2086/6662/568 2115/6765/651 2128/6766/652 2130/6663/569
f 2102/6767/629 2110/6768/607 2149/6769/610 2151/6770/630
f 2230/6771/567 2231/6673/568 2187/6674/569 2188/6772/570
f 2095/6773/625 2094/6774/627 2139/6775/628 2140/6776/626
f 2084/6777/643 2116/6778/575 2125/6779/578 2127/6780/644
f 2098/6781/623 2111/6782/619 2144/6783/622 2146/6784/624
f 2118/6762/649 2107/6785/653 2156/6786/654 2157/6763/650
f 2111/6782/619 2097/6787/620 2142/6788/621 2144/6783/622
f 2100/6789/611 2099/6790/617 2145/6791/618 2147/6792/612
f 2096/6793/613 2112/6794/614 2141/6795/615 2143/6796/616
f 2109/6797/655 2103/6798/600 2150/6799/601 2152/6800/656
f 2110/6768/607 2101/6801/608 2148/6802/609 2149/6769/610
f 2092/6803/603 2113/6759/647 2136/6760/648 2138/6804/606
f 2106/6805/587 2105/6806/597 2153/6807/598 2155/6808/588
f 2101/6801/608 2100/6789/611 2147/6792/612 2148/6802/609
f 2117/6809/657 2080/6810/594 2120/6811/595 2119/6812/658
f 2090/6752/589 2114/6813/659 2133/6814/660 2135/6753/592
f 2107/6815/653 2106/6805/587 2155/6808/588 2156/6816/654
f 2112/6794/614 2095/6773/625 2140/6776/626 2141/6795/615
f 2082/6817/579 2081/6755/581 2121/6758/582 2123/6818/580
f 2083/6819/576 2082/6817/579 2123/6818/580 2124/6820/577
f 2116/6778/575 2083/6819/576 2124/6820/577 2125/6779/578
f 2105/6806/597 2104/6821/645 2154/6822/646 2153/6807/598
f 2094/6774/627 2093/6823/631 2137/6824/632 2139/6775/628
f 2115/6765/651 2085/6825/661 2126/6826/662 2128/6766/652
f 2080/6810/594 2108/6761/633 2158/6764/634 2120/6811/595
f 2229/6739/641 2230/6771/567 2188/6772/570 2186/6740/642
f 2099/6827/617 2098/6781/623 2146/6784/624 2145/6828/618
f 2103/6798/600 2102/6767/629 2151/6770/630 2150/6799/601
f 2097/6787/620 2096/6793/613 2143/6796/616 2142/6788/621
f 2079/6756/639 2117/6809/657 2119/6812/658 2122/6757/640
f 2093/6823/631 2092/6829/603 2138/6830/606 2137/6824/632
f 2104/6821/645 2109/6797/655 2152/6800/656 2154/6822/646
f 2088/6831/641 2087/6661/567 2129/6664/570 2131/6832/642
f 2085/6833/661 2084/6777/643 2127/6780/644 2126/6834/662
f 2089/6835/637 2088/6831/641 2131/6832/642 2132/6836/638
f 2114/6813/659 2089/6835/637 2132/6836/638 2133/6814/660
f 2249/6837/637 2248/6838/641 2291/6839/642 2292/6840/638
f 2239/6841/639 2277/6842/657 2279/6843/658 2282/6844/640
f 2274/6845/659 2249/6837/637 2292/6840/638 2293/6846/660
f 2251/6847/635 2250/6848/589 2295/6849/592 2294/6850/636
f 2264/6851/645 2269/6852/599 2312/6853/602 2314/6854/646
f 2273/6855/604 2251/6847/635 2294/6850/636 2296/6856/605
f 2268/6857/633 2278/6858/583 2317/6859/586 2318/6860/634
f 2253/6861/631 2252/6862/603 2298/6863/606 2297/6864/632
f 2254/6865/627 2253/6861/631 2297/6864/632 2299/6866/628
f 2262/6867/629 2270/6868/607 2309/6869/610 2311/6870/630
f 2255/6871/625 2254/6865/627 2299/6866/628 2300/6872/626
f 2272/6873/614 2255/6871/625 2300/6872/626 2301/6874/615
f 2257/6875/620 2256/6876/613 2303/6877/616 2302/6878/621
f 2258/6879/623 2271/6880/619 2304/6881/622 2306/6882/624
f 2271/6880/619 2257/6875/620 2302/6878/621 2304/6881/622
f 2259/6883/617 2258/6879/623 2306/6882/624 2305/6884/618
f 2260/6885/611 2259/6886/617 2305/6887/618 2307/6888/612
f 2256/6876/613 2272/6873/614 2301/6874/615 2303/6877/616
f 2261/6889/608 2260/6885/611 2307/6888/612 2308/6890/609
f 2270/6868/607 2261/6889/608 2308/6890/609 2309/6869/610
f 2263/6891/600 2262/6867/629 2311/6870/630 2310/6892/601
f 2252/6893/603 2273/6855/604 2296/6856/605 2298/6894/606
f 2269/6852/599 2263/6891/600 2310/6892/601 2312/6853/602
f 2265/6895/597 2264/6851/645 2314/6854/646 2313/6896/598
f 2266/6897/587 2265/6895/597 2313/6896/598 2315/6898/588
f 2277/6842/657 2240/6899/594 2280/6900/595 2279/6843/658
f 2250/6848/589 2274/6845/659 2293/6846/660 2295/6849/592
f 2267/6901/584 2266/6897/587 2315/6898/588 2316/6902/585
f 2241/6903/581 2239/6841/639 2282/6844/640 2281/6904/582
f 2278/6858/583 2267/6905/584 2316/6906/585 2317/6859/586
f 2242/6907/579 2241/6903/581 2281/6904/582 2283/6908/580
f 2240/6899/594 2268/6857/633 2318/6860/634 2280/6900/595
f 2243/6909/576 2242/6907/579 2283/6908/580 2284/6910/577
f 2246/6911/568 2275/6912/651 2288/6913/652 2290/6914/569
f 2276/6915/575 2243/6909/576 2284/6910/577 2285/6916/578
f 2245/6917/572 2244/6918/643 2287/6919/644 2286/6920/573
f 2275/6912/651 2245/6921/572 2286/6922/573 2288/6913/652
f 2244/6918/643 2276/6915/575 2285/6916/578 2287/6919/644
f 2247/6923/567 2246/6911/568 2290/6914/569 2289/6924/570
f 2248/6838/641 2247/6923/567 2289/6924/570 2291/6839/642
f 2329/6925/637 2328/6926/641 2371/6927/642 2372/6928/638
f 2319/6929/639 2357/6930/593 2359/6931/596 2362/6932/640
f 2354/6933/659 2329/6925/637 2372/6928/638 2373/6934/660
f 2331/6935/635 2330/6936/589 2375/6937/592 2374/6938/636
f 2344/6939/645 2349/6940/599 2392/6941/602 2394/6942/646
f 2353/6943/604 2331/6935/635 2374/6938/636 2376/6944/605
f 2348/6945/633 2358/6946/663 2397/6947/664 2398/6948/634
f 2333/6949/631 2332/6950/603 2378/6951/606 2377/6952/632
f 2334/6953/627 2333/6949/631 2377/6952/632 2379/6954/628
f 2342/6955/629 2350/6956/607 2389/6957/610 2391/6958/630
f 2335/6959/625 2334/6953/627 2379/6954/628 2380/6960/626
f 2352/6961/614 2335/6959/625 2380/6960/626 2381/6962/615
f 2337/6963/620 2336/6964/613 2383/6965/616 2382/6966/621
f 2338/6967/623 2351/6968/619 2384/6969/622 2386/6970/624
f 2351/6968/619 2337/6963/620 2382/6966/621 2384/6969/622
f 2339/6971/617 2338/6967/623 2386/6970/624 2385/6972/618
f 2340/6973/611 2339/6974/617 2385/6975/618 2387/6976/612
f 2336/6964/613 2352/6961/614 2381/6962/615 2383/6965/616
f 2341/6977/608 2340/6973/611 2387/6976/612 2388/6978/609
f 2350/6956/607 2341/6977/608 2388/6978/609 2389/6957/610
f 2343/6979/600 2342/6955/629 2391/6958/630 2390/6980/601
f 2332/6981/603 2353/6943/604 2376/6944/605 2378/6982/606
f 2349/6940/599 2343/6979/600 2390/6980/601 2392/6941/602
f 2345/6983/597 2344/6939/645 2394/6942/646 2393/6984/598
f 2346/6985/587 2345/6983/597 2393/6984/598 2395/6986/588
f 2357/6930/593 2320/6987/594 2360/6988/595 2359/6931/596
f 2330/6936/589 2354/6933/659 2373/6934/660 2375/6937/592
f 2347/6989/584 2346/6985/587 2395/6986/588 2396/6990/585
f 2321/6991/581 2319/6929/639 2362/6932/640 2361/6992/582
f 2358/6946/663 2347/6993/584 2396/6994/585 2397/6947/664
f 2322/6995/579 2321/6991/581 2361/6992/582 2363/6996/580
f 2320/6987/594 2348/6945/633 2398/6948/634 2360/6988/595
f 2323/6997/576 2322/6995/579 2363/6996/580 2364/6998/577
f 2326/6999/568 2355/7000/651 2368/7001/652 2370/7002/569
f 2356/7003/575 2323/6997/576 2364/6998/577 2365/7004/578
f 2325/7005/661 2324/7006/643 2367/7007/644 2366/7008/662
f 2355/7000/651 2325/7009/661 2366/7010/662 2368/7001/652
f 2324/7006/643 2356/7003/575 2365/7004/578 2367/7007/644
f 2327/7011/567 2326/6999/568 2370/7002/569 2369/7012/570
f 2328/6926/641 2327/7011/567 2369/7012/570 2371/6927/642
f 2407/7013/567 2406/7014/568 2450/7015/569 2449/7016/570
f 2411/7017/635 2410/7018/589 2455/7019/592 2454/7020/636
f 2401/7021/581 2399/7022/639 2442/7023/640 2441/7024/582
f 2433/7025/604 2411/7017/635 2454/7020/636 2456/7026/605
f 2428/7027/633 2438/7028/663 2477/7029/664 2478/7030/634
f 2406/7014/568 2435/7031/651 2448/7032/652 2450/7015/569
f 2422/7033/629 2430/7034/607 2469/7035/610 2471/7036/630
f 2415/7037/625 2414/7038/627 2459/7039/628 2460/7040/626
f 2404/7041/643 2436/7042/575 2445/7043/578 2447/7044/644
f 2418/7045/623 2431/7046/619 2464/7047/622 2466/7048/624
f 2438/7028/663 2427/7049/584 2476/7050/585 2477/7029/664
f 2431/7046/619 2417/7051/620 2462/7052/621 2464/7047/622
f 2420/7053/665 2419/7054/617 2465/7055/618 2467/7056/666
f 2416/7057/613 2432/7058/614 2461/7059/615 2463/7060/616
f 2429/7061/599 2423/7062/600 2470/7063/601 2472/7064/602
f 2430/7034/607 2421/7065/608 2468/7066/609 2469/7035/610
f 2412/7067/603 2433/7025/604 2456/7026/605 2458/7068/606
f 2426/7069/587 2425/7070/597 2473/7071/598 2475/7072/588
f 2421/7065/608 2420/7053/665 2467/7056/666 2468/7066/609
f 2437/7073/657 2400/7074/594 2440/7075/595 2439/7076/658
f 2410/7018/589 2434/7077/659 2453/7078/660 2455/7019/592
f 2427/7079/584 2426/7069/587 2475/7072/588 2476/7080/585
f 2432/7058/614 2415/7037/625 2460/7040/626 2461/7059/615
f 2402/7081/579 2401/7021/581 2441/7024/582 2443/7082/580
f 2403/7083/576 2402/7081/579 2443/7082/580 2444/7084/577
f 2436/7042/575 2403/7083/576 2444/7084/577 2445/7043/578
f 2425/7070/597 2424/7085/645 2474/7086/646 2473/7071/598
f 2414/7038/627 2413/7087/631 2457/7088/632 2459/7039/628
f 2435/7031/651 2405/7089/572 2446/7090/573 2448/7032/652
f 2400/7074/594 2428/7027/633 2478/7030/634 2440/7075/595
f 2419/7091/617 2418/7045/623 2466/7048/624 2465/7092/618
f 2423/7062/600 2422/7033/629 2471/7036/630 2470/7063/601
f 2417/7051/620 2416/7057/613 2463/7060/616 2462/7052/621
f 2399/7022/639 2437/7073/657 2439/7076/658 2442/7023/640
f 2413/7087/631 2412/7093/603 2458/7094/606 2457/7088/632
f 2424/7085/645 2429/7061/599 2472/7064/602 2474/7086/646
f 2408/7095/641 2407/7013/567 2449/7016/570 2451/7096/642
f 2405/7097/572 2404/7041/643 2447/7044/644 2446/7098/573
f 2409/7099/637 2408/7095/641 2451/7096/642 2452/7100/638
f 2434/7077/659 2409/7099/637 2452/7100/638 2453/7078/660
f 2569/7101/637 2568/7102/641 2611/7103/667 2612/7104/668
f 2559/7105/639 2597/7106/657 2599/7107/669 2602/7108/670
f 2594/7109/659 2569/7101/637 2612/7104/668 2613/7110/671
f 2571/7111/635 2570/7112/589 2615/7113/672 2614/7114/673
f 2584/7115/645 2589/7116/599 2632/7117/674 2634/7118/675
f 2593/7119/604 2571/7111/635 2614/7114/673 2616/7120/676
f 2588/7121/633 2598/7122/583 2637/7123/677 2638/7124/678
f 2573/7125/631 2572/7126/603 2618/7127/679 2617/7128/680
f 2574/7129/627 2573/7125/631 2617/7128/680 2619/7130/681
f 2582/7131/629 2590/7132/607 2629/7133/682 2631/7134/683
f 2575/7135/625 2574/7129/627 2619/7130/681 2620/7136/684
f 2592/7137/614 2575/7135/625 2620/7136/684 2621/7138/685
f 2577/7139/620 2576/7140/613 2623/7141/686 2622/7142/687
f 2578/7143/623 2591/7144/619 2624/7145/688 2626/7146/689
f 2591/7144/619 2577/7139/620 2622/7142/687 2624/7145/688
f 2579/7147/617 2578/7143/623 2626/7146/689 2625/7148/690
f 2580/7149/665 2579/7150/617 2625/7151/690 2627/7152/691
f 2576/7140/613 2592/7137/614 2621/7138/685 2623/7141/686
f 2581/7153/608 2580/7149/665 2627/7152/691 2628/7154/692
f 2590/7132/607 2581/7153/608 2628/7154/692 2629/7133/682
f 2583/7155/600 2582/7131/629 2631/7134/683 2630/7156/693
f 2572/7157/603 2593/7119/604 2616/7120/676 2618/7158/679
f 2589/7116/599 2583/7155/600 2630/7156/693 2632/7117/674
f 2585/7159/597 2584/7115/645 2634/7118/675 2633/7160/694
f 2586/7161/587 2585/7159/597 2633/7160/694 2635/7162/695
f 2597/7106/657 2560/7163/594 2600/7164/696 2599/7107/669
f 2570/7112/589 2594/7109/659 2613/7110/671 2615/7113/672
f 2587/7165/584 2586/7161/587 2635/7162/695 2636/7166/697
f 2561/7167/581 2559/7105/639 2602/7108/670 2601/7168/698
f 2598/7122/583 2587/7169/584 2636/7170/697 2637/7123/677
f 2562/7171/579 2561/7167/581 2601/7168/698 2603/7172/699
f 2560/7163/594 2588/7121/633 2638/7124/678 2600/7164/696
f 2563/7173/576 2562/7171/579 2603/7172/699 2604/7174/700
f 2566/7175/568 2595/7176/651 2608/7177/701 2610/7178/702
f 2596/7179/575 2563/7173/576 2604/7174/700 2605/7180/703
f 2565/7181/661 2564/7182/643 2607/7183/704 2606/7184/705
f 2595/7176/651 2565/7185/661 2606/7186/705 2608/7177/701
f 2564/7182/643 2596/7179/575 2605/7180/703 2607/7183/704
f 2567/7187/567 2566/7175/568 2610/7178/702 2609/7188/706
f 2568/7102/641 2567/7187/567 2609/7188/706 2611/7103/667
f 2649/7189/637 2648/7190/641 2691/7191/667 2692/7192/668
f 2639/7193/639 2677/7194/657 2679/7195/669 2682/7196/670
f 2674/7197/659 2649/7189/637 2692/7192/668 2693/7198/671
f 2651/7199/635 2650/7200/589 2695/7201/672 2694/7202/673
f 2664/7203/645 2669/7204/599 2712/7205/674 2714/7206/675
f 2673/7207/604 2651/7199/635 2694/7202/673 2696/7208/676
f 2668/7209/633 2678/7210/663 2717/7211/677 2718/7212/678
f 2653/7213/631 2652/7214/603 2698/7215/679 2697/7216/680
f 2654/7217/627 2653/7213/631 2697/7216/680 2699/7218/681
f 2662/7219/629 2670/7220/607 2709/7221/682 2711/7222/683
f 2655/7223/707 2654/7217/627 2699/7218/681 2700/7224/684
f 2672/7225/614 2655/7223/707 2700/7224/684 2701/7226/685
f 2657/7227/620 2656/7228/613 2703/7229/686 2702/7230/687
f 2658/7231/623 2671/7232/619 2704/7233/688 2706/7234/689
f 2671/7232/619 2657/7227/620 2702/7230/687 2704/7233/688
f 2659/7235/617 2658/7231/623 2706/7234/689 2705/7236/690
f 2660/7237/611 2659/7238/617 2705/7239/690 2707/7240/691
f 2656/7228/613 2672/7225/614 2701/7226/685 2703/7229/686
f 2661/7241/608 2660/7237/611 2707/7240/691 2708/7242/692
f 2670/7220/607 2661/7241/608 2708/7242/692 2709/7221/682
f 2663/7243/600 2662/7219/629 2711/7222/683 2710/7244/693
f 2652/7245/603 2673/7207/604 2696/7208/676 2698/7246/679
f 2669/7204/599 2663/7243/600 2710/7244/693 2712/7205/674
f 2665/7247/597 2664/7203/645 2714/7206/675 2713/7248/694
f 2666/7249/587 2665/7247/597 2713/7248/694 2715/7250/695
f 2677/7194/657 2640/7251/594 2680/7252/696 2679/7195/669
f 2650/7200/589 2674/7197/659 2693/7198/671 2695/7201/672
f 2667/7253/584 2666/7249/587 2715/7250/695 2716/7254/697
f 2641/7255/581 2639/7193/639 2682/7196/670 2681/7256/698
f 2678/7210/663 2667/7257/584 2716/7258/697 2717/7211/677
f 2642/7259/579 2641/7255/581 2681/7256/698 2683/7260/699
f 2640/7251/594 2668/7209/633 2718/7212/678 2680/7252/696
f 2643/7261/576 2642/7259/579 2683/7260/699 2684/7262/700
f 2646/7263/568 2675/7264/651 2688/7265/701 2690/7266/702
f 2676/7267/708 2643/7261/576 2684/7262/700 2685/7268/703
f 2645/7269/572 2644/7270/643 2687/7271/704 2686/7272/705
f 2675/7264/651 2645/7273/572 2686/7274/705 2688/7265/701
f 2644/7270/643 2676/7267/708 2685/7268/703 2687/7271/704
f 2647/7275/567 2646/7263/568 2690/7266/702 2689/7276/706
f 2648/7190/641 2647/7275/567 2689/7276/706 2691/7191/667
o B1_New_Babel_Cylinder
v -1.296881 10.902001 -2.313657
v -1.237201 13.025880 -2.209040
v -0.790776 10.902001 -2.535851
v -0.754152 13.025880 -2.421112
v -0.249534 10.902001 -2.647964
v -0.237566 13.025880 -2.528119
v 0.303190 10.902001 -2.645098
v 0.289979 13.025880 -2.525383
v 0.843240 10.902001 -2.527375
v 0.805428 13.025880 -2.413023
v 1.347013 10.902001 -2.299943
v 1.286251 13.025880 -2.195950
v 1.792491 10.902001 -1.972740
v 1.711436 13.025880 -1.883653
v 2.160205 10.902001 -1.560067
v 2.062399 13.025880 -1.489779
v 2.434084 10.902001 -1.079960
v 2.323802 13.025880 -1.031543
v 2.602158 10.902001 -0.553402
v 2.484219 13.025880 -0.528972
v 2.657083 10.902001 -0.003406
v 2.536641 13.025880 -0.004030
v 2.596456 10.902001 0.545991
v 2.478776 13.025880 0.520339
v 2.422927 10.902001 1.070777
v 2.313153 13.025880 1.021219
v 2.144082 10.902001 1.548017
v 2.047011 13.025880 1.476718
v 1.772107 10.902001 1.956853
v 1.691980 13.025880 1.866930
v 1.323258 10.902001 2.279416
v 1.263579 13.025880 2.174799
v 0.817153 10.902001 2.501610
v 0.780529 13.025880 2.386871
v 0.275910 10.902001 2.613724
v 0.263942 13.025880 2.493877
v -0.276814 10.902001 2.610856
v -0.263603 13.025880 2.491141
v -0.816864 10.902001 2.493134
v -0.779051 13.025880 2.378781
v -1.320636 10.902001 2.265702
v -1.259875 13.025880 2.161709
v -1.766114 10.902001 1.938499
v -1.685058 13.025880 1.849411
v -2.133828 10.902001 1.525827
v -2.036022 13.025880 1.455538
v -2.407707 10.902001 1.045720
v -2.297425 13.025880 0.997303
v -2.575782 10.902001 0.519163
v -2.457842 13.025880 0.494733
v -2.630706 10.902001 -0.030832
v -2.510264 13.025880 -0.030208
v -2.570080 10.902001 -0.580229
v -2.452400 13.025880 -0.554577
v -2.396553 10.902001 -1.105015
v -2.286778 13.025880 -1.055456
v -2.117709 10.902001 -1.582255
v -2.020637 13.025880 -1.510956
v -1.745734 10.902001 -1.991091
v -1.665608 13.025880 -1.901168
v -0.790776 13.025483 -2.535851
v -1.296881 13.025483 -2.313657
v -0.249534 13.025483 -2.647965
v 0.303190 13.025483 -2.645098
v 0.843240 13.025483 -2.527375
v 1.347013 13.025483 -2.299943
v 1.792491 13.025483 -1.972740
v 2.160205 13.025483 -1.560067
v 2.434084 13.025483 -1.079960
v 2.602158 13.025483 -0.553402
v 2.657083 13.025483 -0.003406
v 2.596456 13.025483 0.545991
v 2.422927 13.025483 1.070777
v 2.144082 13.025483 1.548017
v 1.772107 13.025483 1.956853
v 1.323258 13.025483 2.279416
v 0.817153 13.025483 2.501610
v 0.275911 13.025483 2.613724
v -0.276814 13.025483 2.610856
v -0.816864 13.025483 2.493134
v -1.320636 13.025483 2.265701
v -1.766114 13.025483 1.938499
v -2.133828 13.025483 1.525826
v -2.407707 13.025483 1.045720
v -2.575782 13.025483 0.519163
v -2.630706 13.025483 -0.030833
v -2.570080 13.025483 -0.580229
v -2.396553 13.025483 -1.105015
v -2.117709 13.025483 -1.582255
v -1.745734 13.025483 -1.991091
v -0.754152 13.347864 -2.421112
v -1.237201 13.347864 -2.209040
v -0.237566 13.347864 -2.528119
v 0.289979 13.347864 -2.525382
v 0.805428 13.347864 -2.413023
v 1.286251 13.347864 -2.195950
v 1.711436 13.347864 -1.883653
v 2.062399 13.347864 -1.489779
v 2.323802 13.347864 -1.031543
v 2.484219 13.347864 -0.528972
v 2.536641 13.347864 -0.004030
v 2.478776 13.347864 0.520339
v 2.313153 13.347864 1.021219
v 2.047011 13.347864 1.476718
v 1.691980 13.347864 1.866930
v 1.263578 13.347864 2.174799
v 0.780529 13.347864 2.386871
v 0.263942 13.347864 2.493877
v -0.263603 13.347864 2.491141
v -0.779051 13.347864 2.378781
v -1.259875 13.347864 2.161709
v -1.685059 13.347864 1.849412
v -2.036022 13.347864 1.455538
v -2.297425 13.347864 0.997303
v -2.457842 13.347864 0.494733
v -2.510264 13.347864 -0.030208
v -2.452400 13.347864 -0.554577
v -2.286778 13.347864 -1.055456
v -2.020637 13.347864 -1.510956
v -1.665608 13.347864 -1.901168
v -0.782575 13.347782 -2.510159
v -1.283517 13.347782 -2.290232
v -0.246854 13.347782 -2.621128
v 0.300232 13.347782 -2.618290
v 0.834773 13.347782 -2.501769
v 1.333407 13.347782 -2.276656
v 1.774341 13.347782 -1.952791
v 2.138304 13.347782 -1.544328
v 2.409389 13.347782 -1.069118
v 2.575749 13.347782 -0.547931
v 2.630113 13.347782 -0.003546
v 2.570104 13.347782 0.540247
v 2.398345 13.347782 1.059679
v 2.122346 13.347782 1.532051
v 1.754164 13.347782 1.936716
v 1.309894 13.347782 2.255989
v 0.808951 13.347782 2.475917
v 0.273231 13.347782 2.586886
v -0.273856 13.347782 2.584049
v -0.808396 13.347782 2.467528
v -1.307030 13.347782 2.242414
v -1.747964 13.347782 1.918550
v -2.111926 13.347782 1.510087
v -2.383012 13.347782 1.034878
v -2.549372 13.347782 0.513692
v -2.603736 13.347782 -0.030693
v -2.543728 13.347782 -0.574485
v -2.371971 13.347782 -1.093918
v -2.095972 13.347782 -1.566290
v -1.727792 13.347782 -1.970954
v -0.782575 13.406170 -2.510159
v -1.283517 13.406170 -2.290232
v -0.246854 13.406170 -2.621128
v 0.300232 13.406170 -2.618290
v 0.834773 13.406170 -2.501769
v 1.333407 13.406170 -2.276656
v 1.774341 13.406170 -1.952791
v 2.138304 13.406170 -1.544328
v 2.409389 13.406170 -1.069118
v 2.575749 13.406170 -0.547931
v 2.630113 13.406170 -0.003546
v 2.570104 13.406170 0.540247
v 2.398345 13.406170 1.059679
v 2.122346 13.406170 1.532051
v 1.754164 13.406170 1.936716
v 1.309894 13.406170 2.255989
v 0.808951 13.406170 2.475917
v 0.273231 13.406170 2.586886
v -0.273856 13.406170 2.584049
v -0.808396 13.406170 2.467528
v -1.307030 13.406170 2.242414
v -1.747964 13.406170 1.918550
v -2.111926 13.406170 1.510087
v -2.383012 13.406170 1.034878
v -2.549372 13.406170 0.513692
v -2.603736 13.406170 -0.030693
v -2.543728 13.406170 -0.574485
v -2.371971 13.406170 -1.093918
v -2.095972 13.406170 -1.566290
v -1.727792 13.406170 -1.970954
v -0.841853 13.464858 -2.695869
v -1.380111 13.464858 -2.459559
v -0.266225 13.464858 -2.815104
v 0.321614 13.464858 -2.812055
v 0.895974 13.464858 -2.686854
v 1.431752 13.464858 -2.444972
v 1.905532 13.464858 -2.096982
v 2.296606 13.464858 -1.658092
v 2.587885 13.464858 -1.147483
v 2.766638 13.464858 -0.587472
v 2.825051 13.464858 -0.002534
v 2.760573 13.464858 0.581766
v 2.576020 13.464858 1.139892
v 2.279459 13.464858 1.647451
v 1.883852 13.464858 2.082260
v 1.406487 13.464858 2.425317
v 0.868229 13.464858 2.661626
v 0.292602 13.464858 2.780863
v -0.295238 13.464858 2.777813
v -0.869597 13.464858 2.652612
v -1.405375 13.464858 2.410730
v -1.879154 13.464858 2.062741
v -2.270229 13.464858 1.623851
v -2.561508 13.464858 1.113243
v -2.740261 13.464858 0.553233
v -2.798675 13.464858 -0.031704
v -2.734197 13.464858 -0.616004
v -2.549645 13.464858 -1.174129
v -2.253086 13.464858 -1.681689
v -1.857480 13.464858 -2.116498
v -0.728133 13.645482 -2.339597
v -1.194802 13.645482 -2.134716
v -0.229063 13.645482 -2.442974
v 0.280594 13.645482 -2.440330
v 0.778564 13.645482 -2.331780
v 1.243084 13.645482 -2.122068
v 1.653850 13.645482 -1.820362
v 1.992913 13.645482 -1.439843
v 2.245452 13.645482 -0.997145
v 2.400430 13.645482 -0.511615
v 2.451075 13.645482 -0.004474
v 2.395171 13.645482 0.502115
v 2.235165 13.645482 0.986010
v 1.978047 13.645482 1.426064
v 1.635055 13.645482 1.803044
v 1.221179 13.645482 2.100474
v 0.754509 13.645482 2.305355
v 0.255440 13.645482 2.408733
v -0.254217 13.645482 2.406089
v -0.752188 13.645482 2.297539
v -1.216707 13.645482 2.087828
v -1.627474 13.645482 1.786120
v -1.966535 13.645482 1.405603
v -2.219074 13.645482 0.962905
v -2.374053 13.645482 0.477377
v -2.424698 13.645482 -0.029764
v -2.368796 13.645482 -0.536353
v -2.208790 13.645482 -1.020247
v -1.951672 13.645482 -1.460302
v -1.608682 13.645482 -1.837282
v -0.841853 13.645482 -2.695869
v -1.380111 13.645482 -2.459559
v -0.266225 13.645482 -2.815104
v 0.321614 13.645482 -2.812055
v 0.895974 13.645482 -2.686854
v 1.431752 13.645482 -2.444972
v 1.905532 13.645482 -2.096982
v 2.296606 13.645482 -1.658091
v 2.587885 13.645482 -1.147483
v 2.766638 13.645482 -0.587472
v 2.825051 13.645482 -0.002534
v 2.760573 13.645482 0.581766
v 2.576020 13.645482 1.139892
v 2.279459 13.645482 1.647451
v 1.883852 13.645482 2.082261
v 1.406487 13.645482 2.425317
v 0.868229 13.645482 2.661627
v 0.292602 13.645482 2.780863
v -0.295238 13.645482 2.777814
v -0.869598 13.645482 2.652613
v -1.405375 13.645482 2.410730
v -1.879154 13.645482 2.062741
v -2.270229 13.645482 1.623851
v -2.561508 13.645482 1.113244
v -2.740261 13.645482 0.553233
v -2.798675 13.645482 -0.031704
v -2.734197 13.645482 -0.616004
v -2.549645 13.645482 -1.174129
v -2.253086 13.645482 -1.681689
v -1.857480 13.645482 -2.116498
v -0.606265 14.063202 -1.957800
v -0.996218 14.063202 -1.786600
v -0.189239 14.063202 -2.044183
v 0.236634 14.063202 -2.041974
v 0.652742 14.063202 -1.951269
v 1.040899 14.063202 -1.776032
v 1.384139 14.063202 -1.523923
v 1.667462 14.063202 -1.205959
v 1.878486 14.063202 -0.836037
v 2.007987 14.063202 -0.430324
v 2.050306 14.063202 -0.006553
v 2.003593 14.063202 0.416756
v 1.869890 14.063202 0.821104
v 1.655040 14.063202 1.188816
v 1.368433 14.063202 1.503824
v 1.022596 14.063202 1.752358
v 0.632642 14.063202 1.923558
v 0.215615 14.063202 2.009942
v -0.210258 14.063202 2.007733
v -0.626366 14.063202 1.917028
v -1.014522 14.063202 1.741791
v -1.357762 14.063202 1.489682
v -1.641085 14.063202 1.171718
v -1.852109 14.063202 0.801797
v -1.981610 14.063202 0.396085
v -2.023929 14.063202 -0.027686
v -1.977217 14.063202 -0.450995
v -1.843514 14.063202 -0.855341
v -1.628665 14.063202 -1.223054
v -1.342060 14.063202 -1.538061
v -0.728133 14.063202 -2.339597
v -1.194802 14.063202 -2.134716
v -0.229063 14.063202 -2.442974
v 0.280594 14.063202 -2.440330
v 0.778564 14.063202 -2.331780
v 1.243084 14.063202 -2.122068
v 1.653850 14.063202 -1.820362
v 1.992913 14.063202 -1.439843
v 2.245452 14.063202 -0.997145
v 2.400430 14.063202 -0.511615
v 2.451075 14.063202 -0.004474
v 2.395171 14.063202 0.502115
v 2.235165 14.063202 0.986010
v 1.978047 14.063202 1.426064
v 1.635055 14.063202 1.803044
v 1.221179 14.063202 2.100474
v 0.754509 14.063202 2.305355
v 0.255440 14.063202 2.408733
v -0.254217 14.063202 2.406089
v -0.752188 14.063202 2.297539
v -1.216707 14.063202 2.087828
v -1.627474 14.063202 1.786120
v -1.966535 14.063202 1.405603
v -2.219074 14.063202 0.962905
v -2.374053 14.063202 0.477377
v -2.424698 14.063202 -0.029764
v -2.368796 14.063202 -0.536353
v -2.208790 14.063202 -1.020247
v -1.951672 14.063202 -1.460302
v -1.608682 14.063202 -1.837282
v -0.496097 14.510540 -1.612654
v -0.816696 14.510540 -1.471902
v -0.153238 14.510540 -1.683674
v 0.196895 14.510540 -1.681857
v 0.538999 14.510540 -1.607284
v 0.858122 14.510540 -1.463213
v 1.140318 14.510540 -1.255941
v 1.373252 14.510540 -0.994526
v 1.546746 14.510540 -0.690394
v 1.653216 14.510540 -0.356836
v 1.688008 14.510540 -0.008432
v 1.649603 14.510540 0.339592
v 1.539678 14.510540 0.672027
v 1.363039 14.510540 0.974343
v 1.127405 14.510540 1.233326
v 0.843075 14.510540 1.437659
v 0.522473 14.510540 1.578412
v 0.179614 14.510540 1.649432
v -0.170518 14.510540 1.647616
v -0.512622 14.510540 1.573043
v -0.831745 14.510540 1.428971
v -1.113941 14.510540 1.221700
v -1.346875 14.510540 0.960286
v -1.520369 14.510540 0.656154
v -1.626838 14.510540 0.322597
v -1.661631 14.510540 -0.025807
v -1.623227 14.510540 -0.373831
v -1.513303 14.510540 -0.706265
v -1.336664 14.510540 -1.008581
v -1.101032 14.510540 -1.267565
v -0.606266 14.510540 -1.957800
v -0.996218 14.510540 -1.786600
v -0.189240 14.510540 -2.044183
v 0.236634 14.510540 -2.041974
v 0.652742 14.510540 -1.951269
v 1.040899 14.510540 -1.776032
v 1.384139 14.510540 -1.523923
v 1.667462 14.510540 -1.205959
v 1.878486 14.510540 -0.836037
v 2.007987 14.510540 -0.430324
v 2.050306 14.510540 -0.006553
v 2.003593 14.510540 0.416756
v 1.869890 14.510540 0.821104
v 1.655040 14.510540 1.188816
v 1.368433 14.510540 1.503824
v 1.022596 14.510540 1.752358
v 0.632641 14.510540 1.923558
v 0.215615 14.510540 2.009942
v -0.210258 14.510540 2.007733
v -0.626366 14.510540 1.917028
v -1.014522 14.510540 1.741791
v -1.357762 14.510540 1.489682
v -1.641085 14.510540 1.171718
v -1.852109 14.510540 0.801797
v -1.981610 14.510540 0.396085
v -2.023929 14.510540 -0.027686
v -1.977217 14.510540 -0.450995
v -1.843514 14.510540 -0.855341
v -1.628665 14.510540 -1.223054
v -1.342060 14.510540 -1.538061
v -0.391510 14.940587 -1.284995
v -0.646271 14.940587 -1.173148
v -0.119061 14.940587 -1.341431
v 0.159169 14.940587 -1.339987
v 0.431019 14.940587 -1.280728
v 0.684607 14.940587 -1.166244
v 0.908850 14.940587 -1.001537
v 1.093950 14.940587 -0.793806
v 1.231815 14.940587 -0.552131
v 1.316420 14.940587 -0.287072
v 1.344068 14.940587 -0.010217
v 1.313549 14.940587 0.266338
v 1.226199 14.940587 0.530504
v 1.085834 14.940587 0.770736
v 0.898590 14.940587 0.976535
v 0.672649 14.940587 1.138906
v 0.417886 14.940587 1.250754
v 0.145437 14.940587 1.307190
v -0.132792 14.940587 1.305746
v -0.404642 14.940587 1.246487
v -0.658230 14.940587 1.132003
v -0.882474 14.940587 0.967296
v -1.067573 14.940587 0.759566
v -1.205438 14.940587 0.517890
v -1.290043 14.940587 0.252833
v -1.317691 14.940587 -0.024023
v -1.287173 14.940587 -0.300577
v -1.199823 14.940587 -0.564743
v -1.059459 14.940587 -0.804975
v -0.872216 14.940587 -1.010774
v -0.496097 14.940587 -1.612654
v -0.816696 14.940587 -1.471902
v -0.153238 14.940587 -1.683674
v 0.196895 14.940587 -1.681857
v 0.538999 14.940587 -1.607284
v 0.858122 14.940587 -1.463213
v 1.140318 14.940587 -1.255941
v 1.373252 14.940587 -0.994526
v 1.546746 14.940587 -0.690394
v 1.653216 14.940587 -0.356836
v 1.688008 14.940587 -0.008432
v 1.649603 14.940587 0.339592
v 1.539678 14.940587 0.672027
v 1.363039 14.940587 0.974343
v 1.127405 14.940587 1.233326
v 0.843075 14.940587 1.437659
v 0.522473 14.940587 1.578412
v 0.179614 14.940587 1.649432
v -0.170518 14.940587 1.647616
v -0.512622 14.940587 1.573043
v -0.831745 14.940587 1.428971
v -1.113941 14.940587 1.221700
v -1.346875 14.940587 0.960286
v -1.520369 14.940587 0.656154
v -1.626838 14.940587 0.322597
v -1.661631 14.940587 -0.025807
v -1.623227 14.940587 -0.373831
v -1.513303 14.940587 -0.706265
v -1.336664 14.940587 -1.008581
v -1.101032 14.940587 -1.267565
v -0.292125 15.243246 -0.973634
v -0.484322 15.243246 -0.889254
v -0.086584 15.243246 -1.016209
v 0.123319 15.243246 -1.015121
v 0.328409 15.243246 -0.970414
v 0.519722 15.243246 -0.884045
v 0.688896 15.243246 -0.759786
v 0.828539 15.243246 -0.603070
v 0.932547 15.243246 -0.420744
v 0.996375 15.243246 -0.220778
v 1.017233 15.243246 -0.011912
v 0.994209 15.243246 0.196727
v 0.928310 15.243246 0.396020
v 0.822416 15.243246 0.577256
v 0.681155 15.243246 0.732515
v 0.510701 15.243246 0.855012
v 0.318501 15.243246 0.939392
v 0.112959 15.243246 0.981969
v -0.096943 15.243246 0.980880
v -0.302032 15.243246 0.936173
v -0.493345 15.243246 0.849804
v -0.662520 15.243246 0.725545
v -0.802162 15.243246 0.568829
v -0.906171 15.243246 0.386503
v -0.969999 15.243246 0.186538
v -0.990857 15.243246 -0.022328
v -0.967834 15.243246 -0.230966
v -0.901935 15.243246 -0.430259
v -0.796040 15.243246 -0.611496
v -0.654780 15.243246 -0.766754
v -0.391510 15.243246 -1.284995
v -0.646271 15.243246 -1.173148
v -0.119061 15.243246 -1.341431
v 0.159169 15.243246 -1.339987
v 0.431019 15.243246 -1.280728
v 0.684607 15.243246 -1.166244
v 0.908850 15.243246 -1.001537
v 1.093950 15.243246 -0.793806
v 1.231815 15.243246 -0.552131
v 1.316420 15.243246 -0.287072
v 1.344068 15.243246 -0.010217
v 1.313549 15.243246 0.266338
v 1.226199 15.243246 0.530504
v 1.085834 15.243246 0.770736
v 0.898590 15.243246 0.976535
v 0.672649 15.243246 1.138906
v 0.417886 15.243246 1.250754
v 0.145437 15.243246 1.307190
v -0.132792 15.243246 1.305746
v -0.404642 15.243246 1.246487
v -0.658230 15.243246 1.132003
v -0.882474 15.243246 0.967296
v -1.067573 15.243246 0.759566
v -1.205438 15.243246 0.517890
v -1.290043 15.243246 0.252833
v -1.317691 15.243246 -0.024023
v -1.287173 15.243246 -0.300577
v -1.199823 15.243246 -0.564743
v -1.059459 15.243246 -0.804975
v -0.872216 15.243246 -1.010774
v -0.292125 15.502870 -0.973634
v -0.484322 15.502870 -0.889254
v -0.086583 15.502870 -1.016210
v 0.123319 15.502870 -1.015121
v 0.328409 15.502870 -0.970414
v 0.519722 15.502870 -0.884045
v 0.688896 15.502870 -0.759787
v 0.828539 15.502870 -0.603070
v 0.932547 15.502870 -0.420744
v 0.996376 15.502870 -0.220778
v 1.017233 15.502870 -0.011912
v 0.994210 15.502870 0.196726
v 0.928311 15.502870 0.396019
v 0.822416 15.502870 0.577256
v 0.681155 15.502870 0.732515
v 0.510701 15.502870 0.855012
v 0.318501 15.502870 0.939392
v 0.112960 15.502870 0.981968
v -0.096942 15.502870 0.980879
v -0.302032 15.502870 0.936173
v -0.493344 15.502870 0.849803
v -0.662519 15.502870 0.725545
v -0.802162 15.502870 0.568829
v -0.906170 15.502870 0.386503
v -0.969998 15.502870 0.186538
v -0.990857 15.502870 -0.022328
v -0.967833 15.502870 -0.230967
v -0.901935 15.502870 -0.430259
v -0.796040 15.502870 -0.611496
v -0.654780 15.502870 -0.766755
v -1.362162 10.873544 -2.428093
v -0.830837 10.873544 -2.661359
v -0.262626 10.873544 -2.779059
v 0.317641 10.873544 -2.776049
v 0.884601 10.873544 -2.652460
v 1.413477 10.873544 -2.413694
v 1.881153 10.873544 -2.070187
v 2.267190 10.873544 -1.636951
v 2.554717 10.873544 -1.132921
v 2.731166 10.873544 -0.580124
v 2.788826 10.873544 -0.002722
v 2.725178 10.873544 0.574051
v 2.543004 10.873544 1.124987
v 2.250263 10.873544 1.626007
v 1.859753 10.873544 2.055215
v 1.388538 10.873544 2.393851
v 0.857214 10.873544 2.627118
v 0.289002 10.873544 2.744817
v -0.291265 10.873544 2.741807
v -0.858225 10.873544 2.618218
v -1.387100 10.873544 2.379454
v -1.854776 10.873544 2.035947
v -2.240813 10.873544 1.602711
v -2.528339 10.873544 1.098681
v -2.704788 10.873544 0.545886
v -2.762450 10.873544 -0.031516
v -2.698803 10.873544 -0.608288
v -2.516629 10.873544 -1.159224
v -2.223891 10.873544 -1.660244
v -1.833380 10.873544 -2.089453
v -1.362162 10.662881 -2.428093
v -0.830837 10.662881 -2.661359
v -0.262626 10.662881 -2.779059
v 0.317641 10.662881 -2.776049
v 0.884601 10.662881 -2.652460
v 1.413477 10.662881 -2.413694
v 1.881153 10.662881 -2.070187
v 2.267190 10.662881 -1.636951
v 2.554717 10.662881 -1.132921
v 2.731166 10.662881 -0.580124
v 2.788826 10.662881 -0.002722
v 2.725178 10.662881 0.574051
v 2.543004 10.662881 1.124987
v 2.250263 10.662881 1.626007
v 1.859753 10.662881 2.055215
v 1.388538 10.662881 2.393851
v 0.857214 10.662881 2.627118
v 0.289002 10.662881 2.744817
v -0.291265 10.662881 2.741807
v -0.858225 10.662881 2.618218
v -1.387100 10.662881 2.379454
v -1.854776 10.662881 2.035947
v -2.240813 10.662881 1.602711
v -2.528339 10.662881 1.098681
v -2.704788 10.662881 0.545886
v -2.762450 10.662881 -0.031516
v -2.698803 10.662881 -0.608288
v -2.516629 10.662881 -1.159224
v -2.223891 10.662881 -1.660244
v -1.833380 10.662881 -2.089453
v -1.435725 10.649584 -2.557049
v -0.875982 10.649584 -2.802793
v -0.277378 10.649584 -2.926787
v 0.333925 10.649584 -2.923617
v 0.931211 10.649584 -2.793417
v 1.488375 10.649584 -2.541882
v 1.981066 10.649584 -2.180001
v 2.387751 10.649584 -1.723592
v 2.690657 10.649584 -1.192602
v 2.876544 10.649584 -0.610238
v 2.937288 10.649584 -0.001952
v 2.870236 10.649584 0.605671
v 2.678317 10.649584 1.186075
v 2.369919 10.649584 1.713894
v 1.958521 10.649584 2.166059
v 1.462102 10.649584 2.522808
v 0.902359 10.649584 2.768551
v 0.303754 10.649584 2.892546
v -0.307549 10.649584 2.889375
v -0.904834 10.649584 2.759176
v -1.461998 10.649584 2.507640
v -1.954688 10.649584 2.145760
v -2.361373 10.649584 1.689352
v -2.664279 10.649584 1.158362
v -2.850166 10.649584 0.576000
v -2.910911 10.649584 -0.032286
v -2.843860 10.649584 -0.639908
v -2.651942 10.649584 -1.220312
v -2.343546 10.649584 -1.748131
v -1.932148 10.649584 -2.200296
v -1.435725 10.412475 -2.557049
v -0.875982 10.412475 -2.802793
v -0.277378 10.412475 -2.926787
v 0.333925 10.412475 -2.923617
v 0.931211 10.412475 -2.793417
v 1.488375 10.412475 -2.541882
v 1.981066 10.412475 -2.180001
v 2.387751 10.412475 -1.723592
v 2.690657 10.412475 -1.192602
v 2.876544 10.412475 -0.610238
v 2.937288 10.412475 -0.001952
v 2.870236 10.412475 0.605671
v 2.678317 10.412475 1.186075
v 2.369919 10.412475 1.713894
v 1.958521 10.412475 2.166059
v 1.462102 10.412475 2.522808
v 0.902359 10.412475 2.768551
v 0.303754 10.412475 2.892546
v -0.307549 10.412475 2.889375
v -0.904834 10.412475 2.759176
v -1.461998 10.412475 2.507640
v -1.954688 10.412475 2.145760
v -2.361373 10.412475 1.689352
v -2.664279 10.412475 1.158362
v -2.850166 10.412475 0.576000
v -2.910911 10.412475 -0.032286
v -2.843860 10.412475 -0.639908
v -2.651942 10.412475 -1.220312
v -2.343546 10.412475 -1.748131
v -1.932148 10.412475 -2.200296
v -1.516149 10.405207 -2.698031
v -0.925337 10.405207 -2.957414
v -0.293506 10.405207 -3.088292
v 0.351728 10.405207 -3.084946
v 0.982167 10.405207 -2.947519
v 1.570257 10.405207 -2.682021
v 2.090295 10.405207 -2.300054
v 2.519554 10.405207 -1.818311
v 2.839272 10.405207 -1.257848
v 3.035478 10.405207 -0.643160
v 3.099594 10.405207 -0.001110
v 3.028820 10.405207 0.640240
v 2.826248 10.405207 1.252860
v 2.500732 10.405207 1.809975
v 2.066499 10.405207 2.287239
v 1.542525 10.405207 2.663790
v 0.951713 10.405207 2.923172
v 0.319883 10.405207 3.054050
v -0.325352 10.405207 3.050703
v -0.955790 10.405207 2.913278
v -1.543880 10.405207 2.647779
v -2.063918 10.405207 2.265813
v -2.493176 10.405207 1.784071
v -2.812895 10.405207 1.223609
v -3.009099 10.405207 0.608922
v -3.073217 10.405207 -0.033128
v -3.002444 10.405207 -0.674477
v -2.799873 10.405207 -1.287097
v -2.474360 10.405207 -1.844213
v -2.040127 10.405207 -2.321476
v -1.516149 10.145010 -2.698031
v -0.925337 10.145010 -2.957414
v -0.293506 10.145010 -3.088292
v 0.351728 10.145010 -3.084946
v 0.982167 10.145010 -2.947519
v 1.570257 10.145010 -2.682021
v 2.090295 10.145010 -2.300054
v 2.519554 10.145010 -1.818311
v 2.839272 10.145010 -1.257848
v 3.035478 10.145010 -0.643160
v 3.099594 10.145010 -0.001110
v 3.028820 10.145010 0.640240
v 2.826248 10.145010 1.252860
v 2.500732 10.145010 1.809975
v 2.066499 10.145010 2.287239
v 1.542525 10.145010 2.663790
v 0.951713 10.145010 2.923172
v 0.319883 10.145010 3.054050
v -0.325352 10.145010 3.050703
v -0.955790 10.145010 2.913278
v -1.543880 10.145010 2.647779
v -2.063918 10.145010 2.265813
v -2.493176 10.145010 1.784071
v -2.812895 10.145010 1.223609
v -3.009099 10.145010 0.608922
v -3.073217 10.145010 -0.033128
v -3.002444 10.145010 -0.674477
v -2.799873 10.145010 -1.287097
v -2.474360 10.145010 -1.844213
v -2.040127 10.145010 -2.321476
v -1.695702 10.147112 -3.012786
v -1.035525 10.147112 -3.302622
v -0.329514 10.147112 -3.448866
v 0.391475 10.147112 -3.445126
v 1.095931 10.147112 -3.291565
v 1.753066 10.147112 -2.994896
v 2.334159 10.147112 -2.568084
v 2.813816 10.147112 -2.029782
v 3.171070 10.147112 -1.403517
v 3.390311 10.147112 -0.716661
v 3.461956 10.147112 0.000769
v 3.382873 10.147112 0.717417
v 3.156518 10.147112 1.401963
v 2.792784 10.147112 2.024488
v 2.307569 10.147112 2.557784
v 1.722078 10.147112 2.978544
v 1.061901 10.147112 3.268380
v 0.355890 10.147112 3.414623
v -0.365099 10.147112 3.410884
v -1.069554 10.147112 3.257323
v -1.726689 10.147112 2.960654
v -2.307781 10.147112 2.533842
v -2.787437 10.147112 1.995541
v -3.144693 10.147112 1.369278
v -3.363934 10.147112 0.682422
v -3.435579 10.147112 -0.035007
v -3.356496 10.147112 -0.751654
v -3.130143 10.147112 -1.436199
v -2.766411 10.147112 -2.058724
v -2.281198 10.147112 -2.592020
v -1.695702 10.046887 -3.012786
v -1.035525 10.046887 -3.302622
v -0.329514 10.046887 -3.448866
v 0.391475 10.046887 -3.445126
v 1.095931 10.046887 -3.291565
v 1.753066 10.046887 -2.994896
v 2.334159 10.046887 -2.568084
v 2.813816 10.046887 -2.029782
v 3.171070 10.046887 -1.403517
v 3.390311 10.046887 -0.716661
v 3.461956 10.046887 0.000769
v 3.382873 10.046887 0.717417
v 3.156518 10.046887 1.401963
v 2.792784 10.046887 2.024488
v 2.307569 10.046887 2.557784
v 1.722078 10.046887 2.978544
v 1.061901 10.046887 3.268380
v 0.355890 10.046887 3.414623
v -0.365099 10.046887 3.410884
v -1.069554 10.046887 3.257323
v -1.726689 10.046887 2.960654
v -2.307781 10.046887 2.533842
v -2.787437 10.046887 1.995541
v -3.144693 10.046887 1.369278
v -3.363934 10.046887 0.682422
v -3.435579 10.046887 -0.035007
v -3.356496 10.046887 -0.751654
v -3.130143 10.046887 -1.436199
v -2.766411 10.046887 -2.058724
v -2.281198 10.046887 -2.592020
v -1.649693 10.048991 -2.932133
v -1.007290 10.048991 -3.214167
v -0.320287 10.048991 -3.356471
v 0.381290 10.048991 -3.352833
v 1.066780 10.048991 -3.203406
v 1.706223 10.048991 -2.914725
v 2.271672 10.048991 -2.499404
v 2.738413 10.048991 -1.975595
v 3.086050 10.048991 -1.366191
v 3.299388 10.048991 -0.697827
v 3.369104 10.048991 0.000288
v 3.292150 10.048991 0.697641
v 3.071889 10.048991 1.363756
v 2.717949 10.048991 1.969521
v 2.245797 10.048991 2.488459
v 1.676070 10.048991 2.897891
v 1.033666 10.048991 3.179923
v 0.346663 10.048991 3.322230
v -0.354914 10.048991 3.318591
v -1.040403 10.048991 3.169165
v -1.679845 10.048991 2.880483
v -2.245294 10.048991 2.465162
v -2.712036 10.048991 1.941354
v -3.059673 10.048991 1.331951
v -3.273011 10.048991 0.663588
v -3.342727 10.048991 -0.034525
v -3.265774 10.048991 -0.731878
v -3.045515 10.048991 -1.397993
v -2.691576 10.048991 -2.003757
v -2.219425 10.048991 -2.522696
v -1.606787 9.969861 -2.856919
v -0.980960 9.969861 -3.131675
v -0.311683 9.969861 -3.270309
v 0.371792 9.969861 -3.266764
v 1.039595 9.969861 -3.121193
v 1.662539 9.969861 -2.839960
v 2.213398 9.969861 -2.435355
v 2.668097 9.969861 -1.925062
v 3.006764 9.969861 -1.331382
v 3.214597 9.969861 -0.680263
v 3.282514 9.969861 -0.000161
v 3.207545 9.969861 0.679199
v 2.992969 9.969861 1.328127
v 2.648160 9.969861 1.918260
v 2.188190 9.969861 2.423810
v 1.633164 9.969861 2.822678
v 1.007336 9.969861 3.097433
v 0.338059 9.969861 3.236067
v -0.345416 9.969861 3.232522
v -1.013218 9.969861 3.086952
v -1.636161 9.969861 2.805719
v -2.187020 9.969861 2.401114
v -2.641719 9.969861 1.890821
v -2.980386 9.969861 1.297143
v -3.188220 9.969861 0.646025
v -3.256137 9.969861 -0.034076
v -3.181169 9.969861 -0.713436
v -2.966594 9.969861 -1.362364
v -2.621787 9.969861 -1.952498
v -2.161819 9.969861 -2.458047
v -1.649693 9.969861 -2.932133
v -1.007290 9.969861 -3.214167
v -0.320287 9.969861 -3.356471
v 0.381290 9.969861 -3.352833
v 1.066780 9.969861 -3.203406
v 1.706223 9.969861 -2.914725
v 2.271672 9.969861 -2.499404
v 2.738413 9.969861 -1.975595
v 3.086050 9.969861 -1.366191
v 3.299388 9.969861 -0.697827
v 3.369104 9.969861 0.000288
v 3.292150 9.969861 0.697641
v 3.071889 9.969861 1.363756
v 2.717949 9.969861 1.969521
v 2.245797 9.969861 2.488459
v 1.676070 9.969861 2.897891
v 1.033666 9.969861 3.179923
v 0.346663 9.969861 3.322230
v -0.354914 9.969861 3.318591
v -1.040403 9.969861 3.169165
v -1.679845 9.969861 2.880483
v -2.245294 9.969861 2.465162
v -2.712036 9.969861 1.941354
v -3.059673 9.969861 1.331951
v -3.273011 9.969861 0.663588
v -3.342727 9.969861 -0.034525
v -3.265774 9.969861 -0.731878
v -3.045515 9.969861 -1.397993
v -2.691576 9.969861 -2.003757
v -2.219425 9.969861 -2.522696
v -1.606787 0.064821 -2.856919
v -0.980960 0.064821 -3.131675
v -0.311683 0.064821 -3.270309
v 0.371792 0.064821 -3.266764
v 1.039595 0.064821 -3.121193
v 1.662539 0.064821 -2.839960
v 2.213398 0.064821 -2.435355
v 2.668097 0.064821 -1.925062
v 3.006764 0.064821 -1.331382
v 3.214597 0.064821 -0.680263
v 3.282514 0.064821 -0.000161
v 3.207545 0.064821 0.679199
v 2.992969 0.064821 1.328127
v 2.648160 0.064821 1.918260
v 2.188190 0.064821 2.423810
v 1.633164 0.064821 2.822678
v 1.007336 0.064821 3.097433
v 0.338059 0.064821 3.236067
v -0.345416 0.064821 3.232522
v -1.013218 0.064821 3.086952
v -1.636161 0.064821 2.805719
v -2.187020 0.064821 2.401114
v -2.641719 0.064821 1.890821
v -2.980386 0.064821 1.297143
v -3.188220 0.064821 0.646025
v -3.256137 0.064821 -0.034076
v -3.181169 0.064821 -0.713436
v -2.966594 0.064821 -1.362364
v -2.621787 0.064821 -1.952498
v -2.161819 0.064821 -2.458047
v -2.603244 10.902001 0.244165
v -2.603244 13.025483 0.244165
v -2.484053 13.025880 0.232262
v -2.484053 13.347864 0.232262
v -2.576554 13.347782 0.241500
v -2.576554 13.406170 0.241500
v -2.769467 13.464858 0.260765
v -2.769467 13.645482 0.260765
v -2.399375 13.645482 0.223806
v -2.399375 14.063202 0.223806
v -2.002769 14.063202 0.184200
v -2.002769 14.510540 0.184200
v -1.644235 14.510540 0.148395
v -1.644235 14.940587 0.148395
v -1.303867 14.940587 0.114405
v -1.303867 15.243246 0.114405
v -0.980428 15.243246 0.082105
v -0.980427 15.502870 0.082105
v -2.733619 10.873544 0.257185
v -2.733619 10.662881 0.257185
v -2.880539 10.649584 0.271857
v -2.880539 10.412475 0.271857
v -3.041158 10.405207 0.287897
v -3.041158 10.145010 0.287897
v -3.399756 10.147112 0.323708
v -3.399756 10.046887 0.323708
v -3.307869 10.048991 0.314532
v -3.307869 9.969861 0.314532
v -3.222178 9.969861 0.305974
v -3.222178 0.064821 0.305974
v -2.270767 10.902001 1.285773
v -2.270767 13.025483 1.285773
v -2.166723 13.025880 1.226421
v -2.166724 13.347864 1.226421
v -2.247469 13.347782 1.272483
v -2.247469 13.406170 1.272483
v -2.415869 13.464858 1.368547
v -2.415869 13.645482 1.368547
v -2.092805 13.645482 1.184254
v -2.092805 14.063202 1.184254
v -1.746596 14.063202 0.986758
v -1.746596 14.510540 0.986758
v -1.433622 14.510540 0.808220
v -1.433622 14.940587 0.808220
v -1.136506 14.940587 0.638728
v -1.136506 15.243246 0.638728
v -0.854166 15.243246 0.477666
v -0.854166 15.502870 0.477666
v -2.384576 10.873544 1.350696
v -2.384576 10.662881 1.350696
v -2.512826 10.649584 1.423857
v -2.512826 10.412475 1.423857
v -2.653036 10.405207 1.503840
v -2.653036 10.145010 1.503840
v -2.966065 10.147112 1.682410
v -2.966065 10.046887 1.682410
v -2.885854 10.048991 1.636653
v -2.885854 9.969861 1.636653
v -2.811053 9.969861 1.593982
v -2.811053 0.064821 1.593982
v -0.546839 10.902001 2.551995
v -0.546839 13.025483 2.551995
v -0.521327 13.025880 2.434960
v -0.521327 13.347864 2.434960
v -0.541126 13.347782 2.525788
v -0.541126 13.406170 2.525788
v -0.582418 13.464858 2.715213
v -0.582418 13.645482 2.715213
v -0.503202 13.645482 2.351814
v -0.503202 14.063202 2.351814
v -0.418312 14.063202 1.962380
v -0.418312 14.510540 1.962380
v -0.341570 14.510540 1.610329
v -0.341570 14.940587 1.610329
v -0.268717 14.940587 1.276117
v -0.268717 15.243246 1.276117
v -0.199487 15.243246 0.958526
v -0.199487 15.502870 0.958526
v -0.574745 10.873544 2.680013
v -0.574745 10.662881 2.680013
v -0.606192 10.649584 2.824276
v -0.606192 10.412475 2.824276
v -0.640571 10.405207 2.981991
v -0.640571 10.145010 2.981991
v -0.717326 10.147112 3.334103
v -0.717326 10.046887 3.334103
v -0.697658 10.048991 3.243878
v -0.697658 9.969861 3.243878
v -0.679317 9.969861 3.159737
v -0.679317 0.064821 3.159737
v 0.546532 10.902001 2.557667
v 0.546532 13.025483 2.557667
v 0.522236 13.025880 2.440374
v 0.522236 13.347864 2.440374
v 0.541091 13.347782 2.531402
v 0.541091 13.406170 2.531402
v 0.580415 13.464858 2.721245
v 0.580415 13.645482 2.721245
v 0.504974 13.645482 2.357043
v 0.504974 14.063202 2.357043
v 0.424128 14.063202 1.966750
v 0.424128 14.510540 1.966750
v 0.351043 14.510540 1.613922
v 0.351043 14.940587 1.613922
v 0.281661 14.940587 1.278972
v 0.281661 15.243246 1.278972
v 0.215730 15.243246 0.960680
v 0.215730 15.502870 0.960680
v 0.573108 10.873544 2.685967
v 0.573108 10.662881 2.685967
v 0.603057 10.649584 2.830548
v 0.603057 10.412475 2.830548
v 0.635798 10.405207 2.988611
v 0.635798 10.145010 2.988611
v 0.708896 10.147112 3.341502
v 0.708896 10.046887 3.341502
v 0.690165 10.048991 3.251077
v 0.690165 9.969861 3.251077
v 0.672697 9.969861 3.166750
v 0.672697 0.064821 3.166750
v 2.283505 10.902001 1.309397
v 2.283505 13.025483 1.309397
v 2.180082 13.025880 1.248968
v 2.180082 13.347864 1.248968
v 2.260345 13.347782 1.295865
v 2.260345 13.406170 1.295865
v 2.427739 13.464858 1.393672
v 2.427739 13.645482 1.393672
v 2.106606 13.645482 1.206037
v 2.106606 14.063202 1.206037
v 1.762464 14.063202 1.004960
v 1.762464 14.510540 1.004960
v 1.451359 14.510540 0.823185
v 1.451359 14.940587 0.823185
v 1.156016 14.940587 0.650620
v 1.156016 15.243246 0.650620
v 0.875363 15.243246 0.486638
v 0.875364 15.502870 0.486638
v 2.396634 10.873544 1.375497
v 2.396634 10.662881 1.375497
v 2.524118 10.649584 1.449985
v 2.524118 10.412475 1.449985
v 2.663490 10.405207 1.531418
v 2.663490 10.145010 1.531418
v 2.974651 10.147112 1.713225
v 2.974651 10.046887 1.713225
v 2.894918 10.048991 1.666638
v 2.894918 9.969861 1.666638
v 2.820564 9.969861 1.623194
v 2.820564 0.064821 1.623194
v 2.626770 10.902001 0.271293
v 2.626770 13.025483 0.271292
v 2.507709 13.025880 0.258154
v 2.507709 13.347864 0.258154
v 2.600109 13.347782 0.268351
v 2.600109 13.406170 0.268351
v 2.792812 13.464858 0.289616
v 2.792812 13.645482 0.289616
v 2.423123 13.645482 0.248820
v 2.423123 14.063202 0.248820
v 2.026949 14.063202 0.205102
v 2.026949 14.510540 0.205102
v 1.668805 14.510540 0.165580
v 1.668805 14.940587 0.165580
v 1.328808 14.940587 0.128061
v 1.328808 15.243246 0.128061
v 1.005721 15.243246 0.092407
v 1.005722 15.502870 0.092407
v 2.757003 10.873544 0.285664
v 2.757003 10.662881 0.285664
v 2.903762 10.649584 0.301860
v 2.903762 10.412475 0.301860
v 3.064207 10.405207 0.319565
v 3.064207 10.145010 0.319565
v 3.422414 10.147112 0.359093
v 3.422414 10.046887 0.359093
v 3.330627 10.048991 0.348965
v 3.330627 9.969861 0.348965
v 3.245030 9.969861 0.339519
v 3.245030 0.064821 0.339519
v 1.976349 10.902001 -1.766403
v 1.976349 13.025483 -1.766404
v 1.886917 13.025880 -1.686716
v 1.886917 13.347864 -1.686716
v 1.956322 13.347782 -1.748560
v 1.956322 13.406170 -1.748560
v 2.101069 13.464858 -1.877537
v 2.101069 13.645482 -1.877537
v 1.823381 13.645482 -1.630102
v 1.823381 14.063202 -1.630102
v 1.525800 14.063202 -1.364941
v 1.525800 14.510540 -1.364941
v 1.256785 14.510540 -1.125233
v 1.256785 14.940587 -1.125233
v 1.001400 14.940587 -0.897672
v 1.001400 15.243246 -0.897672
v 0.758717 15.243246 -0.681428
v 0.758718 15.502870 -0.681428
v 2.074172 10.873544 -1.853569
v 2.074172 10.662881 -1.853569
v 2.184408 10.649584 -1.951797
v 2.184408 10.412475 -1.951797
v 2.304924 10.405207 -2.059183
v 2.304924 10.145010 -2.059183
v 2.573987 10.147112 -2.298932
v 2.573987 10.046887 -2.298932
v 2.505043 10.048991 -2.237499
v 2.505043 9.969861 -2.237499
v 2.440747 9.969861 -2.180208
v 2.440747 0.064821 -2.180208
v 1.095127 10.902001 -2.413659
v 1.095127 13.025483 -2.413659
v 1.045840 13.025880 -2.304486
v 1.045839 13.347864 -2.304486
v 1.084090 13.347782 -2.389212
v 1.084090 13.406170 -2.389212
v 1.163863 13.464858 -2.565913
v 1.163863 13.645482 -2.565913
v 1.010824 13.645482 -2.226924
v 1.010824 14.063202 -2.226924
v 0.846821 14.063202 -1.863651
v 0.846821 14.510540 -1.863651
v 0.698561 14.510540 -1.535249
v 0.698561 14.940587 -1.535249
v 0.557813 14.940587 -1.223486
v 0.557813 15.243246 -1.223486
v 0.424065 15.243246 -0.927229
v 0.424066 15.502870 -0.927229
v 1.149039 10.873544 -2.533077
v 1.149039 10.662881 -2.533077
v 1.209793 10.649584 -2.667649
v 1.209793 10.412475 -2.667649
v 1.276212 10.405207 -2.814770
v 1.276212 10.145010 -2.814770
v 1.424498 10.147112 -3.143230
v 1.424498 10.046887 -3.143230
v 1.386501 10.048991 -3.059066
v 1.386501 9.969861 -3.059066
v 1.351066 9.969861 -2.980577
v 1.351066 0.064821 -2.980577
v -1.043829 10.902001 -2.424754
v -1.043829 13.025483 -2.424755
v -0.995677 13.025880 -2.315077
v -0.995677 13.347864 -2.315077
v -1.033046 13.347782 -2.400195
v -1.033046 13.406170 -2.400195
v -1.110982 13.464858 -2.577714
v -1.110982 13.645482 -2.577714
v -0.961467 13.645482 -2.237156
v -0.961467 14.063202 -2.237156
v -0.801242 14.063202 -1.872200
v -0.801242 14.510540 -1.872200
v -0.656397 14.510540 -1.542278
v -0.656397 14.940587 -1.542278
v -0.518891 14.940587 -1.229071
v -0.518891 15.243246 -1.229071
v -0.388224 15.243246 -0.931444
v -0.388224 15.502870 -0.931444
v -1.096499 10.873544 -2.544726
v -1.096499 10.662881 -2.544726
v -1.155854 10.649584 -2.679921
v -1.155854 10.412475 -2.679921
v -1.220743 10.405207 -2.827723
v -1.220743 10.145010 -2.827723
v -1.365613 10.147112 -3.157704
v -1.365613 10.046887 -3.157704
v -1.328492 10.048991 -3.073149
v -1.328492 9.969861 -3.073149
v -1.293873 9.969861 -2.994297
v -1.293873 0.064821 -2.994297
v -1.931721 10.902001 -1.786673
v -1.931721 13.025483 -1.786673
v -1.843122 13.025880 -1.706062
v -1.843122 13.347864 -1.706062
v -1.911882 13.347782 -1.768622
v -1.911882 13.406170 -1.768622
v -2.055283 13.464858 -1.899094
v -2.055283 13.645482 -1.899093
v -1.780177 13.645482 -1.648792
v -1.780177 14.063202 -1.648792
v -1.485362 14.063202 -1.380558
v -1.485363 14.510540 -1.380558
v -1.218848 14.510540 -1.138073
v -1.218848 14.940587 -1.138073
v -0.965837 14.940587 -0.907874
v -0.965837 15.243246 -0.907874
v -0.725411 15.243246 -0.689125
v -0.725410 15.502870 -0.689125
v -2.028636 10.873544 -1.874849
v -2.028636 10.662881 -1.874849
v -2.137847 10.649584 -1.974214
v -2.137847 10.412475 -1.974214
v -2.257243 10.405207 -2.082845
v -2.257243 10.145010 -2.082845
v -2.523804 10.147112 -2.325372
v -2.523804 10.046887 -2.325372
v -2.455501 10.048991 -2.263227
v -2.455501 9.969861 -2.263227
v -2.391803 9.969861 -2.205272
v -2.391803 0.064821 -2.205272
v -0.696485 10.044428 -2.240447
v 0.745889 10.047041 -2.232965
v 1.908397 10.042116 -1.379105
v 2.346998 10.043454 -0.005014
v 1.894165 10.052561 1.364453
v 0.722861 10.048628 2.206206
v -0.719513 10.044546 2.198723
v -1.882019 10.045327 1.344865
v -2.320621 10.047947 -0.029225
v -1.867790 10.042180 -1.398691
v -0.696485 12.745931 -2.240447
v 0.745889 12.745931 -2.232965
v 1.908396 12.745931 -1.379105
v 2.346998 12.745931 -0.005014
v 1.894164 12.745931 1.364453
v 0.722861 12.745931 2.206206
v -0.719513 12.745931 2.198723
v -1.882019 12.745931 1.344865
v -2.320621 12.745931 -0.029225
v -1.867790 12.745931 -1.398691
v -2.296380 10.047947 0.213521
v -2.296380 12.745931 0.213521
v -2.002898 10.045327 1.132966
v -2.002898 12.745931 1.132966
v -0.481157 10.044546 2.250681
v -0.481157 12.745931 2.250681
v 0.483980 10.048628 2.255689
v 0.483980 12.745931 2.255689
v 2.017235 10.052561 1.153819
v 2.017235 12.745931 1.153819
v 2.320240 10.043454 0.237467
v 2.320240 12.745931 0.237467
v 1.746103 10.042116 -1.561242
v 1.746103 12.745931 -1.561242
v 0.968234 10.047041 -2.132585
v 0.968233 12.745931 -2.132585
v -0.919859 10.044428 -2.142380
v -0.919859 12.745931 -2.142380
v -1.703616 10.042180 -1.579134
v -1.703616 12.745931 -1.579134
v 1.474347 10.047035 -3.253646
v 1.167152 10.047035 -3.392332
v 0.948766 12.745465 -2.753576
v 1.197824 12.745465 -2.641137
v -3.072247 10.045322 1.742982
v -2.905187 10.045322 2.035835
v -2.352157 12.745465 1.646801
v -2.487559 12.745465 1.409444
v 3.545112 10.043449 0.372633
v 3.582105 10.043449 0.037402
v 2.904821 12.745465 0.027055
v 2.874848 12.745465 0.298669
v -2.615715 10.042175 -2.408995
v -2.842739 10.042175 -2.159474
v -2.300229 12.745465 -1.752515
v -2.116331 12.745465 -1.954638
v 0.733263 10.048623 3.459136
v 1.063211 10.048623 3.390790
v 0.864739 12.745465 2.746637
v 0.597156 12.745465 2.802064
v -3.553213 10.047941 0.000362
v -3.519727 10.047941 0.335688
v -2.851593 12.745465 0.268966
v -2.878748 12.745465 -0.002944
v -1.072933 10.044541 3.382212
v -0.743469 10.044541 3.454031
v -0.599997 12.745465 2.795854
v -0.866990 12.745465 2.737653
v 2.906333 10.052556 2.063284
v 3.076200 10.052556 1.772557
v 2.499002 12.745465 1.435309
v 2.361145 12.745465 1.671249
v 2.891216 10.042111 -2.129759
v 2.666790 10.042111 -2.381625
v 2.162690 12.745465 -1.932444
v 2.344482 12.745465 -1.728425
v -1.106223 10.044423 -3.405718
v -1.414985 10.044423 -3.270163
v -1.144160 12.745465 -2.653286
v -0.893949 12.745465 -2.763135
v -1.867790 11.034984 -1.398691
v -1.703616 11.034984 -1.579134
v -2.332033 11.034984 -1.776372
v -2.145607 11.034984 -1.981273
v -2.320621 11.034984 -0.029225
v -2.296380 11.034984 0.213521
v -2.890977 11.034984 0.272899
v -2.918504 11.034984 -0.002749
v -1.882019 11.034984 1.344865
v -2.002898 11.034984 1.132966
v -2.384674 11.034984 1.669676
v -2.521938 11.034984 1.429056
v -0.719513 11.034984 2.198723
v -0.481157 11.034984 2.250681
v -0.608427 11.034984 2.834525
v -0.879090 11.034984 2.775524
v 0.722861 11.034984 2.206206
v 0.483980 11.034984 2.255689
v 0.876446 11.034984 2.784632
v 0.605184 11.034984 2.840822
v 1.894164 11.034984 1.364453
v 2.017235 11.034984 1.153819
v 2.533175 11.034984 1.455276
v 2.393423 11.034984 1.694460
v 2.346998 11.034984 -0.005014
v 2.320240 11.034984 0.237467
v 2.944574 11.034984 0.027662
v 2.914189 11.034984 0.303010
v 1.908396 11.034984 -1.379105
v 1.746103 11.034984 -1.561242
v 2.192240 11.034984 -1.958775
v 2.376532 11.034984 -1.751951
v 0.745889 11.034984 -2.232965
v 0.968233 11.034984 -2.132585
v 0.961628 11.034984 -2.791196
v 1.214110 11.034984 -2.677210
v -0.696485 11.034984 -2.240447
v -0.919859 11.034984 -2.142380
v -1.160070 11.034984 -2.689527
v -0.906419 11.034984 -2.800886
v 0.917212 3.796457 -2.017443
v 0.694868 3.796457 -2.117822
v 2.144762 3.790353 0.219339
v 2.171520 3.790353 -0.023142
v 0.460312 3.797803 2.145308
v 0.699193 3.797803 2.095825
v -1.861294 3.792100 1.050878
v -1.740415 3.792100 1.262777
v -1.582210 3.792192 -1.470206
v -1.746384 3.792192 -1.289763
v -2.163006 3.792702 -0.043859
v -2.138765 3.792702 0.198887
v -0.698310 3.799883 2.104606
v -0.459955 3.799883 2.156564
v 1.765163 3.793625 1.287872
v 1.888233 3.793625 1.077238
v 1.814248 3.796560 -1.296380
v 1.651954 3.796560 -1.478517
v -0.639613 3.794116 -2.108413
v -0.862987 3.794116 -2.010346
v 1.173457 3.796457 -3.444861
v 1.495912 3.796457 -3.299285
v -2.907614 3.792100 2.055067
v -3.082919 3.792100 1.747760
v 3.581500 3.790353 0.021945
v 3.542694 3.790353 0.373603
v -2.860582 3.792192 -2.155003
v -2.622488 3.792192 -2.416691
v 1.092021 3.797803 3.450727
v 0.745583 3.797803 3.522490
v -3.538222 3.792702 0.338640
v -3.573377 3.792702 -0.013401
v -0.759498 3.799883 3.530713
v -1.105173 3.799883 3.455361
v 3.102563 3.793625 1.786754
v 2.924080 3.793625 2.092227
v 2.701994 3.796560 -2.414160
v 2.937361 3.796560 -2.150017
v -1.428355 3.794116 -3.298124
v -1.104408 3.794116 -3.440345
v 1.157184 0.000996 -2.551119
v 0.890850 0.000996 -2.671358
v 2.776678 0.000996 0.287835
v 2.808730 0.000996 -0.002618
v 0.577123 0.000996 2.705351
v 0.863267 0.000996 2.646080
v -2.401770 0.000996 1.360505
v -2.256975 0.000996 1.614327
v -2.043277 0.000996 -1.888170
v -2.239932 0.000996 -1.672028
v -2.782353 0.000996 -0.031620
v -2.753316 0.000996 0.259152
v -0.864474 0.000996 2.637116
v -0.578961 0.000996 2.699354
v 2.266306 0.000996 1.637789
v 2.413725 0.000996 1.385483
v 2.283354 0.000996 -1.648567
v 2.088950 0.000996 -1.866738
v -0.836890 0.000996 -2.680320
v -1.104457 0.000996 -2.562851
v 1.464125 0.000996 -4.260942
v 1.850377 0.000996 -4.086568
v -3.655098 0.000996 2.563366
v -3.865086 0.000996 2.195261
v 4.497666 0.000996 0.051388
v 4.451182 0.000996 0.472620
v -3.574567 0.000996 -2.708451
v -3.289369 0.000996 -3.021912
v 1.333812 0.000996 4.269043
v 0.918833 0.000996 4.355002
v -4.429648 0.000996 0.426555
v -4.471761 0.000996 0.004864
v -0.937768 0.000996 4.345371
v -1.351833 0.000996 4.255110
v 3.868303 0.000996 2.235373
v 3.654509 0.000996 2.601282
v 3.346735 0.000996 -2.987494
v 3.628668 0.000996 -2.671091
v -1.781681 0.000996 -4.105409
v -1.393642 0.000996 -4.275767
v -0.919859 12.352883 -2.142380
v -0.842068 12.360394 -2.606085
v -0.696485 12.352883 -2.240447
v -1.077969 12.360394 -2.502519
v -1.703616 12.352883 -1.579134
v -1.994539 12.360394 -1.843827
v -1.867790 12.352883 -1.398691
v -2.167921 12.360394 -1.653264
v 0.745889 12.352883 -2.232965
v 0.968233 12.352883 -2.132585
v 1.130072 12.360394 -2.491064
v 0.895258 12.360394 -2.597072
v 1.746103 12.352883 -1.561242
v 2.211151 12.360398 -1.630552
v 1.908396 12.352883 -1.379105
v 2.039756 12.360398 -1.822903
v 2.320240 12.352883 0.237467
v 2.711184 12.360394 0.280608
v 2.346998 12.352883 -0.005014
v 2.739443 12.360394 0.024529
v 2.017235 12.352883 1.153819
v 2.226861 12.360394 1.574688
v 1.894164 12.352883 1.364453
v 2.356833 12.360394 1.352241
v 0.483980 12.352883 2.255689
v 0.563758 12.360394 2.640830
v 0.722861 12.352883 2.206206
v 0.816037 12.360394 2.588572
v -0.481157 12.352883 2.250681
v -0.816651 12.360394 2.580102
v -0.719513 12.352883 2.198723
v -0.564927 12.360394 2.634974
v -2.002898 12.352883 1.132966
v -2.344537 12.360394 1.327856
v -1.882019 12.352883 1.344865
v -2.216878 12.360394 1.551638
v -2.296380 12.352883 0.213521
v -2.713352 12.360394 -0.003755
v -2.320621 12.352883 -0.029225
v -2.687751 12.360394 0.252604
v 2.320240 12.432769 0.237467
v 2.752410 12.432311 0.285157
v 2.346998 12.432769 -0.005014
v 2.781100 12.432311 0.025165
v 1.746103 12.432661 -1.561242
v 2.244736 12.432213 -1.655205
v 1.908396 12.432661 -1.379105
v 2.070721 12.432213 -1.850495
v 2.017235 12.432661 1.153819
v 2.260685 12.432213 1.599011
v 1.894164 12.432661 1.364453
v 2.392644 12.432213 1.373165
v 0.483980 12.432661 2.255689
v 0.572171 12.432213 2.681443
v 0.722861 12.432661 2.206206
v 0.828304 12.432213 2.628387
v 0.745889 12.432661 -2.232965
v 0.968233 12.432661 -2.132585
v 1.147138 12.432213 -2.528865
v 0.908736 12.432213 -2.636494
v -0.919859 12.432661 -2.142380
v -0.855136 12.432213 -2.645644
v -0.696485 12.432661 -2.240447
v -1.094642 12.432213 -2.540495
v -1.703616 12.432661 -1.579134
v -2.025217 12.432213 -1.871739
v -1.867790 12.432661 -1.398691
v -2.201248 12.432213 -1.678264
v -2.296380 12.432661 0.213521
v -2.755013 12.432213 -0.003551
v -2.320621 12.432661 -0.029225
v -2.729021 12.432213 0.256726
v -2.002898 12.432661 1.132966
v -2.380561 12.432213 1.348407
v -1.882019 12.432661 1.344865
v -2.250953 12.432213 1.575609
v -0.481157 12.432661 2.250681
v -0.829330 12.432213 2.619788
v -0.719513 12.432661 2.198723
v -0.573761 12.432213 2.675498
v 0.968233 12.872429 -2.132585
v 0.745889 12.872429 -2.232965
v 2.320240 12.872429 0.237467
v 2.346998 12.872429 -0.005014
v 0.483979 12.872429 2.255689
v 0.722861 12.872429 2.206206
v -2.002898 12.872429 1.132966
v -1.882019 12.872429 1.344865
v -1.703616 12.872429 -1.579134
v -1.867790 12.872429 -1.398691
v -2.320621 12.872429 -0.029225
v -2.296380 12.872429 0.213521
v -0.719513 12.872429 2.198723
v -0.481157 12.872429 2.250681
v 1.894164 12.872429 1.364453
v 2.017234 12.872429 1.153819
v 1.908396 12.872429 -1.379105
v 1.746103 12.872429 -1.561242
v -0.696485 12.872429 -2.240447
v -0.919859 12.872429 -2.142380
v 1.197824 12.877619 -2.641137
v 0.948766 12.877619 -2.753576
v -2.487559 12.877619 1.409444
v -2.352157 12.877619 1.646801
v 2.874848 12.877619 0.298669
v 2.904821 12.877619 0.027055
v -2.116331 12.877619 -1.954638
v -2.300229 12.877619 -1.752515
v 0.597156 12.877619 2.802064
v 0.864739 12.877619 2.746637
v -2.878748 12.877619 -0.002944
v -2.851593 12.877619 0.268966
v -0.866990 12.877619 2.737653
v -0.599997 12.877619 2.795854
v 2.361145 12.877619 1.671250
v 2.499002 12.877619 1.435309
v 2.344482 12.877623 -1.728425
v 2.162690 12.877623 -1.932444
v -0.893949 12.877619 -2.763135
v -1.144160 12.877619 -2.653286
v 0.970759 13.030206 -2.138182
v 0.717234 13.030206 -2.252639
v 2.322463 13.030206 0.237712
v 2.352974 13.030206 -0.038774
v 0.484531 13.030206 2.258349
v 0.756914 13.030206 2.201927
v -2.004484 13.030206 1.133871
v -1.866653 13.030206 1.375486
v -1.705158 13.030206 -1.580536
v -1.892356 13.030206 -1.374788
v -2.320819 13.030206 -0.063587
v -2.293178 13.030206 0.213201
v -0.753373 13.030206 2.193423
v -0.481590 13.030206 2.252667
v 1.878626 13.030206 1.394998
v 2.018955 13.030206 1.154825
v 1.933222 13.030206 -1.355402
v 1.748168 13.030206 -1.563082
v -0.665280 13.030206 -2.254474
v -0.919979 13.030206 -2.142654
v 1.234137 13.032900 -2.721572
v 0.977445 13.032900 -2.837459
v -2.564217 13.032900 1.453174
v -2.424664 13.032900 1.697807
v 2.962569 13.032900 0.308349
v 2.993461 13.032900 0.028409
v -2.181609 13.032900 -2.014030
v -2.371145 13.032900 -1.805712
v 0.615057 13.032900 2.888483
v 0.890842 13.032900 2.831357
v -2.967396 13.032900 -0.002510
v -2.939410 13.032900 0.277736
v -0.893971 13.032900 2.822098
v -0.618793 13.032900 2.882082
v 2.433119 13.032900 1.723005
v 2.575201 13.032900 1.479831
v 2.415946 13.032900 -1.780883
v 2.228580 13.032900 -1.991157
v -0.921756 13.032900 -2.847311
v -1.179637 13.032900 -2.734095
v 2.017236 12.680723 1.153820
v 2.261119 12.679379 1.599323
v 1.894165 12.680723 1.364453
v 2.393104 12.679379 1.373434
v 2.320241 12.680773 0.237467
v 2.752939 12.679426 0.285216
v 2.346999 12.680773 -0.005013
v 2.781634 12.679426 0.025173
v 1.746103 12.680723 -1.561242
v 2.245167 12.679379 -1.655522
v 1.908397 12.680723 -1.379105
v 2.071119 12.679379 -1.850850
v 0.745890 12.680723 -2.232964
v 0.968234 12.680723 -2.132584
v 1.147357 12.679379 -2.529351
v 0.908909 12.679379 -2.637000
v -0.919858 12.680723 -2.142379
v -0.855304 12.679379 -2.646152
v -0.696484 12.680723 -2.240446
v -1.094856 12.679379 -2.540982
v -1.703615 12.680723 -1.579133
v -2.025611 12.679379 -1.872097
v -1.867790 12.680723 -1.398691
v -2.201675 12.679379 -1.678585
v -2.296379 12.680723 0.213521
v -2.755548 12.679379 -0.003548
v -2.320620 12.680723 -0.029224
v -2.729551 12.679379 0.256779
v -2.002897 12.680723 1.132967
v -2.381024 12.679379 1.348671
v -1.882018 12.680723 1.344866
v -2.251390 12.679379 1.575917
v -0.481156 12.680723 2.250682
v -0.829493 12.679379 2.620296
v -0.719512 12.680723 2.198724
v -0.573874 12.679379 2.676019
v 0.483980 12.680723 2.255689
v 0.572279 12.679379 2.681964
v 0.722862 12.680723 2.206207
v 0.828462 12.679379 2.628898
v 0.970759 13.170037 -2.138182
v 0.717234 13.170037 -2.252639
v 2.322463 13.170037 0.237712
v 2.352974 13.170037 -0.038774
v 0.484531 13.170037 2.258349
v 0.756913 13.170037 2.201928
v -2.004484 13.170037 1.133871
v -1.866653 13.170037 1.375486
v -1.705158 13.170037 -1.580536
v -1.892356 13.170037 -1.374788
v -2.320819 13.170037 -0.063587
v -2.293178 13.170037 0.213201
v -0.753373 13.170037 2.193423
v -0.481590 13.170037 2.252667
v 1.878625 13.170037 1.394998
v 2.018955 13.170037 1.154825
v 1.933222 13.170037 -1.355402
v 1.748168 13.170037 -1.563082
v -0.665280 13.170037 -2.254474
v -0.919979 13.170037 -2.142654
v 1.234137 13.176627 -2.721572
v 0.977445 13.176627 -2.837459
v -2.564217 13.176627 1.453174
v -2.424664 13.176627 1.697807
v 2.962569 13.176627 0.308349
v 2.993461 13.176627 0.028409
v -2.181610 13.176627 -2.014030
v -2.371145 13.176627 -1.805712
v 0.615057 13.176627 2.888483
v 0.890842 13.176627 2.831357
v -2.967396 13.176627 -0.002510
v -2.939410 13.176627 0.277736
v -0.893971 13.176627 2.822098
v -0.618793 13.176627 2.882082
v 2.433119 13.176627 1.723005
v 2.575201 13.176627 1.479831
v 2.415946 13.176640 -1.780883
v 2.228580 13.176640 -1.991157
v -0.921756 13.176627 -2.847311
v -1.179637 13.176627 -2.734095
v 0.683575 13.496425 3.338581
v -0.703265 13.496427 3.327332
v 0.488353 13.487712 3.675476
v -0.506222 13.487716 3.666666
v 0.294268 13.484815 3.926847
v -0.311938 13.484818 3.921185
v 0.082027 13.489330 4.092516
v -0.088263 13.489332 4.092856
v 0.519033 13.240647 3.323710
v -0.504050 13.239055 3.315596
v 0.428330 13.288719 3.562673
v -0.413350 13.287415 3.555994
v 0.259468 13.347400 3.832702
v -0.245483 13.346564 3.828427
v 0.049003 13.377172 3.985003
v -0.034580 13.377294 3.985591
v 0.736785 13.247355 3.358031
v -0.721803 13.245090 3.346465
v 0.537200 13.322201 3.696167
v -0.524235 13.320484 3.687347
v 0.339567 13.374742 3.950048
v -0.326805 13.373646 3.944407
v 0.095664 13.404685 4.125712
v -0.101262 13.404762 4.126120
v 0.717234 13.499894 -2.252639
v 2.352974 13.499894 -0.038774
v 0.756913 13.499894 2.201928
v -1.866653 13.499894 1.375486
v -1.892356 13.499894 -1.374788
v -2.320819 13.499894 -0.063587
v -0.753373 13.499894 2.193423
v 1.878625 13.499894 1.394998
v 1.933222 13.499894 -1.355402
v -0.665280 13.499894 -2.254474
v 1.017042 13.506474 -2.809171
v -2.437911 13.506480 1.658085
v 2.979803 13.506462 0.070995
v -2.330772 13.506456 -1.836779
v 0.849844 13.506473 2.831604
v -2.955409 13.506465 0.037563
v -0.853073 13.506473 2.823195
v 2.448275 13.506481 1.681107
v 2.377025 13.506481 -1.810131
v -0.963757 13.506481 -2.818215
v -1.351020 13.498935 -3.105072
v -2.504324 13.498911 -2.314651
v -1.729267 13.487315 -3.256744
v -2.530929 13.487305 -2.705438
v -2.025196 13.485529 -3.359881
v -2.518429 13.485527 -3.019324
v -2.292552 13.489386 -3.375808
v -2.427558 13.489385 -3.284981
v -1.479227 13.238121 -3.007750
v -2.338450 13.236509 -2.416390
v -1.711045 13.288737 -3.140859
v -2.404245 13.287436 -2.663759
v -2.002143 13.347400 -3.269928
v -2.417961 13.346564 -2.983414
v -2.261805 13.377172 -3.278124
v -2.331361 13.377294 -3.231770
v -1.314973 13.244972 -3.161136
v -2.539948 13.242673 -2.318047
v -1.698000 13.322651 -3.310844
v -2.567450 13.320930 -2.711960
v -1.998158 13.374082 -3.414325
v -2.553539 13.372964 -3.031646
v -2.303038 13.404685 -3.420120
v -2.466365 13.404772 -3.310101
v 2.549019 13.495409 -2.321947
v 1.449097 13.495415 -3.124297
v 2.592907 13.486787 -2.707831
v 1.808948 13.486792 -3.278956
v 2.584723 13.483361 -3.026294
v 2.118264 13.483367 -3.365569
v 2.520595 13.489390 -3.277840
v 2.389861 13.489394 -3.375157
v 2.416946 13.241709 -2.405968
v 1.597442 13.240134 -3.004296
v 2.489865 13.288737 -2.649326
v 1.810205 13.287436 -3.145547
v 2.515304 13.347400 -2.966743
v 2.107309 13.346564 -3.264289
v 2.437092 13.377172 -3.214481
v 2.370330 13.377294 -3.264773
v 2.610637 13.248364 -2.304576
v 1.442287 13.246120 -3.157599
v 2.651881 13.323160 -2.695261
v 1.804305 13.321457 -3.313592
v 2.642149 13.376221 -3.018690
v 2.118282 13.375153 -3.400740
v 2.559724 13.404685 -3.298683
v 2.401846 13.404762 -3.416388
v 2.901165 13.498371 1.690207
v 3.378017 13.498363 0.370177
v 3.288896 13.487470 1.612185
v 3.622906 13.487467 0.684162
v 3.594319 13.483334 1.510743
v 3.791578 13.483332 0.961574
v 3.820195 13.489355 1.376945
v 3.877633 13.489355 1.222453
v 2.946674 13.238688 1.531112
v 3.299378 13.237072 0.554158
v 3.205215 13.288745 1.521499
v 3.490951 13.287436 0.730028
v 3.517021 13.347400 1.456950
v 3.688240 13.346564 0.981895
v 3.732893 13.377172 1.312416
v 3.762450 13.377294 1.234230
v 2.902638 13.245500 1.750530
v 3.405481 13.243196 0.357706
v 3.293185 13.322465 1.668406
v 3.652089 13.320744 0.673098
v 3.602475 13.376232 1.564073
v 3.822271 13.375162 0.954238
v 3.848494 13.404685 1.405466
v 3.917213 13.404762 1.220919
v -3.371034 13.497299 0.329619
v -2.924450 13.497312 1.652280
v -3.627399 13.487073 0.628461
v -3.312305 13.487080 1.561742
v -3.807985 13.485278 0.884896
v -3.612684 13.485284 1.462890
v -3.898322 13.489338 1.140290
v -3.845655 13.489343 1.301734
v -3.305721 13.239757 0.482004
v -2.977115 13.238158 1.458334
v -3.503540 13.288687 0.645956
v -3.234979 13.287385 1.443866
v -3.707512 13.347400 0.890613
v -3.546175 13.346564 1.369115
v -3.786685 13.377172 1.138045
v -3.761210 13.377294 1.217654
v -3.406848 13.246510 0.284424
v -2.938360 13.244236 1.676358
v -3.662940 13.322847 0.588143
v -3.326598 13.321135 1.586205
v -3.844862 13.374287 0.848351
v -3.630175 13.373181 1.485082
v -3.934112 13.404685 1.140038
v -3.873163 13.404772 1.327295
v -1.128608 13.508705 -2.977249
v -1.090924 13.204926 -3.023259
v -1.310560 13.201357 -2.884546
v -2.442373 13.508675 -2.054445
v -2.278933 13.200521 -2.202216
v -2.482387 13.203720 -2.042661
v -3.197315 13.205666 0.108978
v -3.130109 13.202146 0.357698
v -3.170381 13.507905 0.151443
v -2.763764 13.201310 1.477746
v -2.670951 13.204478 1.718571
v -2.667329 13.507923 1.685733
v -0.811299 13.507463 3.071910
v -0.841028 13.204914 3.083813
v -0.584434 13.201777 3.098970
v 0.799762 13.507464 3.081725
v 0.590410 13.202602 3.106525
v 0.847320 13.206093 3.094654
v 2.660635 13.508443 1.715379
v 2.656730 13.205172 1.768370
v 2.753587 13.201618 1.527635
v 3.186382 13.508428 0.188233
v 3.138724 13.200786 0.409579
v 3.210017 13.203975 0.161662
v 2.486983 13.506910 -2.043365
v 2.539931 13.206648 -2.022897
v 2.341612 13.203188 -2.185102
v 1.204119 13.506912 -2.983025
v 1.397554 13.202370 -2.876637
v 1.183211 13.205482 -3.016737
v -2.182690 13.481359 -3.384703
v -2.148523 13.357267 -3.295924
v -2.172642 13.385435 -3.435377
v -2.481985 13.481359 -3.178851
v -2.391209 13.356906 -3.129491
v -2.521289 13.384941 -3.196406
v -3.878291 13.480771 1.031435
v -3.774980 13.356742 1.025701
v -3.915437 13.384932 1.011397
v -3.759291 13.480778 1.385702
v -3.681574 13.356385 1.304757
v -3.781457 13.384435 1.412011
v -0.194113 13.481108 4.035462
v -0.141071 13.356712 3.935478
v -0.210594 13.384766 4.063795
v 0.180212 13.481103 4.038176
v 0.153197 13.357071 3.937321
v 0.211888 13.385251 4.066335
v 3.725623 13.483232 1.446840
v 3.641103 13.359184 1.390110
v 3.741631 13.387350 1.490196
v 3.850771 13.483232 1.100634
v 3.741490 13.358823 1.113489
v 3.885889 13.386868 1.093005
v 2.563666 13.481939 -3.172800
v 2.489358 13.357848 -3.108902
v 2.614097 13.386019 -3.176976
v 2.270112 13.481945 -3.387275
v 2.251979 13.357489 -3.282821
v 2.273225 13.385527 -3.426854
v 2.465948 13.489414 -3.336505
v 2.411987 13.377222 -3.248713
v 2.493396 13.404722 -3.369884
v -2.318471 13.489068 -3.255584
v -2.370482 13.489406 -3.341151
v -2.302521 13.377234 -3.261382
v -2.397064 13.404722 -3.378303
v -3.886898 13.489357 1.223554
v -3.779672 13.377234 1.181364
v -3.920807 13.404722 1.236982
v -0.003076 13.489347 4.106917
v 0.007211 13.377234 3.994973
v -0.002799 13.404722 4.142373
v 3.860619 13.489373 1.305974
v 3.753336 13.377234 1.275112
v 3.896953 13.404722 1.320385
v 1.193376 10.047035 -3.380493
v 0.970027 12.745465 -2.743977
v 2.872058 10.042111 -2.151259
v 2.328964 12.745465 -1.745841
v 2.360800 11.034984 -1.769606
v 0.983181 11.034984 -2.781465
v 1.200983 3.796457 -3.432434
v 2.917268 3.796560 -2.172565
v 0.913586 0.000996 -2.661094
v 2.266758 0.000996 -1.667192
v 1.497098 0.000996 -4.246057
v 3.604600 0.000996 -2.698101
v 0.915303 12.360394 -2.588023
v 2.196520 12.360398 -1.646972
v 2.229881 12.432213 -1.671876
v 0.929088 12.432213 -2.627306
v 0.970027 12.877619 -2.743977
v 2.328964 12.877623 -1.745841
v 0.999357 13.032900 -2.827566
v 2.399951 13.032900 -1.798833
v 2.230309 12.679379 -1.672196
v 0.929265 12.679379 -2.627810
v 0.999357 13.176627 -2.827566
v 2.399951 13.176640 -1.798833
v 1.455532 13.245607 -3.144512
v 2.594102 13.247793 -2.313231
v 2.638051 13.320221 -2.691339
v 2.631321 13.373762 -3.014256
v 2.549256 13.402329 -3.291495
v 2.399156 13.402420 -3.403445
v 2.117346 13.372712 -3.389091
v 1.804809 13.318548 -3.299247
v 2.523001 13.206354 -2.036744
v 1.201509 13.205215 -3.004777
v 2.603448 13.383620 -3.171165
v 2.271411 13.383133 -3.414558
v 2.486447 13.402380 -3.359540
v 1.447648 10.047035 -3.265699
v 2.178489 12.745465 -1.914713
v 1.192166 11.034984 -2.687117
v 1.467887 3.796457 -3.311937
v 2.105846 0.000996 -1.847777
v 1.816807 0.000996 -4.101722
v 1.109664 12.360394 -2.500277
v 1.126418 12.432213 -2.538220
v 2.178489 12.877623 -1.914713
v 2.244864 13.032900 -1.972882
v 1.126633 12.679379 -2.538707
v 2.244864 13.176640 -1.972882
v 1.378926 13.202633 -2.888813
v 2.500199 13.360302 -3.114817
v 2.419063 13.379613 -3.259244
v 1.176178 12.745465 -2.650909
v 2.686295 10.042111 -2.359735
v 2.208257 11.034984 -1.940800
v 2.722450 3.796560 -2.391203
v 1.134037 0.000996 -2.561569
v 3.371238 0.000996 -2.959995
v 2.054652 12.360398 -1.806185
v 2.085845 12.432213 -1.833522
v 1.176178 12.877619 -2.650909
v 1.211828 13.032900 -2.731644
v 2.086245 12.679379 -1.833873
v 1.211828 13.176627 -2.731644
v 1.583957 13.240647 -3.017620
v 2.433780 13.242281 -2.397156
v 2.503946 13.291728 -2.653319
v 2.526328 13.349898 -2.971257
v 2.447750 13.379566 -3.221799
v 2.373069 13.379673 -3.277950
v 2.108262 13.349042 -3.276147
v 1.809693 13.290387 -3.160152
v 2.358848 13.203486 -2.171005
v 2.253826 13.359929 -3.295339
v 2.415946 13.472718 -1.780883
v 1.933222 13.466127 -1.355402
v 0.977444 13.472718 -2.837459
v 0.717234 13.466127 -2.252639
v 2.597592 13.469986 -2.313076
v 2.641803 13.469870 -2.704664
v 2.633318 13.472191 -3.029120
v 2.561229 13.480437 -3.303439
v 2.403354 13.480444 -3.421148
v 2.109428 13.472086 -3.411137
v 1.794188 13.469692 -3.322944
v 1.429192 13.469750 -3.166031
v 2.533142 13.476082 -2.027321
v 1.176396 13.475965 -3.021125
v 2.610434 13.471883 -3.184569
v 2.269551 13.471822 -3.434432
v 2.494903 13.480437 -3.374642
v -2.817395 10.042175 -2.187328
v -2.279701 12.745465 -1.775079
v -1.140691 10.044423 -3.390585
v -0.921880 12.745465 -2.750872
v -2.311222 11.034984 -1.799246
v -0.934735 11.034984 -2.788455
v -2.834002 3.792192 -2.184216
v -1.140571 3.794116 -3.424468
v -2.217979 0.000996 -1.696156
v -0.866759 0.000996 -2.667207
v -3.542730 0.000996 -2.743443
v -1.436960 0.000996 -4.256749
v -0.868402 12.360394 -2.594524
v -2.148565 12.360394 -1.674537
v -0.881873 12.432213 -2.633906
v -2.181597 12.432213 -1.699862
v -2.279701 12.877619 -1.775079
v -0.921881 12.877619 -2.750872
v -2.349987 13.032900 -1.828967
v -0.950544 13.032900 -2.834672
v -0.882046 12.679379 -2.634412
v -2.182022 12.679379 -1.700187
v -2.349987 13.176627 -1.828967
v -0.950544 13.176627 -2.834672
v -2.517455 13.241980 -2.329025
v -1.333309 13.244205 -3.144013
v -1.699456 13.318861 -3.291868
v -1.998603 13.371107 -3.398205
v -2.298435 13.401610 -3.404269
v -2.451293 13.401699 -3.301356
v -2.538404 13.370020 -3.026262
v -2.549231 13.317185 -2.706579
v -1.115443 13.204530 -3.007774
v -2.459675 13.203359 -2.060473
v -2.169950 13.382286 -3.419811
v -2.506768 13.381810 -3.188937
v -2.386510 13.401660 -3.365251
v -2.640810 10.042175 -2.381413
v -1.116501 12.745465 -2.665429
v -2.166215 11.034984 -1.958623
v -2.648808 3.792192 -2.387763
v -1.074879 0.000996 -2.575837
v -3.320896 0.000996 -2.987261
v -2.013705 12.360394 -1.822761
v -2.044677 12.432213 -1.850352
v -1.116501 12.877619 -2.665429
v -1.151130 13.032900 -2.746610
v -2.045074 12.679379 -1.850706
v -1.151130 13.176627 -2.746610
v -2.301424 13.200871 -2.184579
v -2.151188 13.360386 -3.311340
v -2.312972 13.380266 -3.274307
v -2.136660 12.745465 -1.932294
v -1.380854 10.044423 -3.285148
v -1.132031 11.034984 -2.701837
v -1.392545 3.794116 -3.313845
v -2.065016 0.000996 -1.864277
v -1.738785 0.000996 -4.124241
v -1.051891 12.360394 -2.513967
v -1.068166 12.432213 -2.552119
v -2.136660 12.877619 -1.932294
v -2.202561 13.032900 -1.991002
v -1.068375 12.679379 -2.552608
v -2.202561 13.176627 -1.991002
v -2.360724 13.237188 -2.405519
v -1.461070 13.238879 -3.024706
v -1.709603 13.292486 -3.159650
v -2.001703 13.350346 -3.285890
v -2.266364 13.380217 -3.293821
v -2.346285 13.380322 -3.240429
v -2.432948 13.349483 -2.988746
v -2.422287 13.291138 -2.669087
v -1.286281 13.201754 -2.899879
v -2.405589 13.360005 -3.136888
v -0.665280 13.473564 -2.254474
v -0.921756 13.480164 -2.847311
v -1.892356 13.473564 -1.374788
v -2.371145 13.480164 -1.805711
v -1.327975 13.478510 -3.151129
v -1.710595 13.473991 -3.304244
v -2.011770 13.476429 -3.409120
v -2.304951 13.482341 -3.424657
v -2.468280 13.482341 -3.314640
v -2.567126 13.476336 -3.026406
v -2.580008 13.473854 -2.705305
v -2.552901 13.478337 -2.307966
v -1.097689 13.484361 -3.018052
v -2.489126 13.484265 -2.037416
v -2.180142 13.473457 -3.435143
v -2.528778 13.473417 -3.196157
v -2.398979 13.482341 -3.382841
v -2.925582 10.045322 2.000083
v -2.368687 12.745465 1.617824
v -3.549126 10.047941 0.041299
v -2.875432 12.745465 0.030251
v -2.915144 11.034984 0.030902
v -2.401432 11.034984 1.640300
v -2.929015 3.792100 2.017550
v -3.569087 3.792702 0.029577
v -2.274652 0.000996 1.583339
v -2.778808 0.000996 0.003879
v -3.680734 0.000996 2.518427
v -4.466618 0.000996 0.056345
v -2.232463 12.360394 1.524318
v -2.710226 12.360394 0.027542
v -2.751840 12.432213 0.028224
v -2.266776 12.432213 1.547872
v -2.368687 12.877619 1.617824
v -2.875432 12.877619 0.030251
v -2.441701 13.032900 1.667941
v -2.963980 13.032900 0.031704
v -2.752374 12.679379 0.028233
v -2.267217 12.679379 1.548174
v -2.441701 13.176627 1.667941
v -2.963980 13.176627 0.031704
v -2.943091 13.243496 1.649741
v -3.394502 13.245687 0.308545
v -3.643480 13.318676 0.595201
v -3.828094 13.371010 0.853510
v -3.916113 13.401328 1.139795
v -3.859496 13.401420 1.313910
v -3.619920 13.369934 1.470925
v -3.315413 13.317013 1.568828
v -3.189111 13.205236 0.139343
v -2.682281 13.204091 1.689170
v -3.898290 13.381491 1.013144
v -3.769262 13.381015 1.398917
v -3.903578 13.401368 1.230191
v -3.050792 10.045322 1.780593
v -2.855081 12.745465 0.234045
v -2.504309 11.034984 1.459958
v -3.060404 3.792100 1.787227
v -2.757045 0.000996 0.221808
v -3.838117 0.000996 2.242536
v -2.328141 12.360394 1.356596
v -2.363916 12.432213 1.377586
v -2.855081 12.877619 0.234045
v -2.943004 13.032900 0.241744
v -2.364376 12.679379 1.377856
v -2.943004 13.176627 0.241744
v -2.751844 13.201716 1.508675
v -3.793018 13.360358 1.023864
v -3.797799 13.380760 1.188507
v -2.470169 12.745465 1.439928
v -3.524027 10.047941 0.292622
v -2.894512 11.034984 0.237498
v -3.542737 3.792702 0.293428
v -2.383174 0.000996 1.393103
v -4.435057 0.000996 0.372398
v -2.691039 12.360394 0.219680
v -2.732359 12.432213 0.223299
v -2.470169 12.877619 1.439927
v -2.546294 13.032900 1.484591
v -2.732890 12.679379 0.223345
v -2.546294 13.176627 1.484591
v -2.972136 13.238935 1.486334
v -3.318709 13.240620 0.456629
v -3.524011 13.293072 0.638531
v -3.725152 13.350850 0.885185
v -3.805618 13.380704 1.138301
v -3.775589 13.380818 1.231735
v -3.556963 13.349975 1.384009
v -3.246746 13.291721 1.462146
v -3.138740 13.202591 0.325755
v -3.694402 13.359978 1.318531
v -2.967396 13.449311 -0.002509
v -2.424664 13.449311 1.697807
v -2.320819 13.442720 -0.063587
v -1.866653 13.442720 1.375486
v -3.401477 13.453725 0.297955
v -3.660352 13.458486 0.600621
v -3.843727 13.465892 0.861344
v -3.938861 13.474440 1.139471
v -3.877915 13.474458 1.326729
v -3.629005 13.465687 1.498064
v -3.323953 13.458187 1.598665
v -2.932914 13.453333 1.689864
v -3.194520 13.455453 0.116021
v -2.668116 13.455250 1.725602
v -3.917264 13.463967 1.017378
v -3.783268 13.463883 1.417986
v -3.925558 13.474446 1.236415
v 1.027780 10.048623 3.398129
v 0.836005 12.745465 2.752589
v -1.037554 10.044541 3.389924
v -0.838319 12.745465 2.743903
v -0.850025 11.034984 2.781861
v 0.847317 11.034984 2.790666
v 1.054819 3.797803 3.458434
v -1.068054 3.799883 3.463452
v 0.832540 0.000996 2.652444
v -0.833814 0.000996 2.643799
v 1.289251 0.000996 4.278273
v -1.307369 0.000996 4.264802
v 0.788946 12.360394 2.594184
v -0.789620 12.360394 2.585995
v 0.800800 12.432213 2.634085
v -0.801887 12.432213 2.625770
v 0.836005 12.877619 2.752589
v -0.838319 12.877619 2.743903
v 0.861227 13.032900 2.837492
v -0.864421 13.032900 2.828539
v -0.802044 12.679379 2.626280
v 0.800952 12.679379 2.634597
v 0.861227 13.176627 2.837492
v -0.864422 13.176627 2.828539
v -0.698420 13.244448 3.343149
v 0.713403 13.246636 3.354346
v 0.525509 13.318608 3.681832
v 0.330965 13.371807 3.937447
v 0.090654 13.401728 4.110603
v -0.094101 13.401815 4.111029
v -0.318072 13.370729 3.931953
v -0.512328 13.316924 3.673241
v -0.813475 13.204586 3.085440
v 0.819732 13.205714 3.095928
v -0.203128 13.381752 4.050016
v 0.205586 13.382230 4.052482
v -0.001724 13.401776 4.126544
v 0.765655 10.048623 3.452426
v -0.626209 12.745465 2.790141
v 0.631815 11.034984 2.835305
v 0.779594 3.797803 3.515444
v -0.606991 0.000996 2.693244
v 0.959573 0.000996 4.346563
v 0.588525 12.360394 2.635699
v 0.597316 12.432213 2.676234
v -0.626209 12.877619 2.790141
v -0.645809 13.032900 2.876193
v 0.597429 12.679379 2.676754
v -0.645809 13.176627 2.876193
v 0.615632 13.202944 3.105361
v -0.147896 13.359463 3.948076
v 0.623426 12.745465 2.796623
v -0.775814 10.044541 3.446980
v -0.634999 11.034984 2.828733
v -0.793435 3.799883 3.523315
v 0.605215 0.000996 2.699532
v -0.978418 0.000996 4.336510
v -0.589640 12.360394 2.629587
v -0.598851 12.432213 2.670029
v 0.623426 12.877619 2.796623
v 0.642132 13.032900 2.882875
v -0.598969 12.679379 2.670548
v 0.642132 13.176627 2.882875
v -0.525428 13.239647 3.318626
v 0.540411 13.241299 3.327079
v 0.439018 13.292001 3.575778
v 0.267332 13.350082 3.844222
v 0.053584 13.379876 3.998817
v -0.041127 13.379984 3.999388
v -0.253466 13.349219 3.839813
v -0.424236 13.290650 3.568889
v -0.609625 13.202089 3.097482
v 0.158959 13.359842 3.949987
v 0.006229 13.379923 4.009444
v 0.890842 13.459188 2.831357
v 0.756913 13.452596 2.201928
v -0.893971 13.459188 2.822098
v -0.753373 13.452596 2.193423
v 0.721832 13.460607 3.357117
v 0.523975 13.463851 3.697657
v 0.326515 13.468881 3.953100
v 0.095497 13.476966 4.130210
v -0.101429 13.476977 4.130620
v -0.339856 13.468710 3.947420
v -0.537460 13.463606 3.688775
v -0.736756 13.460275 3.345468
v -0.848813 13.464007 3.083295
v 0.839536 13.464185 3.094178
v -0.217023 13.467100 4.067510
v 0.205458 13.467168 4.070067
v -0.002966 13.476977 4.146872
v 3.578528 10.043449 0.069810
v 2.901924 12.745465 0.053313
v 2.922755 10.052556 2.035178
v 2.374472 12.745465 1.648440
v 2.406934 11.034984 1.671337
v 2.941636 11.034984 0.054281
v 3.577748 3.790353 0.055941
v 2.941335 3.793625 2.062695
v 2.805631 0.000996 0.025461
v 2.280557 0.000996 1.613398
v 4.493173 0.000996 0.092110
v 3.675177 0.000996 2.565908
v 2.736711 12.360394 0.049285
v 2.239425 12.360394 1.553183
v 2.778326 12.432311 0.050299
v 2.273442 12.432213 1.577178
v 2.901924 12.877619 0.053313
v 2.374472 12.877619 1.648441
v 2.990475 13.032900 0.055472
v 2.446854 13.032900 1.699496
v 2.273879 12.679379 1.577486
v 2.778861 12.679426 0.050312
v 2.990475 13.176627 0.055472
v 2.446854 13.176627 1.699496
v 3.395224 13.242612 0.376698
v 2.906895 13.244840 1.729318
v 3.284681 13.319210 1.654204
v 3.594214 13.373452 1.553717
v 3.837319 13.402019 1.396471
v 3.902252 13.402107 1.222206
v 3.809314 13.372391 0.956912
v 3.636512 13.317529 0.678602
v 2.666094 13.204830 1.745097
v 3.203125 13.203662 0.185629
v 3.731913 13.384628 1.480520
v 3.871929 13.384148 1.094985
v 3.883070 13.402068 1.316008
v 3.548569 10.043449 0.341307
v 2.486119 12.745465 1.457357
v 2.917028 11.034984 0.277279
v 3.546320 3.790353 0.340741
v 2.399949 0.000996 1.409061
v 4.455527 0.000996 0.433257
v 2.713825 12.360394 0.256678
v 2.755090 12.432311 0.260862
v 2.486119 12.877619 1.457357
v 2.561924 13.032900 1.502555
v 2.755620 12.679426 0.260915
v 2.561924 13.176627 1.502555
v 3.145386 13.201077 0.386411
v 3.650496 13.361816 1.399463
v 3.766757 13.379797 1.279343
v 2.877650 12.745465 0.273287
v 3.060326 10.052556 1.799725
v 2.520116 11.034984 1.477627
v 3.085884 3.793625 1.815299
v 2.779673 0.000996 0.260693
v 3.848324 0.000996 2.269567
v 2.344687 12.360394 1.373028
v 2.380312 12.432213 1.394270
v 2.877650 12.877619 0.273287
v 2.965456 13.032900 0.282189
v 2.380770 12.679379 1.394542
v 2.965456 13.176627 0.282189
v 3.309293 13.237645 0.535800
v 2.942559 13.239316 1.551616
v 3.213436 13.291896 1.535227
v 3.525006 13.350092 1.466961
v 3.743697 13.379741 1.321111
v 3.776912 13.379855 1.232987
v 3.700764 13.349237 0.979310
v 3.506009 13.290545 0.724708
v 2.744535 13.201952 1.550132
v 3.754984 13.361438 1.111575
v 2.352974 13.441757 -0.038774
v 2.993461 13.448357 0.028409
v 2.433119 13.448357 1.723005
v 1.878625 13.441757 1.394998
v 2.906867 13.453687 1.736528
v 3.298924 13.458252 1.657013
v 3.609388 13.464290 1.553613
v 3.852748 13.474195 1.406437
v 3.921470 13.474214 1.221891
v 3.829150 13.464106 0.943765
v 3.657773 13.457952 0.661684
v 3.409636 13.453288 0.343677
v 2.658931 13.454909 1.761083
v 3.212179 13.454706 0.154361
v 3.747214 13.466148 1.485452
v 3.891456 13.466048 1.088255
v 3.901208 13.474206 1.321356
v -0.137433 11.038918 2.212489
v 0.118188 11.038918 2.212489
v 0.118188 11.038918 2.729076
v -0.137433 11.038918 2.729076
v -0.137433 10.059613 2.212489
v 0.118188 10.059613 2.212489
v 0.118188 10.059613 3.579445
v -0.137433 10.059613 3.579445
v 0.118188 12.128781 2.212489
v 0.118188 12.128781 2.729076
v -0.137433 12.128781 2.729076
v -0.137433 12.128781 2.212489
v 0.118188 0.093756 2.212489
v -0.137433 0.093756 2.212489
v 0.118188 0.093756 3.579445
v -0.137433 0.093756 3.579445
v 2.977367 10.876990 0.835709
v 3.397492 10.147631 0.977064
v 2.981687 10.652858 0.837163
v 3.400416 10.409221 0.978048
v 2.175014 12.127964 0.565751
v 2.175014 0.092938 0.565751
v 3.470602 10.058796 1.001662
v 2.664630 11.038100 0.730486
v 2.175014 10.876990 0.565751
v 2.175014 10.147631 0.565751
v 2.175014 10.652858 0.565751
v 2.175014 10.409221 0.565751
v 2.664630 12.127964 0.730486
v 3.470602 0.092938 1.001662
v 2.175014 10.058796 0.565751
v 2.175014 11.038100 0.565751
v 2.906244 10.876990 1.047096
v 2.103891 10.876990 0.777137
v 2.103891 10.147631 0.777137
v 3.326368 10.147631 1.188450
v 2.910564 10.652858 1.048550
v 2.103891 10.652858 0.777137
v 3.329293 10.409221 1.189435
v 2.103891 10.409221 0.777137
v 2.103891 12.127964 0.777137
v 2.593508 12.127964 0.941873
v 2.103891 0.092938 0.777137
v 3.399479 0.092938 1.213049
v 2.103891 10.058796 0.777137
v 3.399479 10.058796 1.213049
v 2.593508 11.038100 0.941873
v 2.103891 11.038100 0.777137
v 2.180427 10.876990 0.549663
v 2.982780 10.876990 0.819622
v 2.098911 10.876990 0.791938
v 2.901264 10.876990 1.061897
v 2.098911 10.147631 0.791938
v 3.321388 10.147631 1.203251
v 2.180427 10.147631 0.549663
v 3.402904 10.147631 0.960976
v 2.180427 10.652858 0.549663
v 2.987100 10.652858 0.821075
v 2.098911 10.652858 0.791938
v 2.905584 10.652858 1.063350
v 2.180427 10.409221 0.549663
v 3.405829 10.409221 0.961960
v 2.098911 10.409221 0.791938
v 3.324313 10.409221 1.204235
v 3.394499 0.092938 1.227850
v 3.476015 0.092938 0.985575
v 2.098911 0.092938 0.791938
v 2.180427 0.092938 0.549663
v 2.098911 12.127964 0.791938
v 2.588527 12.127964 0.956674
v 2.670043 12.127964 0.714399
v 2.180427 12.127964 0.549663
v 3.394499 10.058796 1.227850
v 3.476015 10.058796 0.985575
v 2.180427 10.058796 0.549663
v 2.098911 10.058796 0.791938
v 2.588527 11.038100 0.956674
v 2.670043 11.038100 0.714399
v 2.180427 11.038100 0.549663
v 2.098911 11.038100 0.791938
v -2.939410 13.454865 0.277736
v -2.293178 13.448281 0.213201
v -2.564217 13.454865 1.453174
v -2.004484 13.448281 1.133871
v -2.971354 13.456644 1.472049
v -3.230924 13.462507 1.458033
v -3.544137 13.466770 1.383058
v -3.760203 13.471579 1.231935
v -3.300014 13.456894 0.495737
v -3.499528 13.462710 0.660138
v -3.705502 13.466901 0.904565
v -3.785674 13.471560 1.152325
v -3.127138 13.459997 0.364846
v -2.760765 13.459867 1.484885
v -3.773469 13.463690 1.039817
v -3.680052 13.463634 1.318869
v -3.778663 13.471569 1.195644
v -1.915681 13.499617 1.356434
v -2.349962 13.499603 -0.019630
v -2.424664 13.506477 1.697807
v -2.967396 13.506477 -0.002509
v -2.931773 13.497172 1.692696
v -3.323399 13.486917 1.601277
v -3.628759 13.485093 1.500785
v -3.783648 13.480542 1.419239
v -3.878911 13.489068 1.326610
v -3.926555 13.489068 1.236296
v -3.917648 13.480542 1.018632
v -3.939857 13.489068 1.139352
v -3.659809 13.486917 0.603238
v -3.843490 13.485093 0.864068
v -3.400352 13.497172 0.300792
v -3.193934 13.507828 0.117498
v -2.667522 13.507828 1.727075
v 0.615057 13.433835 2.888483
v 0.484531 13.427250 2.258349
v -0.618793 13.433835 2.882082
v -0.481590 13.427250 2.252667
v -0.517663 13.439649 3.314493
v -0.426960 13.449251 3.556510
v -0.258318 13.457685 3.830652
v -0.047415 13.464452 3.988818
v 0.505420 13.440000 3.322658
v 0.414720 13.449538 3.563232
v 0.246633 13.457869 3.834954
v 0.036168 13.464426 3.988226
v -0.591520 13.440080 3.098396
v 0.583324 13.440261 3.105978
v -0.153906 13.455854 3.938204
v 0.140362 13.455933 3.940058
v -0.005624 13.464439 3.998198
v -0.739260 13.496302 3.345302
v -0.539674 13.487561 3.689014
v -0.342041 13.484633 3.947923
v -0.218100 13.480883 4.068131
v -0.101457 13.489068 4.131373
v -0.002994 13.489068 4.147625
v 0.204382 13.480883 4.070692
v 0.095469 13.489068 4.130963
v 0.521761 13.487561 3.697906
v 0.324330 13.484633 3.953610
v 0.719328 13.496302 3.356963
v 0.890842 13.506477 2.831357
v 0.724368 13.499619 2.241896
v -0.893971 13.506477 2.822098
v -0.721250 13.499620 2.233755
v -0.850116 13.507382 3.083208
v 0.838233 13.507382 3.094098
v 2.322463 13.413234 0.237712
v 2.962569 13.419819 0.308349
v 2.575201 13.419819 1.479831
v 2.018955 13.413234 1.154825
v 2.950261 13.430038 1.518508
v 3.210176 13.440761 1.509617
v 3.523229 13.451849 1.446308
v 3.739963 13.459671 1.302092
v 3.769522 13.459702 1.223907
v 3.694424 13.451629 0.971243
v 3.495873 13.440416 0.718132
v 3.302919 13.429614 0.541536
v 2.755454 13.427760 1.521076
v 3.140567 13.427542 0.403010
v 3.647742 13.452659 1.379627
v 3.748119 13.452564 1.103002
v 3.760407 13.459687 1.264789
v 2.993461 13.506477 0.028409
v 2.383464 13.499584 0.008441
v 2.433119 13.506477 1.723005
v 1.931262 13.499603 1.375272
v 3.410525 13.498224 0.340675
v 3.658988 13.487295 0.659242
v 3.830622 13.483129 0.941525
v 3.892647 13.482994 1.087239
v 3.922380 13.489068 1.222099
v 3.902119 13.489068 1.321564
v 3.748409 13.482994 1.484437
v 3.853658 13.489068 1.406645
v 3.300152 13.487295 1.654576
v 3.610868 13.483129 1.551375
v 2.907772 13.498224 1.733533
v 2.659402 13.508344 1.759525
v 3.212642 13.508344 0.152799
v 1.748168 13.412143 -1.563082
v 2.228580 13.418738 -1.991157
v 1.234137 13.418728 -2.721572
v 0.970759 13.412143 -2.138182
v 2.406158 13.427806 -2.412754
v 2.479895 13.440084 -2.657384
v 2.506866 13.451380 -2.975645
v 2.429200 13.459301 -3.224118
v 2.362439 13.459332 -3.274413
v 2.098856 13.451158 -3.273170
v 1.800211 13.439737 -3.153571
v 1.586625 13.427387 -3.011043
v 2.335997 13.426038 -2.188633
v 1.391925 13.425819 -2.880150
v 2.481194 13.450905 -3.118171
v 2.243808 13.450809 -3.292082
v 2.404097 13.459314 -3.258352
v 0.977444 13.506477 -2.837459
v 0.776365 13.499556 -2.268258
v 2.415946 13.506487 -1.780883
v 1.930565 13.499552 -1.416613
v 1.427698 13.495257 -3.166993
v 1.793035 13.486598 -3.324011
v 2.108418 13.483138 -3.412323
v 2.269133 13.481671 -3.435296
v 2.403525 13.489068 -3.421690
v 2.495074 13.489068 -3.375185
v 2.610016 13.481671 -3.185434
v 2.561401 13.489068 -3.303981
v 2.640654 13.486598 -2.705737
v 2.632312 13.483138 -3.030309
v 2.596104 13.495257 -2.314045
v 2.532367 13.506809 -2.027825
v 1.175619 13.506809 -3.021626
v -0.919979 13.407287 -2.142654
v -1.179637 13.413872 -2.734095
v -1.705158 13.407287 -1.580536
v -2.181610 13.413872 -2.014030
v -1.489275 13.425591 -2.999757
v -1.721729 13.437048 -3.134253
v -2.013113 13.449294 -3.265014
v -2.273277 13.457654 -3.273952
v -2.342834 13.457687 -3.227601
v -2.428916 13.449060 -2.978479
v -2.414907 13.436683 -2.657120
v -2.348471 13.425138 -2.408357
v -1.315787 13.422338 -2.880387
v -2.284147 13.422104 -2.198037
v -2.159743 13.448456 -3.291381
v -2.402423 13.448355 -3.124938
v -2.313993 13.457670 -3.257211
v -2.371145 13.506477 -1.805711
v -1.888794 13.499554 -1.438984
v -0.921756 13.506477 -2.847311
v -0.727300 13.499570 -2.271656
v -2.554025 13.498768 -2.307092
v -2.581097 13.487123 -2.704728
v -2.568304 13.485306 -3.025952
v -2.529428 13.481088 -3.196135
v -2.468446 13.489068 -3.315034
v -2.180792 13.481088 -3.435123
v -2.399145 13.489068 -3.383234
v -2.305117 13.489068 -3.425050
v -1.711688 13.487123 -3.303672
v -2.012950 13.485306 -3.408669
v -1.329103 13.498768 -3.150261
v -1.098276 13.508595 -3.017601
v -2.489710 13.508595 -2.036962
v -0.137433 10.410038 3.505393
v -0.137433 10.410038 2.212489
v 0.118188 10.410038 3.505393
v 0.118188 10.410038 2.212489
v -0.137433 10.653675 3.063598
v -0.137433 10.653675 2.212489
v 0.118188 10.653675 3.063598
v 0.118188 10.653675 2.212489
v 0.118188 10.148448 3.502307
v 0.118188 10.148448 2.212489
v -0.137433 10.148448 3.502307
v -0.137433 10.148448 2.212489
v -0.137433 10.877808 3.059040
v -0.137433 10.877808 2.212489
v 0.118188 10.877808 3.059040
v 0.118188 10.877808 2.212489
v -0.121817 11.038918 2.212489
v -0.121817 11.038918 2.729076
v -0.121817 10.059613 3.579445
v -0.121817 10.059613 2.212489
v -0.121817 0.093756 3.579445
v -0.121817 0.093756 2.212489
v -0.121817 12.128781 2.729076
v -0.121817 12.128781 2.212489
v -0.121817 10.410038 2.212489
v -0.121817 10.410038 3.505393
v -0.121817 10.653675 2.212489
v -0.121817 10.653675 3.063598
v -0.121817 10.148448 3.502307
v -0.121817 10.148448 2.212489
v -0.121817 10.877808 2.212489
v -0.121817 10.877808 3.059040
v 0.101214 11.038918 2.212489
v 0.101214 10.059613 2.212489
v 0.101214 0.093756 3.579445
v 0.101214 12.128781 2.729076
v 0.101214 10.410038 2.212489
v 0.101214 10.653675 2.212489
v 0.101214 10.148448 2.212489
v 0.101214 10.877808 2.212489
v 0.101214 11.038918 2.729076
v 0.101214 10.059613 3.579445
v 0.101214 0.093756 2.212489
v 0.101214 12.128781 2.212489
v 0.101214 10.410038 3.505393
v 0.101214 10.653675 3.063598
v 0.101214 10.148448 3.502307
v 0.101214 10.877808 3.059040
v 1.738158 10.877083 -2.538550
v 2.004767 10.147723 -2.892676
v 1.740899 10.652950 -2.542192
v 2.006623 10.409313 -2.895141
v 1.228987 12.128057 -1.862242
v 1.228987 0.093031 -1.862242
v 2.051163 10.058888 -2.954301
v 1.539696 11.038193 -2.274943
v 1.228987 10.877083 -1.862242
v 1.228987 10.147723 -1.862242
v 1.228987 10.652950 -1.862242
v 1.228987 10.409313 -1.862242
v 1.539696 12.128057 -2.274943
v 2.051163 0.093031 -2.954301
v 1.228987 10.058888 -1.862242
v 1.228987 11.038193 -1.862242
v 1.916337 10.877083 -2.404405
v 1.407166 10.877083 -1.728096
v 1.407166 10.147723 -1.728096
v 2.182946 10.147723 -2.758530
v 1.919079 10.652950 -2.408046
v 1.407166 10.652950 -1.728096
v 2.184803 10.409313 -2.760996
v 1.407166 10.409313 -1.728096
v 1.407166 12.128057 -1.728096
v 1.717875 12.128057 -2.140797
v 1.407166 0.093031 -1.728096
v 2.229342 0.093031 -2.820156
v 1.407166 10.058888 -1.728096
v 2.229342 10.058888 -2.820156
v 1.717875 11.038193 -2.140797
v 1.407166 11.038193 -1.728096
v 1.215426 10.877083 -1.872451
v 1.724597 10.877083 -2.548760
v 1.419641 10.877083 -1.718704
v 1.928812 10.877083 -2.395012
v 1.419641 10.147723 -1.718704
v 2.195422 10.147723 -2.749138
v 1.215426 10.147723 -1.872451
v 1.991206 10.147723 -2.902885
v 1.215426 10.652950 -1.872451
v 1.727339 10.652950 -2.552401
v 1.419641 10.652950 -1.718704
v 1.931554 10.652950 -2.398653
v 1.215426 10.409313 -1.872451
v 1.993063 10.409313 -2.905350
v 1.419641 10.409313 -1.718704
v 2.197278 10.409313 -2.751603
v 2.241817 0.093031 -2.810763
v 2.037603 0.093031 -2.964510
v 1.419641 0.093031 -1.718704
v 1.215426 0.093031 -1.872451
v 1.419641 12.128057 -1.718704
v 1.730350 12.128057 -2.131404
v 1.526135 12.128057 -2.285151
v 1.215426 12.128057 -1.872451
v 2.241817 10.058888 -2.810763
v 2.037603 10.058888 -2.964510
v 1.215426 10.058888 -1.872451
v 1.419641 10.058888 -1.718704
v 1.730350 11.038193 -2.131404
v 1.526135 11.038193 -2.285151
v 1.215426 11.038193 -1.872451
v 1.419641 11.038193 -1.718704
v -1.874952 10.876990 -2.434099
v -2.137525 10.147631 -2.791228
v -1.877652 10.652858 -2.437771
v -2.139352 10.409221 -2.793714
v -1.373492 12.127964 -1.752054
v -1.373492 0.092938 -1.752054
v -2.183218 10.058796 -2.853376
v -1.679496 11.038100 -2.168255
v -1.373492 10.876990 -1.752054
v -1.373492 10.147631 -1.752054
v -1.373492 10.652858 -1.752054
v -1.373492 10.409221 -1.752054
v -1.679496 12.127964 -2.168255
v -2.183218 0.092938 -2.853376
v -1.373492 10.058796 -1.752054
v -1.373492 11.038100 -1.752054
v -1.695261 10.876990 -2.566213
v -1.193801 10.876990 -1.884167
v -1.193801 10.147631 -1.884167
v -1.957834 10.147631 -2.923342
v -1.697961 10.652858 -2.569885
v -1.193801 10.652858 -1.884167
v -1.959662 10.409221 -2.925828
v -1.193801 10.409221 -1.884167
v -1.193801 12.127964 -1.884167
v -1.499805 12.127964 -2.300369
v -1.193801 0.092938 -1.884167
v -2.003528 0.092938 -2.985490
v -1.193801 10.058796 -1.884167
v -2.003528 10.058796 -2.985490
v -1.499805 11.038100 -2.300369
v -1.193801 11.038100 -1.884167
v -1.387167 10.876990 -1.741999
v -1.888628 10.876990 -2.424044
v -1.181220 10.876990 -1.893418
v -1.682680 10.876990 -2.575463
v -1.181220 10.147631 -1.893418
v -1.945253 10.147631 -2.932592
v -1.387167 10.147631 -1.741999
v -2.151200 10.147631 -2.781173
v -1.387167 10.652858 -1.741999
v -1.891328 10.652858 -2.427717
v -1.181220 10.652858 -1.893418
v -1.685380 10.652858 -2.579135
v -1.387167 10.409221 -1.741999
v -2.153028 10.409221 -2.783660
v -1.181220 10.409221 -1.893418
v -1.947080 10.409221 -2.935079
v -1.990945 0.092938 -2.994740
v -2.196893 0.092938 -2.843322
v -1.181220 0.092938 -1.893418
v -1.387167 0.092938 -1.741999
v -1.181220 12.127964 -1.893418
v -1.487224 12.127964 -2.309619
v -1.693171 12.127964 -2.158200
v -1.387167 12.127964 -1.741999
v -1.990945 10.058796 -2.994740
v -2.196893 10.058796 -2.843322
v -1.387167 10.058796 -1.741999
v -1.181220 10.058796 -1.893418
v -1.487224 11.038100 -2.309619
v -1.693171 11.038100 -2.158200
v -1.387167 11.038100 -1.741999
v -1.181220 11.038100 -1.893418
v -2.869002 10.876990 1.006325
v -3.292201 10.147631 1.138191
v -2.873354 10.652858 1.007681
v -3.295147 10.409221 1.139108
v -2.060778 12.127964 0.754489
v -2.060778 0.092938 0.754489
v -3.365845 10.058796 1.161138
v -2.553977 11.038100 0.908166
v -2.060778 10.876990 0.754489
v -2.060778 10.147631 0.754489
v -2.060778 10.652858 0.754489
v -2.060778 10.409221 0.754489
v -2.553977 12.127964 0.908166
v -3.365845 0.092938 1.161138
v -2.060778 10.058796 0.754489
v -2.060778 11.038100 0.754489
v -2.935350 10.876990 0.793391
v -2.127126 10.876990 0.541555
v -2.127126 10.147631 0.541555
v -3.358549 10.147631 0.925257
v -2.939702 10.652858 0.794747
v -2.127126 10.652858 0.541555
v -3.361495 10.409221 0.926175
v -2.127126 10.409221 0.541555
v -2.127126 12.127964 0.541555
v -2.620325 12.127964 0.695232
v -2.127126 0.092938 0.541555
v -3.432195 0.092938 0.948205
v -2.127126 10.058796 0.541555
v -3.432195 10.058796 0.948205
v -2.620325 11.038100 0.695232
v -2.127126 11.038100 0.541555
v -2.055728 10.876990 0.770694
v -2.863952 10.876990 1.022531
v -2.131771 10.876990 0.526646
v -2.939995 10.876990 0.778482
v -2.131771 10.147631 0.526646
v -3.363194 10.147631 0.910348
v -2.055728 10.147631 0.770694
v -3.287151 10.147631 1.154397
v -2.055728 10.652858 0.770694
v -2.868304 10.652858 1.023887
v -2.131771 10.652858 0.526646
v -2.944347 10.652858 0.779838
v -2.055728 10.409221 0.770694
v -3.290097 10.409221 1.155314
v -2.131771 10.409221 0.526646
v -3.366141 10.409221 0.911266
v -3.436840 0.092938 0.933295
v -3.360797 0.092938 1.177343
v -2.131771 0.092938 0.526646
v -2.055728 0.092938 0.770694
v -2.131771 12.127964 0.526646
v -2.624970 12.127964 0.680323
v -2.548927 12.127964 0.924371
v -2.055728 12.127964 0.770694
v -3.436840 10.058796 0.933295
v -3.360797 10.058796 1.177343
v -2.055728 10.058796 0.770694
v -2.131771 10.058796 0.526646
v -2.624970 11.038100 0.680323
v -2.548927 11.038100 0.924371
v -2.055728 11.038100 0.770694
v -2.131771 11.038100 0.526646
vt 0.964576 0.082684
vt 0.948820 0.086048
vt 0.943371 0.085285
vt 0.937935 0.083365
vt 0.931900 0.081127
vt 0.925073 0.076955
vt 0.922426 0.074308
vt 0.921205 0.071704
vt 0.920949 0.070658
vt 0.921178 0.069609
vt 0.922429 0.066933
vt 0.925106 0.064301
vt 0.931944 0.060034
vt 0.937989 0.057725
vt 0.943388 0.055843
vt 0.948799 0.055127
vt 0.964576 0.058473
vt 0.921647 0.020594
vt 0.921804 0.019506
vt 0.922938 0.016907
vt 0.925574 0.014182
vt 0.932325 0.009882
vt 0.938322 0.007446
vt 0.943432 0.005613
vt 0.948569 0.004937
vt 0.964488 0.008240
vt 0.964488 0.032419
vt 0.948727 0.035858
vt 0.943794 0.035142
vt 0.938860 0.033256
vt 0.932765 0.030975
vt 0.925845 0.026834
vt 0.923079 0.024280
vt 0.921816 0.021600
vt 0.915358 0.387264
vt 0.960969 0.387275
vt 0.960951 0.392516
vt 0.915339 0.392506
vt 0.486302 0.898620
vt 0.484592 0.975386
vt 0.465370 0.975386
vt 0.465933 0.898620
vt 0.446076 0.975386
vt 0.445104 0.898620
vt 0.426422 0.975386
vt 0.424389 0.898620
vt 0.407563 0.898620
vt 0.406079 0.975386
vt 0.396524 0.975386
vt 0.397452 0.898620
vt 0.377179 0.975386
vt 0.376756 0.898620
vt 0.915333 0.381056
vt 0.960944 0.381067
vt 0.960969 0.385324
vt 0.915358 0.385313
vt 0.349861 0.898620
vt 0.348782 0.975386
vt 0.329595 0.975386
vt 0.329516 0.898620
vt 0.310344 0.975386
vt 0.310246 0.898620
vt 0.290743 0.975386
vt 0.289948 0.898620
vt 0.270808 0.898620
vt 0.269323 0.975386
vt 0.259768 0.975386
vt 0.260697 0.898620
vt 0.240423 0.975386
vt 0.240000 0.898620
vt 0.990933 0.321846
vt 0.945321 0.321849
vt 0.945325 0.316529
vt 0.988740 0.316526
vt 0.211781 0.898620
vt 0.211293 0.975386
vt 0.192091 0.975386
vt 0.193432 0.898620
vt 0.172818 0.975386
vt 0.172602 0.898620
vt 0.153187 0.975386
vt 0.152117 0.898620
vt 0.136030 0.898620
vt 0.134545 0.975386
vt 0.124990 0.975386
vt 0.125919 0.898620
vt 0.105646 0.975386
vt 0.105223 0.898620
vt 0.960746 0.399787
vt 0.915134 0.399783
vt 0.914878 0.393876
vt 0.958796 0.393880
vt 0.074605 0.898620
vt 0.074436 0.975386
vt 0.055155 0.975386
vt 0.056154 0.898620
vt 0.035849 0.975386
vt 0.035317 0.898620
vt 0.016502 0.975386
vt 0.014644 0.898620
vt 0.676374 0.898620
vt 0.674890 0.975386
vt 0.665335 0.975386
vt 0.666263 0.898620
vt 0.645990 0.975386
vt 0.645567 0.898620
vt 0.990527 0.305244
vt 0.944919 0.305273
vt 0.944902 0.299422
vt 0.990509 0.299393
vt 0.617364 0.898620
vt 0.615846 0.975386
vt 0.597542 0.975386
vt 0.597991 0.898620
vt 0.578304 0.975386
vt 0.577173 0.898620
vt 0.558737 0.975386
vt 0.556494 0.898620
vt 0.693288 0.919086
vt 0.693275 0.912885
vt 0.701344 0.912887
vt 0.701357 0.919087
vt 0.538904 0.898620
vt 0.538526 0.975386
vt 0.529005 0.975386
vt 0.530666 0.898620
vt 0.510934 0.975386
vt 0.509042 0.898620
vt 0.310060 0.894148
vt 0.329680 0.894148
vt 0.795817 0.819689
vt 0.789243 0.820379
vt 0.788615 0.817430
vt 0.795503 0.816707
vt 0.483963 0.979747
vt 0.465286 0.979747
vt 0.446235 0.979747
vt 0.427213 0.979747
vt 0.405831 0.979747
vt 0.396416 0.979747
vt 0.377286 0.979747
vt 0.712851 0.864540
vt 0.711476 0.870999
vt 0.708475 0.870684
vt 0.709915 0.863917
vt 0.348190 0.979747
vt 0.329548 0.979747
vt 0.310541 0.979747
vt 0.291572 0.979747
vt 0.269075 0.979747
vt 0.259660 0.979747
vt 0.240530 0.979747
vt 0.726321 0.858525
vt 0.732046 0.861826
vt 0.730818 0.864581
vt 0.724820 0.861122
vt 0.210611 0.979747
vt 0.191954 0.979747
vt 0.172922 0.979747
vt 0.153921 0.979747
vt 0.134297 0.979747
vt 0.124883 0.979747
vt 0.105753 0.979747
vt 0.724655 0.847875
vt 0.729308 0.843457
vt 0.731551 0.845474
vt 0.726664 0.850103
vt 0.073755 0.979747
vt 0.055034 0.979747
vt 0.035980 0.979747
vt 0.017248 0.979747
vt 0.674642 0.979747
vt 0.665227 0.979747
vt 0.646097 0.979747
vt 0.710226 0.843401
vt 0.707537 0.837369
vt 0.710151 0.835862
vt 0.712968 0.842182
vt 0.615268 0.979747
vt 0.597542 0.979747
vt 0.578551 0.979747
vt 0.559130 0.979747
vt 0.538186 0.979747
vt 0.528803 0.979747
vt 0.510942 0.979747
vt 0.977529 0.851242
vt 0.966703 0.836358
vt 0.969129 0.834177
vt 0.980355 0.849612
vt 0.096160 0.979747
vt 0.105884 0.991028
vt 0.096632 0.991028
vt 0.396083 0.991028
vt 0.377417 0.991028
vt 0.073184 0.991028
vt 0.054650 0.991028
vt 0.367694 0.979747
vt 0.368166 0.991028
vt 0.036142 0.991028
vt 0.347893 0.991028
vt 0.329425 0.991028
vt 0.017878 0.991028
vt 0.310962 0.991028
vt 0.728737 0.970981
vt 0.728792 0.976495
vt 0.720724 0.976500
vt 0.720669 0.970986
vt 0.292436 0.991028
vt 0.664894 0.991028
vt 0.646228 0.991028
vt 0.704150 0.943701
vt 0.704150 0.950299
vt 0.696081 0.950300
vt 0.696081 0.943701
vt 0.636505 0.979747
vt 0.636977 0.991028
vt 0.259327 0.991028
vt 0.240661 0.991028
vt 0.615013 0.991028
vt 0.597504 0.991028
vt 0.230938 0.979747
vt 0.231410 0.991028
vt 0.579095 0.991028
vt 0.210065 0.991028
vt 0.191580 0.991028
vt 0.501360 0.979747
vt 0.510814 0.991028
vt 0.501576 0.991028
vt 0.559393 0.991028
vt 0.173096 0.991028
vt 0.483568 0.991028
vt 0.465063 0.991028
vt 0.961510 0.435699
vt 0.961463 0.440121
vt 0.954547 0.440125
vt 0.954595 0.435703
vt 0.154542 0.991028
vt 0.446556 0.991028
vt 0.528209 0.991028
vt 0.719406 0.958700
vt 0.719417 0.964943
vt 0.711348 0.964942
vt 0.711337 0.958699
vt 0.427979 0.991028
vt 0.124550 0.991028
vt 0.981523 0.214856
vt 0.981519 0.221678
vt 0.980056 0.221678
vt 0.980060 0.214856
vt 0.835764 0.954131
vt 0.849451 0.966442
vt 0.847533 0.969079
vt 0.833339 0.956312
vt 0.981275 0.859646
vt 0.984239 0.858327
vt 0.824939 0.939247
vt 0.822113 0.940877
vt 0.988849 0.886045
vt 0.985020 0.868050
vt 0.988124 0.867042
vt 0.992095 0.885705
vt 0.815533 0.877047
vt 0.813619 0.886045
vt 0.810373 0.885705
vt 0.812359 0.876373
vt 0.817448 0.922440
vt 0.814344 0.923447
vt 0.988849 0.904443
vt 0.992095 0.904784
vt 0.824939 0.851242
vt 0.817448 0.868050
vt 0.814344 0.867042
vt 0.822113 0.849612
vt 0.815533 0.913442
vt 0.812359 0.914116
vt 0.985020 0.922439
vt 0.988124 0.923447
vt 0.835764 0.836358
vt 0.833339 0.834177
vt 0.813619 0.904444
vt 0.810373 0.904784
vt 0.981275 0.930843
vt 0.984239 0.932162
vt 0.849451 0.824047
vt 0.847533 0.821410
vt 0.966704 0.954131
vt 0.977529 0.939247
vt 0.980355 0.940877
vt 0.969129 0.956312
vt 0.857426 0.819448
vt 0.855804 0.816640
vt 0.959860 0.960286
vt 0.962032 0.962696
vt 0.882917 0.809163
vt 0.865401 0.814848
vt 0.864074 0.811870
vt 0.882239 0.805974
vt 0.937067 0.975641
vt 0.952757 0.966442
vt 0.954935 0.969079
vt 0.938394 0.978619
vt 0.892075 0.808201
vt 0.891736 0.804977
vt 0.919551 0.981326
vt 0.920229 0.984514
vt 0.919551 0.809163
vt 0.901234 0.807240
vt 0.901234 0.803980
vt 0.920229 0.805974
vt 0.901234 0.983249
vt 0.901234 0.986509
vt 0.937067 0.814848
vt 0.938394 0.811870
vt 0.892076 0.982288
vt 0.891736 0.985512
vt 0.953017 0.824047
vt 0.954935 0.821410
vt 0.865401 0.975641
vt 0.882917 0.981326
vt 0.882239 0.984514
vt 0.864074 0.978619
vt 0.959860 0.830203
vt 0.962032 0.827793
vt 0.857426 0.971041
vt 0.855804 0.973849
vt 0.966258 0.888237
vt 0.963407 0.874841
vt 0.968054 0.873332
vt 0.971117 0.887726
vt 0.979519 0.158096
vt 0.979476 0.146497
vt 0.980940 0.146497
vt 0.980983 0.158097
vt 0.981548 0.194937
vt 0.981526 0.208034
vt 0.980063 0.208034
vt 0.980085 0.194937
vt 0.979548 0.163012
vt 0.981011 0.163013
vt 0.981583 0.182958
vt 0.980120 0.182958
vt 0.985840 0.261069
vt 0.985854 0.272450
vt 0.984390 0.272451
vt 0.984377 0.261069
vt 0.981630 0.172621
vt 0.980167 0.172621
vt 0.985830 0.248352
vt 0.984367 0.248352
vt 0.986617 0.176893
vt 0.986674 0.182611
vt 0.985211 0.182612
vt 0.985154 0.176894
vt 0.985825 0.234856
vt 0.984362 0.234856
vt 0.986481 0.158421
vt 0.986560 0.171174
vt 0.985097 0.171175
vt 0.985018 0.158422
vt 0.985825 0.228013
vt 0.984362 0.228013
vt 0.986461 0.151665
vt 0.984998 0.151666
vt 0.985830 0.207893
vt 0.985825 0.221170
vt 0.984362 0.221170
vt 0.984367 0.207893
vt 0.986440 0.131227
vt 0.986440 0.144908
vt 0.984977 0.144909
vt 0.984977 0.131228
vt 0.985835 0.201749
vt 0.984372 0.201750
vt 0.986481 0.117975
vt 0.985018 0.117976
vt 0.985854 0.184844
vt 0.985840 0.195605
vt 0.984377 0.195606
vt 0.984390 0.184844
vt 0.979498 0.087189
vt 0.979519 0.081136
vt 0.980983 0.081136
vt 0.980961 0.087189
vt 0.986560 0.105731
vt 0.985097 0.105732
vt 0.981583 0.259960
vt 0.981630 0.269976
vt 0.980167 0.269976
vt 0.980120 0.259960
vt 0.979450 0.106415
vt 0.979476 0.093242
vt 0.980940 0.093242
vt 0.980913 0.106415
vt 0.986617 0.100381
vt 0.985154 0.100382
vt 0.981548 0.248221
vt 0.980085 0.248221
vt 0.979441 0.120079
vt 0.980904 0.120079
vt 0.979577 0.070625
vt 0.981040 0.070626
vt 0.981537 0.241746
vt 0.980074 0.241746
vt 0.979450 0.133637
vt 0.980913 0.133638
vt 0.981526 0.235271
vt 0.980063 0.235271
vt 0.979463 0.140067
vt 0.980926 0.140068
vt 0.906486 0.565914
vt 0.906443 0.575213
vt 0.902654 0.575212
vt 0.902696 0.565914
vt 0.838664 0.874841
vt 0.835814 0.888237
vt 0.830956 0.887726
vt 0.834019 0.873332
vt 0.841452 0.921585
vt 0.844241 0.927841
vt 0.840011 0.930280
vt 0.837015 0.923559
vt 0.966258 0.901933
vt 0.971117 0.902442
vt 0.844241 0.862329
vt 0.840011 0.859888
vt 0.835814 0.901933
vt 0.838664 0.915329
vt 0.834019 0.916837
vt 0.830956 0.902442
vt 0.964832 0.908631
vt 0.969586 0.909639
vt 0.852299 0.851249
vt 0.848670 0.847983
vt 0.957831 0.927841
vt 0.963407 0.915329
vt 0.968054 0.916837
vt 0.962062 0.930280
vt 0.857394 0.846667
vt 0.854144 0.843060
vt 0.953801 0.933381
vt 0.957733 0.936233
vt 0.874361 0.835237
vt 0.862488 0.842085
vt 0.859617 0.838136
vt 0.872375 0.830778
vt 0.939583 0.948085
vt 0.949772 0.938921
vt 0.953403 0.942186
vt 0.942456 0.952032
vt 0.880881 0.833121
vt 0.879380 0.828505
vt 0.927710 0.954933
vt 0.929698 0.959390
vt 0.901036 0.829573
vt 0.887401 0.831005
vt 0.886386 0.826231
vt 0.901037 0.824693
vt 0.914671 0.959165
vt 0.915687 0.963938
vt 0.914671 0.831005
vt 0.915687 0.826231
vt 0.907853 0.959881
vt 0.908362 0.964707
vt 0.927710 0.835237
vt 0.929698 0.830778
vt 0.887401 0.959165
vt 0.901036 0.960597
vt 0.901037 0.965476
vt 0.886386 0.963938
vt 0.933647 0.838661
vt 0.936077 0.834457
vt 0.880881 0.957049
vt 0.879381 0.961664
vt 0.949772 0.851249
vt 0.939583 0.842085
vt 0.942456 0.838136
vt 0.953403 0.847983
vt 0.862488 0.948085
vt 0.874361 0.954933
vt 0.872375 0.959391
vt 0.859617 0.952033
vt 0.953801 0.856789
vt 0.957733 0.853936
vt 0.852299 0.938921
vt 0.848670 0.942186
vt 0.957831 0.862329
vt 0.962062 0.859888
vt 0.835814 0.895085
vt 0.830956 0.895084
vt 0.458439 0.028451
vt 0.443770 0.028452
vt 0.443770 0.004405
vt 0.458439 0.004405
vt 0.228993 0.418162
vt 0.242657 0.418152
vt 0.242657 0.422678
vt 0.228993 0.422688
vt 0.906545 0.727974
vt 0.906596 0.733118
vt 0.902807 0.733121
vt 0.902755 0.727977
vt 0.214491 0.418167
vt 0.214491 0.422694
vt 0.906422 0.711357
vt 0.906493 0.722830
vt 0.902704 0.722832
vt 0.902633 0.711360
vt 0.207139 0.418167
vt 0.207139 0.422694
vt 0.906404 0.705279
vt 0.902615 0.705282
vt 0.185520 0.418162
vt 0.199786 0.418167
vt 0.199786 0.422694
vt 0.185521 0.422688
vt 0.906386 0.686894
vt 0.906386 0.699201
vt 0.902596 0.699204
vt 0.902596 0.686896
vt 0.178919 0.418157
vt 0.178919 0.422683
vt 0.906422 0.674972
vt 0.902633 0.674975
vt 0.160754 0.418137
vt 0.172317 0.418152
vt 0.172317 0.422678
vt 0.160754 0.422663
vt 0.176690 0.433857
vt 0.170186 0.433834
vt 0.170187 0.429307
vt 0.176691 0.429330
vt 0.906493 0.663958
vt 0.902704 0.663960
vt 0.906443 0.644483
vt 0.906486 0.653494
vt 0.902696 0.653493
vt 0.902654 0.644483
vt 0.197348 0.433908
vt 0.183194 0.433880
vt 0.183195 0.429353
vt 0.197349 0.429382
vt 0.906545 0.659145
vt 0.902755 0.659147
vt 0.906412 0.633923
vt 0.902622 0.633922
vt 0.212030 0.433918
vt 0.212032 0.429392
vt 0.158893 0.433772
vt 0.158894 0.429245
vt 0.906402 0.628098
vt 0.902613 0.628098
vt 0.226599 0.433908
vt 0.226600 0.429382
vt 0.906386 0.610045
vt 0.906393 0.622274
vt 0.902603 0.622273
vt 0.902596 0.610045
vt 0.233508 0.433894
vt 0.233509 0.429368
vt 0.906389 0.603908
vt 0.902600 0.603908
vt 0.252880 0.433834
vt 0.240417 0.433880
vt 0.240418 0.429353
vt 0.252881 0.429307
vt 0.906412 0.585989
vt 0.906393 0.597771
vt 0.902603 0.597771
vt 0.902622 0.585988
vt 0.258162 0.433803
vt 0.258163 0.429276
vt 0.254886 0.418137
vt 0.254887 0.422663
vt 0.973471 0.910490
vt 0.975088 0.902891
vt 0.986438 0.904083
vt 0.984573 0.912847
vt 0.975088 0.887355
vt 0.986438 0.886163
vt 0.971854 0.872158
vt 0.982708 0.868635
vt 0.965529 0.857965
vt 0.975412 0.852265
vt 0.960958 0.851680
vt 0.956387 0.845396
vt 0.964868 0.837768
vt 0.970140 0.845016
vt 0.944829 0.835000
vt 0.951537 0.825777
vt 0.938094 0.831116
vt 0.931360 0.827232
vt 0.936002 0.816817
vt 0.943769 0.821297
vt 0.916568 0.822431
vt 0.918941 0.811280
vt 0.901101 0.820807
vt 0.901101 0.809407
vt 0.885633 0.822431
vt 0.883260 0.811280
vt 0.878237 0.824831
vt 0.870841 0.827232
vt 0.866199 0.816817
vt 0.874730 0.814048
vt 0.857372 0.835000
vt 0.850664 0.825777
vt 0.851593 0.840198
vt 0.845814 0.845396
vt 0.837333 0.837767
vt 0.843999 0.831772
vt 0.836672 0.857965
vt 0.826789 0.852265
vt 0.830346 0.872158
vt 0.819493 0.868635
vt 0.827113 0.887355
vt 0.815763 0.886163
vt 0.827113 0.895123
vt 0.827113 0.902891
vt 0.815763 0.904083
vt 0.815763 0.895123
vt 0.830346 0.918088
vt 0.819493 0.921611
vt 0.833509 0.925185
vt 0.836672 0.932281
vt 0.826789 0.937981
vt 0.823141 0.929796
vt 0.845814 0.944850
vt 0.837333 0.952478
vt 0.857372 0.955246
vt 0.850664 0.964469
vt 0.870841 0.963014
vt 0.866199 0.973429
vt 0.878237 0.965415
vt 0.885633 0.967815
vt 0.883260 0.978966
vt 0.874730 0.976198
vt 0.901100 0.969439
vt 0.901100 0.980839
vt 0.908834 0.968627
vt 0.916568 0.967815
vt 0.918941 0.978966
vt 0.910020 0.979903
vt 0.931359 0.963014
vt 0.936001 0.973429
vt 0.944829 0.955246
vt 0.951537 0.964469
vt 0.956387 0.944850
vt 0.964868 0.952479
vt 0.960958 0.938566
vt 0.965528 0.932281
vt 0.975412 0.937981
vt 0.970140 0.945230
vt 0.971854 0.918088
vt 0.982708 0.921611
vt 0.868907 0.062213
vt 0.854237 0.062213
vt 0.854237 0.031395
vt 0.868907 0.031395
vt 0.869192 0.028448
vt 0.854523 0.028448
vt 0.854522 0.004401
vt 0.869192 0.004401
vt 0.502449 0.028451
vt 0.473109 0.028451
vt 0.473109 0.004405
vt 0.502449 0.004404
vt 0.033016 0.028454
vt 0.003677 0.028455
vt 0.003677 0.004408
vt 0.033016 0.004408
vt 0.517118 0.028451
vt 0.517118 0.004404
vt 0.062356 0.028454
vt 0.062356 0.004408
vt 0.561128 0.028451
vt 0.531788 0.028451
vt 0.531788 0.004404
vt 0.561128 0.004404
vt 0.091695 0.028454
vt 0.091695 0.004407
vt 0.590467 0.028450
vt 0.590467 0.004404
vt 0.106365 0.028454
vt 0.106365 0.004407
vt 0.619807 0.028450
vt 0.619807 0.004403
vt 0.150374 0.028454
vt 0.121035 0.028454
vt 0.121035 0.004407
vt 0.150374 0.004407
vt 0.634477 0.028450
vt 0.634476 0.004403
vt 0.165044 0.028454
vt 0.165044 0.004407
vt 0.678486 0.028450
vt 0.649146 0.028450
vt 0.649146 0.004403
vt 0.678486 0.004403
vt 0.209053 0.028453
vt 0.179714 0.028453
vt 0.179714 0.004407
vt 0.209053 0.004407
vt 0.693156 0.028449
vt 0.693155 0.004403
vt 0.238393 0.028453
vt 0.238393 0.004406
vt 0.737165 0.028449
vt 0.707825 0.028449
vt 0.707825 0.004403
vt 0.737165 0.004402
vt 0.341081 0.028452
vt 0.326412 0.028452
vt 0.326411 0.004406
vt 0.341081 0.004406
vt 0.267732 0.028453
vt 0.267732 0.004406
vt 0.766504 0.028449
vt 0.766504 0.004402
vt 0.385091 0.028452
vt 0.355751 0.028452
vt 0.355751 0.004406
vt 0.385090 0.004405
vt 0.282402 0.028453
vt 0.282402 0.004406
vt 0.795844 0.028448
vt 0.795844 0.004402
vt 0.414430 0.028452
vt 0.414430 0.004405
vt 0.297072 0.028453
vt 0.297072 0.004406
vt 0.810514 0.028448
vt 0.810513 0.004402
vt 0.825183 0.028448
vt 0.825183 0.004401
vt 0.952253 0.895671
vt 0.952253 0.890341
vt 0.962241 0.889292
vt 0.962241 0.895671
vt 0.950034 0.879912
vt 0.959586 0.876812
vt 0.945693 0.870173
vt 0.954391 0.865156
vt 0.939420 0.861548
vt 0.946884 0.854834
vt 0.935454 0.857981
vt 0.931489 0.854414
vt 0.937392 0.846297
vt 0.942138 0.850566
vt 0.922246 0.849083
vt 0.926331 0.839918
vt 0.917171 0.847436
vt 0.912096 0.845789
vt 0.914184 0.835975
vt 0.920257 0.837947
vt 0.901482 0.844674
vt 0.901482 0.834642
vt 0.890867 0.845789
vt 0.888779 0.835975
vt 0.880717 0.849083
vt 0.876632 0.839918
vt 0.876096 0.851749
vt 0.871474 0.854414
vt 0.865571 0.846297
vt 0.871101 0.843107
vt 0.863543 0.861548
vt 0.856079 0.854834
vt 0.860407 0.865860
vt 0.857270 0.870173
vt 0.848572 0.865156
vt 0.852326 0.859995
vt 0.852929 0.879912
vt 0.843377 0.876812
vt 0.850710 0.890341
vt 0.840722 0.889292
vt 0.850710 0.901002
vt 0.840722 0.902051
vt 0.851820 0.906216
vt 0.852929 0.911430
vt 0.843377 0.914531
vt 0.842049 0.908291
vt 0.857270 0.921170
vt 0.848572 0.926186
vt 0.860407 0.925482
vt 0.863543 0.929795
vt 0.856079 0.936508
vt 0.852326 0.931347
vt 0.871475 0.936929
vt 0.865571 0.945045
vt 0.880717 0.942259
vt 0.876632 0.951425
vt 0.890867 0.945554
vt 0.888779 0.955367
vt 0.896175 0.946111
vt 0.901482 0.946668
vt 0.901482 0.956701
vt 0.895130 0.956034
vt 0.912096 0.945554
vt 0.914184 0.955367
vt 0.917171 0.943906
vt 0.922246 0.942259
vt 0.926331 0.951425
vt 0.920257 0.953396
vt 0.931489 0.936929
vt 0.937392 0.945045
vt 0.939420 0.929795
vt 0.946884 0.936508
vt 0.945693 0.921170
vt 0.954391 0.926186
vt 0.947863 0.916300
vt 0.950034 0.911430
vt 0.959586 0.914531
vt 0.956988 0.920358
vt 0.952253 0.901002
vt 0.962241 0.902050
vt 0.501976 0.100796
vt 0.472637 0.100796
vt 0.472637 0.064761
vt 0.501976 0.064761
vt 0.502164 0.062212
vt 0.472825 0.062212
vt 0.472825 0.031394
vt 0.502164 0.031394
vt 0.032734 0.062210
vt 0.003394 0.062210
vt 0.003394 0.031393
vt 0.032734 0.031393
vt 0.516834 0.062212
vt 0.516834 0.031394
vt 0.062073 0.062210
vt 0.062073 0.031393
vt 0.560843 0.062212
vt 0.531503 0.062212
vt 0.531503 0.031394
vt 0.560843 0.031394
vt 0.091412 0.062210
vt 0.091413 0.031393
vt 0.590182 0.062212
vt 0.590182 0.031394
vt 0.106082 0.062210
vt 0.106082 0.031393
vt 0.619521 0.062212
vt 0.619522 0.031394
vt 0.150091 0.062210
vt 0.120752 0.062210
vt 0.120752 0.031393
vt 0.150091 0.031393
vt 0.634191 0.062212
vt 0.634191 0.031395
vt 0.164761 0.062210
vt 0.164761 0.031393
vt 0.678200 0.062212
vt 0.648861 0.062212
vt 0.648861 0.031395
vt 0.678200 0.031395
vt 0.208770 0.062211
vt 0.179430 0.062210
vt 0.179431 0.031393
vt 0.208770 0.031393
vt 0.692870 0.062212
vt 0.692870 0.031395
vt 0.238109 0.062211
vt 0.238109 0.031393
vt 0.736879 0.062213
vt 0.707540 0.062212
vt 0.707540 0.031395
vt 0.736879 0.031395
vt 0.340797 0.062211
vt 0.326128 0.062211
vt 0.326128 0.031393
vt 0.340797 0.031393
vt 0.267449 0.062211
vt 0.267449 0.031393
vt 0.766219 0.062213
vt 0.766219 0.031395
vt 0.384806 0.062211
vt 0.355467 0.062211
vt 0.355467 0.031393
vt 0.384806 0.031393
vt 0.282118 0.062211
vt 0.282118 0.031393
vt 0.795558 0.062213
vt 0.795558 0.031395
vt 0.414146 0.062211
vt 0.414146 0.031394
vt 0.296788 0.062211
vt 0.296788 0.031393
vt 0.810228 0.062213
vt 0.810228 0.031395
vt 0.443485 0.062211
vt 0.443485 0.031394
vt 0.824897 0.062213
vt 0.824898 0.031395
vt 0.458155 0.062211
vt 0.458155 0.031394
vt 0.904935 0.857559
vt 0.900945 0.857140
vt 0.900945 0.848845
vt 0.905799 0.849354
vt 0.892964 0.857978
vt 0.891237 0.849864
vt 0.885332 0.860455
vt 0.881954 0.852877
vt 0.878382 0.864463
vt 0.873501 0.857752
vt 0.875400 0.867145
vt 0.872418 0.869827
vt 0.866248 0.864277
vt 0.869874 0.861014
vt 0.867702 0.876312
vt 0.860510 0.872165
vt 0.866070 0.879974
vt 0.864438 0.883636
vt 0.856540 0.881073
vt 0.858525 0.876619
vt 0.862769 0.891477
vt 0.854511 0.890610
vt 0.862769 0.899493
vt 0.854511 0.900360
vt 0.864438 0.907335
vt 0.856540 0.909898
vt 0.866070 0.910996
vt 0.867702 0.914658
vt 0.860510 0.918805
vt 0.858525 0.914352
vt 0.872418 0.921143
vt 0.866248 0.926694
vt 0.875400 0.923825
vt 0.878382 0.926507
vt 0.873501 0.933218
vt 0.869874 0.929956
vt 0.885332 0.930516
vt 0.881954 0.938093
vt 0.892964 0.932993
vt 0.891237 0.941106
vt 0.900945 0.933831
vt 0.900945 0.942126
vt 0.904935 0.933412
vt 0.908926 0.932993
vt 0.910652 0.941106
vt 0.905799 0.941616
vt 0.916558 0.930516
vt 0.919935 0.938093
vt 0.920033 0.928512
vt 0.923508 0.926507
vt 0.928389 0.933218
vt 0.924162 0.935656
vt 0.929471 0.921143
vt 0.935642 0.926694
vt 0.934188 0.914658
vt 0.941380 0.918805
vt 0.937452 0.907335
vt 0.945350 0.909898
vt 0.938287 0.903414
vt 0.939121 0.899493
vt 0.947379 0.900360
vt 0.946364 0.905129
vt 0.939121 0.891477
vt 0.947379 0.890610
vt 0.938287 0.887556
vt 0.937452 0.883636
vt 0.945350 0.881073
vt 0.946364 0.885841
vt 0.934188 0.876312
vt 0.941380 0.872165
vt 0.929471 0.869827
vt 0.935642 0.864277
vt 0.923508 0.864463
vt 0.928389 0.857752
vt 0.920033 0.862459
vt 0.916558 0.860455
vt 0.919936 0.852877
vt 0.924162 0.855315
vt 0.908926 0.857978
vt 0.910652 0.849864
vt 0.032446 0.136241
vt 0.003107 0.136241
vt 0.003107 0.104326
vt 0.032446 0.104325
vt 0.032546 0.100796
vt 0.003207 0.100796
vt 0.003206 0.064761
vt 0.032546 0.064761
vt 0.516646 0.100796
vt 0.516646 0.064761
vt 0.061885 0.100796
vt 0.061885 0.064761
vt 0.560655 0.100796
vt 0.531315 0.100796
vt 0.531315 0.064761
vt 0.560655 0.064761
vt 0.091225 0.100796
vt 0.091225 0.064761
vt 0.589994 0.100796
vt 0.589994 0.064761
vt 0.105895 0.100796
vt 0.105895 0.064761
vt 0.619333 0.100796
vt 0.619333 0.064761
vt 0.149904 0.100796
vt 0.120564 0.100796
vt 0.120564 0.064761
vt 0.149904 0.064761
vt 0.634003 0.100796
vt 0.634003 0.064761
vt 0.164573 0.100796
vt 0.164573 0.064761
vt 0.678011 0.100796
vt 0.648672 0.100796
vt 0.648672 0.064761
vt 0.678011 0.064761
vt 0.208582 0.100796
vt 0.179243 0.100796
vt 0.179243 0.064761
vt 0.208582 0.064761
vt 0.692681 0.100796
vt 0.692681 0.064761
vt 0.237922 0.100796
vt 0.237922 0.064761
vt 0.736690 0.100796
vt 0.707350 0.100796
vt 0.707350 0.064761
vt 0.736690 0.064761
vt 0.340610 0.100796
vt 0.325941 0.100796
vt 0.325941 0.064761
vt 0.340610 0.064761
vt 0.267261 0.100796
vt 0.267261 0.064761
vt 0.766029 0.100796
vt 0.766029 0.064761
vt 0.384619 0.100796
vt 0.355280 0.100796
vt 0.355280 0.064761
vt 0.384619 0.064761
vt 0.281931 0.100796
vt 0.281931 0.064760
vt 0.795368 0.100796
vt 0.795368 0.064761
vt 0.413958 0.100796
vt 0.413958 0.064761
vt 0.296601 0.100796
vt 0.296601 0.064760
vt 0.810038 0.100796
vt 0.810038 0.064761
vt 0.443298 0.100796
vt 0.443298 0.064761
vt 0.854047 0.100796
vt 0.824707 0.100796
vt 0.824707 0.064761
vt 0.854047 0.064761
vt 0.457967 0.100796
vt 0.457967 0.064761
vt 0.868716 0.100796
vt 0.868716 0.064761
vt 0.922946 0.911540
vt 0.924620 0.909238
vt 0.930719 0.912755
vt 0.928612 0.915653
vt 0.926937 0.904038
vt 0.933636 0.906212
vt 0.928122 0.898471
vt 0.935127 0.899207
vt 0.928122 0.892780
vt 0.935127 0.892044
vt 0.927530 0.889996
vt 0.926937 0.887213
vt 0.933636 0.885039
vt 0.934381 0.888542
vt 0.924620 0.882013
vt 0.930720 0.878496
vt 0.922946 0.879711
vt 0.921271 0.877409
vt 0.926505 0.872701
vt 0.928612 0.875598
vt 0.917037 0.873601
vt 0.921177 0.867909
vt 0.912103 0.870755
vt 0.914968 0.864328
vt 0.906684 0.868996
vt 0.908149 0.862114
vt 0.903851 0.868699
vt 0.901018 0.868401
vt 0.901018 0.861366
vt 0.904583 0.861740
vt 0.895352 0.868996
vt 0.893888 0.862114
vt 0.892643 0.869876
vt 0.889933 0.870755
vt 0.887069 0.864328
vt 0.890478 0.863221
vt 0.884999 0.873601
vt 0.880859 0.867909
vt 0.880765 0.877409
vt 0.875531 0.872701
vt 0.877416 0.882013
vt 0.871317 0.878496
vt 0.876258 0.884613
vt 0.875099 0.887213
vt 0.868400 0.885039
vt 0.869859 0.881767
vt 0.873914 0.892780
vt 0.866910 0.892044
vt 0.873914 0.895626
vt 0.873914 0.898471
vt 0.866910 0.899207
vt 0.866910 0.895626
vt 0.875099 0.904038
vt 0.868400 0.906212
vt 0.877416 0.909238
vt 0.871317 0.912755
vt 0.880765 0.913842
vt 0.875531 0.918550
vt 0.882882 0.915746
vt 0.884999 0.917650
vt 0.880859 0.923342
vt 0.878195 0.920946
vt 0.889933 0.920496
vt 0.887069 0.926924
vt 0.892643 0.921376
vt 0.895352 0.922255
vt 0.893888 0.929137
vt 0.890478 0.928030
vt 0.901018 0.922850
vt 0.901018 0.929885
vt 0.906684 0.922255
vt 0.908149 0.929137
vt 0.912103 0.920496
vt 0.914968 0.926924
vt 0.914570 0.919073
vt 0.917037 0.917650
vt 0.921177 0.923342
vt 0.918072 0.925133
vt 0.921271 0.913842
vt 0.926505 0.918550
vt 0.061709 0.176283
vt 0.032370 0.176283
vt 0.032370 0.139995
vt 0.061709 0.139995
vt 0.516546 0.136240
vt 0.501877 0.136240
vt 0.501877 0.104325
vt 0.516546 0.104325
vt 0.061786 0.136241
vt 0.061786 0.104326
vt 0.560556 0.136240
vt 0.531216 0.136240
vt 0.531216 0.104325
vt 0.560556 0.104325
vt 0.091125 0.136241
vt 0.091125 0.104325
vt 0.589895 0.136241
vt 0.589895 0.104326
vt 0.105795 0.136241
vt 0.105795 0.104325
vt 0.619234 0.136240
vt 0.619234 0.104325
vt 0.149804 0.136241
vt 0.120465 0.136241
vt 0.120465 0.104326
vt 0.149804 0.104326
vt 0.633904 0.136240
vt 0.633904 0.104325
vt 0.164474 0.136241
vt 0.164474 0.104326
vt 0.677913 0.136240
vt 0.648574 0.136240
vt 0.648574 0.104325
vt 0.677913 0.104325
vt 0.208483 0.136241
vt 0.179144 0.136241
vt 0.179144 0.104326
vt 0.208483 0.104326
vt 0.692583 0.136240
vt 0.692582 0.104325
vt 0.237823 0.136241
vt 0.237823 0.104325
vt 0.736592 0.136240
vt 0.707252 0.136240
vt 0.707252 0.104325
vt 0.736592 0.104325
vt 0.340511 0.136241
vt 0.325841 0.136241
vt 0.325841 0.104326
vt 0.340511 0.104326
vt 0.267162 0.136241
vt 0.267162 0.104326
vt 0.765931 0.136240
vt 0.765931 0.104325
vt 0.384520 0.136241
vt 0.355181 0.136240
vt 0.355181 0.104326
vt 0.384520 0.104326
vt 0.281832 0.136241
vt 0.281832 0.104326
vt 0.795270 0.136240
vt 0.795270 0.104325
vt 0.413859 0.136240
vt 0.413859 0.104326
vt 0.296501 0.136241
vt 0.296501 0.104326
vt 0.809940 0.136240
vt 0.809940 0.104325
vt 0.443198 0.136241
vt 0.443198 0.104326
vt 0.853949 0.136240
vt 0.824609 0.136240
vt 0.824609 0.104325
vt 0.853949 0.104325
vt 0.457868 0.136240
vt 0.457868 0.104326
vt 0.868619 0.136240
vt 0.868618 0.104325
vt 0.472537 0.136240
vt 0.472537 0.104326
vt 0.809330 0.796257
vt 0.807376 0.794499
vt 0.812190 0.787879
vt 0.814781 0.790210
vt 0.802820 0.791871
vt 0.806151 0.784397
vt 0.797817 0.790248
vt 0.799520 0.782245
vt 0.792586 0.789698
vt 0.792586 0.781517
vt 0.789970 0.789973
vt 0.787354 0.790248
vt 0.785651 0.782245
vt 0.789119 0.781881
vt 0.782352 0.791871
vt 0.779020 0.784397
vt 0.780074 0.793185
vt 0.777796 0.794499
vt 0.772982 0.787880
vt 0.776001 0.786138
vt 0.773887 0.798015
vt 0.767800 0.792540
vt 0.770795 0.802266
vt 0.763702 0.798175
vt 0.768655 0.807066
vt 0.760866 0.804538
vt 0.768109 0.809636
vt 0.767562 0.812206
vt 0.759416 0.811351
vt 0.760141 0.807945
vt 0.767562 0.817461
vt 0.759416 0.818316
vt 0.768109 0.820031
vt 0.768656 0.822601
vt 0.760866 0.825129
vt 0.760141 0.821723
vt 0.770795 0.827401
vt 0.763702 0.831492
vt 0.773887 0.831652
vt 0.767800 0.837127
vt 0.777796 0.835168
vt 0.772982 0.841788
vt 0.780074 0.836482
vt 0.782352 0.837796
vt 0.779020 0.845270
vt 0.776001 0.843529
vt 0.787354 0.839419
vt 0.785652 0.847423
vt 0.789970 0.839694
vt 0.792586 0.839969
vt 0.792586 0.848151
vt 0.789119 0.847787
vt 0.797817 0.839419
vt 0.799520 0.847423
vt 0.802820 0.837796
vt 0.806152 0.845270
vt 0.807376 0.835168
vt 0.812190 0.841788
vt 0.809330 0.833410
vt 0.811285 0.831652
vt 0.817371 0.837127
vt 0.814781 0.839457
vt 0.814377 0.827401
vt 0.821470 0.831492
vt 0.815446 0.825001
vt 0.816516 0.822601
vt 0.824306 0.825129
vt 0.822888 0.828311
vt 0.817610 0.817461
vt 0.825756 0.818316
vt 0.817610 0.812206
vt 0.825756 0.811351
vt 0.816516 0.807066
vt 0.824306 0.804538
vt 0.815446 0.804666
vt 0.814377 0.802266
vt 0.821470 0.798175
vt 0.822888 0.801357
vt 0.811285 0.798015
vt 0.817371 0.792540
vt 0.879145 0.903291
vt 0.878638 0.900906
vt 0.878130 0.898522
vt 0.878130 0.893646
vt 0.878638 0.891261
vt 0.879145 0.888876
vt 0.881131 0.884422
vt 0.884000 0.880477
vt 0.887627 0.877215
vt 0.889741 0.875996
vt 0.891854 0.874777
vt 0.896496 0.873270
vt 0.898924 0.873015
vt 0.901351 0.872760
vt 0.906205 0.873270
vt 0.910847 0.874777
vt 0.915074 0.877215
vt 0.916888 0.878846
vt 0.918702 0.880477
vt 0.921571 0.884422
vt 0.922564 0.886649
vt 0.923556 0.888876
vt 0.924571 0.893646
vt 0.924571 0.898522
vt 0.923556 0.903291
vt 0.922564 0.905518
vt 0.921571 0.907745
vt 0.918702 0.911690
vt 0.916888 0.913321
vt 0.915074 0.914953
vt 0.910847 0.917391
vt 0.906205 0.918898
vt 0.901351 0.919407
vt 0.898924 0.919152
vt 0.896496 0.918898
vt 0.891854 0.917391
vt 0.889741 0.916172
vt 0.887627 0.914953
vt 0.883999 0.911690
vt 0.881131 0.907745
vt 0.560477 0.176284
vt 0.531137 0.176284
vt 0.531137 0.139995
vt 0.560477 0.139995
vt 0.091048 0.176284
vt 0.091048 0.139995
vt 0.589816 0.176284
vt 0.589816 0.139995
vt 0.105718 0.176284
vt 0.105718 0.139995
vt 0.619155 0.176284
vt 0.619155 0.139995
vt 0.149727 0.176284
vt 0.120388 0.176284
vt 0.120388 0.139995
vt 0.149727 0.139995
vt 0.633825 0.176284
vt 0.633825 0.139995
vt 0.164396 0.176284
vt 0.164396 0.139995
vt 0.677833 0.176284
vt 0.648494 0.176284
vt 0.648494 0.139995
vt 0.677833 0.139995
vt 0.208405 0.176284
vt 0.179066 0.176284
vt 0.179066 0.139995
vt 0.208405 0.139995
vt 0.692503 0.176284
vt 0.692503 0.139995
vt 0.237745 0.176284
vt 0.237745 0.139995
vt 0.736512 0.176284
vt 0.707173 0.176284
vt 0.707173 0.139995
vt 0.736512 0.139995
vt 0.340432 0.176284
vt 0.325763 0.176284
vt 0.325763 0.139995
vt 0.340432 0.139995
vt 0.267084 0.176284
vt 0.267084 0.139995
vt 0.765852 0.176284
vt 0.765852 0.139995
vt 0.384441 0.176284
vt 0.355102 0.176284
vt 0.355102 0.139996
vt 0.384441 0.139995
vt 0.281754 0.176284
vt 0.281754 0.139995
vt 0.795191 0.176284
vt 0.795191 0.139995
vt 0.413780 0.176284
vt 0.413780 0.139995
vt 0.296423 0.176284
vt 0.296423 0.139995
vt 0.809861 0.176284
vt 0.809861 0.139995
vt 0.443120 0.176284
vt 0.443120 0.139995
vt 0.853870 0.176283
vt 0.824531 0.176283
vt 0.824531 0.139995
vt 0.853870 0.139995
vt 0.457789 0.176284
vt 0.457789 0.139995
vt 0.868540 0.176283
vt 0.868540 0.139995
vt 0.501798 0.176284
vt 0.472459 0.176284
vt 0.472459 0.139995
vt 0.501798 0.139995
vt 0.003030 0.176283
vt 0.003031 0.139995
vt 0.516468 0.176284
vt 0.516468 0.139996
vt 0.350702 0.894148
vt 0.329921 0.885976
vt 0.351290 0.885976
vt 0.105085 0.894148
vt 0.126106 0.894148
vt 0.576919 0.894148
vt 0.598087 0.894148
vt 0.397640 0.894148
vt 0.407986 0.894148
vt 0.193685 0.894148
vt 0.212701 0.894148
vt 0.666450 0.894148
vt 0.676796 0.894148
vt 0.789923 0.833056
vt 0.796704 0.833768
vt 0.796704 0.837015
vt 0.789585 0.836268
vt 0.289049 0.894148
vt 0.786072 0.798489
vt 0.778214 0.801895
vt 0.776303 0.799268
vt 0.784455 0.795693
vt 0.555524 0.894148
vt 0.376619 0.894148
vt 0.172493 0.894148
vt 0.645429 0.894148
vt 0.466125 0.894148
vt 0.487171 0.894148
vt 0.260884 0.894148
vt 0.271230 0.894148
vt 0.056359 0.894148
vt 0.075485 0.894148
vt 0.530958 0.894148
vt 0.539436 0.894148
vt 0.808727 0.824643
vt 0.811500 0.818421
vt 0.814591 0.819424
vt 0.811680 0.825956
vt 0.151295 0.894148
vt 0.775040 0.819632
vt 0.776457 0.826294
vt 0.773366 0.827297
vt 0.771878 0.820303
vt 0.444968 0.894148
vt 0.239863 0.894148
vt 0.035187 0.894148
vt 0.509010 0.894148
vt 0.136452 0.894148
vt 0.619112 0.894148
vt 0.423561 0.894148
vt 0.806801 0.803424
vt 0.799537 0.798867
vt 0.801447 0.796240
vt 0.808964 0.801024
vt 0.013817 0.894148
vt 0.194050 0.885976
vt 0.172324 0.885976
vt 0.172198 0.880406
vt 0.194317 0.880406
vt 0.013380 0.885976
vt 0.034968 0.885976
vt 0.309764 0.885976
vt 0.666771 0.885976
vt 0.677475 0.885976
vt 0.288493 0.885976
vt 0.645173 0.885976
vt 0.261205 0.885976
vt 0.271909 0.885976
vt 0.727901 0.991904
vt 0.727880 0.984738
vt 0.733158 0.984734
vt 0.733180 0.991900
vt 0.239607 0.885976
vt 0.598221 0.885976
vt 0.619583 0.885976
vt 0.699968 0.988828
vt 0.697776 0.982312
vt 0.703055 0.982311
vt 0.705247 0.988828
vt 0.576521 0.885976
vt 0.213382 0.885976
vt 0.895412 0.396342
vt 0.895393 0.401845
vt 0.890868 0.401844
vt 0.890887 0.396341
vt 0.554862 0.885976
vt 0.466406 0.885976
vt 0.487799 0.885976
vt 0.531436 0.885976
vt 0.540297 0.885976
vt 0.150822 0.885976
vt 0.444745 0.885976
vt 0.508902 0.885976
vt 0.126427 0.885976
vt 0.137131 0.885976
vt 0.423130 0.885976
vt 0.104830 0.885976
vt 0.397960 0.885976
vt 0.408664 0.885976
vt 0.733173 0.948637
vt 0.731224 0.941401
vt 0.737968 0.941401
vt 0.738452 0.948637
vt 0.376363 0.885976
vt 0.056658 0.885976
vt 0.077598 0.885976
vt 0.732336 0.915459
vt 0.732367 0.920673
vt 0.727087 0.920672
vt 0.727057 0.915458
vt 0.034792 0.880406
vt 0.012455 0.880406
vt 0.011875 0.871789
vt 0.034512 0.871789
vt 0.466623 0.880406
vt 0.488778 0.880406
vt 0.531771 0.880406
vt 0.540930 0.880406
vt 0.149873 0.880406
vt 0.444571 0.880406
vt 0.508793 0.880406
vt 0.126666 0.880406
vt 0.137647 0.880406
vt 0.422212 0.880406
vt 0.104630 0.880406
vt 0.398199 0.880406
vt 0.409180 0.880406
vt 0.704163 0.838555
vt 0.707949 0.844431
vt 0.705184 0.846918
vt 0.701170 0.840728
vt 0.376163 0.880406
vt 0.056887 0.880406
vt 0.078591 0.880406
vt 0.724924 0.813600
vt 0.718009 0.811355
vt 0.718783 0.807720
vt 0.726067 0.810084
vt 0.330116 0.880406
vt 0.352247 0.880406
vt 0.309567 0.880406
vt 0.667010 0.880406
vt 0.677991 0.880406
vt 0.287482 0.880406
vt 0.644974 0.880406
vt 0.261444 0.880406
vt 0.272425 0.880406
vt 0.695470 0.856683
vt 0.702385 0.854438
vt 0.703899 0.857833
vt 0.696614 0.860198
vt 0.239408 0.880406
vt 0.598345 0.880406
vt 0.620462 0.880406
vt 0.703001 0.805762
vt 0.696530 0.811638
vt 0.693308 0.809779
vt 0.700007 0.803589
vt 0.576252 0.880406
vt 0.214403 0.880406
vt 0.721568 0.830490
vt 0.721568 0.823227
vt 0.725268 0.822839
vt 0.725268 0.830491
vt 0.553771 0.880406
vt 0.489447 0.871789
vt 0.466915 0.871789
vt 0.467120 0.865716
vt 0.490460 0.865716
vt 0.309259 0.871789
vt 0.330385 0.871789
vt 0.667371 0.871789
vt 0.678740 0.871789
vt 0.286897 0.871789
vt 0.644621 0.871789
vt 0.261805 0.871789
vt 0.273174 0.871789
vt 0.705329 0.893083
vt 0.705307 0.885533
vt 0.711248 0.885530
vt 0.711271 0.893079
vt 0.239055 0.871789
vt 0.598503 0.871789
vt 0.620967 0.871789
vt 0.695756 0.971892
vt 0.693564 0.965027
vt 0.699506 0.965026
vt 0.701698 0.971891
vt 0.575839 0.871789
vt 0.194685 0.871789
vt 0.215129 0.871789
vt 0.738817 0.900852
vt 0.738793 0.907615
vt 0.732851 0.907614
vt 0.732875 0.900850
vt 0.553066 0.871789
vt 0.171984 0.871789
vt 0.532238 0.871789
vt 0.541863 0.871789
vt 0.149361 0.871789
vt 0.444296 0.871789
vt 0.508547 0.871789
vt 0.127027 0.871789
vt 0.138397 0.871789
vt 0.421664 0.871789
vt 0.104277 0.871789
vt 0.398560 0.871789
vt 0.409930 0.871789
vt 0.715678 0.890122
vt 0.715193 0.882499
vt 0.721135 0.882500
vt 0.721619 0.890122
vt 0.375810 0.871789
vt 0.057194 0.871789
vt 0.079281 0.871789
vt 0.745074 0.915429
vt 0.745106 0.920922
vt 0.739164 0.920921
vt 0.739132 0.915428
vt 0.352885 0.871789
vt 0.330582 0.865716
vt 0.309074 0.865716
vt 0.308795 0.856268
vt 0.330823 0.856268
vt 0.532529 0.865716
vt 0.542446 0.865716
vt 0.148365 0.865716
vt 0.171852 0.865716
vt 0.444129 0.865716
vt 0.508376 0.865716
vt 0.127254 0.865716
vt 0.138909 0.865716
vt 0.420666 0.865716
vt 0.104043 0.865716
vt 0.398787 0.865716
vt 0.410442 0.865716
vt 0.729717 0.813504
vt 0.733731 0.819695
vt 0.730708 0.822413
vt 0.726444 0.815880
vt 0.375576 0.865716
vt 0.057410 0.865716
vt 0.080303 0.865716
vt 0.731749 0.790225
vt 0.724464 0.787860
vt 0.725310 0.783886
vt 0.732999 0.786381
vt 0.034340 0.865716
vt 0.353886 0.865716
vt 0.010837 0.865716
vt 0.667598 0.865716
vt 0.679252 0.865716
vt 0.285855 0.865716
vt 0.644387 0.865716
vt 0.262032 0.865716
vt 0.273687 0.865716
vt 0.695707 0.817473
vt 0.702992 0.815108
vt 0.704646 0.818820
vt 0.696957 0.821316
vt 0.238821 0.865716
vt 0.598630 0.865716
vt 0.621883 0.865716
vt 0.711889 0.797294
vt 0.705190 0.803484
vt 0.701667 0.801452
vt 0.708617 0.794918
vt 0.575583 0.865716
vt 0.194937 0.865716
vt 0.216182 0.865716
vt 0.740639 0.802880
vt 0.740639 0.795228
vt 0.744684 0.794803
vt 0.744684 0.802880
vt 0.551937 0.865716
vt 0.139541 0.856268
vt 0.127544 0.856268
vt 0.127692 0.843157
vt 0.140225 0.843145
vt 0.667888 0.856268
vt 0.679885 0.856268
vt 0.285401 0.856268
vt 0.643999 0.856268
vt 0.262322 0.856268
vt 0.274319 0.856268
vt 0.896087 0.621839
vt 0.896068 0.615167
vt 0.901526 0.615164
vt 0.901546 0.621835
vt 0.238433 0.856268
vt 0.598768 0.856268
vt 0.622290 0.856268
vt 0.896077 0.669928
vt 0.893884 0.663861
vt 0.899344 0.663861
vt 0.901536 0.669928
vt 0.575205 0.856268
vt 0.195236 0.856268
vt 0.216801 0.856268
vt 0.716552 0.813255
vt 0.716527 0.820394
vt 0.710007 0.820392
vt 0.710032 0.813253
vt 0.551350 0.856268
vt 0.171641 0.856268
vt 0.467360 0.856268
vt 0.491022 0.856268
vt 0.532906 0.856268
vt 0.543124 0.856268
vt 0.147950 0.856268
vt 0.443859 0.856268
vt 0.508078 0.856268
vt 0.420320 0.856268
vt 0.103656 0.856268
vt 0.399077 0.856268
vt 0.411074 0.856268
vt 0.694531 0.906586
vt 0.694047 0.898541
vt 0.700568 0.898541
vt 0.701052 0.906587
vt 0.375189 0.856268
vt 0.057654 0.856268
vt 0.080872 0.856268
vt 0.704985 0.824784
vt 0.705019 0.830582
vt 0.698499 0.830580
vt 0.698465 0.824783
vt 0.034075 0.856268
vt 0.354440 0.856268
vt 0.010368 0.856268
vt 0.668035 0.843157
vt 0.643809 0.843105
vt 0.643766 0.839697
vt 0.668002 0.839735
vt 0.418519 0.843332
vt 0.443555 0.843041
vt 0.103466 0.843105
vt 0.399225 0.843182
vt 0.411758 0.843170
vt 0.799595 0.822974
vt 0.802254 0.820143
vt 0.806277 0.823322
vt 0.802761 0.826485
vt 0.374999 0.843130
vt 0.057909 0.842996
vt 0.083187 0.843177
vt 0.783170 0.812407
vt 0.782289 0.816545
vt 0.777559 0.816048
vt 0.778543 0.811424
vt 0.033749 0.843136
vt 0.331138 0.843072
vt 0.356333 0.843400
vt 0.008685 0.843149
vt 0.307000 0.842906
vt 0.680569 0.843145
vt 0.281874 0.842842
vt 0.262470 0.843340
vt 0.275003 0.843329
vt 0.802354 0.811171
vt 0.800631 0.807306
vt 0.804751 0.804931
vt 0.806675 0.809249
vt 0.238244 0.843288
vt 0.601693 0.843057
vt 0.626701 0.843203
vt 0.786968 0.823086
vt 0.788438 0.825201
vt 0.788701 0.829542
vt 0.784603 0.827178
vt 0.577561 0.843189
vt 0.195556 0.842928
vt 0.220907 0.843285
vt 0.791302 0.805558
vt 0.787090 0.806001
vt 0.786101 0.801353
vt 0.790807 0.800859
vt 0.552274 0.843314
vt 0.171379 0.842981
vt 0.467651 0.843127
vt 0.492898 0.843395
vt 0.534344 0.843267
vt 0.545050 0.843281
vt 0.146324 0.842887
vt 0.507938 0.843173
vt 0.443512 0.839618
vt 0.418519 0.839661
vt 0.418867 0.836479
vt 0.443501 0.836513
vt 0.262437 0.839918
vt 0.274961 0.839630
vt 0.968942 0.678158
vt 0.968919 0.670703
vt 0.971022 0.670702
vt 0.971044 0.678156
vt 0.238200 0.839880
vt 0.601683 0.839619
vt 0.626701 0.839546
vt 0.720372 0.949327
vt 0.720378 0.941230
vt 0.722890 0.941230
vt 0.722884 0.949327
vt 0.577517 0.839747
vt 0.195563 0.839481
vt 0.220933 0.839566
vt 0.965515 0.434554
vt 0.965490 0.441392
vt 0.963338 0.441391
vt 0.963362 0.434554
vt 0.552294 0.839614
vt 0.171355 0.839533
vt 0.467659 0.839680
vt 0.492920 0.839696
vt 0.534319 0.839844
vt 0.545010 0.839575
vt 0.146369 0.839233
vt 0.507901 0.839770
vt 0.127659 0.839735
vt 0.140183 0.839446
vt 0.103422 0.839697
vt 0.399192 0.839760
vt 0.411716 0.839471
vt 0.968923 0.554014
vt 0.968928 0.546487
vt 0.971030 0.546487
vt 0.971026 0.554014
vt 0.374956 0.839722
vt 0.057899 0.839558
vt 0.083187 0.839466
vt 0.947725 0.448559
vt 0.947757 0.454112
vt 0.945604 0.454112
vt 0.945572 0.448559
vt 0.033711 0.839689
vt 0.331156 0.839627
vt 0.356366 0.839712
vt 0.008716 0.839492
vt 0.306985 0.839469
vt 0.680526 0.839446
vt 0.281928 0.839169
vt 0.274854 0.836391
vt 0.262426 0.836686
vt 0.262399 0.833981
vt 0.274777 0.833636
vt 0.103421 0.836589
vt 0.127648 0.836503
vt 0.399181 0.836528
vt 0.411609 0.836232
vt 0.748612 0.884505
vt 0.757636 0.884505
vt 0.757393 0.886819
vt 0.748612 0.886819
vt 0.374954 0.836614
vt 0.057897 0.836320
vt 0.082822 0.836242
vt 0.765238 0.902859
vt 0.757937 0.897549
vt 0.759492 0.895820
vt 0.766596 0.900987
vt 0.033704 0.836569
vt 0.331178 0.836405
vt 0.356007 0.836315
vt 0.009088 0.836325
vt 0.307002 0.836354
vt 0.667991 0.836502
vt 0.680420 0.836207
vt 0.282321 0.835990
vt 0.643764 0.836589
vt 0.750975 0.916354
vt 0.753764 0.924946
vt 0.751490 0.925430
vt 0.748776 0.917069
vt 0.238199 0.836772
vt 0.601672 0.836519
vt 0.626316 0.836182
vt 0.734329 0.795511
vt 0.725737 0.792722
vt 0.726683 0.790598
vt 0.735044 0.793312
vt 0.577503 0.836512
vt 0.195573 0.836254
vt 0.220563 0.836142
vt 0.703182 0.889882
vt 0.695881 0.895192
vt 0.694718 0.893177
vt 0.701823 0.888010
vt 0.552663 0.836404
vt 0.171360 0.836412
vt 0.467670 0.836455
vt 0.492549 0.836290
vt 0.534314 0.836611
vt 0.544905 0.836331
vt 0.146753 0.836069
vt 0.507904 0.836666
vt 0.140076 0.836207
vt 0.274693 0.830625
vt 0.262371 0.830880
vt 0.262938 0.477605
vt 0.274736 0.477612
vt 0.711520 0.951161
vt 0.711494 0.942497
vt 0.713477 0.942496
vt 0.713503 0.951160
vt 0.238214 0.833990
vt 0.601657 0.833817
vt 0.626282 0.833466
vt 0.746210 0.951372
vt 0.746216 0.943493
vt 0.748199 0.943493
vt 0.748193 0.951372
vt 0.577505 0.833721
vt 0.195565 0.833539
vt 0.220545 0.833383
vt 0.709152 0.943020
vt 0.709124 0.950782
vt 0.707141 0.950781
vt 0.707169 0.943019
vt 0.552697 0.833489
vt 0.171368 0.833623
vt 0.467663 0.833744
vt 0.492528 0.833544
vt 0.534292 0.833906
vt 0.544829 0.833574
vt 0.146804 0.833188
vt 0.443496 0.833730
vt 0.507923 0.833887
vt 0.127621 0.833798
vt 0.139999 0.833453
vt 0.418885 0.833587
vt 0.103436 0.833807
vt 0.399155 0.833823
vt 0.411532 0.833478
vt 0.741463 0.908989
vt 0.741467 0.900240
vt 0.743450 0.900240
vt 0.743446 0.908989
vt 0.374969 0.833832
vt 0.057885 0.833610
vt 0.082809 0.833488
vt 0.762431 0.970123
vt 0.762468 0.976427
vt 0.760485 0.976426
vt 0.760448 0.970122
vt 0.033701 0.833780
vt 0.331182 0.833697
vt 0.355995 0.833576
vt 0.009128 0.833442
vt 0.307021 0.833567
vt 0.667965 0.833797
vt 0.680342 0.833452
vt 0.282378 0.833097
vt 0.643779 0.833807
vt 0.495773 0.830537
vt 0.507954 0.830908
vt 0.495669 0.833507
vt 0.467652 0.830665
vt 0.492163 0.830369
vt 0.443502 0.830759
vt 0.419220 0.830624
vt 0.761483 0.936123
vt 0.756449 0.929202
vt 0.758061 0.927752
vt 0.763229 0.934856
vt 0.374997 0.830849
vt 0.399126 0.830722
vt 0.362797 0.830486
vt 0.362694 0.833461
vt 0.331183 0.830622
vt 0.355642 0.830408
vt 0.307053 0.830593
vt 0.282753 0.830138
vt 0.693806 0.793366
vt 0.698840 0.786445
vt 0.700719 0.787529
vt 0.695552 0.794633
vt 0.238242 0.831007
vt 0.226042 0.830644
vt 0.225939 0.833619
vt 0.195551 0.830453
vt 0.220180 0.830192
vt 0.171385 0.830649
vt 0.147170 0.830239
vt 0.740674 0.805495
vt 0.748819 0.808139
vt 0.748368 0.810259
vt 0.740007 0.807545
vt 0.103464 0.830824
vt 0.127593 0.830697
vt 0.091264 0.830461
vt 0.091161 0.833436
vt 0.057867 0.830529
vt 0.082450 0.830301
vt 0.033708 0.830806
vt 0.009483 0.830490
vt 0.740057 0.928302
vt 0.740057 0.936857
vt 0.737899 0.937084
vt 0.737899 0.928302
vt 0.643808 0.830824
vt 0.667936 0.830697
vt 0.631607 0.830461
vt 0.631504 0.833436
vt 0.601641 0.830751
vt 0.625908 0.830327
vt 0.577519 0.830741
vt 0.553051 0.830504
vt 0.756593 0.907296
vt 0.753950 0.899151
vt 0.755930 0.898268
vt 0.758644 0.906629
vt 0.534267 0.830805
vt 0.042924 0.429207
vt 0.034474 0.429207
vt 0.034474 0.181250
vt 0.042924 0.181250
vt 0.239338 0.477558
vt 0.601155 0.478842
vt 0.624671 0.478784
vt 0.087174 0.429207
vt 0.079490 0.429207
vt 0.079490 0.181250
vt 0.087174 0.181250
vt 0.577637 0.478846
vt 0.195606 0.477887
vt 0.219176 0.477841
vt 0.111389 0.429207
vt 0.103819 0.429207
vt 0.103819 0.181250
vt 0.111389 0.181250
vt 0.553370 0.478823
vt 0.172035 0.477879
vt 0.466732 0.478337
vt 0.490287 0.478234
vt 0.544747 0.830560
vt 0.535125 0.477679
vt 0.545066 0.477696
vt 0.147718 0.477841
vt 0.443176 0.478387
vt 0.509338 0.477614
vt 0.139915 0.830442
vt 0.128158 0.477422
vt 0.139956 0.477429
vt 0.418872 0.478411
vt 0.104558 0.477374
vt 0.411448 0.830467
vt 0.399690 0.477447
vt 0.411487 0.477454
vt 0.011011 0.429207
vt 0.002479 0.429207
vt 0.002479 0.181250
vt 0.011011 0.181250
vt 0.376090 0.477399
vt 0.057229 0.478181
vt 0.080789 0.478092
vt 0.052604 0.429207
vt 0.046456 0.429207
vt 0.046456 0.181250
vt 0.052604 0.181250
vt 0.033667 0.478218
vt 0.332808 0.478613
vt 0.356336 0.478683
vt 0.009360 0.478226
vt 0.309278 0.478490
vt 0.680258 0.830441
vt 0.668498 0.477422
vt 0.680296 0.477429
vt 0.285003 0.478334
vt 0.644899 0.477374
vt 0.632715 0.477336
vt 0.749303 0.898161
vt 0.741488 0.894678
vt 0.742365 0.892706
vt 0.750387 0.896282
vt 0.631413 0.836327
vt 0.631328 0.839536
vt 0.631282 0.843231
vt 0.632105 0.856268
vt 0.632749 0.865716
vt 0.633292 0.871789
vt 0.633967 0.880406
vt 0.634433 0.885976
vt 0.634946 0.894148
vt 0.635246 0.898620
vt 0.713186 0.969668
vt 0.713206 0.976183
vt 0.705138 0.976189
vt 0.705118 0.969674
vt 0.636213 0.975386
vt 0.063552 0.429207
vt 0.056400 0.429207
vt 0.056400 0.181250
vt 0.063552 0.181250
vt 0.711794 0.990847
vt 0.711721 0.983513
vt 0.713704 0.983512
vt 0.713777 0.990845
vt 0.755893 0.912867
vt 0.761932 0.919580
vt 0.760214 0.921129
vt 0.754338 0.914596
vt 0.969177 0.712303
vt 0.969114 0.705993
vt 0.971217 0.705992
vt 0.971280 0.712301
vt 0.804226 0.818238
vt 0.804226 0.814008
vt 0.808957 0.814008
vt 0.808957 0.818735
vt 0.896298 0.652396
vt 0.896242 0.646750
vt 0.901701 0.646746
vt 0.901757 0.652393
vt 0.729648 0.826426
vt 0.737265 0.827225
vt 0.736842 0.831244
vt 0.728802 0.830400
vt 0.705568 0.927662
vt 0.705504 0.921272
vt 0.711445 0.921268
vt 0.711509 0.927658
vt 0.789874 0.810135
vt 0.797105 0.810894
vt 0.796718 0.814570
vt 0.789101 0.813770
vt 0.747199 0.976434
vt 0.747138 0.970369
vt 0.752417 0.970365
vt 0.752477 0.976430
vt 0.774640 0.809643
vt 0.773223 0.816305
vt 0.770061 0.815634
vt 0.771549 0.808640
vt 0.674254 0.991028
vt 0.715435 0.871266
vt 0.715435 0.864663
vt 0.718437 0.864663
vt 0.718437 0.871581
vt 0.991239 0.296185
vt 0.945632 0.296215
vt 0.945582 0.291263
vt 0.991190 0.291233
vt 0.092375 0.477336
vt 0.704967 0.782848
vt 0.711331 0.788572
vt 0.709887 0.790174
vt 0.703354 0.784298
vt 0.091070 0.836327
vt 0.090985 0.839536
vt 0.090939 0.843230
vt 0.091762 0.856268
vt 0.092405 0.865716
vt 0.092948 0.871789
vt 0.093623 0.880406
vt 0.094089 0.885976
vt 0.094602 0.894148
vt 0.094902 0.898620
vt 0.883210 0.176283
vt 0.883209 0.139995
vt 0.883288 0.136240
vt 0.883288 0.104325
vt 0.883386 0.100797
vt 0.883386 0.064761
vt 0.883862 0.028447
vt 0.883862 0.004401
vt 0.883576 0.062213
vt 0.883576 0.031395
vt 0.703757 0.955721
vt 0.704013 0.962300
vt 0.695944 0.962299
vt 0.695688 0.955721
vt 0.095868 0.975386
vt 0.031810 0.429207
vt 0.023713 0.429207
vt 0.023713 0.181250
vt 0.031810 0.181250
vt 0.746146 0.909145
vt 0.746132 0.900841
vt 0.748115 0.900842
vt 0.748129 0.909145
vt 0.751760 0.937880
vt 0.748085 0.929636
vt 0.750199 0.928696
vt 0.753775 0.936718
vt 0.968951 0.590827
vt 0.968939 0.583683
vt 0.971042 0.583683
vt 0.971054 0.590827
vt 0.695336 0.931597
vt 0.695323 0.923961
vt 0.701844 0.923962
vt 0.701856 0.931598
vt 0.793303 0.825238
vt 0.797330 0.823931
vt 0.798792 0.828425
vt 0.794292 0.829885
vt 0.725099 0.798517
vt 0.726692 0.806002
vt 0.722735 0.806842
vt 0.721054 0.798942
vt 0.715706 0.927403
vt 0.715694 0.920168
vt 0.721636 0.920169
vt 0.721648 0.927404
vt 0.732810 0.928252
vt 0.734322 0.935357
vt 0.730703 0.936125
vt 0.729110 0.928641
vt 0.740582 0.963723
vt 0.740571 0.956856
vt 0.745850 0.956856
vt 0.745862 0.963724
vt 0.797310 0.796718
vt 0.790529 0.797430
vt 0.790191 0.794218
vt 0.797310 0.793471
vt 0.133909 0.991028
vt 0.726970 0.852236
vt 0.733257 0.850195
vt 0.734185 0.853047
vt 0.727598 0.855185
vt 0.960504 0.406304
vt 0.914893 0.406300
vt 0.914883 0.400693
vt 0.960495 0.400697
vt 0.227155 0.477519
vt 0.694152 0.800526
vt 0.701568 0.796248
vt 0.702648 0.798115
vt 0.695034 0.802506
vt 0.225848 0.836510
vt 0.225763 0.839719
vt 0.225717 0.843414
vt 0.226540 0.856268
vt 0.227183 0.865716
vt 0.227726 0.871789
vt 0.228401 0.880406
vt 0.228867 0.885976
vt 0.229380 0.894148
vt 0.229680 0.898620
vt 0.763838 0.944441
vt 0.763833 0.950366
vt 0.755764 0.950366
vt 0.755769 0.944442
vt 0.230646 0.975386
vt 0.100117 0.429207
vt 0.091559 0.429207
vt 0.091559 0.181250
vt 0.100117 0.181250
vt 0.746305 0.790161
vt 0.737321 0.791104
vt 0.737079 0.788805
vt 0.745822 0.787887
vt 0.746198 0.993827
vt 0.746198 0.985052
vt 0.748181 0.985052
vt 0.748181 0.993827
vt 0.720360 0.992957
vt 0.720359 0.983939
vt 0.722871 0.983939
vt 0.722871 0.992957
vt 0.784277 0.818454
vt 0.784829 0.821876
vt 0.781001 0.824654
vt 0.778220 0.820830
vt 0.898005 0.702618
vt 0.896068 0.695861
vt 0.901527 0.695861
vt 0.903464 0.702618
vt 0.725154 0.793752
vt 0.716583 0.797578
vt 0.714560 0.794078
vt 0.723500 0.790040
vt 0.729673 0.964590
vt 0.727736 0.956944
vt 0.733677 0.956944
vt 0.735615 0.964590
vt 0.719435 0.803055
vt 0.711201 0.806687
vt 0.709351 0.803486
vt 0.717922 0.799660
vt 0.738192 0.992567
vt 0.736254 0.985309
vt 0.741534 0.985309
vt 0.743471 0.992567
vt 0.813438 0.813277
vt 0.808727 0.807055
vt 0.811680 0.805741
vt 0.816529 0.812274
vt 0.268687 0.991028
vt 0.722776 0.863046
vt 0.726662 0.868388
vt 0.724233 0.870151
vt 0.720162 0.864553
vt 0.992025 0.331263
vt 0.944476 0.331266
vt 0.944476 0.325341
vt 0.990088 0.325338
vt 0.363906 0.477361
vt 0.745306 0.937325
vt 0.743526 0.928957
vt 0.745637 0.928509
vt 0.747464 0.937099
vt 0.362603 0.836352
vt 0.362518 0.839561
vt 0.362472 0.843256
vt 0.363295 0.856268
vt 0.363939 0.865716
vt 0.364482 0.871789
vt 0.365156 0.880406
vt 0.365622 0.885976
vt 0.366135 0.894148
vt 0.366435 0.898620
vt 0.263444 0.433772
vt 0.263445 0.429245
vt 0.979577 0.167928
vt 0.981040 0.167929
vt 0.703087 0.936263
vt 0.703059 0.931523
vt 0.711128 0.931524
vt 0.711156 0.936265
vt 0.367402 0.975386
vt 0.075002 0.429207
vt 0.066960 0.429207
vt 0.066960 0.181250
vt 0.075002 0.181250
vt 0.765380 0.982283
vt 0.765398 0.990529
vt 0.763414 0.990529
vt 0.763397 0.982283
vt 0.767224 0.912659
vt 0.758396 0.910780
vt 0.758877 0.908517
vt 0.767467 0.910344
vt 0.763776 0.954813
vt 0.763793 0.963287
vt 0.761282 0.963287
vt 0.761264 0.954813
vt 0.786029 0.806906
vt 0.783540 0.810329
vt 0.779712 0.807551
vt 0.782494 0.803727
vt 0.715333 0.823468
vt 0.715349 0.831052
vt 0.708828 0.831050
vt 0.708813 0.823467
vt 0.734619 0.805830
vt 0.728927 0.800710
vt 0.731634 0.797707
vt 0.737642 0.803111
vt 0.744964 0.882606
vt 0.744979 0.889791
vt 0.739037 0.889790
vt 0.739022 0.882605
vt 0.736637 0.815387
vt 0.731233 0.810528
vt 0.733709 0.807781
vt 0.739402 0.812901
vt 0.732232 0.884302
vt 0.732246 0.891122
vt 0.726967 0.891121
vt 0.726952 0.884301
vt 0.801129 0.832225
vt 0.806196 0.827668
vt 0.808358 0.830068
vt 0.803039 0.834852
vt 0.707354 0.862676
vt 0.703468 0.868018
vt 0.701040 0.866256
vt 0.705111 0.860659
vt 0.405443 0.991028
vt 0.914875 0.407325
vt 0.960486 0.407336
vt 0.960497 0.412904
vt 0.914886 0.412893
vt 0.497159 0.477567
vt 0.761386 0.894226
vt 0.762280 0.885709
vt 0.764424 0.885934
vt 0.763506 0.894677
vt 0.495577 0.836393
vt 0.495491 0.839595
vt 0.495444 0.843280
vt 0.496266 0.856268
vt 0.496882 0.865716
vt 0.497350 0.871789
vt 0.497871 0.880406
vt 0.498220 0.885976
vt 0.498563 0.894148
vt 0.498753 0.898620
vt 0.715391 0.936328
vt 0.715412 0.930491
vt 0.723481 0.930493
vt 0.723460 0.936330
vt 0.501164 0.975386
vt 0.020264 0.429207
vt 0.013573 0.429207
vt 0.013573 0.181250
vt 0.020264 0.181250
vt 0.754096 0.963620
vt 0.754169 0.956759
vt 0.756152 0.956757
vt 0.756079 0.963618
vt 0.701459 0.885182
vt 0.694018 0.890301
vt 0.692709 0.888395
vt 0.699950 0.883414
vt 0.969051 0.627477
vt 0.969114 0.621574
vt 0.971217 0.621572
vt 0.971154 0.627476
vt 0.797491 0.806037
vt 0.793464 0.804730
vt 0.794926 0.800236
vt 0.799426 0.801697
vt 0.896186 0.576483
vt 0.896242 0.571200
vt 0.901701 0.571196
vt 0.901644 0.576479
vt 0.713395 0.787161
vt 0.716511 0.780171
vt 0.720206 0.781815
vt 0.716918 0.789193
vt 0.704277 0.905703
vt 0.704341 0.899725
vt 0.710283 0.899721
vt 0.710219 0.905699
vt 0.717668 0.843143
vt 0.720626 0.836508
vt 0.724006 0.838011
vt 0.720890 0.845001
vt 0.693555 0.982249
vt 0.693616 0.976575
vt 0.698895 0.976571
vt 0.698834 0.982246
vt 0.780166 0.828591
vt 0.786071 0.831997
vt 0.784455 0.834793
vt 0.778256 0.831218
vt 0.906596 0.654332
vt 0.902807 0.654334
vt 0.986674 0.095031
vt 0.985211 0.095032
vt 0.537541 0.991028
vt 0.702132 0.851937
vt 0.695846 0.849897
vt 0.696773 0.847045
vt 0.703360 0.849183
vt 0.991140 0.312924
vt 0.945533 0.312954
vt 0.945582 0.308321
vt 0.991190 0.308291
vt 0.898978 0.398645
vt 0.898978 0.399124
vt 0.896344 0.399373
vt 0.896344 0.398872
vt 0.140976 0.351297
vt 0.125432 0.352481
vt 0.116219 0.252571
vt 0.133947 0.251220
vt 0.688677 0.357474
vt 0.679504 0.357428
vt 0.669664 0.341527
vt 0.688689 0.341617
vt 0.347551 0.386499
vt 0.354090 0.385924
vt 0.356024 0.386825
vt 0.347640 0.387542
vt 0.948821 0.429128
vt 0.948821 0.429813
vt 0.946187 0.430064
vt 0.946187 0.429348
vt 0.464844 0.356717
vt 0.457496 0.356832
vt 0.449766 0.341069
vt 0.464662 0.340832
vt 0.912253 0.311238
vt 0.911745 0.311160
vt 0.912135 0.308756
vt 0.912643 0.308834
vt 0.211202 0.391026
vt 0.216980 0.390437
vt 0.218716 0.391332
vt 0.211309 0.392067
vt 0.855516 0.372946
vt 0.855516 0.373489
vt 0.852881 0.373738
vt 0.852881 0.373171
vt 0.163937 0.350314
vt 0.149840 0.351314
vt 0.141904 0.251375
vt 0.158022 0.250231
vt 0.626666 0.357693
vt 0.617051 0.357776
vt 0.606686 0.341947
vt 0.626529 0.341778
vt 0.995441 0.442416
vt 0.995441 0.442990
vt 0.992605 0.442991
vt 0.992605 0.442417
vt 0.373434 0.384687
vt 0.380410 0.384189
vt 0.382449 0.385113
vt 0.373505 0.385730
vt 0.755899 0.983437
vt 0.755899 0.982706
vt 0.758972 0.982415
vt 0.758972 0.983178
vt 0.713993 0.358078
vt 0.705824 0.357902
vt 0.697198 0.341779
vt 0.714287 0.342144
vt 0.382593 0.387229
vt 0.373643 0.387756
vt 0.128448 0.394727
vt 0.133934 0.394287
vt 0.135556 0.395228
vt 0.128523 0.395771
vt 0.855516 0.359441
vt 0.855516 0.360044
vt 0.852881 0.360295
vt 0.852881 0.359665
vt 0.751166 0.356778
vt 0.742071 0.356705
vt 0.732708 0.340796
vt 0.751304 0.340946
vt 0.268416 0.388718
vt 0.276486 0.388758
vt 0.276478 0.390879
vt 0.268409 0.390748
vt 0.303687 0.386890
vt 0.310428 0.386660
vt 0.312357 0.387662
vt 0.303716 0.387936
vt 0.898977 0.412095
vt 0.898977 0.412816
vt 0.896344 0.412817
vt 0.896344 0.412064
vt 0.698777 0.241468
vt 0.718298 0.241885
vt 0.660300 0.356796
vt 0.650946 0.356964
vt 0.640792 0.341299
vt 0.660038 0.340955
vt 0.245081 0.389115
vt 0.251997 0.388540
vt 0.254050 0.389440
vt 0.245165 0.390159
vt 0.852881 0.381871
vt 0.852881 0.381320
vt 0.855516 0.381319
vt 0.855516 0.381895
vt 0.532795 0.340234
vt 0.518690 0.340234
vt 0.516729 0.240001
vt 0.532816 0.240001
vt 0.593017 0.358377
vt 0.583513 0.358325
vt 0.573514 0.342372
vt 0.593101 0.342479
vt 0.617925 0.385226
vt 0.626902 0.385155
vt 0.626919 0.387186
vt 0.617943 0.387347
vt 0.398984 0.384565
vt 0.405855 0.384373
vt 0.407804 0.385388
vt 0.399013 0.385612
vt 0.852881 0.361678
vt 0.852881 0.361153
vt 0.855516 0.361153
vt 0.855516 0.361701
vt 0.499691 0.357744
vt 0.491070 0.357645
vt 0.482226 0.341773
vt 0.499921 0.341976
vt 0.491240 0.385105
vt 0.499290 0.385205
vt 0.499260 0.387235
vt 0.491209 0.387226
vt 0.268420 0.387671
vt 0.274748 0.387686
vt 0.855516 0.379973
vt 0.855516 0.380461
vt 0.852881 0.380460
vt 0.852881 0.379950
vt 0.823626 0.561947
vt 0.824202 0.561964
vt 0.820484 0.692920
vt 0.819878 0.692902
vt 0.533019 0.356168
vt 0.526184 0.356168
vt 0.939903 0.439739
vt 0.939839 0.433325
vt 0.941249 0.431410
vt 0.941304 0.439739
vt 0.896344 0.400852
vt 0.896344 0.400231
vt 0.898977 0.400232
vt 0.898977 0.400880
vt 0.586554 0.466872
vt 0.586571 0.467889
vt 0.430025 0.470528
vt 0.430007 0.469461
vt 0.554873 0.357081
vt 0.546353 0.356756
vt 0.538035 0.340529
vt 0.555598 0.341199
vt 0.178311 0.391297
vt 0.184607 0.390740
vt 0.186520 0.391642
vt 0.178399 0.392340
vt 0.134099 0.367803
vt 0.126567 0.368377
vt 0.713602 0.379229
vt 0.708297 0.379235
vt 0.072875 0.460592
vt 0.072825 0.461327
vt 0.047708 0.468677
vt 0.047749 0.468073
vt 0.241668 0.346993
vt 0.261324 0.345416
vt 0.252468 0.362022
vt 0.242948 0.362785
vt 0.660651 0.377948
vt 0.654496 0.378179
vt 0.586446 0.460628
vt 0.586428 0.459558
vt 0.610949 0.461774
vt 0.610964 0.462654
vt 0.206890 0.348944
vt 0.223235 0.347338
vt 0.216443 0.363967
vt 0.208509 0.364747
vt 0.465085 0.377870
vt 0.460172 0.378067
vt 0.382273 0.437632
vt 0.382210 0.436773
vt 0.407393 0.445173
vt 0.407445 0.445879
vt 0.397817 0.342270
vt 0.417154 0.341800
vt 0.407666 0.357929
vt 0.398255 0.358161
vt 0.592904 0.379532
vt 0.586648 0.379618
vt 0.859268 0.559633
vt 0.858576 0.559621
vt 0.857759 0.538914
vt 0.858328 0.538924
vt 0.302544 0.344659
vt 0.321577 0.344071
vt 0.312226 0.360199
vt 0.302972 0.360485
vt 0.750982 0.377932
vt 0.744959 0.378004
vt 0.708628 0.439634
vt 0.708576 0.438778
vt 0.733536 0.443900
vt 0.733578 0.444603
vt 0.268563 0.345485
vt 0.286122 0.345590
vt 0.277141 0.361305
vt 0.268510 0.361254
vt 0.499382 0.378896
vt 0.493706 0.378952
vt 0.733065 0.560584
vt 0.732473 0.560555
vt 0.727641 0.539729
vt 0.728128 0.539752
vt 0.370551 0.342451
vt 0.390304 0.341104
vt 0.381213 0.357677
vt 0.371635 0.358330
vt 0.626848 0.378847
vt 0.620525 0.379023
vt 0.960942 0.562632
vt 0.960259 0.562632
vt 0.961008 0.541874
vt 0.961569 0.541874
vt 0.157573 0.366741
vt 0.150890 0.367217
vt 0.533315 0.377319
vt 0.528817 0.377439
vt 0.526918 0.436688
vt 0.526968 0.436163
vt 0.552878 0.427628
vt 0.552838 0.428059
vt 0.343951 0.344377
vt 0.362433 0.342812
vt 0.354280 0.359417
vt 0.345301 0.360177
vt 0.688661 0.378627
vt 0.682669 0.378715
vt 0.818132 0.561788
vt 0.817565 0.561772
vt 0.814835 0.540890
vt 0.815301 0.540903
vt 0.174750 0.349130
vt 0.192891 0.347587
vt 0.184798 0.364233
vt 0.176088 0.364974
vt 0.553908 0.378212
vt 0.548294 0.378119
vt 0.781041 0.716165
vt 0.781732 0.716138
vt 0.776400 0.737217
vt 0.775833 0.737240
vt 0.253554 0.245308
vt 0.231060 0.247113
vt 0.236025 0.185655
vt 0.262970 0.183493
vt 0.226446 0.452734
vt 0.226516 0.453682
vt 0.131286 0.447311
vt 0.131203 0.446175
vt 0.660855 0.240516
vt 0.638839 0.240910
vt 0.623804 0.180306
vt 0.650176 0.179834
vt 0.185004 0.247566
vt 0.164263 0.249329
vt 0.168047 0.187901
vt 0.192891 0.185789
vt 0.354643 0.242778
vt 0.333510 0.244567
vt 0.337119 0.183119
vt 0.362433 0.180976
vt 0.335415 0.470035
vt 0.335393 0.468756
vt 0.562231 0.241062
vt 0.542177 0.240297
vt 0.532381 0.178999
vt 0.556403 0.179916
vt 0.690664 0.241303
vt 0.668891 0.241202
vt 0.655552 0.180221
vt 0.681632 0.180343
vt 0.319864 0.243749
vt 0.298084 0.244423
vt 0.305291 0.183231
vt 0.331380 0.182424
vt 0.738192 0.560834
vt 0.738804 0.560864
vt 0.733075 0.691919
vt 0.732432 0.691888
vt 0.966669 0.562632
vt 0.967330 0.562632
vt 0.967362 0.693689
vt 0.966669 0.693689
vt 0.776180 0.716355
vt 0.775483 0.716383
vt 0.769936 0.585499
vt 0.770668 0.585470
vt 0.709009 0.445965
vt 0.709056 0.446747
vt 0.552824 0.455390
vt 0.552775 0.454569
vt 0.483252 0.241313
vt 0.503542 0.241546
vt 0.605852 0.241575
vt 0.628501 0.241383
vt 0.266692 0.245006
vt 0.286806 0.245128
vt 0.360890 0.242504
vt 0.383433 0.240966
vt 0.864866 0.559728
vt 0.865623 0.559741
vt 0.863936 0.690601
vt 0.863142 0.690588
vt 0.382659 0.442906
vt 0.382726 0.443810
vt 0.732654 0.240455
vt 0.753920 0.240627
vt 0.526446 0.441689
vt 0.526397 0.442205
vt 0.370723 0.427646
vt 0.370774 0.427105
vt 0.073224 0.455466
vt 0.073273 0.454737
vt 0.229474 0.463418
vt 0.229422 0.464182
vt 0.572800 0.242127
vt 0.595167 0.242250
vt 0.448619 0.240702
vt 0.465603 0.240432
vt 0.393521 0.242118
vt 0.415595 0.241583
vt 0.194495 0.249304
vt 0.213168 0.247470
vt 0.983439 0.373575
vt 0.983193 0.337427
vt 0.983984 0.337427
vt 0.983984 0.373575
vt 0.976029 0.376889
vt 0.976392 0.413037
vt 0.975223 0.413037
vt 0.975223 0.376889
vt 0.985772 0.376889
vt 0.986036 0.413037
vt 0.985185 0.413037
vt 0.985185 0.376888
vt 0.885288 0.414807
vt 0.884975 0.378659
vt 0.885982 0.378659
vt 0.885982 0.414807
vt 0.985459 0.337427
vt 0.985737 0.373575
vt 0.984843 0.373575
vt 0.984843 0.337427
vt 0.913172 0.374023
vt 0.915653 0.337874
vt 0.916765 0.337874
vt 0.913938 0.374023
vt 0.968419 0.337427
vt 0.965896 0.373575
vt 0.964919 0.373575
vt 0.967745 0.337427
vt 0.921057 0.337874
vt 0.918504 0.374022
vt 0.917624 0.374022
vt 0.920450 0.337874
vt 0.901062 0.337874
vt 0.898477 0.374023
vt 0.897700 0.374023
vt 0.900526 0.337874
vt 0.968787 0.376889
vt 0.966277 0.413037
vt 0.965261 0.413037
vt 0.968087 0.376889
vt 0.437049 0.180025
vt 0.457393 0.179702
vt 0.865623 0.770171
vt 0.864672 0.770155
vt 0.196552 0.187957
vt 0.218919 0.185760
vt 0.559862 0.181076
vt 0.586656 0.181223
vt 0.968080 0.773077
vt 0.967250 0.773077
vt 0.400547 0.180958
vt 0.426988 0.180317
vt 0.590613 0.180877
vt 0.617743 0.180646
vt 0.738804 0.771747
vt 0.738033 0.771710
vt 0.366936 0.181124
vt 0.393940 0.179282
vt 0.471343 0.180295
vt 0.495648 0.180574
vt 0.324765 0.454737
vt 0.324702 0.455653
vt 0.275601 0.184181
vt 0.299694 0.184326
vt 0.687395 0.180356
vt 0.710778 0.180855
vt 0.274463 0.434359
vt 0.274525 0.433711
vt 0.119740 0.191272
vt 0.140976 0.189653
vt 0.506017 0.179086
vt 0.525287 0.179086
vt 0.457637 0.453997
vt 0.457577 0.453013
vt 0.144630 0.190104
vt 0.163937 0.188734
vt 0.720347 0.179408
vt 0.745820 0.179613
vt 0.824202 0.772729
vt 0.823477 0.772707
vt 0.773878 0.505656
vt 0.774755 0.505621
vt 0.553850 0.379491
vt 0.547651 0.379248
vt 0.183551 0.385691
vt 0.177868 0.386054
vt 0.775579 0.765080
vt 0.775051 0.765100
vt 0.713578 0.380509
vt 0.707694 0.380375
vt 0.133040 0.389220
vt 0.128074 0.389478
vt 0.014487 0.469612
vt 0.014525 0.469050
vt 0.688660 0.379907
vt 0.682022 0.379865
vt 0.353023 0.380875
vt 0.347103 0.381256
vt 0.814614 0.513065
vt 0.815047 0.513077
vt 0.533333 0.378599
vt 0.528359 0.378592
vt 0.156593 0.388139
vt 0.152284 0.388325
vt 0.586270 0.427410
vt 0.586232 0.427811
vt 0.626859 0.380129
vt 0.619866 0.380183
vt 0.379388 0.379126
vt 0.373076 0.379436
vt 0.961247 0.514102
vt 0.961770 0.514102
vt 0.499363 0.380177
vt 0.493091 0.380098
vt 0.274169 0.382562
vt 0.268438 0.382409
vt 0.727087 0.511897
vt 0.727539 0.511920
vt 0.750970 0.379213
vt 0.744325 0.379152
vt 0.309639 0.381562
vt 0.303545 0.381630
vt 0.766759 0.444083
vt 0.766798 0.444737
vt 0.592898 0.380812
vt 0.585983 0.380767
vt 0.405056 0.379271
vt 0.398839 0.379305
vt 0.857845 0.511155
vt 0.858373 0.511164
vt 0.465100 0.379151
vt 0.459691 0.379228
vt 0.215900 0.385398
vt 0.210666 0.385791
vt 0.440651 0.446270
vt 0.440699 0.446927
vt 0.660672 0.379229
vt 0.653865 0.379343
vt 0.250910 0.383491
vt 0.244656 0.383870
vt 0.644063 0.462116
vt 0.644077 0.462934
vt 0.626893 0.384110
vt 0.619892 0.384149
vt 0.380132 0.380233
vt 0.373163 0.380715
vt 0.961198 0.512593
vt 0.961728 0.512593
vt 0.533388 0.382580
vt 0.528409 0.382559
vt 0.890272 0.323363
vt 0.896123 0.323543
vt 0.896700 0.325086
vt 0.890269 0.325075
vt 0.587982 0.428310
vt 0.587943 0.428717
vt 0.499305 0.384158
vt 0.493025 0.384065
vt 0.274754 0.383719
vt 0.268433 0.383689
vt 0.727543 0.510411
vt 0.728002 0.510434
vt 0.750936 0.383195
vt 0.744282 0.383119
vt 0.310313 0.382695
vt 0.303580 0.382910
vt 0.768533 0.443547
vt 0.768573 0.444211
vt 0.688657 0.383889
vt 0.682010 0.383832
vt 0.353745 0.381971
vt 0.347212 0.382532
vt 0.814882 0.511572
vt 0.815322 0.511585
vt 0.553668 0.383469
vt 0.547462 0.383210
vt 0.184265 0.386787
vt 0.177976 0.387330
vt 0.776049 0.766561
vt 0.775513 0.766582
vt 0.713505 0.384490
vt 0.707613 0.384342
vt 0.133645 0.390330
vt 0.128165 0.390755
vt 0.012712 0.468938
vt 0.012750 0.468368
vt 0.660738 0.383210
vt 0.653923 0.383310
vt 0.251668 0.384587
vt 0.244759 0.385147
vt 0.645872 0.461920
vt 0.645886 0.462750
vt 0.465146 0.383132
vt 0.459730 0.383195
vt 0.216568 0.386491
vt 0.210796 0.387065
vt 0.442415 0.445501
vt 0.442464 0.446168
vt 0.592876 0.384794
vt 0.585953 0.384735
vt 0.405737 0.380408
vt 0.398874 0.380585
vt 0.857945 0.509647
vt 0.858482 0.509656
vt 0.906232 0.308649
vt 0.905746 0.308649
vt 0.905654 0.305785
vt 0.906156 0.305785
vt 0.583985 0.387906
vt 0.592860 0.387871
vt 0.592814 0.390404
vt 0.582569 0.390391
vt 0.211516 0.394087
vt 0.218932 0.393442
vt 0.220358 0.395807
vt 0.211798 0.396604
vt 0.989264 0.442827
vt 0.989264 0.442236
vt 0.458306 0.386400
vt 0.465181 0.386209
vt 0.465517 0.388740
vt 0.457283 0.388910
vt 0.245329 0.392183
vt 0.254221 0.391554
vt 0.255838 0.393925
vt 0.245577 0.394700
vt 0.545665 0.384203
vt 0.553621 0.384514
vt 0.553528 0.386543
vt 0.545568 0.386322
vt 0.742427 0.384165
vt 0.750927 0.384241
vt 0.750909 0.386272
vt 0.742409 0.386286
vt 0.186699 0.393756
vt 0.178570 0.394364
vt 0.312414 0.389782
vt 0.303771 0.389966
vt 0.940291 0.323303
vt 0.940649 0.323228
vt 0.941221 0.326005
vt 0.940863 0.326081
vt 0.934532 0.323304
vt 0.935038 0.323228
vt 0.935492 0.326027
vt 0.934985 0.326103
vt 0.583997 0.385785
vt 0.592871 0.385841
vt 0.458281 0.384279
vt 0.465158 0.384179
vt 0.407863 0.387508
vt 0.399069 0.387641
vt 0.019689 0.443660
vt 0.019689 0.444527
vt 0.016381 0.444520
vt 0.016381 0.443652
vt 0.986189 0.444321
vt 0.986188 0.443850
vt 0.989023 0.443850
vt 0.989024 0.444321
vt 0.527021 0.383619
vt 0.533403 0.383627
vt 0.533431 0.385657
vt 0.527050 0.385740
vt 0.705872 0.385366
vt 0.713485 0.385537
vt 0.713448 0.387567
vt 0.705833 0.387487
vt 0.944088 0.431410
vt 0.944021 0.439739
vt 0.135707 0.397343
vt 0.128668 0.397796
vt 0.995378 0.435087
vt 0.995441 0.435575
vt 0.992629 0.435941
vt 0.992566 0.435453
vt 0.906233 0.311085
vt 0.905746 0.311085
vt 0.652020 0.384405
vt 0.660755 0.384257
vt 0.660789 0.386287
vt 0.652056 0.386526
vt 0.680099 0.384885
vt 0.688656 0.384935
vt 0.688655 0.386966
vt 0.680098 0.387006
vt 0.900704 0.311165
vt 0.900214 0.311108
vt 0.900489 0.308688
vt 0.900979 0.308745
vt 0.356204 0.388938
vt 0.347813 0.389565
vt 0.985460 0.424342
vt 0.985460 0.423746
vt 0.988296 0.423751
vt 0.988296 0.424347
vt 0.905653 0.303136
vt 0.906155 0.303136
vt 0.592802 0.392648
vt 0.582556 0.392698
vt 0.220593 0.398102
vt 0.212027 0.398837
vt 0.986180 0.442829
vt 0.986180 0.442237
vt 0.465543 0.390985
vt 0.457309 0.391217
vt 0.256025 0.396224
vt 0.245758 0.396937
vt 0.409313 0.389966
vt 0.399089 0.390182
vt 0.626885 0.389715
vt 0.616542 0.389851
vt 0.989214 0.435543
vt 0.989149 0.435040
vt 0.384177 0.389620
vt 0.373852 0.390280
vt 0.499195 0.389767
vt 0.489900 0.389704
vt 0.934999 0.329504
vt 0.934477 0.329582
vt 0.277723 0.393379
vt 0.268215 0.393283
vt 0.713058 0.390095
vt 0.704548 0.389953
vt 0.940599 0.329526
vt 0.940230 0.329604
vt 0.136997 0.399745
vt 0.128874 0.400321
vt 0.533435 0.388189
vt 0.526076 0.388232
vt 0.991638 0.422969
vt 0.991638 0.423584
vt 0.926597 0.304335
vt 0.918981 0.304335
vt 0.917780 0.301233
vt 0.926986 0.301159
vt 0.750995 0.388806
vt 0.741059 0.388768
vt 0.992344 0.444333
vt 0.992345 0.444818
vt 0.900055 0.305768
vt 0.900559 0.305827
vt 0.313848 0.392231
vt 0.303881 0.392496
vt 0.688367 0.389505
vt 0.678721 0.389492
vt 0.553408 0.389072
vt 0.544196 0.388764
vt 0.012462 0.444871
vt 0.012462 0.443976
vt 0.357743 0.391310
vt 0.348121 0.392081
vt 0.188221 0.396128
vt 0.179043 0.396866
vt 0.660881 0.388818
vt 0.650715 0.389043
vt 0.911584 0.305750
vt 0.912107 0.305830
vt 0.727797 0.505237
vt 0.728257 0.505259
vt 0.961197 0.507414
vt 0.961728 0.507414
vt 0.896700 0.330389
vt 0.890262 0.330398
vt 0.594137 0.428939
vt 0.594099 0.429347
vt 0.815047 0.506395
vt 0.815487 0.506408
vt 0.776274 0.771737
vt 0.775738 0.771758
vt 0.006535 0.468581
vt 0.006574 0.468010
vt 0.652058 0.461825
vt 0.652073 0.462656
vt 0.448589 0.445097
vt 0.448638 0.445764
vt 0.858032 0.504467
vt 0.858569 0.504477
vt 0.774710 0.443179
vt 0.774750 0.443844
vt 0.678716 0.396551
vt 0.688362 0.396501
vt 0.688361 0.397043
vt 0.678715 0.397093
vt 0.741000 0.395611
vt 0.750935 0.395586
vt 0.750929 0.396345
vt 0.740993 0.396370
vt 0.926850 0.292405
vt 0.917643 0.292400
vt 0.917633 0.291722
vt 0.926840 0.291726
vt 0.915826 0.451760
vt 0.911055 0.450171
vt 0.911125 0.449712
vt 0.915799 0.451219
vt 0.409377 0.392272
vt 0.399151 0.392425
vt 0.626904 0.391960
vt 0.616562 0.392158
vt 0.986156 0.435941
vt 0.986091 0.435439
vt 0.384334 0.391921
vt 0.374005 0.392520
vt 0.499162 0.392011
vt 0.489866 0.392010
vt 0.935492 0.332548
vt 0.934970 0.332626
vt 0.277715 0.395686
vt 0.268208 0.395527
vt 0.713017 0.392339
vt 0.704506 0.392259
vt 0.941221 0.332547
vt 0.940852 0.332625
vt 0.137161 0.402046
vt 0.129034 0.402559
vt 0.533467 0.390433
vt 0.526108 0.390539
vt 0.994722 0.422975
vt 0.994722 0.423589
vt 0.917735 0.298346
vt 0.926943 0.298351
vt 0.750975 0.391051
vt 0.741039 0.391075
vt 0.995428 0.444333
vt 0.995429 0.444818
vt 0.900353 0.303136
vt 0.900858 0.303195
vt 0.313911 0.394537
vt 0.303942 0.394740
vt 0.688365 0.391749
vt 0.678719 0.391799
vt 0.553306 0.391314
vt 0.544091 0.391069
vt 0.008865 0.444862
vt 0.008865 0.443968
vt 0.357939 0.393608
vt 0.348312 0.394317
vt 0.188415 0.398427
vt 0.179231 0.399103
vt 0.660918 0.391062
vt 0.650753 0.391350
vt 0.912007 0.303136
vt 0.912531 0.303215
vt 0.926528 0.137316
vt 0.932872 0.142221
vt 0.935717 0.145189
vt 0.937138 0.147850
vt 0.937478 0.149987
vt 0.937106 0.152117
vt 0.935732 0.154570
vt 0.932929 0.157413
vt 0.926609 0.162241
vt 0.918148 0.167086
vt 0.911701 0.169961
vt 0.905433 0.171181
vt 0.890688 0.167953
vt 0.890688 0.131725
vt 0.905463 0.128505
vt 0.911683 0.129587
vt 0.918062 0.132330
vt 0.903502 0.427622
vt 0.903198 0.427368
vt 0.910498 0.423090
vt 0.910572 0.423591
vt 0.897966 0.431819
vt 0.897698 0.431634
vt 0.895443 0.434299
vt 0.895146 0.434140
vt 0.893821 0.438629
vt 0.894174 0.440610
vt 0.893850 0.440719
vt 0.893481 0.438608
vt 0.895435 0.443069
vt 0.897920 0.445746
vt 0.897651 0.445932
vt 0.895139 0.443206
vt 0.903433 0.449891
vt 0.903126 0.450144
vt 0.910489 0.453886
vt 0.910412 0.454388
vt 0.915859 0.425469
vt 0.915830 0.426009
vt 0.911186 0.427759
vt 0.911118 0.427300
vt 0.179642 0.403958
vt 0.188825 0.403282
vt 0.188861 0.403703
vt 0.179677 0.404379
vt 0.246111 0.401300
vt 0.256378 0.400587
vt 0.256452 0.401502
vt 0.246186 0.402215
vt 0.457359 0.395593
vt 0.465593 0.395361
vt 0.465603 0.396279
vt 0.457370 0.396511
vt 0.399276 0.396959
vt 0.409502 0.396806
vt 0.409523 0.397564
vt 0.399297 0.397717
vt 0.616600 0.396520
vt 0.626942 0.396321
vt 0.626949 0.397254
vt 0.616608 0.397453
vt 0.894533 0.451241
vt 0.890171 0.449348
vt 0.890252 0.448743
vt 0.894491 0.450531
vt 0.268193 0.399889
vt 0.277700 0.400048
vt 0.277697 0.400981
vt 0.268190 0.400822
vt 0.704416 0.397131
vt 0.712927 0.397211
vt 0.712919 0.397633
vt 0.704408 0.397553
vt 0.894342 0.424537
vt 0.894310 0.425246
vt 0.889905 0.426642
vt 0.889805 0.426038
vt 0.906607 0.223440
vt 0.892068 0.220247
vt 0.892068 0.184433
vt 0.906636 0.181268
vt 0.912277 0.182304
vt 0.918121 0.184967
vt 0.926724 0.190456
vt 0.933139 0.194978
vt 0.935941 0.197823
vt 0.937362 0.200190
vt 0.937794 0.202284
vt 0.937483 0.204266
vt 0.936118 0.206924
vt 0.933404 0.209996
vt 0.927200 0.214834
vt 0.918861 0.219998
vt 0.912664 0.222535
vt 0.924784 0.449539
vt 0.931767 0.453713
vt 0.931677 0.454243
vt 0.924462 0.449789
vt 0.919345 0.445347
vt 0.919061 0.445543
vt 0.916904 0.442759
vt 0.916592 0.442918
vt 0.915336 0.438455
vt 0.914976 0.438476
vt 0.915426 0.436314
vt 0.915760 0.436432
vt 0.917099 0.433999
vt 0.916794 0.433851
vt 0.919348 0.431074
vt 0.919624 0.431284
vt 0.924915 0.427140
vt 0.925227 0.427403
vt 0.932326 0.422341
vt 0.932395 0.422875
vt 0.906718 0.118030
vt 0.892245 0.114835
vt 0.892245 0.078889
vt 0.906807 0.075741
vt 0.913140 0.076994
vt 0.919673 0.079888
vt 0.928099 0.084745
vt 0.934392 0.089648
vt 0.937030 0.092253
vt 0.938506 0.094684
vt 0.938876 0.096659
vt 0.938523 0.098768
vt 0.936987 0.101364
vt 0.934293 0.104103
vt 0.927951 0.109051
vt 0.919487 0.114006
vt 0.913000 0.116844
vt 0.957451 0.449193
vt 0.964571 0.453269
vt 0.964513 0.453664
vt 0.957209 0.449384
vt 0.951922 0.444929
vt 0.951708 0.445060
vt 0.949522 0.442588
vt 0.949286 0.442712
vt 0.947740 0.438170
vt 0.947472 0.438181
vt 0.947862 0.436129
vt 0.948119 0.436219
vt 0.949513 0.433754
vt 0.949277 0.433644
vt 0.951661 0.431148
vt 0.951875 0.431279
vt 0.957136 0.426872
vt 0.957380 0.427062
vt 0.964424 0.422624
vt 0.964485 0.423020
vt 0.907256 0.275515
vt 0.892591 0.272309
vt 0.892591 0.236230
vt 0.907284 0.233024
vt 0.912600 0.233880
vt 0.918119 0.236372
vt 0.926721 0.241280
vt 0.933182 0.246098
vt 0.935800 0.248651
vt 0.937498 0.251059
vt 0.937901 0.253065
vt 0.937648 0.255187
vt 0.936052 0.257873
vt 0.933552 0.260716
vt 0.927362 0.265988
vt 0.919073 0.271531
vt 0.913088 0.274352
vt 0.862879 0.448052
vt 0.869836 0.452578
vt 0.869755 0.453034
vt 0.862598 0.448269
vt 0.857477 0.443546
vt 0.857230 0.443688
vt 0.855269 0.441155
vt 0.854997 0.441289
vt 0.853551 0.436727
vt 0.853238 0.436732
vt 0.853652 0.434672
vt 0.853941 0.434780
vt 0.855524 0.432358
vt 0.855261 0.432226
vt 0.857601 0.429784
vt 0.857839 0.429939
vt 0.863205 0.425575
vt 0.863475 0.425807
vt 0.870617 0.421271
vt 0.870674 0.421732
vt 0.882609 0.448795
vt 0.889698 0.452877
vt 0.889621 0.453452
vt 0.882266 0.449077
vt 0.877018 0.444808
vt 0.876715 0.445030
vt 0.874432 0.442362
vt 0.874097 0.442550
vt 0.872786 0.438037
vt 0.872389 0.438063
vt 0.872750 0.435995
vt 0.873120 0.436107
vt 0.874312 0.433634
vt 0.873972 0.433487
vt 0.876481 0.430614
vt 0.876791 0.430829
vt 0.881903 0.426481
vt 0.882255 0.426753
vt 0.889126 0.421943
vt 0.889221 0.422517
vt 0.875194 0.424289
vt 0.875161 0.424808
vt 0.871199 0.426038
vt 0.871145 0.425593
vt 0.874867 0.450697
vt 0.870516 0.448757
vt 0.870594 0.448317
vt 0.874846 0.450180
vt 0.969938 0.425283
vt 0.969913 0.425760
vt 0.965132 0.427262
vt 0.965070 0.426859
vt 0.969972 0.451346
vt 0.965135 0.449436
vt 0.965194 0.449034
vt 0.969946 0.450870
vt 0.937242 0.425113
vt 0.937205 0.425728
vt 0.932943 0.427124
vt 0.932875 0.426595
vt 0.936994 0.451758
vt 0.932397 0.450025
vt 0.932487 0.449500
vt 0.936968 0.451145
vt 0.259877 0.400417
vt 0.259606 0.396415
vt 0.262803 0.396834
vt 0.262970 0.400159
vt 0.933169 0.307109
vt 0.932939 0.313945
vt 0.928488 0.314191
vt 0.930255 0.307350
vt 0.933426 0.301276
vt 0.931457 0.301537
vt 0.933432 0.297834
vt 0.931733 0.297951
vt 0.933693 0.293134
vt 0.933682 0.295192
vt 0.932183 0.295174
vt 0.932194 0.293117
vt 0.435137 0.396072
vt 0.435139 0.394796
vt 0.437698 0.394591
vt 0.437760 0.396076
vt 0.442733 0.393703
vt 0.442826 0.395903
vt 0.449091 0.392399
vt 0.449243 0.395755
vt 0.453537 0.395737
vt 0.453559 0.396581
vt 0.449275 0.396459
vt 0.891105 0.062929
vt 0.891105 0.026768
vt 0.905990 0.023569
vt 0.911980 0.024669
vt 0.918113 0.027414
vt 0.926484 0.032622
vt 0.932727 0.037388
vt 0.935510 0.040360
vt 0.936808 0.042810
vt 0.937163 0.044887
vt 0.936767 0.047066
vt 0.935338 0.049724
vt 0.932420 0.052674
vt 0.925994 0.057302
vt 0.917417 0.062391
vt 0.911530 0.065130
vt 0.905845 0.066199
vt 0.231685 0.401583
vt 0.227521 0.401915
vt 0.227271 0.398414
vt 0.231480 0.398777
vt 0.236772 0.401126
vt 0.236624 0.399200
vt 0.239008 0.400840
vt 0.238873 0.399122
vt 0.648015 0.395954
vt 0.645527 0.395958
vt 0.645350 0.392474
vt 0.647885 0.391816
vt 0.642685 0.396115
vt 0.642545 0.393322
vt 0.969399 0.428811
vt 0.969071 0.431374
vt 0.963508 0.432558
vt 0.963852 0.428824
vt 0.972397 0.428920
vt 0.972068 0.431213
vt 0.975742 0.428793
vt 0.975412 0.430815
vt 0.974496 0.430805
vt 0.974826 0.428782
vt 0.736728 0.395653
vt 0.736722 0.396346
vt 0.732374 0.396128
vt 0.732379 0.395555
vt 0.726694 0.395553
vt 0.726753 0.393280
vt 0.732412 0.392132
vt 0.722373 0.395591
vt 0.722450 0.394081
vt 0.720360 0.395543
vt 0.720439 0.394229
vt 0.853196 0.339493
vt 0.854748 0.339451
vt 0.854796 0.341501
vt 0.853244 0.341543
vt 0.853311 0.334717
vt 0.853224 0.331777
vt 0.855272 0.332002
vt 0.855082 0.334806
vt 0.426970 0.396335
vt 0.423027 0.396410
vt 0.422927 0.394112
vt 0.426866 0.394809
vt 0.417729 0.396553
vt 0.417634 0.393097
vt 0.413644 0.396755
vt 0.417745 0.397132
vt 0.413663 0.397451
vt 0.571943 0.397025
vt 0.571981 0.394428
vt 0.575734 0.393668
vt 0.575719 0.396888
vt 0.567742 0.397144
vt 0.567802 0.395361
vt 0.853007 0.351171
vt 0.855144 0.350959
vt 0.855310 0.353366
vt 0.852916 0.353572
vt 0.325053 0.398654
vt 0.321098 0.398590
vt 0.321014 0.395389
vt 0.324960 0.396071
vt 0.329586 0.398699
vt 0.329489 0.396925
vt 0.331380 0.398642
vt 0.331280 0.397055
vt 0.852905 0.347900
vt 0.852931 0.347022
vt 0.854812 0.346803
vt 0.854785 0.347682
vt 0.479594 0.396100
vt 0.479695 0.393662
vt 0.483839 0.392921
vt 0.483751 0.395991
vt 0.474649 0.396197
vt 0.474761 0.394523
vt 0.472732 0.396174
vt 0.472848 0.394677
vt 0.974459 0.447084
vt 0.974794 0.445332
vt 0.975619 0.445385
vt 0.975285 0.447138
vt 0.971026 0.446736
vt 0.968284 0.446573
vt 0.968653 0.444336
vt 0.971378 0.444742
vt 0.963156 0.446096
vt 0.963611 0.442832
vt 0.393940 0.395539
vt 0.390499 0.395587
vt 0.390258 0.392507
vt 0.393719 0.393094
vt 0.281377 0.400166
vt 0.285278 0.400155
vt 0.285284 0.400870
vt 0.281378 0.401024
vt 0.291365 0.400239
vt 0.285251 0.396815
vt 0.291304 0.398060
vt 0.296102 0.400340
vt 0.296018 0.398927
vt 0.298159 0.400370
vt 0.298084 0.399105
vt 0.863980 0.320610
vt 0.863994 0.322505
vt 0.862501 0.322503
vt 0.862488 0.320608
vt 0.863764 0.315637
vt 0.862064 0.315761
vt 0.861787 0.312891
vt 0.863696 0.312641
vt 0.860565 0.307144
vt 0.863510 0.306867
vt 0.858838 0.300785
vt 0.863349 0.300442
vt 0.612948 0.396665
vt 0.612950 0.397526
vt 0.609558 0.397410
vt 0.609562 0.396689
vt 0.912543 0.292408
vt 0.906735 0.292619
vt 0.906709 0.292112
vt 0.912524 0.291791
vt 0.898835 0.292744
vt 0.906955 0.297067
vt 0.899055 0.295687
vt 0.892354 0.292799
vt 0.892580 0.294723
vt 0.889277 0.292855
vt 0.889450 0.294576
vt 0.840307 0.393672
vt 0.840343 0.391887
vt 0.842239 0.391965
vt 0.842202 0.393751
vt 0.840378 0.399411
vt 0.842542 0.399363
vt 0.842695 0.403189
vt 0.840262 0.403365
vt 0.843821 0.410901
vt 0.840102 0.411073
vt 0.845449 0.419701
vt 0.839839 0.419896
vt 0.839498 0.425937
vt 0.838725 0.425937
vt 0.839199 0.419918
vt 0.515225 0.394872
vt 0.515310 0.392440
vt 0.519277 0.391642
vt 0.519221 0.394633
vt 0.510097 0.395124
vt 0.510207 0.393451
vt 0.507838 0.395156
vt 0.507957 0.393658
vt 0.505672 0.395341
vt 0.505800 0.394019
vt 0.506323 0.394005
vt 0.506195 0.395327
vt 0.899215 0.306262
vt 0.899317 0.308866
vt 0.897383 0.308758
vt 0.897489 0.306152
vt 0.899303 0.314049
vt 0.896488 0.313946
vt 0.899217 0.317624
vt 0.895757 0.317532
vt 0.908845 0.408846
vt 0.908673 0.403710
vt 0.909108 0.403685
vt 0.909365 0.408831
vt 0.908508 0.395284
vt 0.903657 0.404003
vt 0.905258 0.395563
vt 0.908509 0.388675
vt 0.906312 0.388971
vt 0.908422 0.385031
vt 0.906532 0.385203
vt 0.908594 0.380429
vt 0.908599 0.382376
vt 0.906932 0.382434
vt 0.906928 0.380487
vt 0.871769 0.409908
vt 0.869866 0.409890
vt 0.869680 0.406314
vt 0.871906 0.406223
vt 0.868684 0.399430
vt 0.871974 0.399329
vt 0.867138 0.391004
vt 0.872207 0.390861
vt 0.872412 0.385158
vt 0.872935 0.385157
vt 0.872646 0.390849
vt 0.857798 0.313263
vt 0.854627 0.312892
vt 0.853821 0.307548
vt 0.857834 0.307944
vt 0.857717 0.319825
vt 0.855542 0.319494
vt 0.857536 0.323013
vt 0.855591 0.322687
vt 0.857578 0.326209
vt 0.855863 0.325889
vt 0.855901 0.325069
vt 0.857617 0.325389
vt 0.939618 0.294249
vt 0.939777 0.297420
vt 0.937572 0.297398
vt 0.937651 0.294224
vt 0.939825 0.304281
vt 0.936616 0.304269
vt 0.939819 0.309509
vt 0.935763 0.309507
vt 0.941610 0.424677
vt 0.941470 0.425331
vt 0.908800 0.412878
vt 0.909365 0.412874
vt 0.872369 0.380358
vt 0.872935 0.380368
vt 0.941610 0.452459
vt 0.941471 0.451806
vt 0.650828 0.395816
vt 0.898896 0.424096
vt 0.898734 0.424855
vt 0.898896 0.452090
vt 0.898734 0.451331
vt 0.920609 0.424667
vt 0.920485 0.425248
vt 0.920609 0.452303
vt 0.920485 0.451723
vt 0.879239 0.424028
vt 0.879122 0.424581
vt 0.879239 0.451608
vt 0.879122 0.451056
vt 0.974817 0.424738
vt 0.974708 0.425251
vt 0.675558 0.397054
vt 0.675566 0.396559
vt 0.974817 0.452240
vt 0.974708 0.451726
vt 0.939715 0.291953
vt 0.937986 0.291925
vt 0.871897 0.412531
vt 0.870233 0.412407
vt 0.915639 0.440384
vt 0.915297 0.440537
vt 0.240400 0.400818
vt 0.240278 0.399308
vt 0.433444 0.396255
vt 0.433509 0.395135
vt 0.873141 0.440035
vt 0.872774 0.440220
vt 0.852881 0.348809
vt 0.854760 0.348590
vt 0.853150 0.337354
vt 0.854701 0.337312
vt 0.894144 0.436646
vt 0.893819 0.436494
vt 0.853179 0.344874
vt 0.855310 0.344661
vt 0.855272 0.343803
vt 0.853509 0.343714
vt 0.299679 0.400497
vt 0.299614 0.399381
vt 0.471343 0.396258
vt 0.471464 0.394937
vt 0.863964 0.318450
vt 0.862472 0.318448
vt 0.973573 0.447030
vt 0.973908 0.445279
vt 0.853792 0.438767
vt 0.853495 0.438894
vt 0.886966 0.292721
vt 0.887087 0.294240
vt 0.899295 0.304048
vt 0.897777 0.303934
vt 0.840250 0.396042
vt 0.842145 0.396121
vt 0.948090 0.440237
vt 0.947831 0.440355
vt 0.897749 0.303136
vt 0.899267 0.303249
vt 0.937955 0.291248
vt 0.939685 0.291276
vt 0.871850 0.414087
vt 0.870184 0.413962
vt 0.976490 0.428801
vt 0.976161 0.430822
vt 0.933692 0.291266
vt 0.932194 0.291248
vt 0.950594 0.439094
vt 0.950333 0.438061
vt 0.951809 0.441378
vt 0.950616 0.437090
vt 0.951802 0.434824
vt 0.975966 0.457638
vt 0.970246 0.456356
vt 0.970220 0.455888
vt 0.975858 0.457133
vt 0.975966 0.419340
vt 0.975858 0.419845
vt 0.970175 0.420738
vt 0.970200 0.420270
vt 0.959743 0.428898
vt 0.953955 0.432549
vt 0.953992 0.443651
vt 0.959797 0.447342
vt 0.992356 0.449520
vt 0.995440 0.449520
vt 0.936351 0.330426
vt 0.936713 0.330349
vt 0.937336 0.333370
vt 0.936973 0.333447
vt 0.819586 0.511709
vt 0.819751 0.506531
vt 0.587539 0.432995
vt 0.587577 0.432595
vt 0.593732 0.433225
vt 0.593695 0.433625
vt 0.989035 0.448883
vt 0.937099 0.326878
vt 0.937451 0.326804
vt 0.986199 0.448883
vt 0.936527 0.324101
vt 0.936879 0.324026
vt 0.819246 0.513199
vt 0.585834 0.432025
vt 0.585872 0.431631
vt 0.552410 0.432589
vt 0.552450 0.432166
vt 0.819816 0.541034
vt 0.813517 0.692718
vt 0.814112 0.692735
vt 0.816569 0.772508
vt 0.815857 0.772487
vt 0.371269 0.421860
vt 0.275118 0.427428
vt 0.906257 0.337874
vt 0.906011 0.374023
vt 0.977707 0.373575
vt 0.974881 0.337427
vt 0.975658 0.337427
vt 0.978243 0.373575
vt 0.855516 0.374847
vt 0.855516 0.375326
vt 0.852881 0.375097
vt 0.852881 0.374596
vt 0.898978 0.393998
vt 0.896344 0.394019
vt 0.898978 0.393510
vt 0.896344 0.393509
vt 0.820290 0.541048
vt 0.371321 0.421309
vt 0.906803 0.337874
vt 0.906803 0.374023
vt 0.275180 0.426769
vt 0.819687 0.513211
vt 0.820033 0.511722
vt 0.986200 0.449362
vt 0.989036 0.449362
vt 0.992357 0.450014
vt 0.820199 0.506544
vt 0.995441 0.450014
vt 0.960043 0.447148
vt 0.954210 0.443517
vt 0.952049 0.441251
vt 0.950605 0.438050
vt 0.950879 0.437181
vt 0.952042 0.434936
vt 0.954173 0.432682
vt 0.959992 0.429091
vt 0.950857 0.438974
vt 0.840034 0.396033
vt 0.840091 0.393663
vt 0.840131 0.399417
vt 0.886952 0.292547
vt 0.889257 0.292658
vt 0.675632 0.392216
vt 0.912706 0.297818
vt 0.846278 0.425937
vt 0.839677 0.411093
vt 0.839985 0.403385
vt 0.840127 0.391878
vt 0.892329 0.292580
vt 0.898810 0.292408
vt 0.918017 0.439317
vt 0.917844 0.438313
vt 0.919080 0.441647
vt 0.918088 0.437256
vt 0.919226 0.435030
vt 0.942728 0.457717
vt 0.937201 0.456688
vt 0.937175 0.456069
vt 0.942588 0.457057
vt 0.942728 0.419420
vt 0.942588 0.420080
vt 0.937502 0.420785
vt 0.937539 0.420164
vt 0.927406 0.429236
vt 0.921543 0.432744
vt 0.921321 0.443979
vt 0.927029 0.447797
vt 0.904617 0.306300
vt 0.904107 0.306241
vt 0.904406 0.303609
vt 0.904915 0.303668
vt 0.930841 0.330128
vt 0.931334 0.333172
vt 0.013021 0.464394
vt 0.006844 0.464035
vt 0.771202 0.766751
vt 0.771743 0.766730
vt 0.771967 0.771905
vt 0.771426 0.771926
vt 0.904915 0.309204
vt 0.904421 0.309147
vt 0.931458 0.326632
vt 0.904641 0.311624
vt 0.904147 0.311567
vt 0.931004 0.323833
vt 0.014791 0.465135
vt 0.770804 0.765266
vt 0.771337 0.765245
vt 0.048035 0.463864
vt 0.771267 0.737418
vt 0.771840 0.737396
vt 0.775767 0.585271
vt 0.780864 0.505383
vt 0.229004 0.470329
vt 0.229056 0.469558
vt 0.324265 0.462092
vt 0.324202 0.463016
vt 0.973670 0.376889
vt 0.973357 0.413037
vt 0.879705 0.414807
vt 0.876879 0.378659
vt 0.877895 0.378659
vt 0.880406 0.414807
vt 0.896344 0.405845
vt 0.896344 0.405218
vt 0.898977 0.405440
vt 0.898977 0.406095
vt 0.755899 0.988531
vt 0.758972 0.988499
vt 0.755899 0.989255
vt 0.758972 0.989255
vt 0.048076 0.463265
vt 0.776492 0.585243
vt 0.974364 0.376888
vt 0.974364 0.413037
vt 0.781732 0.505349
vt 0.014829 0.464579
vt 0.013059 0.463829
vt 0.930503 0.323908
vt 0.930956 0.326707
vt 0.930324 0.330205
vt 0.006883 0.463470
vt 0.930817 0.333249
vt 0.927348 0.447549
vt 0.921602 0.443785
vt 0.919389 0.441490
vt 0.918200 0.438293
vt 0.918419 0.437374
vt 0.919528 0.435177
vt 0.921816 0.432952
vt 0.927716 0.429496
vt 0.918356 0.439166
vt 0.872042 0.412542
vt 0.871994 0.414097
vt 0.871934 0.409910
vt 0.908744 0.382371
vt 0.908586 0.385016
vt 0.865851 0.380241
vt 0.866383 0.385172
vt 0.902281 0.412917
vt 0.902843 0.409018
vt 0.872260 0.399321
vt 0.872099 0.406215
vt 0.908739 0.380424
vt 0.908700 0.388649
vt 0.908790 0.395260
vt 0.875395 0.438903
vt 0.875223 0.437874
vt 0.876489 0.441207
vt 0.875390 0.436797
vt 0.876396 0.434540
vt 0.899992 0.457242
vt 0.894817 0.456059
vt 0.894777 0.455385
vt 0.899839 0.456520
vt 0.899992 0.418944
vt 0.899838 0.419666
vt 0.894529 0.420398
vt 0.894559 0.419723
vt 0.884416 0.428418
vt 0.878690 0.432148
vt 0.878873 0.443442
vt 0.884710 0.447062
vt 0.915322 0.306319
vt 0.915746 0.303705
vt 0.012462 0.437907
vt 0.012462 0.438757
vt 0.008865 0.438749
vt 0.008865 0.437899
vt 0.442764 0.450260
vt 0.448938 0.449857
vt 0.645983 0.468386
vt 0.645970 0.467597
vt 0.652156 0.467504
vt 0.652170 0.468293
vt 0.915762 0.309308
vt 0.016381 0.437763
vt 0.016381 0.438588
vt 0.019689 0.437771
vt 0.019689 0.438596
vt 0.440995 0.450957
vt 0.644172 0.468485
vt 0.644159 0.467707
vt 0.611067 0.468622
vt 0.611052 0.467786
vt 0.407763 0.450212
vt 0.908468 0.374023
vt 0.908831 0.337874
vt 0.981500 0.376888
vt 0.984326 0.413037
vt 0.983214 0.413037
vt 0.980733 0.376889
vt 0.226041 0.447200
vt 0.225974 0.446298
vt 0.429895 0.462905
vt 0.335258 0.460904
vt 0.130717 0.439546
vt 0.130638 0.438466
vt 0.898977 0.407202
vt 0.898977 0.407888
vt 0.896344 0.407669
vt 0.896344 0.406953
vt 0.915373 0.311712
vt 0.948821 0.424920
vt 0.946187 0.424953
vt 0.948821 0.424199
vt 0.946187 0.424200
vt 0.915907 0.311793
vt 0.916297 0.309390
vt 0.429875 0.461782
vt 0.407817 0.450955
vt 0.335235 0.459558
vt 0.907662 0.374023
vt 0.907662 0.337874
vt 0.441045 0.451647
vt 0.442815 0.450961
vt 0.915873 0.306403
vt 0.448989 0.450558
vt 0.916297 0.303788
vt 0.885071 0.446765
vt 0.879191 0.443208
vt 0.876841 0.441009
vt 0.875640 0.437847
vt 0.875780 0.436915
vt 0.876753 0.434695
vt 0.879015 0.432374
vt 0.884787 0.428703
vt 0.875781 0.438709
vt 0.934006 0.291270
vt 0.934007 0.293138
vt 0.433431 0.396490
vt 0.435137 0.396340
vt 0.933997 0.295195
vt 0.933788 0.297809
vt 0.453431 0.391712
vt 0.259934 0.401256
vt 0.442845 0.396364
vt 0.437773 0.396388
vt 0.933839 0.301222
vt 0.933780 0.307059
vt 0.933872 0.313893
vt 0.934007 0.318103
vt 0.932883 0.318125
vt 0.896548 0.437769
vt 0.896338 0.438787
vt 0.896571 0.439802
vt 0.897632 0.442057
vt 0.897639 0.435473
vt 0.921743 0.457634
vt 0.916082 0.456730
vt 0.916052 0.456138
vt 0.921608 0.456999
vt 0.921743 0.419336
vt 0.921608 0.419971
vt 0.916095 0.421093
vt 0.916127 0.420502
vt 0.905702 0.448023
vt 0.899916 0.444370
vt 0.899953 0.433195
vt 0.905753 0.429500
vt 0.991638 0.428128
vt 0.994722 0.428133
vt 0.768869 0.449126
vt 0.775046 0.448760
vt 0.863412 0.509740
vt 0.862825 0.509730
vt 0.862912 0.504550
vt 0.863499 0.504560
vt 0.988296 0.428756
vt 0.989263 0.436801
vt 0.989264 0.437448
vt 0.986180 0.437449
vt 0.986180 0.436802
vt 0.985460 0.428751
vt 0.992605 0.437144
vt 0.992605 0.437771
vt 0.863229 0.511246
vt 0.862651 0.511237
vt 0.767090 0.449578
vt 0.863548 0.539012
vt 0.862927 0.539002
vt 0.733892 0.449808
vt 0.552320 0.447023
vt 0.552374 0.447921
vt 0.457098 0.445050
vt 0.457033 0.443974
vt 0.857268 0.690488
vt 0.857636 0.770035
vt 0.973406 0.337427
vt 0.973128 0.373575
vt 0.991120 0.337427
vt 0.993946 0.373575
vt 0.992969 0.373575
vt 0.990446 0.337427
vt 0.852881 0.386934
vt 0.852881 0.386331
vt 0.855516 0.386553
vt 0.855516 0.387183
vt 0.855516 0.354982
vt 0.852881 0.355007
vt 0.995441 0.437142
vt 0.995441 0.437770
vt 0.855516 0.354431
vt 0.852881 0.354431
vt 0.733931 0.450452
vt 0.856543 0.690476
vt 0.974022 0.337427
vt 0.974022 0.373575
vt 0.856766 0.770021
vt 0.767126 0.450177
vt 0.768906 0.449733
vt 0.985460 0.429296
vt 0.988296 0.429301
vt 0.991638 0.428689
vt 0.775083 0.449367
vt 0.994722 0.428695
vt 0.906032 0.429732
vt 0.900198 0.433365
vt 0.897910 0.435618
vt 0.896649 0.438806
vt 0.896867 0.439702
vt 0.897903 0.441932
vt 0.900163 0.444200
vt 0.905982 0.447793
vt 0.896846 0.437908
vt 0.852890 0.337361
vt 0.852936 0.339500
vt 0.852984 0.341550
vt 0.853214 0.343699
vt 0.853014 0.334703
vt 0.736765 0.391510
vt 0.413529 0.392596
vt 0.423043 0.396795
vt 0.426988 0.396591
vt 0.852881 0.331739
vt 0.720347 0.395763
vt 0.722360 0.395844
vt 0.726684 0.395933
vt 0.856276 0.437704
vt 0.856170 0.436691
vt 0.857542 0.440029
vt 0.856359 0.435685
vt 0.857731 0.433461
vt 0.880379 0.456967
vt 0.875064 0.455711
vt 0.875043 0.455176
vt 0.880258 0.456395
vt 0.880379 0.418670
vt 0.880258 0.419241
vt 0.875479 0.419789
vt 0.875513 0.419252
vt 0.865730 0.427751
vt 0.859836 0.431240
vt 0.859540 0.442359
vt 0.865229 0.446234
vt 0.988518 0.430160
vt 0.988585 0.430680
vt 0.985527 0.431079
vt 0.985460 0.430559
vt 0.966170 0.512593
vt 0.966170 0.507414
vt 0.732461 0.510651
vt 0.731985 0.510628
vt 0.732240 0.505454
vt 0.732716 0.505477
vt 0.991953 0.430719
vt 0.992019 0.431224
vt 0.910361 0.305785
vt 0.910360 0.303136
vt 0.910313 0.311085
vt 0.910312 0.308649
vt 0.994765 0.430352
vt 0.994831 0.430857
vt 0.731931 0.512134
vt 0.731462 0.512111
vt 0.966144 0.514102
vt 0.732850 0.539983
vt 0.732346 0.539959
vt 0.966273 0.541873
vt 0.727045 0.691624
vt 0.731580 0.771394
vt 0.959945 0.693689
vt 0.960662 0.693689
vt 0.960054 0.773077
vt 0.959195 0.773077
vt 0.926140 0.337874
vt 0.925876 0.374022
vt 0.991462 0.376889
vt 0.994288 0.413037
vt 0.993408 0.413037
vt 0.990855 0.376889
vt 0.852881 0.366767
vt 0.852881 0.366224
vt 0.855516 0.366450
vt 0.855516 0.367017
vt 0.855516 0.368400
vt 0.852881 0.368423
vt 0.855516 0.367875
vt 0.852881 0.367875
vt 0.966816 0.541873
vt 0.726423 0.691594
vt 0.926727 0.337874
vt 0.926727 0.374022
vt 0.730836 0.771358
vt 0.966649 0.514102
vt 0.966682 0.512593
vt 0.910783 0.308649
vt 0.910846 0.305785
vt 0.910783 0.311085
vt 0.910845 0.303136
vt 0.966682 0.507414
vt 0.865501 0.446024
vt 0.859778 0.442222
vt 0.857804 0.439900
vt 0.856473 0.436687
vt 0.856638 0.435789
vt 0.857986 0.433588
vt 0.860066 0.431390
vt 0.865991 0.427975
vt 0.856562 0.437581
vt 0.864283 0.318451
vt 0.864300 0.320610
vt 0.864128 0.315611
vt 0.299694 0.400735
vt 0.298175 0.400640
vt 0.612940 0.392641
vt 0.281370 0.396158
vt 0.609583 0.393318
vt 0.864140 0.306808
vt 0.864313 0.300369
vt 0.864104 0.312587
vt 0.864313 0.322505
vt 0.296120 0.400642
vt 0.291378 0.400705
vt 0.949406 0.474668
vt 0.949419 0.469257
vt 0.955968 0.469289
vt 0.955955 0.474700
vt 0.697705 0.474668
vt 0.697718 0.469257
vt 0.947198 0.469737
vt 0.947185 0.475148
vt 0.885027 0.303136
vt 0.889011 0.303138
vt 0.889011 0.321436
vt 0.885027 0.321435
vt 0.937346 0.443721
vt 0.932555 0.443721
vt 0.932555 0.432636
vt 0.937346 0.432636
vt 0.902715 0.330444
vt 0.897924 0.330444
vt 0.897924 0.323363
vt 0.902715 0.323364
vt 0.876958 0.331729
vt 0.877310 0.331730
vt 0.877310 0.333636
vt 0.876958 0.333635
vt 0.876958 0.349283
vt 0.877310 0.349284
vt 0.877310 0.352741
vt 0.876958 0.352740
vt 0.884748 0.303136
vt 0.884748 0.321435
vt 0.952878 0.370456
vt 0.952878 0.341125
vt 0.953214 0.341125
vt 0.953214 0.370456
vt 0.937681 0.443721
vt 0.937681 0.432636
vt 0.877310 0.374044
vt 0.876958 0.374043
vt 0.707868 0.731259
vt 0.725584 0.731257
vt 0.725584 0.734634
vt 0.714773 0.734635
vt 0.909035 0.323363
vt 0.909400 0.323363
vt 0.909400 0.330444
vt 0.909035 0.330444
vt 0.903050 0.330444
vt 0.903050 0.323364
vt 0.697704 0.475047
vt 0.947184 0.475527
vt 0.881939 0.352759
vt 0.881939 0.374061
vt 0.881939 0.333654
vt 0.881939 0.339266
vt 0.877310 0.339249
vt 0.958004 0.341125
vt 0.958004 0.370456
vt 0.891792 0.350458
vt 0.892127 0.350458
vt 0.892127 0.353915
vt 0.891792 0.353914
vt 0.881939 0.344493
vt 0.882263 0.344494
vt 0.882263 0.349303
vt 0.881939 0.349302
vt 0.853347 0.403236
vt 0.853347 0.402884
vt 0.858161 0.402857
vt 0.858161 0.403210
vt 0.853347 0.408194
vt 0.853347 0.407869
vt 0.858161 0.407843
vt 0.858161 0.408167
vt 0.881939 0.331748
vt 0.877310 0.344476
vt 0.949405 0.475047
vt 0.727718 0.908268
vt 0.727327 0.908268
vt 0.727327 0.897208
vt 0.727718 0.897208
vt 0.795383 0.727741
vt 0.812678 0.727714
vt 0.812678 0.732411
vt 0.795476 0.732439
vt 0.882263 0.339267
vt 0.786406 0.722650
vt 0.812678 0.722607
vt 0.947199 0.469325
vt 0.949420 0.468845
vt 0.769096 0.539350
vt 0.742495 0.539323
vt 0.751585 0.534226
vt 0.769096 0.534244
vt 0.882263 0.331749
vt 0.882263 0.333655
vt 0.751679 0.529528
vt 0.769096 0.529546
vt 0.784901 0.715308
vt 0.812678 0.715263
vt 0.812678 0.717125
vt 0.786468 0.717167
vt 0.721738 0.908267
vt 0.721312 0.908267
vt 0.721312 0.897207
vt 0.721738 0.897207
vt 0.769096 0.546694
vt 0.740972 0.546666
vt 0.742559 0.544805
vt 0.769096 0.544832
vt 0.940543 0.341125
vt 0.940543 0.370456
vt 0.940178 0.370456
vt 0.940178 0.341125
vt 0.827082 0.730491
vt 0.844807 0.730475
vt 0.837898 0.733858
vt 0.827082 0.733868
vt 0.956792 0.495646
vt 0.956792 0.496068
vt 0.707315 0.496311
vt 0.707314 0.495889
vt 0.857675 0.415124
vt 0.858039 0.415124
vt 0.858039 0.426209
vt 0.857675 0.426209
vt 0.696977 0.505240
vt 0.725584 0.505237
vt 0.725584 0.714109
vt 0.696977 0.714112
vt 0.725584 0.755444
vt 0.714773 0.755445
vt 0.892127 0.375219
vt 0.891792 0.375219
vt 0.865534 0.321677
vt 0.865173 0.321677
vt 0.865173 0.300372
vt 0.865534 0.300372
vt 0.837898 0.754666
vt 0.827082 0.754676
vt 0.827082 0.504494
vt 0.855703 0.504467
vt 0.855703 0.713319
vt 0.827082 0.713345
vt 0.889314 0.303138
vt 0.889314 0.321437
vt 0.769096 0.526170
vt 0.758468 0.526159
vt 0.758468 0.505349
vt 0.769096 0.505360
vt 0.876958 0.339247
vt 0.876958 0.344474
vt 0.882263 0.352760
vt 0.882263 0.374063
vt 0.769096 0.755564
vt 0.740972 0.755535
vt 0.955969 0.468877
vt 0.955954 0.475079
vt 0.897559 0.330444
vt 0.897559 0.323363
vt 0.958369 0.341125
vt 0.958369 0.370456
vt 0.697719 0.468845
vt 0.812678 0.735788
vt 0.802181 0.735805
vt 0.932191 0.443721
vt 0.932191 0.432636
vt 0.812678 0.756598
vt 0.802181 0.756614
vt 0.784901 0.506440
vt 0.812678 0.506395
vt 0.221049 0.402545
vt 0.212482 0.403280
vt 0.660993 0.395528
vt 0.890078 0.063754
vt 0.890078 0.025938
vt 0.905828 0.067249
vt 0.905974 0.022521
vt 0.926556 0.058163
vt 0.917896 0.063302
vt 0.933089 0.053459
vt 0.937749 0.047410
vt 0.936172 0.050342
vt 0.938205 0.044892
vt 0.936353 0.039757
vt 0.937793 0.042475
vt 0.927068 0.031775
vt 0.933418 0.036623
vt 0.918595 0.026504
vt 0.912287 0.023680
vt 0.911846 0.066116
vt 0.224154 0.402312
vt 0.223787 0.398177
vt 0.317443 0.394861
vt 0.317544 0.398676
vt 0.314022 0.398664
vt 0.582534 0.396827
vt 0.579098 0.396910
vt 0.579117 0.393085
vt 0.592780 0.396777
vt 0.304054 0.398866
vt 0.918517 0.131431
vt 0.927093 0.136481
vt 0.933546 0.141470
vt 0.936538 0.144593
vt 0.938104 0.147525
vt 0.938497 0.149995
vt 0.938066 0.152460
vt 0.936542 0.155180
vt 0.933594 0.158170
vt 0.927166 0.163081
vt 0.918603 0.167984
vt 0.905421 0.172208
vt 0.889683 0.168763
vt 0.889683 0.130914
vt 0.905441 0.127480
vt 0.911971 0.128616
vt 0.912006 0.170927
vt 0.387369 0.392110
vt 0.387632 0.395739
vt 0.384600 0.395816
vt 0.489809 0.395914
vt 0.486871 0.396001
vt 0.486946 0.392373
vt 0.963870 0.164012
vt 0.963870 0.188221
vt 0.948102 0.191580
vt 0.943127 0.190730
vt 0.938179 0.188712
vt 0.932204 0.186030
vt 0.925494 0.181571
vt 0.923182 0.178859
vt 0.921722 0.176151
vt 0.921617 0.175107
vt 0.921810 0.174059
vt 0.923392 0.171488
vt 0.925826 0.168921
vt 0.932768 0.164950
vt 0.938876 0.162692
vt 0.943485 0.161098
vt 0.948094 0.160660
vt 0.499105 0.395915
vt 0.374270 0.396414
vt 0.907246 0.276635
vt 0.891495 0.273192
vt 0.891495 0.235347
vt 0.907253 0.231907
vt 0.928023 0.266865
vt 0.919613 0.272489
vt 0.934322 0.261500
vt 0.938709 0.255547
vt 0.936942 0.258522
vt 0.939010 0.253021
vt 0.936637 0.247936
vt 0.938527 0.250616
vt 0.927321 0.240360
vt 0.933895 0.245261
vt 0.918617 0.235393
vt 0.912918 0.232820
vt 0.913433 0.275401
vt 0.360638 0.393797
vt 0.360993 0.397367
vt 0.358270 0.397480
vt 0.526162 0.394424
vt 0.522887 0.394566
vt 0.522888 0.390987
vt 0.895193 0.320909
vt 0.899317 0.320876
vt 0.963964 0.111706
vt 0.963964 0.135939
vt 0.948302 0.139328
vt 0.942762 0.138512
vt 0.937229 0.136541
vt 0.931180 0.134361
vt 0.924327 0.130127
vt 0.921789 0.127489
vt 0.920378 0.124835
vt 0.920081 0.123757
vt 0.920396 0.122740
vt 0.921754 0.120114
vt 0.924241 0.117473
vt 0.931047 0.113273
vt 0.937068 0.111113
vt 0.942623 0.109186
vt 0.948197 0.108407
vt 0.348643 0.398189
vt 0.533521 0.394319
vt 0.906699 0.119249
vt 0.891051 0.115795
vt 0.891051 0.077925
vt 0.906797 0.074521
vt 0.928622 0.110042
vt 0.920029 0.115073
vt 0.935089 0.104997
vt 0.939664 0.099185
vt 0.937940 0.102098
vt 0.940088 0.096647
vt 0.937974 0.091506
vt 0.939639 0.094250
vt 0.928766 0.083751
vt 0.935180 0.088748
vt 0.920214 0.078821
vt 0.913501 0.075848
vt 0.913354 0.117993
vt 0.852890 0.300369
vt 0.857979 0.300627
vt 0.857979 0.303928
vt 0.853243 0.303587
vt 0.934867 0.317928
vt 0.935198 0.314030
vt 0.939957 0.313911
vt 0.939957 0.317696
vt 0.965104 0.215047
vt 0.965104 0.239246
vt 0.949337 0.242631
vt 0.944098 0.242036
vt 0.938879 0.240279
vt 0.932848 0.238003
vt 0.926103 0.233601
vt 0.923507 0.230924
vt 0.922286 0.228213
vt 0.922104 0.227193
vt 0.922356 0.226119
vt 0.923656 0.223551
vt 0.926329 0.220948
vt 0.933237 0.216918
vt 0.939362 0.214144
vt 0.944320 0.212350
vt 0.949281 0.211710
vt 0.137433 0.405845
vt 0.129306 0.406358
vt 0.553132 0.395118
vt 0.543917 0.394872
vt 0.906564 0.224716
vt 0.890813 0.221257
vt 0.890813 0.183420
vt 0.906616 0.179988
vt 0.927917 0.215866
vt 0.919432 0.221120
vt 0.934266 0.210915
vt 0.938691 0.204660
vt 0.937162 0.207638
vt 0.939068 0.202253
vt 0.936939 0.197048
vt 0.938547 0.199727
vt 0.927422 0.189413
vt 0.933953 0.194016
vt 0.918721 0.183861
vt 0.912655 0.181097
vt 0.912998 0.223755
vt 0.827082 0.715206
vt 0.854088 0.715182
vt 0.854153 0.720664
vt 0.827082 0.720688
vt 0.891792 0.334808
vt 0.892127 0.334808
vt 0.892127 0.340421
vt 0.891792 0.340421
vt 0.705100 0.495646
vt 0.705101 0.496068
vt 0.698552 0.496084
vt 0.698551 0.495662
vt 0.698591 0.715974
vt 0.725584 0.715971
vt 0.725584 0.721453
vt 0.698527 0.721457
vt 0.844903 0.725778
vt 0.827082 0.725794
vt 0.892127 0.345649
vt 0.891792 0.345648
vt 0.719885 0.897207
vt 0.720310 0.897207
vt 0.720310 0.908268
vt 0.719885 0.908268
vt 0.725584 0.726560
vt 0.707772 0.726562
vt 0.891792 0.332902
vt 0.892127 0.332902
vt 0.971715 0.435667
vt 0.971715 0.435382
vt 0.975513 0.435395
vt 0.975513 0.435679
vt 0.971715 0.439674
vt 0.971715 0.439411
vt 0.975513 0.439424
vt 0.975513 0.439686
vt 0.887014 0.345646
vt 0.887014 0.350455
vt 0.887014 0.332900
vt 0.887014 0.334806
vt 0.707305 0.489957
vt 0.707305 0.490346
vt 0.705091 0.490102
vt 0.705090 0.489714
vt 0.713904 0.897207
vt 0.714296 0.897207
vt 0.714296 0.908268
vt 0.713904 0.908268
vt 0.887014 0.340419
vt 0.698542 0.490118
vt 0.698542 0.489730
vt 0.870619 0.321673
vt 0.870286 0.321674
vt 0.870286 0.300369
vt 0.870619 0.300369
vt 0.887014 0.353912
vt 0.887014 0.375217
vt 0.852549 0.415124
vt 0.852884 0.415124
vt 0.852884 0.426209
vt 0.852549 0.426209
vt 0.956782 0.489714
vt 0.956783 0.490102
vt 0.945669 0.341125
vt 0.945669 0.370456
vt 0.945334 0.370456
vt 0.945334 0.341125
vt 0.903909 0.323363
vt 0.904245 0.323363
vt 0.904245 0.330444
vt 0.903909 0.330444
vt 0.886650 0.350455
vt 0.886650 0.353912
vt 0.886650 0.375217
vt 0.886650 0.334806
vt 0.886650 0.340418
vt 0.886650 0.345646
vt 0.886650 0.332900
vt 0.940121 0.440643
vt 0.944148 0.440601
vt 0.944148 0.446213
vt 0.940121 0.446255
vt 0.890995 0.507996
vt 0.894929 0.507980
vt 0.894929 0.716848
vt 0.890995 0.716864
vt 0.982147 0.447698
vt 0.978120 0.447733
vt 0.978024 0.426428
vt 0.982051 0.426394
vt 0.925312 0.432640
vt 0.930103 0.432640
vt 0.930103 0.443724
vt 0.925312 0.443724
vt 0.734431 0.970452
vt 0.740021 0.970452
vt 0.740021 0.978712
vt 0.734431 0.978712
vt 0.859132 0.332480
vt 0.859449 0.332481
vt 0.859449 0.334387
vt 0.859132 0.334386
vt 0.859132 0.350036
vt 0.859449 0.350037
vt 0.859449 0.353494
vt 0.859132 0.353493
vt 0.982429 0.447696
vt 0.982333 0.426392
vt 0.933829 0.370456
vt 0.933829 0.341125
vt 0.934164 0.341125
vt 0.934164 0.370456
vt 0.924976 0.432640
vt 0.924976 0.443724
vt 0.859449 0.374798
vt 0.859132 0.374797
vt 0.741903 0.820843
vt 0.741903 0.815259
vt 0.743836 0.815259
vt 0.743836 0.820843
vt 0.734040 0.970452
vt 0.734040 0.978712
vt 0.890720 0.507997
vt 0.890720 0.716865
vt 0.863611 0.353506
vt 0.863611 0.374810
vt 0.863611 0.334399
vt 0.863611 0.340012
vt 0.859449 0.340000
vt 0.938955 0.341125
vt 0.938955 0.370456
vt 0.863611 0.345240
vt 0.863903 0.345241
vt 0.863903 0.350050
vt 0.863611 0.350049
vt 0.858161 0.409198
vt 0.858467 0.409201
vt 0.858467 0.414010
vt 0.858161 0.414008
vt 0.853852 0.409168
vt 0.854134 0.409170
vt 0.854134 0.413980
vt 0.853852 0.413978
vt 0.863611 0.332493
vt 0.859449 0.345228
vt 0.741903 0.821234
vt 0.743836 0.821233
vt 0.923115 0.332707
vt 0.922780 0.332707
vt 0.922780 0.323228
vt 0.923115 0.323228
vt 0.943431 0.728799
vt 0.958356 0.728938
vt 0.958356 0.733635
vt 0.943511 0.733497
vt 0.863903 0.340013
vt 0.935684 0.723621
vt 0.958356 0.723832
vt 0.741903 0.814835
vt 0.743836 0.814834
vt 0.759958 0.360864
vt 0.778738 0.360884
vt 0.772321 0.365087
vt 0.759958 0.365073
vt 0.863903 0.332494
vt 0.863903 0.334400
vt 0.772255 0.368960
vt 0.759958 0.368946
vt 0.934385 0.716265
vt 0.958356 0.716488
vt 0.958356 0.718350
vt 0.935738 0.718139
vt 0.917989 0.332707
vt 0.917625 0.332707
vt 0.917625 0.323228
vt 0.917989 0.323228
vt 0.759958 0.354809
vt 0.779813 0.354831
vt 0.778693 0.356365
vt 0.759958 0.356344
vt 0.977814 0.447735
vt 0.977718 0.426431
vt 0.759958 0.371730
vt 0.767462 0.371738
vt 0.767462 0.388894
vt 0.759958 0.388885
vt 0.859132 0.339999
vt 0.859132 0.345227
vt 0.863903 0.353507
vt 0.863903 0.374811
vt 0.759958 0.182616
vt 0.779813 0.182638
vt 0.944455 0.440598
vt 0.944455 0.446210
vt 0.939839 0.440646
vt 0.939839 0.446258
vt 0.740446 0.970452
vt 0.740446 0.978712
vt 0.939319 0.341125
vt 0.939319 0.370456
vt 0.895228 0.507978
vt 0.895228 0.716847
vt 0.958356 0.737011
vt 0.949297 0.736927
vt 0.930467 0.432640
vt 0.930467 0.443724
vt 0.958356 0.757819
vt 0.949297 0.757735
vt 0.934385 0.507414
vt 0.958356 0.507637
vt 0.896599 0.381286
vt 0.900241 0.381334
vt 0.900241 0.386946
vt 0.896599 0.386899
vt 0.949657 0.480199
vt 0.949634 0.484449
vt 0.700158 0.484449
vt 0.700181 0.480199
vt 0.020692 0.444573
vt 0.020714 0.440323
vt 0.045570 0.440323
vt 0.045547 0.444573
vt 0.866903 0.290748
vt 0.866903 0.296337
vt 0.853971 0.296337
vt 0.853971 0.290748
vt 0.970773 0.440967
vt 0.966994 0.440967
vt 0.966994 0.435382
vt 0.970773 0.435382
vt 0.095944 0.440000
vt 0.095945 0.440308
vt 0.093722 0.440308
vt 0.093720 0.440000
vt 0.075462 0.440000
vt 0.075463 0.440308
vt 0.071430 0.440308
vt 0.071429 0.440000
vt 0.020690 0.444871
vt 0.045546 0.444871
vt 0.952019 0.341125
vt 0.952019 0.370456
vt 0.951684 0.370456
vt 0.951684 0.341125
vt 0.866903 0.290357
vt 0.853971 0.290357
vt 0.046574 0.440308
vt 0.046573 0.440000
vt 0.743836 0.822626
vt 0.743836 0.828209
vt 0.741903 0.828209
vt 0.741903 0.822626
vt 0.971038 0.440967
vt 0.971038 0.435382
vt 0.949658 0.479902
vt 0.700183 0.479902
vt 0.071450 0.444354
vt 0.046594 0.444354
vt 0.093741 0.444354
vt 0.087193 0.444354
vt 0.087173 0.440308
vt 0.946893 0.370456
vt 0.946893 0.341125
vt 0.081094 0.444354
vt 0.081095 0.444637
vt 0.075484 0.444637
vt 0.075483 0.444354
vt 0.896621 0.392649
vt 0.896344 0.392651
vt 0.896344 0.387841
vt 0.896621 0.387839
vt 0.900519 0.392618
vt 0.900264 0.392620
vt 0.900264 0.387810
vt 0.900519 0.387808
vt 0.095965 0.444354
vt 0.081074 0.440308
vt 0.743836 0.822235
vt 0.741903 0.822235
vt 0.929465 0.332707
vt 0.929130 0.332707
vt 0.929130 0.323228
vt 0.929465 0.323228
vt 0.876201 0.729442
vt 0.889881 0.729279
vt 0.889881 0.733976
vt 0.876275 0.734138
vt 0.087194 0.444637
vt 0.869100 0.724420
vt 0.889881 0.724173
vt 0.743836 0.828634
vt 0.741903 0.828634
vt 0.786354 0.357919
vt 0.803380 0.357894
vt 0.797562 0.362112
vt 0.786354 0.362128
vt 0.095966 0.444637
vt 0.093743 0.444637
vt 0.797502 0.365985
vt 0.786354 0.366001
vt 0.867910 0.717091
vt 0.889881 0.716830
vt 0.889881 0.718691
vt 0.869150 0.718938
vt 0.924339 0.332707
vt 0.923974 0.332707
vt 0.923974 0.323228
vt 0.924339 0.323228
vt 0.786354 0.351864
vt 0.804355 0.351838
vt 0.803339 0.353374
vt 0.786354 0.353399
vt 0.020716 0.440000
vt 0.045572 0.440000
vt 0.786354 0.368785
vt 0.793157 0.368775
vt 0.793157 0.385931
vt 0.786354 0.385941
vt 0.087172 0.440000
vt 0.081073 0.440000
vt 0.071451 0.444637
vt 0.046596 0.444637
vt 0.786354 0.179671
vt 0.804355 0.179645
vt 0.900518 0.381337
vt 0.900518 0.386950
vt 0.896344 0.381283
vt 0.896344 0.386896
vt 0.966707 0.440967
vt 0.966707 0.435382
vt 0.946528 0.370456
vt 0.946528 0.341125
vt 0.949632 0.484773
vt 0.700157 0.484773
vt 0.889881 0.737353
vt 0.881578 0.737451
vt 0.866903 0.296762
vt 0.853971 0.296762
vt 0.889881 0.758161
vt 0.881578 0.758259
vt 0.867910 0.508239
vt 0.889881 0.507978
vt 0.521509 0.409641
vt 0.521552 0.414860
vt 0.515003 0.414905
vt 0.514960 0.409687
vt 0.773164 0.409641
vt 0.773206 0.414860
vt 0.523752 0.415546
vt 0.523709 0.410327
vt 0.890321 0.303158
vt 0.894163 0.303137
vt 0.894163 0.321434
vt 0.890321 0.321455
vt 0.858529 0.400884
vt 0.853738 0.400884
vt 0.853738 0.389799
vt 0.858529 0.389799
vt 0.915415 0.330443
vt 0.910624 0.330444
vt 0.910624 0.323364
vt 0.915415 0.323363
vt 0.867687 0.332532
vt 0.868026 0.332532
vt 0.868026 0.334438
vt 0.867687 0.334438
vt 0.867687 0.350088
vt 0.868026 0.350088
vt 0.868026 0.353545
vt 0.867687 0.353545
vt 0.890052 0.303160
vt 0.890052 0.321457
vt 0.882690 0.297576
vt 0.882690 0.326907
vt 0.882355 0.326907
vt 0.882355 0.297576
vt 0.858864 0.400884
vt 0.858864 0.389799
vt 0.868026 0.374850
vt 0.867687 0.374850
vt 0.915750 0.330443
vt 0.915750 0.323363
vt 0.773161 0.409276
vt 0.523706 0.409962
vt 0.872487 0.353542
vt 0.872487 0.374847
vt 0.872487 0.334435
vt 0.872487 0.340048
vt 0.868026 0.340051
vt 0.877564 0.326907
vt 0.877564 0.297576
vt 0.872487 0.345276
vt 0.872799 0.345276
vt 0.872799 0.350085
vt 0.872487 0.350085
vt 0.706056 0.912454
vt 0.706056 0.912057
vt 0.711670 0.912128
vt 0.711670 0.912525
vt 0.706056 0.918032
vt 0.706056 0.917667
vt 0.711670 0.917738
vt 0.711670 0.918103
vt 0.872487 0.332529
vt 0.868026 0.345279
vt 0.521506 0.409276
vt 0.919416 0.308770
vt 0.919752 0.308770
vt 0.919752 0.318250
vt 0.919416 0.318250
vt 0.917310 0.728772
vt 0.933546 0.728734
vt 0.933546 0.733432
vt 0.917397 0.733469
vt 0.872799 0.340048
vt 0.908883 0.723685
vt 0.933546 0.723628
vt 0.523755 0.415943
vt 0.521555 0.415257
vt 0.811116 0.358786
vt 0.831925 0.358837
vt 0.824815 0.363029
vt 0.811116 0.362996
vt 0.872799 0.332529
vt 0.872799 0.334435
vt 0.824741 0.366902
vt 0.811116 0.366868
vt 0.907470 0.716344
vt 0.933546 0.716283
vt 0.933546 0.718145
vt 0.908942 0.718203
vt 0.924543 0.308769
vt 0.924907 0.308769
vt 0.924907 0.318249
vt 0.924543 0.318249
vt 0.811116 0.352731
vt 0.833117 0.352786
vt 0.831876 0.354318
vt 0.811116 0.354266
vt 0.894455 0.303136
vt 0.894455 0.321433
vt 0.811116 0.369652
vt 0.819431 0.369672
vt 0.819431 0.386828
vt 0.811116 0.386807
vt 0.867687 0.340051
vt 0.867687 0.345279
vt 0.872799 0.353542
vt 0.872799 0.374847
vt 0.811116 0.180542
vt 0.833117 0.180596
vt 0.515006 0.415302
vt 0.514957 0.409321
vt 0.910259 0.330444
vt 0.910259 0.323364
vt 0.877200 0.326907
vt 0.877200 0.297576
vt 0.773210 0.415257
vt 0.933546 0.736808
vt 0.923691 0.736831
vt 0.853374 0.400884
vt 0.853374 0.389799
vt 0.933546 0.757618
vt 0.923691 0.757641
vt 0.907470 0.507475
vt 0.933546 0.507414
vn 0.0000 -0.9998 0.0181
vn -0.0108 -0.9999 0.0034
vn -0.3130 0.6276 -0.7129
vn -0.2847 0.7059 -0.6485
vn -0.2220 0.6832 -0.6957
vn -0.2313 0.6493 -0.7246
vn -0.0726 0.6832 -0.7266
vn -0.0756 0.6493 -0.7568
vn 0.0801 0.6832 -0.7258
vn 0.0834 0.6493 -0.7560
vn 0.2293 0.6832 -0.6933
vn 0.2388 0.6493 -0.7221
vn 0.3203 0.6276 -0.7096
vn 0.2914 0.7059 -0.6455
vn 0.3684 0.6832 -0.6305
vn 0.3837 0.6493 -0.6567
vn 0.4914 0.6832 -0.5401
vn 0.5118 0.6493 -0.5626
vn 0.5813 0.6276 -0.5179
vn 0.5288 0.7059 -0.4712
vn 0.5930 0.6832 -0.4262
vn 0.6176 0.6493 -0.4439
vn 0.6686 0.6832 -0.2935
vn 0.6964 0.6493 -0.3057
vn 0.7151 0.6832 -0.1481
vn 0.7448 0.6493 -0.1543
vn 0.7302 0.6832 0.0038
vn 0.7606 0.6493 0.0039
vn 0.7738 0.6276 0.0854
vn 0.7040 0.7059 0.0777
vn 0.7135 0.6832 0.1555
vn 0.7431 0.6493 0.1620
vn 0.6656 0.6832 0.3005
vn 0.6932 0.6493 0.3130
vn 0.6722 0.6276 0.3928
vn 0.6115 0.7059 0.3573
vn 0.5885 0.6832 0.4323
vn 0.6130 0.6493 0.4502
vn 0.4858 0.6832 0.5452
vn 0.5060 0.6493 0.5678
vn 0.3618 0.6832 0.6343
vn 0.3769 0.6493 0.6606
vn 0.2220 0.6832 0.6957
vn 0.2313 0.6493 0.7246
vn 0.1579 0.6276 0.7624
vn 0.1437 0.7059 0.6936
vn 0.0726 0.6832 0.7266
vn 0.0756 0.6493 0.7568
vn -0.0801 0.6832 0.7258
vn -0.0834 0.6493 0.7560
vn -0.1658 0.6276 0.7607
vn -0.1509 0.7059 0.6920
vn -0.2293 0.6832 0.6933
vn -0.2388 0.6493 0.7221
vn -0.3684 0.6832 0.6305
vn -0.3837 0.6493 0.6567
vn -0.4914 0.6832 0.5401
vn -0.5118 0.6493 0.5626
vn -0.5930 0.6832 0.4262
vn -0.6176 0.6493 0.4439
vn -0.6762 0.6276 0.3858
vn -0.6152 0.7059 0.3510
vn -0.6686 0.6832 0.2935
vn -0.6964 0.6493 0.3057
vn -0.7151 0.6832 0.1481
vn -0.7448 0.6493 0.1543
vn -0.7747 0.6276 0.0774
vn -0.7048 0.7059 0.0704
vn -0.7302 0.6832 -0.0038
vn -0.7606 0.6493 -0.0039
vn -0.7135 0.6832 -0.1555
vn -0.7431 0.6493 -0.1620
vn -0.6656 0.6832 -0.3005
vn -0.6932 0.6493 -0.3130
vn -0.5885 0.6832 -0.4323
vn -0.6130 0.6493 -0.4502
vn 0.2145 0.7302 -0.6487
vn 0.2140 -0.7317 -0.6471
vn 0.2908 -0.7074 -0.6442
vn -0.5759 0.6276 -0.5239
vn -0.5239 0.7059 -0.4767
vn -0.4858 0.6832 -0.5452
vn -0.5060 0.6493 -0.5678
vn -0.3618 0.6832 -0.6343
vn -0.3769 0.6493 -0.6606
vn 0.7772 0.6083 -0.1610
vn 0.7267 0.6083 -0.3191
vn -0.2078 0.7302 -0.6509
vn -0.0679 0.7302 -0.6798
vn 0.0749 0.7302 -0.6791
vn 0.3447 0.7302 -0.5899
vn 0.4598 0.7302 -0.5054
vn 0.5548 0.7302 -0.3987
vn 0.6256 0.7302 -0.2747
vn 0.6690 0.7302 -0.1386
vn 0.6832 0.7302 0.0035
vn 0.6676 0.7302 0.1455
vn 0.6227 0.7302 0.2811
vn 0.5507 0.7302 0.4045
vn 0.4545 0.7302 0.5101
vn 0.3385 0.7302 0.5935
vn 0.2078 0.7302 0.6509
vn 0.0679 0.7302 0.6798
vn -0.0749 0.7302 0.6791
vn -0.2145 0.7302 0.6487
vn -0.3447 0.7302 0.5899
vn -0.4598 0.7302 0.5054
vn -0.5548 0.7302 0.3987
vn -0.6256 0.7302 0.2747
vn -0.6690 0.7302 0.1386
vn -0.6832 0.7302 -0.0035
vn -0.6676 0.7302 -0.1455
vn -0.6227 0.7302 -0.2811
vn -0.5507 0.7302 -0.4045
vn -0.4545 0.7302 -0.5101
vn -0.3385 0.7302 -0.5935
vn 0.6212 -0.7317 0.2805
vn 0.6660 -0.7317 0.1452
vn 0.7122 -0.6846 0.1552
vn 0.6643 -0.6846 0.2999
vn -0.0748 -0.7317 0.6775
vn -0.1505 -0.7074 0.6906
vn 0.3439 -0.7317 -0.5885
vn 0.4587 -0.7317 -0.5042
vn -0.2140 -0.7317 0.6471
vn -0.3439 -0.7317 0.5885
vn 0.5277 -0.7074 -0.4702
vn -0.4587 -0.7317 0.5042
vn 0.5535 -0.7317 -0.3978
vn 0.6241 -0.7317 -0.2740
vn -0.5535 -0.7317 0.3978
vn 0.6674 -0.7317 -0.1383
vn -0.6139 -0.7074 0.3502
vn 0.6816 -0.7317 0.0035
vn -0.6241 -0.7317 0.2740
vn -0.6674 -0.7317 0.1383
vn 0.7025 -0.7074 0.0775
vn -0.7033 -0.7074 0.0702
vn -0.6816 -0.7317 -0.0035
vn -0.6660 -0.7317 -0.1452
vn 0.6103 -0.7074 0.3566
vn -0.6212 -0.7317 -0.2805
vn 0.5493 -0.7317 0.4035
vn 0.4534 -0.7317 0.5089
vn -0.3377 -0.7317 -0.5920
vn -0.2841 -0.7074 -0.6472
vn -0.5493 -0.7317 -0.4035
vn 0.3377 -0.7317 0.5920
vn -0.2073 -0.7317 -0.6493
vn -0.0677 -0.7317 -0.6782
vn -0.5228 -0.7074 -0.4757
vn 0.2073 -0.7317 0.6493
vn 0.0748 -0.7317 -0.6775
vn -0.4534 -0.7317 -0.5089
vn 0.1434 -0.7074 0.6921
vn 0.0677 -0.7317 0.6782
vn -0.0800 -0.6846 0.7245
vn -0.0864 -0.6163 0.7828
vn -0.1710 -0.5959 0.7846
vn -0.7289 -0.6846 -0.0038
vn -0.7122 -0.6846 -0.1552
vn -0.6643 -0.6846 -0.2999
vn 0.5875 -0.6846 0.4315
vn 0.4849 -0.6846 0.5442
vn -0.3612 -0.6846 -0.6331
vn -0.5875 -0.6846 -0.4315
vn 0.3612 -0.6846 0.6331
vn -0.2216 -0.6846 -0.6944
vn -0.0724 -0.6846 -0.7253
vn 0.2216 -0.6846 0.6944
vn 0.0799 -0.6846 -0.7245
vn -0.4849 -0.6846 -0.5442
vn 0.2288 -0.6846 -0.6921
vn 0.0724 -0.6846 0.7253
vn 0.3677 -0.6846 -0.6293
vn 0.4905 -0.6846 -0.5391
vn -0.2288 -0.6846 0.6920
vn -0.3677 -0.6846 0.6293
vn -0.4905 -0.6846 0.5391
vn 0.5919 -0.6846 -0.4254
vn 0.6674 -0.6846 -0.2930
vn -0.5919 -0.6846 0.4254
vn 0.7137 -0.6846 -0.1478
vn 0.7289 -0.6846 0.0038
vn -0.6674 -0.6846 0.2930
vn -0.7137 -0.6846 0.1478
vn 0.3902 -0.6163 0.6840
vn 0.5239 -0.6163 0.5880
vn 0.5428 -0.5782 0.6091
vn 0.4043 -0.5782 0.7087
vn 0.3973 -0.6163 -0.6800
vn 0.5300 -0.6163 -0.5825
vn -0.2472 -0.6163 0.7477
vn -0.3973 -0.6163 0.6800
vn 0.5996 -0.5959 -0.5342
vn -0.5300 -0.6163 0.5825
vn 0.6395 -0.6163 -0.4596
vn 0.7211 -0.6163 -0.3166
vn -0.6395 -0.6163 0.4596
vn 0.7711 -0.6163 -0.1597
vn -0.6975 -0.5959 0.3979
vn 0.7875 -0.6163 0.0041
vn -0.7211 -0.6163 0.3166
vn -0.7711 -0.6163 0.1597
vn 0.7982 -0.5959 0.0881
vn -0.7991 -0.5959 0.0798
vn 0.7694 -0.6163 0.1677
vn 0.7178 -0.6163 0.3240
vn -0.7875 -0.6163 -0.0041
vn -0.7694 -0.6163 -0.1677
vn 0.6934 -0.5959 0.4051
vn -0.7178 -0.6163 -0.3240
vn 0.6347 -0.6163 0.4662
vn -0.3902 -0.6163 -0.6840
vn -0.3228 -0.5959 -0.7353
vn -0.6347 -0.6163 -0.4662
vn -0.2395 -0.6163 -0.7502
vn -0.0783 -0.6163 -0.7836
vn -0.5940 -0.5959 -0.5404
vn 0.2395 -0.6163 0.7502
vn 0.0864 -0.6163 -0.7828
vn -0.5239 -0.6163 -0.5880
vn 0.1629 -0.5959 0.7863
vn 0.2472 -0.6163 -0.7477
vn 0.0783 -0.6163 0.7836
vn 0.3304 -0.5959 -0.7319
vn -0.6625 -0.5782 0.4761
vn -0.5491 -0.5782 0.6035
vn -0.4907 0.6843 0.5394
vn -0.5921 0.6843 0.4255
vn -0.2481 -0.5782 -0.7772
vn -0.0811 -0.5782 -0.8118
vn -0.6576 -0.5782 -0.4830
vn 0.2481 -0.5782 0.7772
vn 0.0895 -0.5782 -0.8110
vn -0.5428 -0.5782 -0.6091
vn -0.4043 -0.5782 -0.7087
vn 0.2561 -0.5782 -0.7746
vn 0.0811 -0.5782 0.8118
vn -0.0895 -0.5782 0.8110
vn 0.4116 -0.5782 -0.7044
vn 0.5491 -0.5782 -0.6035
vn -0.2561 -0.5782 0.7746
vn -0.4116 -0.5782 0.7044
vn 0.6625 -0.5782 -0.4761
vn 0.7471 -0.5782 -0.3280
vn 0.7989 -0.5782 -0.1655
vn 0.8159 -0.5782 0.0042
vn -0.7470 -0.5782 0.3280
vn -0.7989 -0.5782 0.1655
vn 0.7972 -0.5782 0.1738
vn 0.7436 -0.5782 0.3357
vn -0.8159 -0.5782 -0.0042
vn -0.7972 -0.5782 -0.1738
vn -0.7436 -0.5782 -0.3357
vn 0.6576 -0.5782 0.4830
vn 0.2910 0.7071 -0.6445
vn 0.2141 0.7314 -0.6475
vn 0.2289 0.6843 -0.6923
vn 0.6677 0.6843 -0.2931
vn 0.7140 0.6843 -0.1479
vn -0.6142 0.7071 0.3504
vn 0.7292 0.6843 0.0038
vn -0.6677 0.6843 0.2931
vn -0.7140 0.6843 0.1479
vn 0.7028 0.7071 0.0776
vn -0.7036 0.7071 0.0703
vn 0.7125 0.6843 0.1553
vn 0.6646 0.6843 0.3000
vn -0.7292 0.6843 -0.0038
vn -0.7125 0.6843 -0.1553
vn 0.6105 0.7071 0.3567
vn -0.6646 0.6843 -0.3000
vn 0.5877 0.6843 0.4317
vn 0.4851 0.6843 0.5444
vn -0.3613 0.6843 -0.6334
vn -0.2843 0.7071 -0.6475
vn -0.5877 0.6843 -0.4317
vn 0.3613 0.6843 0.6334
vn -0.2217 0.6843 -0.6947
vn -0.0725 0.6843 -0.7256
vn -0.5230 0.7071 -0.4759
vn 0.2217 0.6843 0.6947
vn 0.0800 0.6843 -0.7248
vn -0.4851 0.6843 -0.5444
vn 0.1434 0.7071 0.6924
vn 0.0725 0.6843 0.7256
vn -0.0800 0.6843 0.7248
vn -0.1506 0.7071 0.6909
vn 0.3679 0.6843 -0.6296
vn 0.4907 0.6843 -0.5393
vn -0.2289 0.6843 0.6923
vn -0.3679 0.6843 0.6296
vn 0.5279 0.7071 -0.4704
vn 0.5921 0.6843 -0.4255
vn -0.2074 0.7314 -0.6496
vn -0.0678 0.7314 -0.6786
vn 0.0748 0.7314 -0.6778
vn 0.3440 0.7314 -0.5888
vn 0.4589 0.7314 -0.5044
vn 0.5538 0.7314 -0.3980
vn 0.6244 0.7314 -0.2741
vn 0.6678 0.7314 -0.1383
vn 0.6819 0.7314 0.0035
vn 0.6663 0.7314 0.1452
vn 0.6215 0.7314 0.2806
vn 0.5496 0.7314 0.4037
vn 0.4537 0.7314 0.5091
vn 0.3379 0.7314 0.5923
vn 0.2074 0.7314 0.6496
vn 0.0678 0.7314 0.6786
vn -0.0748 0.7314 0.6778
vn -0.2141 0.7314 0.6475
vn -0.3440 0.7314 0.5888
vn -0.4589 0.7314 0.5044
vn -0.5538 0.7314 0.3980
vn -0.6244 0.7314 0.2741
vn -0.6678 0.7314 0.1383
vn -0.6819 0.7314 -0.0035
vn -0.6663 0.7314 -0.1452
vn -0.6215 0.7314 -0.2806
vn -0.5496 0.7314 -0.4037
vn -0.4537 0.7314 -0.5091
vn -0.3379 0.7314 -0.5923
vn 0.4907 0.6843 -0.5394
vn -0.4907 0.6843 0.5393
vn 0.6445 0.6083 -0.4632
vn 0.6557 0.6980 -0.2879
vn 0.5815 0.6980 -0.4179
vn -0.0871 0.6083 0.7889
vn 0.0789 0.6083 0.7897
vn -0.7234 0.6083 -0.3266
vn -0.7755 0.6083 -0.1690
vn 0.4004 0.6083 -0.6853
vn 0.5280 0.6083 0.5926
vn 0.6397 0.6083 0.4698
vn -0.7267 0.6083 0.3191
vn -0.2413 0.6083 -0.7561
vn 0.7937 0.6083 0.0041
vn -0.2492 0.6083 0.7535
vn -0.6397 0.6083 -0.4698
vn 0.5341 0.6083 -0.5871
vn 0.3933 0.6083 0.6894
vn -0.7772 0.6083 0.1610
vn -0.0789 0.6083 -0.7897
vn 0.7755 0.6083 0.1690
vn -0.4004 0.6083 0.6853
vn -0.5280 0.6083 -0.5926
vn 0.2413 0.6083 0.7561
vn -0.7937 0.6083 -0.0041
vn 0.0871 0.6083 -0.7889
vn 0.7234 0.6083 0.3266
vn -0.5341 0.6083 0.5871
vn -0.3933 0.6083 -0.6894
vn 0.2492 0.6083 -0.7535
vn -0.6445 0.6083 0.4632
vn 0.4764 0.6980 0.5346
vn 0.3548 0.6980 0.6220
vn 0.3752 0.6532 0.6577
vn 0.5037 0.6532 0.5653
vn -0.5815 0.6980 0.4179
vn -0.4819 0.6980 0.5297
vn 0.7012 0.6980 -0.1453
vn -0.6557 0.6980 0.2879
vn -0.6412 0.6746 0.3657
vn 0.7161 0.6980 0.0037
vn -0.7012 0.6980 0.1453
vn 0.6997 0.6980 0.1525
vn 0.7337 0.6747 0.0810
vn -0.7161 0.6980 -0.0037
vn -0.7345 0.6746 0.0733
vn 0.6527 0.6980 0.2947
vn -0.6997 0.6980 -0.1525
vn 0.5771 0.6980 0.4239
vn 0.6373 0.6747 0.3724
vn -0.6527 0.6980 -0.2947
vn -0.2178 0.6980 -0.6822
vn -0.2967 0.6746 -0.6759
vn -0.5771 0.6980 -0.4239
vn -0.0712 0.6980 -0.7126
vn -0.4764 0.6980 -0.5346
vn -0.5460 0.6747 -0.4967
vn 0.2178 0.6980 0.6822
vn 0.0785 0.6980 -0.7118
vn -0.3548 0.6980 -0.6220
vn 0.0712 0.6980 0.7126
vn 0.1497 0.6746 0.7228
vn 0.2248 0.6980 -0.6799
vn -0.0785 0.6980 0.7118
vn 0.3613 0.6980 -0.6183
vn 0.3037 0.6746 -0.6728
vn -0.2248 0.6980 0.6799
vn -0.1572 0.6747 0.7212
vn 0.4819 0.6980 -0.5297
vn -0.3613 0.6980 0.6183
vn 0.5511 0.6747 -0.4911
vn -0.5096 0.6532 0.5601
vn -0.6149 0.6532 0.4419
vn -0.5678 0.7149 0.4081
vn -0.4706 0.7149 0.5172
vn -0.0752 0.6532 -0.7534
vn -0.2302 0.6532 -0.7213
vn -0.5037 0.6532 -0.5653
vn 0.2302 0.6532 0.7213
vn 0.0831 0.6532 -0.7526
vn -0.3752 0.6532 -0.6577
vn 0.0752 0.6532 0.7534
vn 0.2377 0.6532 -0.7189
vn -0.0831 0.6532 0.7526
vn 0.3820 0.6532 -0.6538
vn -0.2377 0.6532 0.7189
vn 0.5096 0.6532 -0.5600
vn -0.3820 0.6532 0.6538
vn 0.6149 0.6532 -0.4419
vn 0.6933 0.6532 -0.3044
vn 0.7414 0.6532 -0.1536
vn -0.6933 0.6532 0.3044
vn 0.7572 0.6532 0.0039
vn -0.7414 0.6532 0.1536
vn 0.7398 0.6532 0.1613
vn 0.7337 0.6746 0.0810
vn -0.7572 0.6532 -0.0039
vn 0.6901 0.6532 0.3116
vn -0.7398 0.6532 -0.1613
vn 0.6102 0.6532 0.4482
vn 0.6373 0.6746 0.3724
vn -0.6901 0.6532 -0.3116
vn -0.6102 0.6532 -0.4482
vn -0.2126 0.7149 -0.6661
vn -0.0695 0.7149 -0.6958
vn -0.0739 0.6689 -0.7397
vn -0.2260 0.6689 -0.7082
vn 0.6847 0.7149 -0.1418
vn 0.6403 0.7149 -0.2811
vn -0.6403 0.7149 0.2811
vn -0.6279 0.6910 0.3582
vn 0.6992 0.7149 0.0036
vn -0.6847 0.7149 0.1418
vn 0.6832 0.7149 0.1489
vn 0.7185 0.6910 0.0793
vn -0.6992 0.7149 -0.0036
vn -0.7193 0.6910 0.0718
vn 0.6373 0.7149 0.2877
vn -0.6832 0.7149 -0.1489
vn 0.5636 0.7149 0.4139
vn 0.6241 0.6910 0.3647
vn -0.6373 0.7149 -0.2877
vn 0.4652 0.7149 0.5221
vn -0.2906 0.6910 -0.6619
vn -0.5636 0.7149 -0.4139
vn 0.3465 0.7149 0.6074
vn -0.4652 0.7149 -0.5221
vn -0.5347 0.6910 -0.4864
vn 0.2126 0.7149 0.6661
vn 0.0767 0.7149 -0.6950
vn -0.3465 0.7149 -0.6074
vn 0.0695 0.7149 0.6958
vn 0.1466 0.6910 0.7078
vn 0.2195 0.7149 -0.6639
vn -0.0767 0.7149 0.6950
vn 0.3528 0.7149 -0.6037
vn 0.2974 0.6910 -0.6588
vn -0.2195 0.7149 0.6639
vn -0.1540 0.6910 0.7063
vn 0.4706 0.7149 -0.5172
vn -0.3528 0.7149 0.6037
vn 0.5678 0.7149 -0.4081
vn 0.5397 0.6910 -0.4809
vn 0.6807 0.6689 -0.2988
vn 0.7279 0.6689 -0.1508
vn 0.6655 0.7335 -0.1379
vn 0.6223 0.7335 -0.2732
vn -0.4945 0.6689 -0.5550
vn 0.2260 0.6689 0.7082
vn 0.3683 0.6689 0.6457
vn 0.0815 0.6689 -0.7389
vn -0.3683 0.6689 -0.6457
vn 0.0739 0.6689 0.7397
vn 0.2334 0.6689 -0.7058
vn -0.0815 0.6689 0.7389
vn 0.3750 0.6689 -0.6418
vn -0.2334 0.6689 0.7058
vn 0.5003 0.6689 -0.5498
vn -0.3750 0.6689 0.6418
vn 0.6037 0.6689 -0.4338
vn -0.5003 0.6689 0.5498
vn -0.6037 0.6689 0.4338
vn -0.6807 0.6689 0.2988
vn 0.7434 0.6689 0.0039
vn -0.7279 0.6689 0.1508
vn 0.7263 0.6689 0.1583
vn -0.7434 0.6689 -0.0039
vn 0.6775 0.6689 0.3059
vn -0.7263 0.6689 -0.1583
vn 0.5991 0.6689 0.4401
vn -0.6775 0.6689 -0.3059
vn 0.4945 0.6689 0.5550
vn -0.5991 0.6689 -0.4400
vn 0.1430 0.7092 0.6904
vn 0.0675 0.7335 0.6763
vn 0.0723 0.6863 0.7237
vn -0.6223 0.7335 0.2732
vn -0.6124 0.7092 0.3493
vn 0.6797 0.7335 0.0035
vn -0.6655 0.7335 0.1379
vn 0.6641 0.7335 0.1448
vn 0.7008 0.7092 0.0773
vn -0.6797 0.7335 -0.0035
vn -0.7016 0.7092 0.0701
vn 0.6195 0.7335 0.2797
vn -0.6641 0.7335 -0.1448
vn 0.5478 0.7335 0.4023
vn 0.6087 0.7092 0.3557
vn -0.6195 0.7335 -0.2797
vn 0.4522 0.7335 0.5074
vn -0.2067 0.7335 -0.6475
vn -0.2834 0.7092 -0.6456
vn -0.5478 0.7335 -0.4023
vn 0.3368 0.7335 0.5904
vn -0.0675 0.7335 -0.6763
vn -0.4522 0.7335 -0.5074
vn -0.5215 0.7092 -0.4745
vn 0.2067 0.7335 0.6475
vn 0.0745 0.7335 -0.6756
vn -0.3368 0.7335 -0.5904
vn 0.2134 0.7335 -0.6453
vn -0.0745 0.7335 0.6756
vn 0.3429 0.7335 -0.5868
vn 0.2901 0.7092 -0.6426
vn -0.2134 0.7335 0.6453
vn -0.1502 0.7092 0.6889
vn 0.4574 0.7335 -0.5027
vn -0.3429 0.7335 0.5868
vn 0.5519 0.7335 -0.3966
vn 0.5264 0.7092 -0.4690
vn -0.4574 0.7335 0.5027
vn -0.5519 0.7335 0.3966
vn -0.6660 0.6863 0.2924
vn -0.7122 0.6863 0.1475
vn -0.7069 -0.6920 0.1464
vn -0.6610 -0.6920 0.2902
vn 0.2283 0.6863 -0.6905
vn 0.0798 0.6863 -0.7229
vn -0.0798 0.6863 0.7229
vn 0.3669 0.6863 -0.6280
vn -0.2283 0.6863 0.6905
vn 0.4895 0.6863 -0.5380
vn -0.3669 0.6863 0.6280
vn 0.5906 0.6863 -0.4245
vn -0.4895 0.6863 0.5380
vn 0.6660 0.6863 -0.2924
vn -0.5906 0.6863 0.4245
vn 0.7122 0.6863 -0.1475
vn 0.7273 0.6863 0.0038
vn 0.7106 0.6863 0.1549
vn -0.7273 0.6863 -0.0038
vn 0.6629 0.6863 0.2993
vn -0.7106 0.6863 -0.1549
vn 0.5862 0.6863 0.4306
vn -0.6629 0.6863 -0.2993
vn 0.4839 0.6863 0.5430
vn -0.2212 0.6863 -0.6929
vn -0.5862 0.6863 -0.4306
vn 0.3604 0.6863 0.6318
vn -0.0723 0.6863 -0.7237
vn -0.4839 0.6863 -0.5430
vn 0.2212 0.6863 0.6929
vn -0.3604 0.6863 -0.6318
vn 0.0792 -0.6920 -0.7175
vn 0.2266 -0.6920 -0.6854
vn 0.2113 -0.7396 -0.6390
vn 0.0738 -0.7396 -0.6690
vn 0.7053 -0.6920 0.1537
vn 0.6948 -0.7151 0.0767
vn -0.7219 -0.6920 -0.0037
vn -0.6955 -0.7151 0.0695
vn 0.6579 -0.6920 0.2970
vn -0.7053 -0.6920 -0.1537
vn 0.5818 -0.6920 0.4273
vn 0.6035 -0.7151 0.3526
vn -0.6579 -0.6920 -0.2970
vn 0.4802 -0.6920 0.5390
vn -0.2195 -0.6920 -0.6877
vn -0.2810 -0.7151 -0.6400
vn -0.5818 -0.6920 -0.4273
vn 0.3577 -0.6920 0.6270
vn -0.0717 -0.6920 -0.7183
vn -0.4802 -0.6920 -0.5390
vn -0.5170 -0.7151 -0.4704
vn 0.2195 -0.6920 0.6877
vn -0.3577 -0.6920 -0.6270
vn 0.0717 -0.6920 0.7183
vn 0.1418 -0.7151 0.6845
vn -0.0792 -0.6920 0.7175
vn 0.3642 -0.6920 -0.6233
vn 0.2876 -0.7151 -0.6371
vn -0.2266 -0.6920 0.6854
vn -0.1489 -0.7151 0.6830
vn 0.4858 -0.6920 -0.5340
vn -0.3642 -0.6920 0.6233
vn 0.5862 -0.6920 -0.4213
vn 0.5219 -0.7151 -0.4650
vn -0.4858 -0.6920 0.5340
vn 0.6610 -0.6920 -0.2902
vn -0.5862 -0.6920 0.4213
vn 0.7069 -0.6920 -0.1464
vn -0.6072 -0.7151 0.3464
vn 0.7219 -0.6920 0.0037
vn 0.6576 -0.7396 0.1433
vn 0.7125 -0.6843 0.1553
vn 0.7028 -0.7071 0.0776
vn -0.0738 -0.7396 0.6690
vn 0.0669 -0.7396 0.6697
vn 0.3395 -0.7396 -0.5811
vn -0.2113 -0.7396 0.6390
vn 0.4529 -0.7396 -0.4978
vn -0.3395 -0.7396 0.5811
vn 0.5465 -0.7396 -0.3928
vn -0.4529 -0.7396 0.4978
vn 0.6163 -0.7396 -0.2706
vn -0.5465 -0.7396 0.3928
vn 0.6590 -0.7396 -0.1365
vn -0.6163 -0.7396 0.2706
vn 0.6730 -0.7396 0.0035
vn -0.6590 -0.7396 0.1365
vn -0.6730 -0.7396 -0.0035
vn 0.6134 -0.7396 0.2769
vn -0.6576 -0.7396 -0.1433
vn 0.5424 -0.7396 0.3984
vn -0.6134 -0.7396 -0.2769
vn 0.4477 -0.7396 0.5025
vn -0.2047 -0.7396 -0.6412
vn -0.5424 -0.7396 -0.3984
vn 0.3335 -0.7396 0.5846
vn -0.0669 -0.7396 -0.6697
vn -0.4477 -0.7396 -0.5025
vn 0.2047 -0.7396 0.6412
vn -0.3335 -0.7396 -0.5846
vn 0.6663 -0.7314 0.1452
vn 0.9771 -0.0000 0.2130
vn 0.9940 -0.0000 0.1097
vn -0.7292 -0.6843 -0.0038
vn -0.7036 -0.7071 0.0703
vn 0.6646 -0.6843 0.3000
vn -0.7125 -0.6843 -0.1553
vn 0.5877 -0.6843 0.4317
vn 0.6105 -0.7071 0.3567
vn -0.6646 -0.6843 -0.3000
vn 0.4851 -0.6843 0.5444
vn -0.2217 -0.6843 -0.6947
vn -0.2843 -0.7071 -0.6475
vn -0.5877 -0.6843 -0.4317
vn 0.3613 -0.6843 0.6334
vn -0.0725 -0.6843 -0.7256
vn -0.4851 -0.6843 -0.5444
vn -0.5230 -0.7071 -0.4759
vn 0.2217 -0.6843 0.6947
vn 0.0800 -0.6843 -0.7248
vn -0.3613 -0.6843 -0.6334
vn 0.0725 -0.6843 0.7256
vn 0.1434 -0.7071 0.6924
vn 0.2289 -0.6843 -0.6923
vn -0.0800 -0.6843 0.7248
vn 0.3679 -0.6843 -0.6296
vn 0.2910 -0.7071 -0.6445
vn -0.2289 -0.6843 0.6923
vn -0.1506 -0.7071 0.6909
vn 0.4907 -0.6843 -0.5394
vn -0.3679 -0.6843 0.6296
vn 0.5921 -0.6843 -0.4255
vn 0.5279 -0.7071 -0.4704
vn -0.4907 -0.6843 0.5393
vn 0.6677 -0.6843 -0.2931
vn -0.5921 -0.6843 0.4255
vn 0.7140 -0.6843 -0.1479
vn -0.6677 -0.6843 0.2931
vn -0.6142 -0.7071 0.3504
vn 0.7292 -0.6843 0.0038
vn -0.7140 -0.6843 0.1479
vn -0.3379 -0.7314 -0.5923
vn -0.0678 -0.7314 -0.6786
vn -0.2074 -0.7314 -0.6496
vn 0.0748 -0.7314 -0.6778
vn 0.2141 -0.7314 -0.6475
vn 0.4589 -0.7314 -0.5044
vn 0.3440 -0.7314 -0.5888
vn 0.6244 -0.7314 -0.2741
vn 0.5538 -0.7314 -0.3980
vn 0.6678 -0.7314 -0.1383
vn 0.6819 -0.7314 0.0035
vn 0.6215 -0.7314 0.2806
vn 0.4537 -0.7314 0.5091
vn 0.5496 -0.7314 0.4037
vn 0.3379 -0.7314 0.5923
vn 0.2074 -0.7314 0.6496
vn -0.0748 -0.7314 0.6778
vn 0.0678 -0.7314 0.6786
vn -0.3440 -0.7314 0.5888
vn -0.2141 -0.7314 0.6475
vn -0.4589 -0.7314 0.5044
vn -0.5538 -0.7314 0.3980
vn -0.6678 -0.7314 0.1383
vn -0.6244 -0.7314 0.2741
vn -0.6663 -0.7314 -0.1452
vn -0.6819 -0.7314 -0.0035
vn -0.6215 -0.7314 -0.2806
vn -0.5496 -0.7314 -0.4037
vn -0.4537 -0.7314 -0.5091
vn -1.0000 0.0000 -0.0052
vn -0.9951 0.0000 0.0994
vn 0.9114 0.0000 0.4115
vn -0.9771 0.0000 -0.2130
vn 0.8060 0.0000 0.5920
vn 0.8634 0.0000 0.5045
vn -0.9114 0.0000 -0.4115
vn 0.6653 0.0000 0.7466
vn -0.3041 0.0000 -0.9526
vn -0.4020 0.0000 -0.9156
vn -0.8060 0.0000 -0.5920
vn 0.4955 0.0000 0.8686
vn -0.0994 0.0000 -0.9951
vn -0.6653 0.0000 -0.7466
vn -0.7397 0.0000 -0.6730
vn 0.3041 0.0000 0.9526
vn 0.1097 0.0000 -0.9940
vn -0.4955 0.0000 -0.8686
vn 0.0994 0.0000 0.9951
vn 0.2028 0.0000 0.9792
vn 0.3139 0.0000 -0.9494
vn -0.1097 0.0000 0.9940
vn 0.5045 0.0000 -0.8634
vn 0.4115 0.0000 -0.9114
vn -0.3139 0.0000 0.9494
vn -0.2130 0.0000 0.9771
vn 0.6730 0.0000 -0.7397
vn -0.5045 0.0000 0.8634
vn 0.8121 0.0000 -0.5836
vn 0.7466 0.0000 -0.6653
vn -0.6730 0.0000 0.7397
vn 0.9156 0.0000 -0.4020
vn -0.8121 0.0000 0.5836
vn 0.9792 0.0000 -0.2028
vn -0.9156 0.0000 0.4020
vn -0.8686 0.0000 0.4955
vn 1.0000 0.0000 0.0052
vn -0.9792 0.0000 0.2028
vn 0.3531 -0.5136 -0.7820
vn -0.5901 -0.3161 -0.7429
vn -0.3009 -0.4064 -0.8627
vn 0.3533 -0.5127 -0.7825
vn -0.1030 0.2143 -0.9713
vn 0.6730 0.0001 -0.7397
vn -0.0048 0.0795 -0.9968
vn -0.9337 0.0060 -0.3579
vn -0.4634 0.2467 -0.8511
vn -0.3287 0.2220 -0.9180
vn -0.9390 0.0049 -0.3440
vn 0.9580 -0.2769 -0.0751
vn 0.8346 -0.4071 -0.3712
vn -0.7453 -0.5136 0.4252
vn 0.0408 -0.3161 0.9479
vn -0.2637 -0.4064 0.8748
vn -0.7458 -0.5127 0.4254
vn 0.5451 0.0060 0.8384
vn -0.1253 0.2467 0.9610
vn -0.2750 0.2200 0.9359
vn 0.5575 0.0051 0.8302
vn -0.1400 -0.2251 0.9642
vn -0.8398 -0.2555 0.4790
vn -0.8191 -0.2769 -0.5023
vn -0.8934 -0.4071 -0.1902
vn 0.8528 -0.5137 0.0941
vn 0.5241 -0.3161 -0.7908
vn 0.7275 -0.4065 -0.5528
vn 0.8533 -0.5128 0.0942
vn 0.9743 0.2219 0.0389
vn 0.6091 0.0049 0.7931
vn 0.6056 0.0013 0.7958
vn 0.9873 0.0834 0.1354
vn 0.0518 0.0060 -0.9986
vn 0.6662 0.2467 -0.7038
vn 0.7730 0.2192 -0.5953
vn 0.0370 0.0052 -0.9993
vn -0.1829 -0.5127 0.8389
vn 0.4487 -0.4071 0.7956
vn 0.6202 -0.1632 0.7673
vn -0.2059 -0.2555 0.9446
vn 0.3674 -0.2769 0.8879
vn 0.6109 -0.4072 0.6790
vn -0.6347 -0.5136 -0.5774
vn -0.8889 -0.3161 0.3317
vn -0.9135 -0.4064 0.0196
vn -0.6351 -0.5127 -0.5778
vn -0.6289 0.0060 0.7775
vn -0.9526 0.2467 0.1778
vn -0.9751 0.2199 0.0276
vn -0.6173 0.0051 0.7867
vn 0.5294 -0.1632 0.8325
vn 0.2246 -0.2769 -0.9343
vn -0.0952 -0.4071 -0.9084
vn 0.1740 -0.5136 0.8402
vn 0.9141 -0.3161 0.2541
vn 0.7505 -0.4064 0.5211
vn 0.1742 -0.5127 0.8407
vn 0.9658 0.0060 -0.2593
vn 0.8752 0.2467 0.4161
vn 0.8056 0.2228 0.5490
vn 0.9618 0.0049 -0.2736
vn -0.5468 -0.0222 0.8370
vn 0.2546 -0.4064 0.8775
vn 0.1300 -0.2251 0.9656
vn -0.5373 -0.0629 0.8411
vn -0.7309 -0.2769 0.6238
vn -0.4570 -0.4071 0.7909
vn -0.8538 -0.5136 0.0853
vn -0.3766 -0.2769 0.8840
vn -0.6180 -0.4071 0.6726
vn -0.8543 -0.5127 0.0853
vn -0.9881 0.0844 0.1282
vn -0.6138 0.0012 0.7895
vn -0.5333 0.2310 0.8138
vn -0.6615 0.2148 0.7185
vn 0.0994 0.0001 0.9951
vn -0.0555 -0.0222 -0.9982
vn -0.5159 -0.3161 -0.7962
vn -0.7218 -0.4064 -0.5603
vn -0.0496 -0.0222 -0.9985
vn -0.1827 -0.5136 0.8383
vn 0.7243 -0.2769 0.6314
vn -0.6653 0.0001 -0.7466
vn 0.1119 0.2164 -0.9699
vn 0.0180 0.0785 -0.9968
vn 0.6091 0.2310 0.7587
vn 0.4802 0.2180 0.8496
vn 0.9771 0.0001 0.2130
vn 0.0599 -0.0222 -0.9980
vn 0.0700 -0.0629 -0.9956
vn 0.6800 -0.2251 -0.6978
vn -0.9665 -0.0222 -0.2556
vn -0.9167 -0.3161 0.2446
vn -0.7559 -0.4064 0.5133
vn -0.9650 -0.0222 -0.2614
vn 0.7408 -0.5136 0.4329
vn 0.8243 -0.2769 -0.4938
vn 0.8953 -0.4071 -0.1809
vn 0.7413 -0.5127 0.4331
vn 0.9098 0.2310 -0.3449
vn 0.9573 0.2154 -0.1928
vn 0.5045 0.0001 -0.8634
vn 0.9214 -0.1632 -0.3528
vn -0.5418 -0.0222 0.8402
vn -0.0506 -0.3161 0.9474
vn 0.6406 -0.5136 -0.5708
vn -0.2149 -0.2769 -0.9366
vn 0.1046 -0.4071 -0.9074
vn 0.6410 -0.5127 -0.5712
vn 0.3944 0.2848 -0.8737
vn 0.8920 0.2165 -0.3968
vn 0.9457 0.0787 -0.3153
vn 0.4087 0.1156 -0.9053
vn -0.0469 0.2310 -0.9718
vn 0.6317 -0.0222 0.7749
vn 0.8854 -0.3161 0.3409
vn 0.9133 -0.4064 0.0290
vn 0.6270 -0.0221 0.7787
vn -0.3449 -0.5136 -0.7857
vn -0.9571 -0.2769 -0.0850
vn -0.8307 -0.4071 -0.3799
vn -0.3451 -0.5127 -0.7862
vn -0.9546 0.2823 0.0953
vn -0.7662 0.2203 -0.6037
vn -0.7172 0.0845 -0.6917
vn -0.9882 0.1172 0.0987
vn -0.9387 0.2310 -0.2558
vn -0.8878 0.2154 -0.4067
vn -0.9156 0.0001 0.4020
vn 0.9322 -0.0222 -0.3613
vn 0.5978 -0.3161 -0.7367
vn 0.3098 -0.4064 -0.8596
vn 0.9343 -0.0221 -0.3557
vn 0.0569 0.2310 -0.9713
vn -0.6410 -0.0059 0.7676
vn -0.9728 -0.1245 0.1953
vn -0.7097 0.2817 -0.6457
vn -0.6919 0.3534 -0.6296
vn -0.0266 0.0051 -0.9996
vn -0.6589 0.2467 -0.7106
vn -0.0415 0.0060 -0.9991
vn -0.5212 -0.1130 0.8459
vn -0.9309 0.3534 0.0930
vn -0.4955 0.0001 -0.8686
vn -0.9556 0.2144 -0.2022
vn -0.9062 0.2310 -0.3543
vn 0.5319 -0.0059 0.8468
vn -0.1149 -0.1245 0.9855
vn -0.8334 0.2818 0.4754
vn -0.8126 0.3534 0.4635
vn -0.9589 0.0048 -0.2836
vn -0.8114 0.2235 0.5401
vn -0.8795 0.2467 0.4070
vn -0.9630 0.0060 -0.2693
vn 0.6435 -0.1130 0.7571
vn -0.2040 0.2869 0.9360
vn -0.1992 0.3534 0.9140
vn -0.9792 0.0001 0.2028
vn -0.4887 0.2173 0.8450
vn -0.6170 0.2310 0.7523
vn 0.9697 -0.0059 -0.2442
vn 0.9018 -0.1245 0.4138
vn 0.1944 0.2858 0.9384
vn 0.1898 0.3534 0.9160
vn -0.5660 0.0051 0.8244
vn 0.2647 0.2209 0.9387
vn 0.1154 0.2467 0.9622
vn -0.5537 0.0060 0.8327
vn 0.9189 -0.1130 -0.3781
vn 0.8281 0.2832 0.4838
vn 0.8077 0.3534 0.4719
vn -0.1097 0.0001 0.9940
vn 0.6546 0.2136 0.7251
vn 0.5248 0.2310 0.8193
vn 0.0674 -0.0059 -0.9977
vn 0.6723 -0.1244 -0.7297
vn 0.9540 0.2807 0.1053
vn 0.9298 0.3534 0.1026
vn 0.9507 0.2467 0.1876
vn 0.6208 0.0060 0.7839
vn -0.0756 -0.1130 -0.9907
vn 0.7157 0.2846 -0.6378
vn 0.6984 0.3534 -0.6223
vn 0.9114 0.0001 0.4115
vn 0.9413 0.2310 -0.2460
vn -0.9281 -0.0059 -0.3724
vn -0.4864 -0.1245 -0.8648
vn 0.3849 0.3534 -0.8526
vn 0.9425 0.0050 -0.3342
vn 0.3377 0.2210 -0.9150
vn 0.4723 0.2467 -0.8462
vn 0.9374 0.0060 -0.3482
vn -0.9656 -0.1130 -0.2342
vn -0.3855 0.2833 -0.8781
vn -0.3761 0.3534 -0.8566
vn -0.0222 0.0012 -0.9998
vn -0.0156 -0.6892 -0.7244
vn -0.6820 -0.5054 -0.5286
vn -0.8626 0.1173 0.4921
vn -0.9495 0.0796 -0.3035
vn -0.8423 -0.5112 -0.1711
vn -0.6815 -0.6200 0.3888
vn -0.5984 0.0796 0.7972
vn -0.5870 -0.5116 0.6275
vn 0.0736 -0.6719 0.7370
vn 0.4352 0.0840 -0.8964
vn 0.9440 0.0012 -0.3300
vn 0.6835 -0.6899 -0.2385
vn 0.2926 -0.5065 -0.8111
vn 0.6736 -0.6736 0.3041
vn 0.7813 -0.5141 -0.3540
vn -0.7803 -0.6205 0.0779
vn -0.9428 0.0791 -0.3238
vn -0.7779 -0.5127 -0.3633
vn -0.6775 -0.6727 0.2975
vn -0.9405 0.0013 -0.3398
vn -0.4245 0.0836 -0.9015
vn -0.2849 -0.5078 -0.8130
vn -0.6802 -0.6908 -0.2453
vn -0.5789 0.0784 0.8116
vn -0.7231 -0.6744 0.1498
vn -0.4243 -0.5151 0.7447
vn 0.1744 0.0844 0.9810
vn 0.8575 0.1171 0.5010
vn 0.5889 0.0799 0.8042
vn 0.9870 0.1179 0.1089
vn -0.3993 0.1163 -0.9094
vn 0.2015 0.1151 0.9727
vn 0.9529 0.0795 -0.2925
vn 0.7233 0.0847 -0.6853
vn 0.0325 0.0011 -0.9995
vn -0.5697 0.0012 0.8219
vn -0.1097 -0.0001 0.9940
vn -0.8772 0.0828 0.4729
vn -0.2116 0.1141 0.9707
vn 0.8729 0.0833 0.4808
vn 0.9606 0.0013 -0.2779
vn 0.7416 0.1153 -0.6608
vn -0.7346 0.1172 -0.6683
vn 0.5695 0.0778 0.8183
vn -0.1834 0.0845 0.9794
vn 0.5611 0.0012 0.8277
vn -0.9577 0.0014 -0.2879
vn 0.0000 -1.0000 0.0000
vn 0.3216 -0.6238 -0.7124
vn -0.3671 -0.6716 -0.6436
vn 0.7809 -0.6187 0.0862
vn 0.5818 -0.5102 0.6335
vn -0.0813 -0.6709 0.7371
vn -0.5803 -0.6200 -0.5280
vn -0.0975 -0.5112 -0.8539
vn 0.4986 -0.6716 -0.5480
vn 0.1583 -0.6251 0.7643
vn -0.1660 -0.6267 0.7614
vn -0.7133 -0.5101 0.4807
vn -0.6911 -0.6922 -0.2082
vn 0.6765 -0.6214 0.3953
vn 0.2405 -0.5060 0.8283
vn -0.4129 -0.6896 0.5949
vn 0.5835 -0.6238 -0.5199
vn 0.8609 -0.5079 0.0287
vn 0.4375 -0.6908 0.5757
vn -0.3148 -0.6220 -0.7170
vn -0.2500 -0.5050 0.8261
vn 0.4071 -0.6890 0.5997
vn 0.4170 -0.5164 0.7480
vn 0.7206 -0.6753 0.1571
vn 0.6888 -0.5040 -0.5211
vn 0.0232 -0.6884 -0.7250
vn 0.8433 -0.5122 -0.1630
vn 0.3735 -0.6723 -0.6392
vn -0.8629 -0.5050 0.0175
vn -0.4445 -0.6890 0.5724
vn 0.1040 -0.5141 -0.8514
vn -0.4917 -0.6737 -0.5518
vn 0.7083 -0.5088 0.4893
vn 0.6939 -0.6914 -0.2012
vn -0.8921 -0.1968 -0.4067
vn 0.4953 -0.1245 -0.8597
vn 0.9319 -0.0059 -0.3627
vn -0.3951 -0.1843 -0.9000
vn -0.6435 -0.0078 0.7654
vn -0.9796 -0.2003 0.0154
vn 0.0859 -0.1130 -0.9899
vn -0.7270 -0.1844 -0.6614
vn -0.9268 -0.0078 -0.3755
vn -0.3173 -0.2003 -0.9269
vn 0.9680 -0.1130 -0.2242
vn 0.4044 -0.1844 -0.8958
vn 0.1111 -0.1968 -0.9741
vn 0.9707 -0.1245 0.2054
vn 0.6330 -0.0059 0.7742
vn 0.7338 -0.1844 -0.6539
vn 0.0708 -0.0078 -0.9975
vn 0.7835 -0.2001 -0.5883
vn 0.5125 -0.1129 0.8512
vn 0.9770 -0.1841 0.1078
vn 0.9608 -0.1968 -0.1954
vn 0.1046 -0.1245 0.9867
vn -0.5407 -0.0059 0.8412
vn 0.8486 -0.1844 0.4958
vn 0.9705 -0.0078 -0.2409
vn 0.8015 -0.2003 0.5634
vn -0.6513 -0.1130 0.7503
vn 0.1994 -0.1844 0.9624
vn 0.4827 -0.1968 0.8534
vn -0.9061 -0.1245 0.4044
vn -0.9671 -0.0059 -0.2543
vn -0.2093 -0.1844 0.9603
vn 0.5291 -0.0079 0.8486
vn -0.2881 -0.2003 0.9364
vn -0.9149 -0.1130 -0.3876
vn -0.8537 -0.1844 0.4870
vn -0.6624 -0.1968 0.7228
vn -0.6646 -0.1245 -0.7367
vn -0.0570 -0.0059 -0.9984
vn -0.9780 -0.1844 0.0977
vn 0.0659 -0.0223 -0.9976
vn 0.6549 -0.1965 0.7297
vn 0.9599 -0.2596 0.1059
vn 0.9794 -0.2003 0.0255
vn 0.6356 -0.0079 0.7720
vn 0.7209 -0.2599 -0.6424
vn 0.2784 -0.2003 0.9393
vn -0.5378 -0.0079 0.8430
vn 0.8337 -0.2599 0.4872
vn 0.9691 -0.0222 -0.2456
vn -0.4916 -0.1968 0.8483
vn 0.1959 -0.2599 0.9456
vn -0.9284 -0.0222 -0.3709
vn 0.8963 -0.1968 -0.3974
vn 0.3973 -0.2599 -0.8801
vn 0.3269 -0.2003 -0.9236
vn 0.9306 -0.0079 -0.3659
vn -0.3882 -0.2599 -0.8842
vn -0.6397 -0.0222 0.7683
vn -0.1009 -0.1968 -0.9752
vn -0.7142 -0.2599 -0.6498
vn -0.7774 -0.2003 -0.5963
vn -0.0604 -0.0078 -0.9981
vn -0.9609 -0.2599 0.0960
vn 0.5330 -0.0222 0.8458
vn -0.9587 -0.1968 -0.2054
vn -0.8388 -0.2599 0.4785
vn -0.8073 -0.2003 0.5550
vn -0.9680 -0.0078 -0.2510
vn -0.2057 -0.2599 0.9435
vn 0.9610 -0.2555 0.1060
vn 0.7871 -0.2230 -0.5751
vn 0.4831 -0.1933 0.8540
vn -0.9177 -0.1632 -0.3623
vn -0.9594 -0.1934 -0.2055
vn 0.5285 -0.0630 0.8466
vn 0.5082 -0.0642 0.8588
vn -0.2987 -0.2230 0.9279
vn -0.0599 -0.0638 -0.9962
vn -0.6728 -0.2253 -0.7047
vn -0.7811 -0.2231 -0.5832
vn -0.0835 -0.0638 -0.9945
vn -0.9527 -0.1632 -0.2562
vn 0.9676 -0.0221 -0.2514
vn 0.9685 -0.0628 -0.2411
vn 0.8738 -0.2250 0.4311
vn 0.4624 -0.2251 -0.8576
vn 0.9290 -0.0632 -0.3647
vn -0.6281 -0.1632 0.7608
vn -0.0508 -0.1632 -0.9853
vn 0.7218 -0.2555 -0.6432
vn -0.9603 -0.2251 0.1648
vn -0.7151 -0.2555 -0.6506
vn 0.5381 -0.0221 0.8426
vn -0.8782 -0.2251 0.4220
vn -0.9659 -0.0629 -0.2511
vn -0.5381 -0.1632 0.8270
vn -0.9620 -0.2555 0.0961
vn -0.4535 -0.2249 -0.8624
vn 0.3978 -0.2555 -0.8812
vn -0.6351 -0.0222 0.7721
vn -0.6418 -0.0629 0.7643
vn 0.9585 -0.2250 0.1748
vn 0.6338 -0.0628 0.7709
vn 0.0610 -0.1632 -0.9847
vn 0.8348 -0.2555 0.4877
vn -0.9306 -0.0222 -0.3654
vn -0.9253 -0.0622 -0.3741
vn -0.3886 -0.2555 -0.8852
vn 0.9554 -0.1632 -0.2463
vn 0.1961 -0.2555 0.9467
vn 0.5377 -0.2222 -0.8134
vn 0.7430 -0.6639 0.0845
vn 0.8157 -0.3761 0.4395
vn -0.6620 -0.3810 -0.6455
vn -0.1573 -0.6639 0.7310
vn 0.5002 -0.0000 0.8659
vn 0.0440 -0.2234 0.9737
vn -0.5153 -0.2310 -0.8253
vn -0.0940 0.0000 -0.9956
vn -0.7961 -0.2230 0.5626
vn -0.9715 -0.0642 -0.2281
vn 0.0936 -0.0643 -0.9935
vn 0.9615 -0.1933 -0.1955
vn 0.6554 -0.1933 0.7301
vn -0.9748 -0.2230 0.0027
vn 0.2891 -0.2230 0.9310
vn -0.5171 -0.0642 0.8535
vn -0.6597 -0.0642 0.7487
vn 0.1111 -0.1933 -0.9748
vn -0.1010 -0.1933 -0.9759
vn 0.7902 -0.2230 0.5708
vn 0.9747 -0.2230 0.0128
vn 0.6519 -0.0643 0.7556
vn 0.9738 -0.0643 -0.2180
vn -0.3038 -0.2229 -0.9263
vn -0.8928 -0.1933 -0.4069
vn -0.4919 -0.1933 0.8489
vn -0.9160 -0.0646 -0.3959
vn -0.6629 -0.1933 0.7233
vn 0.8969 -0.1933 -0.3977
vn 0.3133 -0.2231 -0.9231
vn 0.9200 -0.0641 -0.3866
vn -0.8107 -0.0071 -0.5854
vn -0.9136 -0.0000 -0.4065
vn -0.6042 0.7507 -0.2672
vn -0.6097 0.6641 -0.4327
vn 0.9999 0.0073 -0.0118
vn 0.9781 0.0000 -0.2081
vn 0.6463 0.7503 -0.1391
vn 0.7430 0.6692 -0.0090
vn 0.6612 -0.0000 0.7502
vn 0.7963 0.0072 0.6049
vn 0.5916 0.6695 0.4491
vn 0.4363 0.7499 0.4973
vn 0.0175 -0.9893 0.1450
vn 0.0128 -0.9815 0.1908
vn -0.6555 -0.7490 -0.0964
vn -0.6552 -0.7546 -0.0348
vn -0.9432 -0.2272 0.2424
vn -0.9759 -0.0000 -0.2182
vn 0.1043 0.0000 -0.9945
vn 0.6899 -0.3614 -0.6272
vn 0.6515 -0.6575 0.3784
vn 0.1503 -0.3846 0.9108
vn -0.9059 -0.2311 0.3548
vn -0.5501 -0.6664 -0.5032
vn -0.0712 -0.2353 0.9693
vn -0.5091 -0.0000 0.8607
vn -0.6690 -0.0000 0.7433
vn -0.3966 -0.3722 -0.8392
vn 0.5577 -0.6631 -0.4993
vn 0.4090 -0.3724 -0.8331
vn 0.9415 -0.2280 0.2483
vn 0.1501 -0.6641 0.7324
vn 0.9041 -0.2278 0.3615
vn -0.6099 -0.2242 -0.7601
vn 0.3090 -0.6650 -0.6800
vn -0.9223 -0.3694 0.1132
vn -0.3031 -0.6611 -0.6863
vn -0.8188 -0.3726 0.4367
vn -0.1774 -0.3684 0.9126
vn -0.7458 -0.6618 0.0767
vn 0.9150 -0.3797 0.1367
vn 0.6247 -0.2309 -0.7459
vn 0.9178 0.0000 -0.3971
vn -0.6521 -0.6620 0.3696
vn 0.0026 0.9999 0.0112
vn 0.0039 0.9999 0.0107
vn -0.0130 0.9999 0.0015
vn -0.0170 0.9999 -0.0019
vn -0.0000 1.0000 0.0067
vn 0.0181 0.9998 -0.0027
vn 0.0138 0.9999 0.0009
vn -0.0041 0.9999 0.0108
vn -0.0028 0.9999 0.0112
vn -0.0054 0.9998 0.0182
vn -0.0030 0.9999 0.0121
vn -0.0021 1.0000 -0.0006
vn -0.0032 1.0000 0.0011
vn 0.0032 1.0000 0.0012
vn 0.0021 1.0000 -0.0005
vn 0.0028 0.9999 0.0123
vn 0.0052 0.9998 0.0185
vn -0.0153 -0.9756 0.2189
vn -0.5545 -0.6630 0.5029
vn -0.5996 -0.6809 0.4206
vn -0.0113 -0.9818 0.1897
vn -0.0519 -0.9792 0.1960
vn -0.5207 -0.6576 0.5445
vn -0.0127 -0.9795 0.2009
vn -0.3960 -0.6581 0.6404
vn 0.0003 -0.9834 0.1813
vn -0.0125 -0.9790 0.2036
vn 0.2184 -0.6067 0.7643
vn 0.0008 -0.6329 0.7742
vn 0.0109 -0.9797 0.2003
vn 0.0510 -0.9789 0.1981
vn 0.5596 -0.5847 0.5873
vn 0.4036 -0.6207 0.6722
vn 0.0148 -0.9757 0.2188
vn 0.5965 -0.6034 0.5293
vn 0.0110 -0.9815 0.1910
vn 0.6370 -0.6355 0.4363
vn -0.0180 -0.9896 0.1426
vn 0.6747 -0.7364 -0.0497
vn 0.6968 -0.7077 -0.1172
vn -0.0132 -0.9818 0.1897
vn 0.8253 0.0074 -0.5647
vn 0.6138 0.6696 -0.4182
vn 0.6077 0.7500 -0.2611
vn -0.2805 0.0074 -0.9598
vn -0.2075 0.6704 -0.7124
vn -0.0608 0.7497 -0.6590
vn 0.3102 -0.0071 0.9506
vn 0.3317 0.7508 0.5712
vn 0.2395 0.6634 0.7089
vn -0.9998 -0.0071 -0.0212
vn -0.7461 0.6655 -0.0227
vn -0.6450 0.7502 -0.1458
vn 0.3114 -0.0072 -0.9502
vn 0.0674 0.7503 -0.6577
vn 0.2255 0.6624 -0.7144
vn -0.1408 -0.9879 0.0643
vn -0.1849 -0.9800 0.0738
vn -0.0864 -0.7045 -0.7045
vn -0.1444 -0.7403 -0.6566
vn -0.3469 0.0074 0.9379
vn -0.2581 0.6717 0.6944
vn -0.3380 0.7502 0.5683
vn -0.7958 -0.0073 0.6056
vn -0.4409 0.7505 0.4923
vn -0.5877 0.6669 0.4580
vn -0.1479 -0.9886 0.0290
vn 0.2175 -0.7554 0.6181
vn 0.2879 -0.7516 0.5934
vn -0.1902 -0.9805 0.0487
vn 0.0029 1.0000 0.0003
vn 0.0021 1.0000 -0.0028
vn -0.0030 1.0000 0.0010
vn -0.0001 1.0000 0.0028
vn -0.0080 0.9999 -0.0069
vn -0.0162 0.9998 -0.0121
vn -0.0091 0.9999 -0.0078
vn -0.0093 0.9999 -0.0063
vn 0.0098 0.9999 -0.0083
vn 0.0163 0.9998 -0.0077
vn -0.0036 1.0000 -0.0054
vn -0.0126 0.9999 0.0109
vn -0.0109 0.9999 0.0050
vn -0.0024 0.9999 -0.0108
vn -0.0042 0.9999 -0.0117
vn -0.0062 0.9998 -0.0193
vn -0.0037 0.9999 -0.0097
vn -0.1362 -0.9752 -0.1747
vn -0.1164 -0.9814 -0.1525
vn -0.7342 -0.6790 0.0022
vn -0.7410 -0.6639 -0.1007
vn -0.1496 -0.9796 -0.1342
vn -0.7373 -0.6562 -0.1607
vn -0.1209 -0.9796 -0.1604
vn -0.6847 -0.6583 -0.3129
vn -0.1011 -0.9837 -0.1485
vn -0.4384 -0.6311 -0.6399
vn -0.2409 -0.6092 -0.7556
vn -0.1224 -0.9793 -0.1615
vn -0.1053 -0.9797 -0.1704
vn -0.0499 -0.6245 -0.7794
vn 0.1332 -0.5829 -0.8015
vn -0.0710 -0.9791 -0.1904
vn 0.1713 -0.6105 -0.7733
vn -0.1121 -0.9751 -0.1913
vn 0.2518 -0.6267 -0.7374
vn -0.1046 -0.9798 -0.1703
vn 0.0019 1.0000 0.0012
vn 0.0034 1.0000 0.0009
vn -0.0019 1.0000 -0.0030
vn -0.0017 1.0000 -0.0015
vn 0.0053 0.9999 -0.0124
vn 0.0067 0.9998 -0.0182
vn 0.0046 0.9999 -0.0112
vn 0.0040 1.0000 -0.0082
vn 0.0111 0.9999 0.0091
vn 0.0119 0.9999 0.0111
vn 0.0042 1.0000 -0.0056
vn -0.0132 0.9999 -0.0082
vn -0.0112 0.9999 -0.0081
vn 0.0065 1.0000 -0.0063
vn 0.0092 0.9999 -0.0077
vn 0.0154 0.9998 -0.0119
vn 0.0103 0.9999 -0.0089
vn 0.1164 -0.9748 -0.1902
vn 0.1026 -0.9818 -0.1598
vn -0.2283 -0.6812 -0.6956
vn -0.1444 -0.6600 -0.7373
vn 0.0750 -0.9777 -0.1962
vn -0.0951 -0.6561 -0.7486
vn 0.1014 -0.9795 -0.1739
vn 0.0441 -0.6612 -0.7489
vn 0.1093 -0.9833 -0.1453
vn 0.4674 -0.6308 -0.6193
vn 0.6486 -0.6035 -0.4637
vn 0.1176 -0.9796 -0.1629
vn 0.1365 -0.9795 -0.1481
vn 0.7356 -0.6184 -0.2765
vn 0.8011 -0.5832 -0.1341
vn 0.1669 -0.9773 -0.1303
vn 0.7967 -0.6002 -0.0718
vn 0.1481 -0.9748 -0.1668
vn 0.7720 -0.6349 0.0316
vn 0.1237 -0.9816 -0.1457
vn -0.0023 1.0000 0.0015
vn 0.0001 1.0000 0.0035
vn 0.0020 1.0000 -0.0025
vn -0.0012 1.0000 -0.0022
vn 0.0118 0.9999 0.0011
vn 0.0209 0.9998 0.0007
vn 0.0138 0.9999 0.0006
vn 0.0074 1.0000 0.0023
vn -0.0052 0.9999 0.0119
vn -0.0052 0.9999 0.0123
vn 0.0063 1.0000 0.0024
vn 0.0043 0.9999 -0.0120
vn 0.0040 0.9999 -0.0117
vn 0.0070 1.0000 0.0031
vn 0.0108 0.9999 0.0084
vn 0.0160 0.9998 0.0123
vn 0.0092 0.9999 0.0063
vn 0.2155 -0.9744 0.0632
vn 0.1865 -0.9808 0.0576
vn 0.6123 -0.6769 -0.4084
vn 0.6739 -0.6608 -0.3305
vn 0.2097 -0.9774 0.0263
vn 0.6988 -0.6558 -0.2857
vn 0.1959 -0.9795 0.0465
vn 0.7289 -0.6623 -0.1734
vn 0.1689 -0.9836 0.0632
vn 0.7236 -0.6345 0.2717
vn 0.6215 -0.6027 0.5005
vn 0.1836 -0.9805 0.0705
vn 0.1800 -0.9794 0.0913
vn 0.4690 -0.6226 0.6264
vn 0.3701 -0.5844 0.7221
vn 0.1782 -0.9771 0.1164
vn 0.3078 -0.6019 0.7369
vn 0.2050 -0.9744 0.0919
vn 0.2171 -0.6292 0.7463
vn 0.1894 -0.9787 0.0790
vn -0.2042 -0.9753 0.0844
vn -0.1849 -0.9801 0.0719
vn -0.2401 -0.6789 0.6938
vn -0.3066 -0.6653 0.6807
vn -0.1676 -0.9796 0.1107
vn -0.3485 -0.6570 0.6685
vn -0.1878 -0.9796 0.0721
vn -0.4891 -0.6549 0.5761
vn -0.1705 -0.9838 0.0551
vn -0.7367 -0.6322 0.2399
vn -0.7899 -0.6123 0.0329
vn -0.1881 -0.9790 0.0780
vn -0.1926 -0.9797 0.0554
vn -0.7638 -0.6247 -0.1627
vn -0.7318 -0.5830 -0.3531
vn -0.2031 -0.9791 0.0120
vn -0.6887 -0.6057 -0.3985
vn -0.2144 -0.9753 0.0533
vn -0.6167 -0.6303 -0.4717
vn -0.1893 -0.9806 0.0503
vn 0.1491 -0.9862 0.0715
vn 0.2120 -0.7579 -0.6169
vn 0.1320 -0.7485 -0.6499
vn 0.1900 -0.9785 0.0808
vn 0.1460 -0.9888 0.0324
vn 0.1887 -0.9804 0.0566
vn -0.3617 -0.7096 0.6047
vn -0.2833 -0.7396 0.6105
vn 0.1000 -0.9894 -0.1053
vn -0.5463 -0.7536 -0.3656
vn -0.5817 -0.7483 -0.3189
vn 0.1248 -0.9818 -0.1432
vn 0.0703 -0.9897 -0.1248
vn 0.1002 -0.9820 -0.1602
vn 0.4895 -0.7057 0.5123
vn 0.5055 -0.7361 0.4502
vn -0.0727 -0.9881 -0.1355
vn -0.5185 -0.7572 0.3972
vn -0.4625 -0.7578 0.4602
vn -0.1037 -0.9797 -0.1716
vn -0.0943 -0.9900 -0.1049
vn -0.1180 -0.9813 -0.1522
vn 0.6332 -0.7068 -0.3155
vn 0.5753 -0.7360 -0.3569
vn -0.5602 0.0303 -0.8278
vn -0.4826 -0.6503 -0.5868
vn -0.7081 0.0564 -0.7039
vn -0.7861 0.0725 -0.6138
vn -0.8638 0.0607 -0.5001
vn -0.9555 0.0027 -0.2948
vn -0.9502 -0.0623 0.3054
vn -0.9985 -0.0525 -0.0148
vn -0.5802 -0.0788 0.8106
vn -0.3867 -0.0995 0.9168
vn -0.2736 -0.0835 0.9582
vn -0.1846 -0.0546 0.9813
vn -0.0160 -0.0280 0.9995
vn -0.0156 0.6754 0.7373
vn -0.1538 0.6726 0.7238
vn -0.0021 1.0000 -0.0026
vn -0.0002 1.0000 0.0035
vn 0.0016 1.0000 0.0018
vn -0.0102 0.9999 0.0065
vn -0.0165 0.9998 0.0116
vn -0.0099 0.9999 0.0061
vn -0.0090 0.9999 0.0076
vn -0.0055 0.9999 -0.0127
vn -0.0031 0.9998 -0.0189
vn -0.0065 1.0000 0.0021
vn 0.0074 0.9998 0.0162
vn 0.0020 0.9999 0.0128
vn -0.0116 0.9999 -0.0006
vn -0.0115 0.9999 0.0011
vn -0.0203 0.9998 0.0003
vn -0.0124 0.9999 0.0009
vn 0.0005 1.0000 -0.0021
vn 0.1064 -0.6614 -0.7425
vn 0.0444 -0.6793 -0.7325
vn -0.0495 -0.7259 -0.6860
vn 0.2459 -0.6558 -0.7137
vn 0.1212 -0.7342 -0.6681
vn 0.4607 -0.6203 -0.6348
vn 0.2839 -0.7886 -0.5455
vn 0.3498 -0.6997 0.6229
vn 0.4181 -0.7192 0.5549
vn 0.4846 -0.7166 0.5017
vn 0.3249 -0.7759 0.5408
vn 0.5830 -0.7138 0.3881
vn 0.4368 -0.7948 0.4213
vn 0.7068 -0.6783 0.2009
vn 0.5003 -0.8267 0.2576
vn 0.7079 -0.6634 -0.2426
vn 0.5786 -0.7961 -0.1774
vn 0.6142 -0.7862 0.0686
vn 0.7227 -0.6906 -0.0282
vn 0.9547 0.0300 0.2960
vn 0.6786 0.6979 0.2289
vn 0.6142 0.7126 0.3390
vn 0.8902 0.0566 0.4520
vn 0.8288 0.0722 0.5548
vn 0.7422 0.0626 0.6673
vn 0.5865 0.0109 0.8099
vn 0.0020 -0.0621 0.9981
vn 0.3240 -0.0444 0.9450
vn -0.5932 -0.0861 0.8004
vn -0.7446 -0.1011 0.6598
vn -0.8263 -0.0835 0.5570
vn -0.8905 -0.0556 0.4515
vn -0.9569 -0.0285 0.2890
vn -0.6556 0.6693 0.3496
vn -0.7036 0.6765 0.2174
vn 0.6760 -0.6612 -0.3253
vn 0.6672 -0.7268 -0.1632
vn 0.6925 -0.6786 -0.2449
vn 0.6002 -0.6566 -0.4569
vn 0.5937 -0.7364 -0.3244
vn 0.4594 -0.6254 -0.6307
vn 0.4325 -0.7849 -0.4438
vn -0.6312 -0.7165 -0.2971
vn -0.6565 -0.7213 -0.2206
vn -0.6149 -0.7768 -0.1362
vn -0.5507 -0.7153 -0.4303
vn -0.5366 -0.7952 -0.2825
vn -0.4132 -0.6817 -0.6037
vn -0.4021 -0.8256 -0.3959
vn 0.0110 -0.6511 -0.7589
vn -0.2292 -0.7024 -0.6738
vn -0.2790 -0.7795 -0.5608
vn -0.0186 -0.8157 -0.5781
vn -0.0650 -0.7196 -0.6914
vn 0.0776 -0.7742 -0.6282
vn 0.0080 -0.7233 -0.6905
vn -0.2317 -0.7091 -0.6659
vn -0.0809 -0.8037 -0.5895
vn -0.3957 -0.7030 -0.5910
vn -0.2462 -0.8084 -0.5346
vn -0.6972 -0.6710 -0.2524
vn -0.5665 -0.7929 -0.2244
vn -0.4052 -0.8044 -0.4345
vn -0.5694 -0.6853 -0.4541
vn -0.7308 -0.6470 0.2175
vn -0.6512 -0.6514 0.3894
vn -0.5061 -0.7488 0.4280
vn -0.5907 -0.7629 0.2629
vn -0.5421 -0.6651 0.5137
vn -0.3932 -0.7244 0.5662
vn -0.4800 -0.6809 0.5531
vn -0.0409 0.0300 0.9987
vn 0.1446 0.0558 0.9879
vn 0.1282 0.7131 0.6892
vn -0.0116 0.6950 0.7189
vn 0.2550 0.0708 0.9644
vn 0.3811 0.0615 0.9225
vn 0.5286 0.0141 0.8488
vn 0.9343 -0.0621 0.3510
vn 0.7513 -0.0407 0.6587
vn 0.9475 -0.0870 -0.3078
vn 0.8849 -0.1004 -0.4549
vn 0.8223 -0.0822 -0.5631
vn 0.7439 -0.0551 -0.6661
vn 0.6043 -0.0287 -0.7963
vn 0.4474 0.6759 -0.5857
vn 0.5650 0.6678 -0.4845
vn 0.9425 0.0299 0.3327
vn 0.9839 0.0566 0.1697
vn 0.6958 0.7118 0.0953
vn 0.6810 0.6982 0.2207
vn 0.9964 0.0719 0.0448
vn 0.9940 0.0644 -0.0881
vn 0.9619 0.0178 -0.2729
vn 0.6004 -0.0621 -0.7973
vn 0.8388 -0.0379 -0.5431
vn -0.0231 -0.0911 -0.9956
vn -0.2054 -0.1023 -0.9733
vn -0.3284 -0.0832 -0.9408
vn -0.4424 -0.0554 -0.8951
vn -0.5864 -0.0283 -0.8095
vn -0.4269 0.6771 -0.5994
vn -0.3146 0.6701 -0.6723
vn -0.6830 -0.7158 -0.1455
vn -0.5686 -0.7802 -0.2608
vn -0.6547 -0.7215 -0.2252
vn -0.7005 -0.7133 0.0248
vn -0.5920 -0.8008 -0.0906
vn -0.6858 -0.6921 0.2250
vn -0.5691 -0.8182 0.0815
vn -0.4497 -0.6418 0.6211
vn -0.3518 -0.8313 0.4303
vn -0.5709 -0.7798 0.2570
vn -0.6030 -0.7087 0.3662
vn -0.0004 -0.6364 0.7714
vn 0.2005 -0.6546 0.7289
vn 0.2744 -0.7448 0.6083
vn 0.0844 -0.7743 0.6272
vn 0.3563 -0.6604 0.6610
vn 0.4401 -0.7304 0.5223
vn 0.4137 -0.6795 0.6059
vn 0.6088 0.0300 -0.7927
vn 0.4398 0.0550 -0.8964
vn 0.2875 0.7084 -0.6446
vn 0.4241 0.6966 -0.5787
vn 0.3509 0.0713 -0.9337
vn 0.2385 0.0614 -0.9692
vn 0.0254 0.0066 -0.9997
vn -0.5619 -0.0621 -0.8249
vn -0.2529 -0.0479 -0.9663
vn -0.9381 -0.0820 -0.3365
vn -0.9865 -0.1003 -0.1298
vn -0.9964 -0.0839 0.0105
vn -0.9879 -0.0562 0.1447
vn -0.9409 -0.0293 0.3373
vn -0.6943 0.6760 0.2470
vn -0.7400 0.6663 0.0924
vn -0.3290 -0.7259 0.6040
vn -0.4123 -0.7690 0.4886
vn -0.3912 -0.7186 0.5750
vn -0.2156 -0.7163 0.6637
vn -0.2846 -0.7955 0.5350
vn -0.0080 -0.6855 0.7281
vn -0.1113 -0.8228 0.5573
vn 0.4335 -0.6578 0.6159
vn 0.3181 -0.8090 0.4943
vn 0.0863 -0.7843 0.6143
vn 0.1953 -0.7008 0.6861
vn 0.7326 -0.6286 0.2610
vn 0.7516 -0.6584 0.0398
vn 0.6735 -0.7365 -0.0627
vn 0.6098 -0.7826 0.1255
vn 0.7422 -0.6589 -0.1228
vn 0.6385 -0.7270 -0.2525
vn 0.7026 -0.6801 -0.2093
vn -0.5508 -0.6651 -0.5042
vn 0.1823 -0.6719 0.7179
vn -0.6532 -0.6606 0.3701
vn 0.1501 -0.6631 0.7333
vn 0.7445 -0.6622 0.0849
vn 0.3096 -0.6638 -0.6808
vn 0.5959 -0.6688 0.4446
vn 0.5544 -0.7558 0.3484
vn -0.8046 -0.0613 -0.5906
vn -0.6171 -0.6098 -0.4973
vn -0.1057 -0.9792 -0.1731
vn 0.6133 -0.6617 -0.4312
vn 0.4970 -0.7617 -0.4158
vn -0.7986 -0.0572 0.5991
vn -0.6569 -0.6071 0.4472
vn -0.1993 -0.9787 0.0495
vn 0.2467 -0.6679 -0.7022
vn 0.2704 -0.7520 -0.6011
vn -0.3236 -0.0652 0.9439
vn -0.2216 -0.6097 0.7610
vn 0.0122 -0.9788 0.2043
vn 0.9977 -0.0678 -0.0091
vn 0.7933 -0.6084 0.0218
vn -0.7591 -0.6509 -0.0067
vn -0.6263 -0.7787 0.0366
vn 0.1848 -0.9805 0.0660
vn -0.1842 -0.6674 0.7215
vn -0.1114 -0.7497 0.6524
vn 0.2812 -0.0708 -0.9570
vn 0.2563 -0.6113 -0.7488
vn 0.1227 -0.9796 -0.1592
vn 0.1250 -0.9792 -0.1597
vn 0.1086 -0.9836 -0.1439
vn 0.1112 -0.9788 -0.1722
vn 0.1174 -0.9792 -0.1654
vn 0.1317 -0.9789 -0.1565
vn -0.3684 -0.6731 -0.6412
vn 0.0672 -0.9904 -0.1206
vn 0.5571 -0.6642 -0.4986
vn 0.0971 -0.9901 -0.1013
vn 0.7350 -0.6520 0.1862
vn 0.1470 -0.9756 -0.1628
vn 0.1654 -0.9771 -0.1336
vn 0.0795 -0.9775 -0.1955
vn 0.1129 -0.9757 -0.1879
vn 0.1991 0.6474 -0.7357
vn 0.4585 0.6444 -0.6120
vn -0.0331 0.6345 -0.7722
vn 0.6391 0.6613 -0.3928
vn 0.7141 0.6749 -0.1858
vn -0.2415 0.6590 -0.7123
vn -0.1519 0.6534 -0.7416
vn 0.6958 0.7149 -0.0691
vn 0.6993 0.7146 0.0179
vn -0.1030 -0.9787 -0.1778
vn -0.1010 -0.9838 -0.1481
vn -0.1181 -0.9792 -0.1649
vn -0.1286 -0.9787 -0.1602
vn -0.1105 -0.9794 -0.1688
vn -0.7174 -0.6745 0.1745
vn -0.0909 -0.9908 -0.1001
vn -0.3026 -0.6622 -0.6855
vn -0.0696 -0.9889 -0.1312
vn 0.4054 -0.6481 -0.6446
vn -0.1114 -0.9755 -0.1898
vn -0.0713 -0.9791 -0.1906
vn -0.1493 -0.9795 -0.1355
vn -0.1350 -0.9756 -0.1734
vn -0.3951 -0.1844 -0.9000
vn -0.6171 0.6566 -0.4336
vn -0.4299 0.6437 -0.6331
vn -0.7309 0.6345 -0.2513
vn -0.1671 0.6611 -0.7315
vn 0.0341 0.6689 -0.7425
vn -0.7513 0.6599 -0.0000
vn -0.7512 0.6515 -0.1062
vn 0.1565 0.7097 -0.6869
vn 0.2306 0.7231 -0.6512
vn -0.2039 -0.9780 0.0446
vn -0.1705 -0.9838 0.0559
vn -0.1916 -0.9791 0.0681
vn -0.1881 -0.9783 0.0867
vn -0.1925 -0.9794 0.0612
vn -0.0938 -0.6686 0.7377
vn -0.1350 -0.9889 0.0624
vn -0.7447 -0.6630 0.0763
vn -0.1423 -0.9895 0.0271
vn -0.2124 -0.9758 0.0526
vn -0.2035 -0.9790 0.0123
vn -0.1688 -0.9795 0.1098
vn -0.2021 -0.9758 0.0837
vn -0.8398 -0.2555 0.4791
vn -0.5920 0.6593 0.4636
vn -0.7287 0.6445 0.2316
vn -0.4436 0.6306 0.6368
vn -0.7485 0.6620 -0.0380
vn -0.7099 0.6635 -0.2362
vn -0.4161 0.6972 -0.5838
vn -0.2122 0.6627 0.7181
vn -0.3022 0.6539 0.6937
vn -0.6146 0.7110 -0.3417
vn -0.5560 0.7185 -0.4178
vn -0.5176 0.7091 -0.4788
vn 0.0158 -0.9783 0.2065
vn 0.0003 -0.9836 0.1804
vn -0.0170 -0.9784 0.2059
vn 0.0048 -0.9792 0.2026
vn -0.0066 -0.9790 0.2037
vn 0.7014 -0.6513 0.2896
vn 0.0175 -0.9900 0.1400
vn -0.1572 -0.6651 0.7300
vn -0.0177 -0.9904 0.1372
vn -0.6813 -0.6731 0.2877
vn 0.0155 -0.9762 0.2162
vn 0.0507 -0.9788 0.1986
vn -0.0503 -0.9792 0.1967
vn -0.0158 -0.9763 0.2161
vn -0.2093 -0.1843 0.9603
vn -0.1993 0.3534 0.9140
vn -0.2615 0.6542 0.7097
vn 0.0014 0.6464 0.7630
vn 0.2640 0.6625 0.7010
vn 0.4487 0.6674 0.5944
vn -0.4721 0.6303 0.6163
vn -0.6198 0.6595 0.4254
vn -0.5606 0.6541 0.5078
vn 0.5131 0.7136 0.4770
vn 0.5733 0.7153 0.3995
vn 0.1852 -0.9800 0.0724
vn 0.1691 -0.9836 0.0629
vn 0.1968 -0.9788 0.0564
vn 0.1879 -0.9800 0.0650
vn 0.1864 -0.9788 0.0845
vn 0.5087 -0.6711 -0.5394
vn 0.1391 -0.9898 0.0300
vn 0.6504 -0.6589 0.3779
vn 0.1430 -0.9873 0.0694
vn 0.0446 -0.6452 0.7627
vn 0.2018 -0.9751 0.0923
vn 0.1808 -0.9769 0.1143
vn 0.2102 -0.9772 0.0306
vn 0.2133 -0.9751 0.0608
vn 0.8337 -0.2599 0.4871
vn 0.9610 -0.2555 0.1061
vn 0.7664 0.6421 -0.0176
vn 0.7133 0.6479 0.2673
vn 0.7223 0.6454 -0.2486
vn 0.5595 0.6535 0.5098
vn 0.3710 0.6830 0.6292
vn 0.6246 0.6608 -0.4162
vn 0.6759 0.6512 -0.3450
vn 0.2735 0.7110 0.6478
vn 0.1938 0.7156 0.6711
vn 0.8898 0.3444 0.2994
vn 0.8189 0.5034 0.2755
vn 0.8190 0.5034 0.2755
vn 0.6702 -0.7071 0.2255
vn 0.8879 0.3500 0.2987
vn 0.8039 0.5297 0.2705
vn 0.6702 0.7071 0.2255
vn -0.6702 0.7071 -0.2255
vn 0.7987 0.5383 0.2687
vn -0.1386 0.0000 -0.9903
vn -0.9478 0.0000 -0.3189
vn -0.4447 0.0000 -0.8957
vn 0.1561 0.2810 0.9469
vn 0.3631 0.5773 0.7313
vn 0.3631 -0.5774 0.7313
vn -0.2255 -0.7071 0.6702
vn -0.7313 0.5773 0.3631
vn -0.3631 0.5773 -0.7313
vn 0.6065 0.4280 0.6700
vn 0.7071 0.0000 -0.7071
vn 0.8477 0.2810 0.4499
vn 0.0000 0.5383 0.8427
vn 0.0000 0.5297 0.8482
vn 0.4417 0.4280 0.7885
vn 0.4822 0.2700 0.8334
vn 0.0000 0.0000 -1.0000
vn -0.7071 -0.0000 -0.7071
vn -0.8957 -0.0000 0.4447
vn 0.8112 0.5172 0.2729
vn 0.7094 0.2818 -0.6460
vn 0.8285 0.4280 -0.3612
vn 0.1746 0.2818 0.9435
vn 0.2840 0.2082 0.9359
vn 0.4566 0.3998 0.7948
vn 0.8442 0.3998 -0.3572
vn 0.8879 0.2700 -0.3725
vn 0.7920 0.2082 -0.5739
vn -0.7091 -0.0000 0.7051
vn 0.0000 -0.7071 0.7071
vn 0.7071 -0.7071 0.0000
vn 0.5774 -0.5774 0.5774
vn -0.6065 0.4280 0.6700
vn -0.8477 0.2810 0.4499
vn 0.6362 0.2700 0.7228
vn 0.0000 0.3500 0.9368
vn 0.0000 0.7071 0.7071
vn 0.5774 0.5774 0.5774
vn 0.5774 0.5774 -0.5774
vn 0.0000 0.7071 -0.7071
vn 0.8944 -0.0000 -0.4472
vn -0.5774 0.5774 -0.5774
vn -0.5774 0.5774 0.5774
vn -0.7071 -0.7071 0.0000
vn -0.5774 -0.5774 0.5774
vn -0.6362 0.2700 0.7228
vn -0.8944 0.0000 -0.4472
vn 0.6968 0.2810 -0.6600
vn 0.7313 0.5773 -0.3631
vn 0.2255 -0.7071 -0.6702
vn 0.7313 -0.5774 -0.3631
vn -0.2472 -0.6649 -0.7048
vn -0.3362 -0.7477 -0.5726
vn 0.0579 -0.7459 0.6636
vn -0.0303 -0.6783 -0.7342
vn -0.6974 -0.7007 -0.1501
vn -0.7414 -0.6699 0.0389
vn 0.7450 -0.6660 0.0375
vn 0.7150 -0.6793 -0.1656
vn 0.6477 -0.7460 0.1547
vn -0.6489 -0.7464 0.1479
vn -0.4112 -0.6783 0.6090
vn -0.2145 -0.6608 0.7193
vn 0.2923 -0.6725 -0.6799
vn 0.1039 -0.6974 -0.7092
vn 0.3512 -0.7458 -0.5661
vn -0.0557 -0.7455 0.6642
vn 0.4696 -0.6800 0.5630
vn 0.6203 -0.6637 0.4181
vn -0.5694 -0.6698 -0.4765
vn -0.6461 -0.7011 -0.3017
vn -0.4310 -0.7451 -0.5090
vn 0.6134 -0.7463 0.2585
vn -0.6322 -0.6695 0.3899
vn -0.4879 -0.6992 0.5226
vn 0.6747 -0.6779 -0.2918
vn 0.5791 -0.6658 -0.4705
vn -0.6177 -0.7454 0.2509
vn 0.4346 -0.7457 -0.5051
vn -0.7965 0.2082 0.5676
vn -0.6077 0.3998 0.6862
vn 0.0000 0.3444 0.9388
vn 0.7965 0.2082 0.5676
vn 0.6077 0.3998 0.6862
vn 0.0000 0.5034 0.8641
vn -0.8385 0.2818 0.4663
vn 0.8385 0.2818 0.4663
vn 0.0000 0.5172 0.8559
vn 0.5647 0.3444 -0.7500
vn 0.5197 0.5034 -0.6903
vn 0.4253 -0.7071 -0.5649
vn 0.5634 0.3500 -0.7484
vn 0.5102 0.5297 -0.6776
vn 0.5101 0.5297 -0.6776
vn 0.4253 0.7071 -0.5649
vn -0.4253 0.7071 0.5649
vn 0.5069 0.5383 -0.6733
vn -0.9835 -0.0000 -0.1807
vn -0.6015 0.0000 0.7989
vn -0.9902 -0.0000 0.1396
vn 0.9478 0.2810 0.1504
vn 0.8085 0.5774 -0.1140
vn 0.8085 -0.5774 -0.1140
vn 0.5649 -0.7071 0.4253
vn 0.1140 0.5773 0.8085
vn -0.8085 0.5773 0.1140
vn 0.8875 0.4280 -0.1705
vn 0.9430 0.2700 -0.1948
vn 0.1396 0.0000 0.9902
vn 0.5148 0.5172 -0.6837
vn -0.3894 0.2818 -0.8769
vn -0.0815 0.4280 -0.9001
vn 0.9504 0.2818 0.1318
vn 0.9777 0.2082 0.0256
vn 0.8982 0.3998 -0.1826
vn -0.0728 0.3998 -0.9137
vn -0.0735 0.2700 -0.9600
vn -0.2949 0.2082 -0.9325
vn 0.4456 0.0000 0.8952
vn -0.4066 0.2810 -0.8693
vn -0.1140 0.5774 -0.8085
vn -0.5649 -0.7071 -0.4253
vn -0.1140 -0.5773 -0.8085
vn -0.5561 0.3444 -0.7564
vn -0.5118 0.5034 -0.6962
vn -0.4188 -0.7071 -0.5697
vn -0.4189 -0.7071 -0.5697
vn -0.5549 0.3500 -0.7547
vn -0.5549 0.3499 -0.7547
vn -0.5024 0.5297 -0.6834
vn -0.5024 0.5297 -0.6833
vn -0.4189 0.7071 -0.5697
vn 0.4189 0.7071 0.5697
vn -0.4992 0.5383 -0.6790
vn -0.4557 -0.0000 0.8901
vn 0.5924 0.0000 0.8057
vn -0.1508 -0.0000 0.9886
vn 0.4165 0.2810 -0.8646
vn 0.1232 0.5773 -0.8072
vn 0.1232 -0.5774 -0.8071
vn 0.5697 -0.7071 -0.4189
vn 0.8072 0.5774 0.1231
vn -0.1232 0.5773 0.8072
vn 0.0917 0.4280 -0.8991
vn 0.0844 0.2700 -0.9592
vn 0.9886 0.0000 0.1508
vn -0.5070 0.5172 -0.6896
vn -0.9518 0.2818 0.1210
vn -0.8855 0.4280 -0.1806
vn 0.3994 0.2818 -0.8724
vn 0.3055 0.2082 -0.9291
vn 0.0832 0.3998 -0.9128
vn -0.8961 0.3998 -0.1928
vn -0.9407 0.2700 -0.2055
vn -0.9780 0.2082 0.0145
vn 0.9855 0.0000 -0.1695
vn -0.9495 0.2810 0.1397
vn -0.8072 0.5774 -0.1231
vn -0.5697 -0.7071 0.4189
vn -0.8072 -0.5773 -0.1232
vn -0.8963 0.3444 0.2793
vn -0.8249 0.5034 0.2570
vn -0.6751 -0.7071 0.2103
vn -0.8944 0.3500 0.2787
vn -0.8098 0.5297 0.2523
vn -0.6751 0.7071 0.2104
vn -0.6751 0.7071 0.2103
vn 0.6751 0.7071 -0.2104
vn -0.8046 0.5383 0.2507
vn 0.6930 -0.0000 0.7209
vn 0.9547 0.0000 -0.2975
vn 0.8855 -0.0000 0.4647
vn -0.6817 0.2810 -0.6755
vn -0.7230 0.5773 -0.3795
vn -0.7230 -0.5774 -0.3795
vn -0.2104 -0.7071 -0.6751
vn 0.3794 0.5773 -0.7230
vn 0.7230 0.5773 0.3795
vn -0.8201 0.4280 -0.3797
vn -0.8793 0.2700 -0.3924
vn 0.4647 -0.0000 -0.8855
vn -0.8171 0.5172 0.2546
vn -0.1958 0.2818 0.9393
vn -0.4593 0.4280 0.7784
vn -0.6946 0.2818 -0.6619
vn -0.7789 0.2082 -0.5916
vn -0.8359 0.3998 -0.3761
vn -0.4743 0.3998 0.7844
vn -0.5008 0.2700 0.8224
vn -0.3050 0.2082 0.9293
vn 0.1609 0.0000 -0.9870
vn -0.1774 0.2810 0.9432
vn -0.3794 0.5774 0.7230
vn 0.2104 -0.7071 0.6751
vn -0.3795 -0.5773 0.7230
usemtl B1_New_Babel
s off
f 5145/7277/709 5144/7278/709 5157/7279/709 5152/7280/709 5153/7281/709 5154/7282/709 5159/7283/709 5155/7284/709 5160/7285/709 5151/7286/709 5158/7287/709 5150/7288/709 5149/7289/709 5148/7290/709 5156/7291/709 5146/7292/709 5147/7293/709
f 5126/7294/710 5121/7295/710 5124/7296/710 5120/7297/710 5119/7298/710 5118/7299/710 5122/7300/710 5110/7301/710 5111/7302/710 5113/7303/710 5112/7304/710 5123/7305/710 5114/7306/710 5115/7307/710 5116/7308/710 5125/7309/710 5117/7310/710
s 1
f 3859/7311/711 3860/7312/712 2779/7313/713 2721/7314/714
f 2721/7315/714 2779/7316/713 2781/7317/715 2723/7318/716
f 2723/7318/716 2781/7317/715 2782/7319/717 2725/7320/718
f 2725/7320/718 2782/7319/717 2783/7321/719 2727/7322/720
f 3829/7323/721 3830/7324/722 2784/7325/723 2729/7326/724
f 2729/7326/724 2784/7325/723 2785/7327/725 2731/7328/726
f 3799/7329/727 3800/7330/728 2786/7331/729 2733/7332/730
f 2733/7333/730 2786/7334/729 2787/7335/731 2735/7336/732
f 2735/7336/732 2787/7335/731 2788/7337/733 2737/7338/734
f 2737/7338/734 2788/7337/733 2789/7339/735 2739/7340/736
f 3769/7341/737 3770/7342/738 2790/7343/739 2741/7344/740
f 2741/7344/740 2790/7343/739 2791/7345/741 2743/7346/742
f 3739/7347/743 3740/7348/744 2792/7349/745 2745/7350/746
f 2745/7351/746 2792/7352/745 2793/7353/747 2747/7354/748
f 2747/7354/748 2793/7353/747 2794/7355/749 2749/7356/750
f 2749/7356/750 2794/7355/749 2795/7357/751 2751/7358/752
f 3709/7359/753 3710/7360/754 2796/7361/755 2753/7362/756
f 2753/7362/756 2796/7361/755 2797/7363/757 2755/7364/758
f 3679/7365/759 3680/7366/760 2798/7367/761 2757/7368/762
f 2757/7369/762 2798/7370/761 2799/7371/763 2759/7372/764
f 2759/7372/764 2799/7371/763 2800/7373/765 2761/7374/766
f 2761/7374/766 2800/7373/765 2801/7375/767 2763/7376/768
f 3649/7377/769 3650/7378/770 2802/7379/771 2765/7380/772
f 2765/7380/772 2802/7379/771 2803/7381/773 2767/7382/774
f 3619/7383/775 3620/7384/776 2804/7385/777 2769/7386/778
f 2769/7387/778 2804/7388/777 2805/7389/779 2771/7390/780
f 2771/7390/780 2805/7389/779 2806/7391/781 2773/7392/782
f 2773/7392/782 2806/7391/781 2807/7393/783 2775/7394/784
f 3831/7395/722 2728/7396/785 2813/7397/786 3832/7398/787
f 3889/7399/788 3890/7400/789 2808/7401/790 2777/7402/791
f 2777/7402/791 2808/7401/790 2780/7403/792 2719/7404/793
f 2735/7336/732 2737/7338/734 3268/7405/794 3267/7406/795
f 3861/7407/712 2722/7408/796 2779/7409/713 3860/7410/712
f 2722/7411/796 2724/7412/797 2781/7317/715 2779/7316/713
f 2724/7412/797 2726/7413/798 2782/7319/717 2781/7317/715
f 2726/7413/798 2728/7414/785 2783/7321/719 2782/7319/717
f 3831/7415/722 2730/7416/799 2784/7325/723 3830/7324/722
f 2730/7416/799 2732/7417/800 2785/7327/725 2784/7325/723
f 3801/7418/728 2734/7419/801 2786/7420/729 3800/7421/728
f 2734/7422/801 2736/7423/802 2787/7335/731 2786/7334/729
f 2736/7423/802 2738/7424/803 2788/7337/733 2787/7335/731
f 2738/7424/803 2740/7425/804 2789/7339/735 2788/7337/733
f 3771/7426/738 2742/7427/805 2790/7343/739 3770/7342/738
f 2742/7427/805 2744/7428/806 2791/7345/741 2790/7343/739
f 3741/7429/744 2746/7430/807 2792/7431/745 3740/7432/744
f 2746/7433/807 2748/7434/808 2793/7353/747 2792/7352/745
f 2748/7434/808 2750/7435/809 2794/7355/749 2793/7353/747
f 2750/7435/809 2752/7436/810 2795/7357/751 2794/7355/749
f 3711/7437/754 2754/7438/811 2796/7361/755 3710/7360/754
f 2754/7438/811 2756/7439/812 2797/7363/757 2796/7361/755
f 3681/7440/760 2758/7441/813 2798/7442/761 3680/7443/760
f 2758/7444/813 2760/7445/814 2799/7371/763 2798/7370/761
f 2760/7445/814 2762/7446/815 2800/7373/765 2799/7371/763
f 2762/7446/815 2764/7447/816 2801/7375/767 2800/7373/765
f 3651/7448/770 2766/7449/817 2802/7379/771 3650/7378/770
f 2766/7449/817 2768/7450/818 2803/7381/773 2802/7379/771
f 3621/7451/776 2770/7452/819 2804/7453/777 3620/7454/776
f 2770/7455/819 2772/7456/820 2805/7389/779 2804/7388/777
f 2772/7456/820 2774/7457/821 2806/7391/781 2805/7389/779
f 2774/7457/821 2776/7458/822 2807/7393/783 2806/7391/781
f 3891/7459/789 2778/7460/823 2808/7401/790 3890/7400/789
f 2778/7460/823 2720/7461/824 2780/7403/792 2808/7401/790
f 2821/7462/825 2820/7463/826 2850/7464/827 2851/7465/828
f 3681/7466/760 2756/7439/812 2827/7467/829 3682/7468/830
f 2732/7417/800 2730/7416/799 2814/7469/831 2815/7470/832
f 2760/7445/814 2758/7444/813 2828/7471/833 2829/7472/834
f 3801/7473/728 2732/7417/800 2815/7470/832 3802/7474/835
f 2762/7446/815 2760/7445/814 2829/7472/834 2830/7475/836
f 2736/7423/802 2734/7422/801 2816/7476/837 2817/7477/838
f 2764/7447/816 2762/7446/815 2830/7475/836 2831/7478/839
f 2738/7424/803 2736/7423/802 2817/7477/838 2818/7479/840
f 3651/7480/770 2764/7481/816 2831/7482/839 3652/7483/841
f 2740/7425/804 2738/7424/803 2818/7479/840 2819/7484/842
f 2768/7450/818 2766/7449/817 2832/7485/843 2833/7486/844
f 3771/7487/738 2740/7488/804 2819/7489/842 3772/7490/845
f 3621/7491/776 2768/7450/818 2833/7486/844 3622/7492/846
f 2744/7428/806 2742/7427/805 2820/7493/826 2821/7494/825
f 2772/7456/820 2770/7455/819 2834/7495/847 2835/7496/848
f 3741/7497/744 2744/7428/806 2821/7494/825 3742/7498/849
f 2774/7457/821 2772/7456/820 2835/7496/848 2836/7499/850
f 2748/7434/808 2746/7433/807 2822/7500/851 2823/7501/852
f 3861/7502/712 2720/7461/824 2810/7503/853 3862/7504/854
f 2776/7458/822 2774/7457/821 2836/7499/850 2837/7505/855
f 2750/7435/809 2748/7434/808 2823/7501/852 2824/7506/856
f 2724/7412/797 2722/7411/796 2809/7507/857 2811/7508/858
f 3891/7509/789 2776/7510/822 2837/7511/855 3892/7512/859
f 2752/7436/810 2750/7435/809 2824/7506/856 2825/7513/860
f 2726/7413/798 2724/7412/797 2811/7508/858 2812/7514/861
f 2720/7461/824 2778/7460/823 2838/7515/862 2810/7503/853
f 3711/7516/754 2752/7517/810 2825/7518/860 3712/7519/863
f 2728/7414/785 2726/7413/798 2812/7514/861 2813/7520/786
f 2756/7439/812 2754/7438/811 2826/7521/864 2827/7467/829
f 3683/7522/830 2857/7523/865 2887/7524/866 3684/7525/867
f 2835/7526/848 2834/7527/847 2864/7528/868 2865/7529/869
f 3742/7530/849 2821/7462/825 2851/7465/828 3743/7531/849
f 2836/7532/850 2835/7526/848 2865/7529/869 2866/7533/870
f 2823/7534/852 2822/7535/851 2852/7536/871 2853/7537/872
f 3862/7538/854 2810/7539/853 2840/7540/873 3863/7541/854
f 2837/7542/855 2836/7532/850 2866/7533/870 2867/7543/874
f 2824/7544/856 2823/7534/852 2853/7537/872 2854/7545/875
f 2811/7546/858 2809/7547/857 2839/7548/876 2841/7549/877
f 3892/7550/859 2837/7542/855 2867/7543/874 3893/7551/859
f 2825/7552/860 2824/7544/856 2854/7545/875 2855/7553/878
f 2812/7554/861 2811/7546/858 2841/7549/877 2842/7555/879
f 2810/7539/853 2838/7556/862 2868/7557/880 2840/7540/873
f 3712/7558/863 2825/7552/860 2855/7553/878 3713/7559/863
f 2813/7560/786 2812/7554/861 2842/7555/879 2843/7561/881
f 2827/7562/829 2826/7563/864 2856/7564/882 2857/7565/865
f 3832/7566/787 2813/7560/786 2843/7561/881 3833/7567/787
f 3682/7568/830 2827/7562/829 2857/7565/865 3683/7569/830
f 2815/7570/832 2814/7571/831 2844/7572/883 2845/7573/884
f 2829/7574/834 2828/7575/833 2858/7576/885 2859/7577/886
f 3802/7578/835 2815/7570/832 2845/7573/884 3803/7579/835
f 2830/7580/836 2829/7574/834 2859/7577/886 2860/7581/887
f 2817/7582/838 2816/7583/837 2846/7584/888 2847/7585/889
f 2831/7586/839 2830/7580/836 2860/7581/887 2861/7587/890
f 2818/7588/840 2817/7582/838 2847/7585/889 2848/7589/891
f 3652/7590/841 2831/7586/839 2861/7587/890 3653/7591/841
f 2819/7592/842 2818/7588/840 2848/7589/891 2849/7593/892
f 2833/7594/844 2832/7595/843 2862/7596/893 2863/7597/894
f 3772/7598/845 2819/7592/842 2849/7593/892 3773/7599/845
f 3622/7600/846 2833/7594/844 2863/7597/894 3623/7601/846
f 2884/7602/895 2883/7603/896 2913/7604/897 2914/7605/898
f 2845/7606/884 2844/7607/883 2874/7608/899 2875/7609/900
f 2859/7610/886 2858/7611/885 2888/7612/901 2889/7613/902
f 3803/7614/835 2845/7606/884 2875/7609/900 3804/7615/903
f 2860/7616/887 2859/7610/886 2889/7613/902 2890/7617/904
f 2847/7618/889 2846/7619/888 2876/7620/905 2877/7621/906
f 2861/7622/890 2860/7616/887 2890/7617/904 2891/7623/907
f 2848/7624/891 2847/7618/889 2877/7621/906 2878/7625/908
f 3653/7626/841 2861/7627/890 2891/7628/907 3654/7629/909
f 2849/7630/892 2848/7624/891 2878/7625/908 2879/7631/910
f 2863/7632/894 2862/7633/893 2892/7634/911 2893/7635/912
f 3773/7636/845 2849/7630/892 2879/7631/910 3774/7637/913
f 3623/7638/846 2863/7632/894 2893/7635/912 3624/7639/914
f 2851/7640/828 2850/7641/827 2880/7642/915 2881/7643/916
f 2865/7644/869 2864/7645/868 2894/7646/917 2895/7647/918
f 3743/7648/849 2851/7640/828 2881/7643/916 3744/7649/919
f 2866/7650/870 2865/7644/869 2895/7647/918 2896/7651/920
f 2853/7652/872 2852/7653/871 2882/7654/921 2883/7655/896
f 3863/7656/854 2840/7657/873 2870/7658/922 3864/7659/923
f 2867/7660/874 2866/7650/870 2896/7651/920 2897/7661/924
f 2854/7662/875 2853/7663/872 2883/7664/896 2884/7665/895
f 2841/7666/877 2839/7667/876 2869/7668/925 2871/7669/926
f 3893/7670/859 2867/7660/874 2897/7661/924 3894/7671/927
f 2855/7672/878 2854/7662/875 2884/7665/895 2885/7673/928
f 2842/7674/879 2841/7666/877 2871/7669/926 2872/7675/929
f 2840/7657/873 2868/7676/880 2898/7677/930 2870/7658/922
f 3713/7678/863 2855/7672/878 2885/7673/928 3714/7679/931
f 2843/7680/881 2842/7674/879 2872/7675/929 2873/7681/932
f 2857/7523/865 2856/7682/882 2886/7683/933 2887/7524/866
f 3833/7684/787 2843/7680/881 2873/7681/932 3834/7685/934
f 2921/7686/935 2920/7687/936 2980/7688/937 2981/7689/938
f 2871/7690/926 2869/7691/925 2899/7692/939 2901/7693/940
f 3894/7694/927 2897/7695/924 2927/7696/941 3895/7697/927
f 2885/7698/928 2884/7602/895 2914/7605/898 2915/7699/942
f 2872/7700/929 2871/7690/926 2901/7693/940 2902/7701/943
f 2870/7702/922 2898/7703/930 2928/7704/944 2900/7705/945
f 3714/7706/931 2885/7698/928 2915/7699/942 3715/7707/931
f 2873/7708/932 2872/7700/929 2902/7701/943 2903/7709/946
f 2887/7710/866 2886/7711/933 2916/7712/947 2917/7713/948
f 3834/7714/934 2873/7708/932 2903/7709/946 3835/7715/934
f 3684/7716/867 2887/7710/866 2917/7713/948 3685/7717/867
f 2875/7718/900 2874/7719/899 2904/7720/949 2905/7721/950
f 2889/7722/902 2888/7723/901 2918/7724/951 2919/7725/952
f 3804/7726/903 2875/7718/900 2905/7721/950 3805/7727/903
f 2890/7728/904 2889/7722/902 2919/7725/952 2920/7729/936
f 2877/7730/906 2876/7731/905 2906/7732/953 2907/7733/954
f 2891/7734/907 2890/7728/904 2920/7729/936 2921/7735/935
f 2878/7736/908 2877/7730/906 2907/7733/954 2908/7737/955
f 3654/7738/909 2891/7734/907 2921/7735/935 3655/7739/909
f 2879/7740/910 2878/7736/908 2908/7737/955 2909/7741/956
f 2893/7742/912 2892/7743/911 2922/7744/957 2923/7745/958
f 3774/7746/913 2879/7740/910 2909/7741/956 3775/7747/913
f 3624/7748/914 2893/7742/912 2923/7745/958 3625/7749/914
f 2881/7750/916 2880/7751/915 2910/7752/959 2911/7753/960
f 2895/7754/918 2894/7755/917 2924/7756/961 2925/7757/962
f 3744/7758/919 2881/7750/916 2911/7753/960 3745/7759/919
f 2896/7760/920 2895/7754/918 2925/7757/962 2926/7761/963
f 2883/7603/896 2882/7762/921 2912/7763/964 2913/7604/897
f 3864/7764/923 2870/7702/922 2900/7705/945 3865/7765/923
f 2897/7695/924 2896/7760/920 2926/7761/963 2927/7696/941
f 3837/7766/965 2933/7767/966 3023/7768/967 3838/7769/965
f 2908/7770/955 2907/7771/954 2967/7772/968 2968/7773/969
f 3655/7774/909 2921/7775/935 2981/7776/938 3656/7777/970
f 2909/7778/956 2908/7770/955 2968/7773/969 2969/7779/971
f 2923/7780/958 2922/7781/957 2982/7782/972 2983/7783/973
f 3775/7784/913 2909/7778/956 2969/7779/971 3776/7785/974
f 3625/7786/914 2923/7780/958 2983/7783/973 3626/7787/975
f 2911/7788/960 2910/7789/959 2970/7790/976 2971/7791/977
f 2925/7792/962 2924/7793/961 2984/7794/978 2985/7795/979
f 3745/7796/919 2911/7788/960 2971/7791/977 3746/7797/980
f 2926/7798/963 2925/7792/962 2985/7795/979 2986/7799/981
f 2913/7800/897 2912/7801/964 2972/7802/982 2973/7803/983
f 3865/7804/923 2900/7805/945 2960/7806/984 3866/7807/985
f 2927/7808/941 2926/7798/963 2986/7799/981 2987/7809/986
f 2914/7810/898 2913/7811/897 2973/7812/983 2974/7813/987
f 2901/7814/940 2899/7815/939 2959/7816/988 2961/7817/989
f 3895/7818/927 2927/7808/941 2987/7809/986 3896/7819/990
f 2915/7820/942 2914/7810/898 2974/7813/987 2975/7821/991
f 2902/7822/943 2901/7814/940 2961/7817/989 2962/7823/992
f 2900/7805/945 2928/7824/944 2988/7825/993 2960/7806/984
f 3715/7826/931 2915/7820/942 2975/7821/991 3716/7827/994
f 2903/7828/946 2902/7822/943 2962/7823/992 2963/7829/967
f 2917/7830/948 2916/7831/947 2976/7832/995 2977/7833/996
f 3835/7834/934 2903/7828/946 2963/7829/967 3836/7835/965
f 3685/7836/867 2917/7830/948 2977/7833/996 3686/7837/997
f 2905/7838/950 2904/7839/949 2964/7840/998 2965/7841/999
f 2919/7842/952 2918/7843/951 2978/7844/1000 2979/7845/1001
f 3805/7846/903 2905/7838/950 2965/7841/999 3806/7847/1002
f 2920/7687/936 2919/7842/952 2979/7845/1001 2980/7688/937
f 2907/7771/954 2906/7848/953 2966/7849/1003 2967/7772/968
f 3867/7850/985 2929/7851/1004 2959/7852/988 3866/7853/985
f 2929/7851/1004 2931/7854/1005 2961/7855/989 2959/7852/988
f 2931/7854/1005 2932/7856/1006 2962/7857/992 2961/7855/989
f 2932/7856/1006 2933/7858/966 2963/7859/967 2962/7857/992
f 3837/7860/965 2934/7861/1007 2964/7862/998 3836/7863/965
f 2934/7861/1007 2935/7864/1008 2965/7865/999 2964/7862/998
f 3807/7866/1002 2936/7867/1009 2966/7868/1003 3806/7869/1002
f 2936/7867/1009 2937/7870/1010 2967/7871/968 2966/7868/1003
f 2937/7870/1010 2938/7872/1011 2968/7873/969 2967/7871/968
f 2938/7872/1011 2939/7874/1012 2969/7875/971 2968/7873/969
f 3777/7876/974 2940/7877/1013 2970/7878/976 3776/7879/974
f 2940/7877/1013 2941/7880/1014 2971/7881/977 2970/7878/976
f 3747/7882/980 2942/7883/1015 2972/7884/982 3746/7885/980
f 2942/7883/1015 2943/7886/1016 2973/7887/983 2972/7884/982
f 2943/7886/1016 2944/7888/1017 2974/7889/987 2973/7887/983
f 2944/7888/1017 2945/7890/1018 2975/7891/991 2974/7889/987
f 3717/7892/994 2946/7893/1019 2976/7894/995 3716/7895/994
f 2946/7893/1019 2947/7896/1020 2977/7897/996 2976/7894/995
f 3687/7898/997 2948/7899/1021 2978/7900/1000 3686/7901/997
f 2948/7899/1021 2949/7902/1022 2979/7903/1001 2978/7900/1000
f 2949/7902/1022 2950/7904/1023 2980/7905/937 2979/7903/1001
f 2950/7904/1023 2951/7906/1024 2981/7907/938 2980/7905/937
f 3657/7908/970 2952/7909/1025 2982/7910/972 3656/7911/970
f 2952/7909/1025 2953/7912/1026 2983/7913/973 2982/7910/972
f 3627/7914/975 2954/7915/1027 2984/7916/978 3626/7917/975
f 2954/7915/1027 2955/7918/1028 2985/7919/979 2984/7916/978
f 2955/7918/1028 2956/7920/1029 2986/7921/981 2985/7919/979
f 2956/7920/1029 2957/7922/1030 2987/7923/986 2986/7921/981
f 3897/7924/990 2958/7925/1031 2988/7926/993 3896/7927/990
f 2958/7925/1031 2930/7928/1032 2960/7929/984 2988/7926/993
f 3689/7930/997 3007/7931/1020 3097/7932/996 3690/7933/997
f 3687/7934/997 2947/7935/1020 3037/7936/996 3688/7937/997
f 2935/7938/1008 2934/7939/1007 3024/7940/998 3025/7941/1033
f 2949/7942/1022 2948/7943/1021 3038/7944/1000 3039/7945/1001
f 3807/7946/1002 2935/7938/1008 3025/7941/1033 3808/7947/1002
f 2950/7948/1023 2949/7942/1022 3039/7945/1001 3040/7949/1034
f 2937/7950/1010 2936/7951/1009 3026/7952/1003 3027/7953/968
f 2951/7954/1024 2950/7948/1023 3040/7949/1034 3041/7955/938
f 2938/7956/1011 2937/7950/1010 3027/7953/968 3028/7957/969
f 3657/7958/970 2951/7954/1024 3041/7955/938 3658/7959/970
f 2939/7960/1012 2938/7956/1011 3028/7957/969 3029/7961/971
f 2953/7962/1026 2952/7963/1025 3042/7964/972 3043/7965/973
f 3777/7966/974 2939/7960/1012 3029/7961/971 3778/7967/974
f 3627/7968/975 2953/7962/1026 3043/7965/973 3628/7969/975
f 2941/7970/1014 2940/7971/1013 3030/7972/976 3031/7973/977
f 2955/7974/1028 2954/7975/1027 3044/7976/978 3045/7977/979
f 3747/7978/980 2941/7970/1014 3031/7973/977 3748/7979/980
f 2956/7980/1029 2955/7974/1028 3045/7977/979 3046/7981/981
f 2943/7982/1016 2942/7983/1015 3032/7984/982 3033/7985/983
f 3867/7986/985 2930/7987/1032 3020/7988/984 3868/7989/985
f 2957/7990/1030 2956/7980/1029 3046/7981/981 3047/7991/986
f 2944/7992/1017 2943/7982/1016 3033/7985/983 3034/7993/987
f 2931/7994/1005 2929/7995/1004 3019/7996/988 3021/7997/989
f 3897/7998/990 2957/7990/1030 3047/7991/986 3898/7999/990
f 2945/8000/1018 2944/7992/1017 3034/7993/987 3035/8001/991
f 2932/8002/1006 2931/7994/1005 3021/7997/989 3022/8003/992
f 2930/7987/1032 2958/8004/1031 3048/8005/993 3020/7988/984
f 3717/8006/994 2945/8000/1018 3035/8001/991 3718/8007/994
f 2933/7767/966 2932/8002/1006 3022/8003/992 3023/7768/967
f 2947/7935/1020 2946/8008/1019 3036/8009/995 3037/7936/996
f 3869/8010/985 2989/8011/1004 3019/8012/988 3868/8013/985
f 2989/8011/1004 2991/8014/1005 3021/8015/989 3019/8012/988
f 2991/8014/1005 2992/8016/1006 3022/8017/992 3021/8015/989
f 2992/8016/1006 2993/8018/966 3023/8019/967 3022/8017/992
f 3839/8020/965 2994/8021/1007 3024/8022/998 3838/8023/965
f 2994/8021/1007 2995/8024/1008 3025/8025/1033 3024/8022/998
f 3809/8026/1002 2996/8027/1009 3026/8028/1003 3808/8029/1002
f 2996/8027/1009 2997/8030/1010 3027/8031/968 3026/8028/1003
f 2997/8030/1010 2998/8032/1011 3028/8033/969 3027/8031/968
f 2998/8032/1011 2999/8034/1012 3029/8035/971 3028/8033/969
f 3779/8036/974 3000/8037/1013 3030/8038/976 3778/8039/974
f 3000/8037/1013 3001/8040/1014 3031/8041/977 3030/8038/976
f 3749/8042/980 3002/8043/1015 3032/8044/982 3748/8045/980
f 3002/8043/1015 3003/8046/1016 3033/8047/983 3032/8044/982
f 3003/8046/1016 3004/8048/1017 3034/8049/987 3033/8047/983
f 3004/8048/1017 3005/8050/1018 3035/8051/991 3034/8049/987
f 3719/8052/994 3006/8053/1019 3036/8054/995 3718/8055/994
f 3006/8053/1019 3007/8056/1020 3037/8057/996 3036/8054/995
f 3689/8058/997 3008/8059/1021 3038/8060/1000 3688/8061/997
f 3008/8059/1021 3009/8062/1022 3039/8063/1001 3038/8060/1000
f 3009/8062/1022 3010/8064/1023 3040/8065/1034 3039/8063/1001
f 3010/8064/1023 3011/8066/1024 3041/8067/938 3040/8065/1034
f 3659/8068/970 3012/8069/1025 3042/8070/972 3658/8071/970
f 3012/8069/1025 3013/8072/1026 3043/8073/973 3042/8070/972
f 3629/8074/975 3014/8075/1027 3044/8076/978 3628/8077/975
f 3014/8075/1027 3015/8078/1028 3045/8079/979 3044/8076/978
f 3015/8078/1028 3016/8080/1029 3046/8081/981 3045/8079/979
f 3016/8080/1029 3017/8082/1030 3047/8083/986 3046/8081/981
f 3899/8084/990 3018/8085/1031 3048/8086/993 3898/8087/990
f 3018/8085/1031 2990/8088/1032 3020/8089/984 3048/8086/993
f 3055/8090/1008 3054/8091/1007 3144/8092/998 3145/8093/999
f 2995/8094/1008 2994/8095/1007 3084/8096/998 3085/8097/999
f 3009/8098/1022 3008/8099/1021 3098/8100/1000 3099/8101/1001
f 3809/8102/1002 2995/8094/1008 3085/8097/999 3810/8103/1002
f 3010/8104/1023 3009/8098/1022 3099/8101/1001 3100/8105/937
f 2997/8106/1010 2996/8107/1009 3086/8108/1003 3087/8109/968
f 3011/8110/1024 3010/8104/1023 3100/8105/937 3101/8111/938
f 2998/8112/1011 2997/8106/1010 3087/8109/968 3088/8113/969
f 3659/8114/970 3011/8110/1024 3101/8111/938 3660/8115/970
f 2999/8116/1012 2998/8112/1011 3088/8113/969 3089/8117/971
f 3013/8118/1026 3012/8119/1025 3102/8120/972 3103/8121/973
f 3779/8122/974 2999/8116/1012 3089/8117/971 3780/8123/974
f 3629/8124/975 3013/8118/1026 3103/8121/973 3630/8125/975
f 3001/8126/1014 3000/8127/1013 3090/8128/976 3091/8129/977
f 3015/8130/1028 3014/8131/1027 3104/8132/978 3105/8133/979
f 3749/8134/980 3001/8126/1014 3091/8129/977 3750/8135/980
f 3016/8136/1029 3015/8130/1028 3105/8133/979 3106/8137/981
f 3003/8138/1016 3002/8139/1015 3092/8140/982 3093/8141/983
f 3869/8142/985 2990/8143/1032 3080/8144/984 3870/8145/985
f 3017/8146/1030 3016/8136/1029 3106/8137/981 3107/8147/986
f 3004/8148/1017 3003/8138/1016 3093/8141/983 3094/8149/987
f 2991/8150/1005 2989/8151/1004 3079/8152/988 3081/8153/989
f 3899/8154/990 3017/8146/1030 3107/8147/986 3900/8155/990
f 3005/8156/1018 3004/8148/1017 3094/8149/987 3095/8157/991
f 2992/8158/1006 2991/8150/1005 3081/8153/989 3082/8159/992
f 2990/8143/1032 3018/8160/1031 3108/8161/993 3080/8144/984
f 3719/8162/994 3005/8156/1018 3095/8157/991 3720/8163/994
f 2993/8164/966 2992/8158/1006 3082/8159/992 3083/8165/967
f 3007/7931/1020 3006/8166/1019 3096/8167/995 3097/7932/996
f 3839/8168/965 2993/8164/966 3083/8165/967 3840/8169/965
f 3871/8170/985 3049/8171/1004 3079/8172/988 3870/8173/985
f 3049/8171/1004 3051/8174/1005 3081/8175/989 3079/8172/988
f 3051/8174/1005 3052/8176/1006 3082/8177/992 3081/8175/989
f 3052/8176/1006 3053/8178/966 3083/8179/967 3082/8177/992
f 3841/8180/965 3054/8181/1007 3084/8182/998 3840/8183/965
f 3054/8181/1007 3055/8184/1008 3085/8185/999 3084/8182/998
f 3811/8186/1002 3056/8187/1009 3086/8188/1003 3810/8189/1002
f 3056/8187/1009 3057/8190/1010 3087/8191/968 3086/8188/1003
f 3057/8190/1010 3058/8192/1011 3088/8193/969 3087/8191/968
f 3058/8192/1011 3059/8194/1012 3089/8195/971 3088/8193/969
f 3781/8196/974 3060/8197/1013 3090/8198/976 3780/8199/974
f 3060/8197/1013 3061/8200/1014 3091/8201/977 3090/8198/976
f 3751/8202/980 3062/8203/1015 3092/8204/982 3750/8205/980
f 3062/8203/1015 3063/8206/1016 3093/8207/983 3092/8204/982
f 3063/8206/1016 3064/8208/1017 3094/8209/987 3093/8207/983
f 3064/8208/1017 3065/8210/1018 3095/8211/991 3094/8209/987
f 3721/8212/994 3066/8213/1019 3096/8214/995 3720/8215/994
f 3066/8213/1019 3067/8216/1020 3097/8217/996 3096/8214/995
f 3691/8218/997 3068/8219/1021 3098/8220/1000 3690/8221/997
f 3068/8219/1021 3069/8222/1022 3099/8223/1001 3098/8220/1000
f 3069/8222/1022 3070/8224/1023 3100/8225/937 3099/8223/1001
f 3070/8224/1023 3071/8226/1024 3101/8227/938 3100/8225/937
f 3661/8228/970 3072/8229/1025 3102/8230/972 3660/8231/970
f 3072/8229/1025 3073/8232/1026 3103/8233/973 3102/8230/972
f 3631/8234/975 3074/8235/1027 3104/8236/978 3630/8237/975
f 3074/8235/1027 3075/8238/1028 3105/8239/979 3104/8236/978
f 3075/8238/1028 3076/8240/1029 3106/8241/981 3105/8239/979
f 3076/8240/1029 3077/8242/1030 3107/8243/986 3106/8241/981
f 3901/8244/990 3078/8245/1031 3108/8246/993 3900/8247/990
f 3078/8245/1031 3050/8248/1032 3080/8249/984 3108/8246/993
f 3129/8250/1022 3128/8251/1021 3218/8252/1000 3219/8253/1001
f 3069/8254/1022 3068/8255/1021 3158/8256/1000 3159/8257/1001
f 3811/8258/1002 3055/8090/1008 3145/8093/999 3812/8259/1002
f 3070/8260/1023 3069/8254/1022 3159/8257/1001 3160/8261/937
f 3057/8262/1010 3056/8263/1009 3146/8264/1003 3147/8265/968
f 3071/8266/1024 3070/8260/1023 3160/8261/937 3161/8267/938
f 3058/8268/1011 3057/8262/1010 3147/8265/968 3148/8269/969
f 3661/8270/970 3071/8266/1024 3161/8267/938 3662/8271/970
f 3059/8272/1012 3058/8268/1011 3148/8269/969 3149/8273/971
f 3073/8274/1026 3072/8275/1025 3162/8276/972 3163/8277/973
f 3781/8278/974 3059/8272/1012 3149/8273/971 3782/8279/974
f 3631/8280/975 3073/8274/1026 3163/8277/973 3632/8281/975
f 3061/8282/1014 3060/8283/1013 3150/8284/976 3151/8285/977
f 3075/8286/1028 3074/8287/1027 3164/8288/978 3165/8289/979
f 3751/8290/980 3061/8282/1014 3151/8285/977 3752/8291/980
f 3076/8292/1029 3075/8286/1028 3165/8289/979 3166/8293/981
f 3063/8294/1016 3062/8295/1015 3152/8296/982 3153/8297/983
f 3871/8298/985 3050/8299/1032 3140/8300/984 3872/8301/985
f 3077/8302/1030 3076/8292/1029 3166/8293/981 3167/8303/986
f 3064/8304/1017 3063/8294/1016 3153/8297/983 3154/8305/987
f 3051/8306/1005 3049/8307/1004 3139/8308/988 3141/8309/989
f 3901/8310/990 3077/8302/1030 3167/8303/986 3902/8311/990
f 3065/8312/1018 3064/8304/1017 3154/8305/987 3155/8313/991
f 3052/8314/1006 3051/8306/1005 3141/8309/989 3142/8315/992
f 3050/8299/1032 3078/8316/1031 3168/8317/993 3140/8300/984
f 3721/8318/994 3065/8312/1018 3155/8313/991 3722/8319/994
f 3053/8320/966 3052/8314/1006 3142/8315/992 3143/8321/967
f 3067/8322/1020 3066/8323/1019 3156/8324/995 3157/8325/996
f 3841/8326/965 3053/8320/966 3143/8321/967 3842/8327/965
f 3691/8328/997 3067/8322/1020 3157/8325/996 3692/8329/997
f 3873/8330/985 3109/8331/1004 3139/8332/988 3872/8333/985
f 3109/8331/1004 3111/8334/1005 3141/8335/989 3139/8332/988
f 3111/8334/1005 3112/8336/1006 3142/8337/992 3141/8335/989
f 3112/8336/1006 3113/8338/966 3143/8339/967 3142/8337/992
f 3843/8340/965 3114/8341/1007 3144/8342/998 3842/8343/965
f 3114/8341/1007 3115/8344/1008 3145/8345/999 3144/8342/998
f 3813/8346/1002 3116/8347/1009 3146/8348/1003 3812/8349/1002
f 3116/8347/1009 3117/8350/1010 3147/8351/968 3146/8348/1003
f 3117/8350/1010 3118/8352/1011 3148/8353/969 3147/8351/968
f 3118/8352/1011 3119/8354/1012 3149/8355/971 3148/8353/969
f 3783/8356/974 3120/8357/1013 3150/8358/976 3782/8359/974
f 3120/8357/1013 3121/8360/1014 3151/8361/977 3150/8358/976
f 3753/8362/980 3122/8363/1015 3152/8364/982 3752/8365/980
f 3122/8363/1015 3123/8366/1016 3153/8367/983 3152/8364/982
f 3123/8366/1016 3124/8368/1017 3154/8369/987 3153/8367/983
f 3124/8368/1017 3125/8370/1018 3155/8371/991 3154/8369/987
f 3723/8372/994 3126/8373/1019 3156/8374/995 3722/8375/994
f 3126/8373/1019 3127/8376/1020 3157/8377/996 3156/8374/995
f 3693/8378/997 3128/8379/1021 3158/8380/1000 3692/8381/997
f 3128/8379/1021 3129/8382/1022 3159/8383/1001 3158/8380/1000
f 3129/8382/1022 3130/8384/1023 3160/8385/937 3159/8383/1001
f 3130/8384/1023 3131/8386/1024 3161/8387/938 3160/8385/937
f 3663/8388/970 3132/8389/1025 3162/8390/972 3662/8391/970
f 3132/8389/1025 3133/8392/1026 3163/8393/973 3162/8390/972
f 3633/8394/975 3134/8395/1027 3164/8396/978 3632/8397/975
f 3134/8395/1027 3135/8398/1028 3165/8399/979 3164/8396/978
f 3135/8398/1028 3136/8400/1029 3166/8401/981 3165/8399/979
f 3136/8400/1029 3137/8402/1030 3167/8403/986 3166/8401/981
f 3903/8404/990 3138/8405/1031 3168/8406/993 3902/8407/990
f 3138/8405/1031 3110/8408/1032 3140/8409/984 3168/8406/993
f 3190/8410/1023 3189/8411/1022 3249/8412/1001 3250/8413/1034
f 3813/8414/1002 3115/8415/1008 3205/8416/1033 3814/8417/1002
f 3130/8418/1023 3129/8250/1022 3219/8253/1001 3220/8419/1034
f 3117/8420/1010 3116/8421/1009 3206/8422/1003 3207/8423/968
f 3131/8424/1024 3130/8418/1023 3220/8419/1034 3221/8425/938
f 3118/8426/1011 3117/8420/1010 3207/8423/968 3208/8427/969
f 3663/8428/970 3131/8424/1024 3221/8425/938 3664/8429/970
f 3119/8430/1012 3118/8426/1011 3208/8427/969 3209/8431/971
f 3133/8432/1026 3132/8433/1025 3222/8434/972 3223/8435/973
f 3783/8436/974 3119/8430/1012 3209/8431/971 3784/8437/974
f 3633/8438/975 3133/8432/1026 3223/8435/973 3634/8439/975
f 3121/8440/1014 3120/8441/1013 3210/8442/976 3211/8443/977
f 3135/8444/1028 3134/8445/1027 3224/8446/978 3225/8447/979
f 3753/8448/980 3121/8440/1014 3211/8443/977 3754/8449/980
f 3136/8450/1029 3135/8444/1028 3225/8447/979 3226/8451/981
f 3123/8452/1016 3122/8453/1015 3212/8454/982 3213/8455/983
f 3873/8456/985 3110/8457/1032 3200/8458/984 3874/8459/985
f 3137/8460/1030 3136/8450/1029 3226/8451/981 3227/8461/986
f 3124/8462/1017 3123/8452/1016 3213/8455/983 3214/8463/987
f 3111/8464/1005 3109/8465/1004 3199/8466/988 3201/8467/989
f 3903/8468/990 3137/8460/1030 3227/8461/986 3904/8469/990
f 3125/8470/1018 3124/8462/1017 3214/8463/987 3215/8471/991
f 3112/8472/1006 3111/8464/1005 3201/8467/989 3202/8473/992
f 3110/8457/1032 3138/8474/1031 3228/8475/993 3200/8458/984
f 3723/8476/994 3125/8470/1018 3215/8471/991 3724/8477/994
f 3113/8478/966 3112/8472/1006 3202/8473/992 3203/8479/967
f 3127/8480/1020 3126/8481/1019 3216/8482/995 3217/8483/996
f 3843/8484/965 3113/8478/966 3203/8479/967 3844/8485/965
f 3693/8486/997 3127/8480/1020 3217/8483/996 3694/8487/997
f 3115/8415/1008 3114/8488/1007 3204/8489/998 3205/8416/1033
f 3875/8490/985 3169/8491/1004 3199/8492/988 3874/8493/985
f 3169/8491/1004 3171/8494/1005 3201/8495/989 3199/8492/988
f 3171/8494/1005 3172/8496/1006 3202/8497/992 3201/8495/989
f 3172/8496/1006 3173/8498/966 3203/8499/967 3202/8497/992
f 3845/8500/965 3174/8501/1007 3204/8502/998 3844/8503/965
f 3174/8501/1007 3175/8504/1008 3205/8505/1033 3204/8502/998
f 3815/8506/1002 3176/8507/1009 3206/8508/1003 3814/8509/1002
f 3176/8507/1009 3177/8510/1010 3207/8511/968 3206/8508/1003
f 3177/8510/1010 3178/8512/1011 3208/8513/969 3207/8511/968
f 3178/8512/1011 3179/8514/1012 3209/8515/971 3208/8513/969
f 3785/8516/974 3180/8517/1013 3210/8518/976 3784/8519/974
f 3180/8517/1013 3181/8520/1014 3211/8521/977 3210/8518/976
f 3755/8522/980 3182/8523/1015 3212/8524/982 3754/8525/980
f 3182/8523/1015 3183/8526/1016 3213/8527/983 3212/8524/982
f 3183/8526/1016 3184/8528/1017 3214/8529/987 3213/8527/983
f 3184/8528/1017 3185/8530/1018 3215/8531/991 3214/8529/987
f 3725/8532/994 3186/8533/1019 3216/8534/995 3724/8535/994
f 3186/8533/1019 3187/8536/1020 3217/8537/996 3216/8534/995
f 3695/8538/997 3188/8539/1021 3218/8540/1000 3694/8541/997
f 3188/8539/1021 3189/8542/1022 3219/8543/1001 3218/8540/1000
f 3189/8542/1022 3190/8544/1023 3220/8545/1034 3219/8543/1001
f 3190/8544/1023 3191/8546/1024 3221/8547/938 3220/8545/1034
f 3665/8548/970 3192/8549/1025 3222/8550/972 3664/8551/970
f 3192/8549/1025 3193/8552/1026 3223/8553/973 3222/8550/972
f 3635/8554/975 3194/8555/1027 3224/8556/978 3634/8557/975
f 3194/8555/1027 3195/8558/1028 3225/8559/979 3224/8556/978
f 3195/8558/1028 3196/8560/1029 3226/8561/981 3225/8559/979
f 3196/8560/1029 3197/8562/1030 3227/8563/986 3226/8561/981
f 3905/8564/990 3198/8565/1031 3228/8566/993 3904/8567/990
f 3198/8565/1031 3170/8568/1032 3200/8569/984 3228/8566/993
f 3229/8570/988 3876/8571/985 3230/8572/984 3258/8573/993 3906/8574/990 3257/8575/986 3256/8576/981 3255/8577/979 3254/8578/978 3636/8579/975 3253/8580/973 3252/8581/972 3666/8582/970 3251/8583/938 3250/8584/1034 3249/8585/1001 3248/8586/1000 3696/8587/997 3247/8588/996 3246/8589/995 3726/8590/994 3245/8591/991 3244/8592/987 3243/8593/983 3242/8594/982 3756/8595/980 3241/8596/977 3240/8597/976 3786/8598/974 3239/8599/971 3238/8600/969 3237/8601/968 3236/8602/1003 3816/8603/1002 3235/8604/1033 3234/8605/998 3846/8606/965 3233/8607/967 3232/8608/992 3231/8609/989
f 3177/8610/1010 3176/8611/1009 3236/8612/1003 3237/8613/968
f 3191/8614/1024 3190/8410/1023 3250/8413/1034 3251/8615/938
f 3178/8616/1011 3177/8610/1010 3237/8613/968 3238/8617/969
f 3665/8618/970 3191/8614/1024 3251/8615/938 3666/8619/970
f 3179/8620/1012 3178/8616/1011 3238/8617/969 3239/8621/971
f 3193/8622/1026 3192/8623/1025 3252/8624/972 3253/8625/973
f 3785/8626/974 3179/8620/1012 3239/8621/971 3786/8627/974
f 3635/8628/975 3193/8622/1026 3253/8625/973 3636/8629/975
f 3181/8630/1014 3180/8631/1013 3240/8632/976 3241/8633/977
f 3195/8634/1028 3194/8635/1027 3254/8636/978 3255/8637/979
f 3755/8638/980 3181/8630/1014 3241/8633/977 3756/8639/980
f 3196/8640/1029 3195/8634/1028 3255/8637/979 3256/8641/981
f 3183/8642/1016 3182/8643/1015 3242/8644/982 3243/8645/983
f 3875/8646/985 3170/8647/1032 3230/8648/984 3876/8649/985
f 3197/8650/1030 3196/8640/1029 3256/8641/981 3257/8651/986
f 3184/8652/1017 3183/8642/1016 3243/8645/983 3244/8653/987
f 3171/8654/1005 3169/8655/1004 3229/8656/988 3231/8657/989
f 3905/8658/990 3197/8650/1030 3257/8651/986 3906/8659/990
f 3185/8660/1018 3184/8652/1017 3244/8653/987 3245/8661/991
f 3172/8662/1006 3171/8654/1005 3231/8657/989 3232/8663/992
f 3170/8647/1032 3198/8664/1031 3258/8665/993 3230/8648/984
f 3725/8666/994 3185/8660/1018 3245/8661/991 3726/8667/994
f 3173/8668/966 3172/8662/1006 3232/8663/992 3233/8669/967
f 3187/8670/1020 3186/8671/1019 3246/8672/995 3247/8673/996
f 3845/8674/965 3173/8668/966 3233/8669/967 3846/8675/965
f 3695/8676/997 3187/8670/1020 3247/8673/996 3696/8677/997
f 3175/8678/1008 3174/8679/1007 3234/8680/998 3235/8681/1033
f 3189/8411/1022 3188/8682/1021 3248/8683/1000 3249/8412/1001
f 3815/8684/1002 3175/8678/1008 3235/8681/1033 3816/8685/1002
f 3266/8686/1035 3267/7406/795 3297/8687/1036 3296/8688/1037
f 2753/7362/756 2755/7364/758 3277/8689/1038 3276/8690/1039
f 2771/7390/780 2773/7392/782 3286/8691/1040 3285/8692/1041
f 3829/7323/721 2729/7326/724 3264/8693/1042 3847/8694/721
f 2745/7351/746 2747/7354/748 3273/8695/1043 3272/8696/1044
f 3649/7377/769 2765/7380/772 3282/8697/1045 3667/8698/769
f 3859/8699/711 2721/8700/714 3260/8701/1046 3877/8702/711
f 2737/7338/734 2739/7340/736 3269/8703/1047 3268/7405/794
f 3679/8704/759 2757/8705/762 3278/8706/1048 3697/8707/759
f 2773/7392/782 2775/7394/784 3287/8708/1049 3286/8691/1040
f 2729/7326/724 2731/7328/726 3265/8709/1050 3264/8693/1042
f 2747/7354/748 2749/7356/750 3274/8710/1051 3273/8695/1043
f 2765/7380/772 2767/7382/774 3283/8711/1052 3282/8697/1045
f 2721/7315/714 2723/7318/716 3261/8712/1053 3260/8713/1046
f 3769/7341/737 2741/7344/740 3270/8714/1054 3787/8715/737
f 2757/7369/762 2759/7372/764 3279/8716/1055 3278/8717/1048
f 3889/7399/788 2777/7402/791 3288/8718/1056 3907/8719/788
f 3799/8720/727 2733/8721/730 3266/8722/1035 3817/8723/727
f 2749/7356/750 2751/7358/752 3275/8724/1057 3274/8710/1051
f 3619/8725/775 2769/8726/778 3284/8727/1058 3637/8728/775
f 2723/7318/716 2725/7320/718 3262/8729/1059 3261/8712/1053
f 2741/7344/740 2743/7346/742 3271/8730/1060 3270/8714/1054
f 2759/7372/764 2761/7374/766 3280/8731/1061 3279/8716/1055
f 2777/7402/791 2719/7404/793 3259/8732/1062 3288/8718/1056
f 2733/7333/730 2735/7336/732 3267/7406/795 3266/8686/1035
f 3709/7359/753 2753/7362/756 3276/8690/1039 3727/8733/753
f 2769/7387/778 2771/7390/780 3285/8692/1041 3284/8734/1058
f 2725/7320/718 2727/7322/720 3263/8735/1063 3262/8729/1059
f 3739/8736/743 2745/8737/746 3272/8738/1044 3757/8739/743
f 2761/7374/766 2763/7376/768 3281/8740/1064 3280/8731/1061
f 3303/8741/1065 3304/8742/1066 3334/8743/1067 3333/8744/1068
f 3280/8731/1061 3281/8740/1064 3311/8745/1069 3310/8746/1070
f 3267/7406/795 3268/7405/794 3298/8747/1071 3297/8687/1036
f 3667/8698/769 3282/8697/1045 3312/8748/1072 3668/8749/1073
f 3268/7405/794 3269/8703/1047 3299/8750/1074 3298/8747/1071
f 3282/8697/1045 3283/8711/1052 3313/8751/1075 3312/8748/1072
f 3787/8715/737 3270/8714/1054 3300/8752/1076 3788/8753/1077
f 3637/8754/775 3284/8755/1058 3314/8756/1078 3638/8757/1079
f 3270/8714/1054 3271/8730/1060 3301/8758/1080 3300/8752/1076
f 3284/8734/1058 3285/8692/1041 3315/8759/1081 3314/8760/1078
f 3757/8761/743 3272/8762/1044 3302/8763/1082 3758/8764/1083
f 3285/8692/1041 3286/8691/1040 3316/8765/1084 3315/8759/1081
f 3272/8696/1044 3273/8695/1043 3303/8741/1065 3302/8766/1082
f 3877/8767/711 3260/8768/1046 3290/8769/1085 3878/8770/1086
f 3286/8691/1040 3287/8708/1049 3317/8771/1087 3316/8765/1084
f 3273/8695/1043 3274/8710/1051 3304/8742/1066 3303/8741/1065
f 3260/8713/1046 3261/8712/1053 3291/8772/1088 3290/8773/1085
f 3907/8719/788 3288/8718/1056 3318/8774/1089 3908/8775/1090
f 3274/8710/1051 3275/8724/1057 3305/8776/1091 3304/8742/1066
f 3261/8712/1053 3262/8729/1059 3292/8777/1092 3291/8772/1088
f 3288/8718/1056 3259/8732/1062 3289/8778/1093 3318/8774/1089
f 3727/8733/753 3276/8690/1039 3306/8779/1094 3728/8780/1095
f 3262/8729/1059 3263/8735/1063 3293/8781/1096 3292/8777/1092
f 3276/8690/1039 3277/8689/1038 3307/8782/1097 3306/8779/1094
f 3847/8694/721 3264/8693/1042 3294/8783/1098 3848/8784/1099
f 3697/8785/759 3278/8786/1048 3308/8787/1100 3698/8788/1101
f 3264/8693/1042 3265/8709/1050 3295/8789/1102 3294/8783/1098
f 3278/8717/1048 3279/8716/1055 3309/8790/1103 3308/8791/1100
f 3817/8792/727 3266/8793/1035 3296/8794/1037 3818/8795/1104
f 3279/8716/1055 3280/8731/1061 3310/8746/1070 3309/8790/1103
f 3340/8796/1105 3341/8797/1106 3371/8798/1107 3370/8799/1108
f 3290/8773/1085 3291/8772/1088 3321/8800/1109 3320/8801/1110
f 3908/8775/1090 3318/8774/1089 3348/8802/1111 3909/8803/1090
f 3304/8742/1066 3305/8776/1091 3335/8804/1112 3334/8743/1067
f 3291/8772/1088 3292/8777/1092 3322/8805/1113 3321/8800/1109
f 3318/8774/1089 3289/8778/1093 3319/8806/1114 3348/8802/1111
f 3728/8780/1095 3306/8779/1094 3336/8807/1115 3729/8808/1095
f 3292/8777/1092 3293/8781/1096 3323/8809/1116 3322/8805/1113
f 3306/8779/1094 3307/8782/1097 3337/8810/1117 3336/8807/1115
f 3848/8784/1099 3294/8783/1098 3324/8811/1118 3849/8812/1099
f 3698/8813/1101 3308/8814/1100 3338/8815/1119 3699/8816/1101
f 3294/8783/1098 3295/8789/1102 3325/8817/1120 3324/8811/1118
f 3308/8791/1100 3309/8790/1103 3339/8818/1121 3338/8819/1119
f 3818/8820/1104 3296/8821/1037 3326/8822/1122 3819/8823/1104
f 3309/8790/1103 3310/8746/1070 3340/8796/1105 3339/8818/1121
f 3296/8688/1037 3297/8687/1036 3327/8824/1123 3326/8825/1122
f 3310/8746/1070 3311/8745/1069 3341/8797/1106 3340/8796/1105
f 3297/8687/1036 3298/8747/1071 3328/8826/1124 3327/8824/1123
f 3668/8749/1073 3312/8748/1072 3342/8827/1125 3669/8828/1073
f 3298/8747/1071 3299/8750/1074 3329/8829/1126 3328/8826/1124
f 3312/8748/1072 3313/8751/1075 3343/8830/1127 3342/8827/1125
f 3788/8753/1077 3300/8752/1076 3330/8831/1128 3789/8832/1129
f 3638/8833/1079 3314/8834/1078 3344/8835/1130 3639/8836/1079
f 3300/8752/1076 3301/8758/1080 3331/8837/1131 3330/8831/1128
f 3314/8760/1078 3315/8759/1081 3345/8838/1132 3344/8839/1130
f 3758/8840/1083 3302/8841/1082 3332/8842/1133 3759/8843/1134
f 3315/8759/1081 3316/8765/1084 3346/8844/1135 3345/8838/1132
f 3302/8766/1082 3303/8741/1065 3333/8744/1068 3332/8845/1133
f 3878/8846/1086 3290/8847/1085 3320/8848/1110 3879/8849/1086
f 3316/8765/1084 3317/8771/1087 3347/8850/1136 3346/8844/1135
f 3350/8851/1137 3351/8852/1138 3381/8853/1139 3380/8854/1140
f 3327/8824/1123 3328/8826/1124 3358/8855/1141 3357/8856/1142
f 3669/8828/1073 3342/8827/1125 3372/8857/1143 3670/8858/1144
f 3328/8826/1124 3329/8829/1126 3359/8859/1145 3358/8855/1141
f 3342/8827/1125 3343/8830/1127 3373/8860/1146 3372/8857/1143
f 3789/8832/1129 3330/8831/1128 3360/8861/1147 3790/8862/1148
f 3639/8863/1079 3344/8864/1130 3374/8865/1149 3640/8866/1150
f 3330/8831/1128 3331/8837/1131 3361/8867/1151 3360/8861/1147
f 3344/8839/1130 3345/8838/1132 3375/8868/1152 3374/8869/1149
f 3759/8870/1134 3332/8871/1133 3362/8872/1153 3760/8873/1154
f 3345/8838/1132 3346/8844/1135 3376/8874/1155 3375/8868/1152
f 3332/8845/1133 3333/8744/1068 3363/8875/1156 3362/8876/1153
f 3879/8877/1086 3320/8878/1110 3350/8879/1137 3880/8880/1157
f 3346/8844/1135 3347/8850/1136 3377/8881/1158 3376/8874/1155
f 3333/8744/1068 3334/8743/1067 3364/8882/1159 3363/8875/1156
f 3320/8801/1110 3321/8800/1109 3351/8852/1138 3350/8851/1137
f 3909/8803/1090 3348/8802/1111 3378/8883/1160 3910/8884/1161
f 3334/8743/1067 3335/8804/1112 3365/8885/1162 3364/8882/1159
f 3321/8800/1109 3322/8805/1113 3352/8886/1163 3351/8852/1138
f 3348/8802/1111 3319/8806/1114 3349/8887/1164 3378/8883/1160
f 3729/8808/1095 3336/8807/1115 3366/8888/1165 3730/8889/1166
f 3322/8805/1113 3323/8809/1116 3353/8890/1167 3352/8886/1163
f 3336/8807/1115 3337/8810/1117 3367/8891/1168 3366/8888/1165
f 3849/8812/1099 3324/8811/1118 3354/8892/1169 3850/8893/1170
f 3699/8894/1101 3338/8895/1119 3368/8896/1171 3700/8897/1172
f 3324/8811/1118 3325/8817/1120 3355/8898/1173 3354/8892/1169
f 3338/8819/1119 3339/8818/1121 3369/8899/1174 3368/8900/1171
f 3819/8901/1104 3326/8902/1122 3356/8903/1175 3820/8904/1176
f 3339/8818/1121 3340/8796/1105 3370/8799/1108 3369/8899/1174
f 3326/8825/1122 3327/8824/1123 3357/8856/1142 3356/8905/1175
f 3387/8906/1177 3388/8907/1178 3418/8908/1179 3417/8909/1180
f 3910/8884/1161 3378/8883/1160 3408/8910/1181 3911/8911/1161
f 3364/8882/1159 3365/8885/1162 3395/8912/1182 3394/8913/1183
f 3351/8852/1138 3352/8886/1163 3382/8914/1184 3381/8853/1139
f 3378/8883/1160 3349/8887/1164 3379/8915/1185 3408/8910/1181
f 3730/8889/1166 3366/8888/1165 3396/8916/1186 3731/8917/1166
f 3352/8886/1163 3353/8890/1167 3383/8918/1187 3382/8914/1184
f 3366/8888/1165 3367/8891/1168 3397/8919/1188 3396/8916/1186
f 3850/8893/1170 3354/8892/1169 3384/8920/1189 3851/8921/1170
f 3700/8922/1172 3368/8923/1171 3398/8924/1190 3701/8925/1172
f 3354/8892/1169 3355/8898/1173 3385/8926/1191 3384/8920/1189
f 3368/8900/1171 3369/8899/1174 3399/8927/1192 3398/8928/1190
f 3820/8929/1176 3356/8930/1175 3386/8931/1193 3821/8932/1176
f 3369/8899/1174 3370/8799/1108 3400/8933/1194 3399/8927/1192
f 3356/8905/1175 3357/8856/1142 3387/8906/1177 3386/8934/1193
f 3370/8799/1108 3371/8798/1107 3401/8935/1195 3400/8933/1194
f 3357/8856/1142 3358/8855/1141 3388/8907/1178 3387/8906/1177
f 3670/8858/1144 3372/8857/1143 3402/8936/1196 3671/8937/1144
f 3358/8855/1141 3359/8859/1145 3389/8938/1197 3388/8907/1178
f 3372/8857/1143 3373/8860/1146 3403/8939/1198 3402/8936/1196
f 3790/8862/1148 3360/8861/1147 3390/8940/1199 3791/8941/1148
f 3640/8942/1150 3374/8943/1149 3404/8944/1200 3641/8945/1150
f 3360/8861/1147 3361/8867/1151 3391/8946/1201 3390/8940/1199
f 3374/8869/1149 3375/8868/1152 3405/8947/1202 3404/8948/1200
f 3760/8949/1154 3362/8950/1153 3392/8951/1203 3761/8952/1154
f 3375/8868/1152 3376/8874/1155 3406/8953/1204 3405/8947/1202
f 3362/8876/1153 3363/8875/1156 3393/8954/1205 3392/8955/1203
f 3880/8956/1157 3350/8957/1137 3380/8958/1140 3881/8959/1157
f 3376/8874/1155 3377/8881/1158 3407/8960/1206 3406/8953/1204
f 3363/8875/1156 3364/8882/1159 3394/8913/1183 3393/8954/1205
f 3732/8961/1207 3426/8962/1208 3456/8963/1209 3733/8964/1207
f 3671/8937/1144 3402/8936/1196 3432/8965/1210 3672/8966/1211
f 3388/8907/1178 3389/8938/1197 3419/8967/1212 3418/8908/1179
f 3402/8936/1196 3403/8939/1198 3433/8968/1213 3432/8965/1210
f 3791/8941/1148 3390/8940/1199 3420/8969/1214 3792/8970/1215
f 3641/8971/1150 3404/8972/1200 3434/8973/1216 3642/8974/1217
f 3390/8940/1199 3391/8946/1201 3421/8975/1218 3420/8969/1214
f 3404/8948/1200 3405/8947/1202 3435/8976/1219 3434/8977/1216
f 3761/8978/1154 3392/8979/1203 3422/8980/1220 3762/8981/1221
f 3405/8947/1202 3406/8953/1204 3436/8982/1222 3435/8976/1219
f 3392/8955/1203 3393/8954/1205 3423/8983/1223 3422/8984/1220
f 3881/8985/1157 3380/8986/1140 3410/8987/1224 3882/8988/1225
f 3406/8953/1204 3407/8960/1206 3437/8989/1226 3436/8982/1222
f 3393/8954/1205 3394/8913/1183 3424/8990/1227 3423/8983/1223
f 3380/8854/1140 3381/8853/1139 3411/8991/1228 3410/8992/1224
f 3911/8911/1161 3408/8910/1181 3438/8993/1229 3912/8994/1230
f 3394/8913/1183 3395/8912/1182 3425/8995/1231 3424/8990/1227
f 3381/8853/1139 3382/8914/1184 3412/8996/1232 3411/8991/1228
f 3408/8910/1181 3379/8915/1185 3409/8997/1233 3438/8993/1229
f 3731/8917/1166 3396/8916/1186 3426/8962/1208 3732/8961/1207
f 3382/8914/1184 3383/8918/1187 3413/8998/1234 3412/8996/1232
f 3396/8916/1186 3397/8919/1188 3427/8999/1235 3426/8962/1208
f 3851/8921/1170 3384/8920/1189 3414/9000/1236 3852/9001/1237
f 3701/9002/1172 3398/9003/1190 3428/9004/1238 3702/9005/1239
f 3384/8920/1189 3385/8926/1191 3415/9006/1240 3414/9000/1236
f 3398/8928/1190 3399/8927/1192 3429/9007/1241 3428/9008/1238
f 3821/9009/1176 3386/9010/1193 3416/9011/1242 3822/9012/1243
f 3399/8927/1192 3400/8933/1194 3430/9013/1244 3429/9007/1241
f 3386/8934/1193 3387/8906/1177 3417/8909/1180 3416/9014/1242
f 3400/8933/1194 3401/8935/1195 3431/9015/1245 3430/9013/1244
f 3462/9016/1246 3463/9017/1247 3493/9018/1248 3492/9019/1249
f 3412/8996/1232 3413/8998/1234 3443/9020/1250 3442/9021/1251
f 3426/8962/1208 3427/8999/1235 3457/9022/1252 3456/8963/1209
f 3852/9001/1237 3414/9000/1236 3444/9023/1253 3853/9024/1237
f 3702/9025/1239 3428/9026/1238 3458/9027/1254 3703/9028/1239
f 3414/9000/1236 3415/9006/1240 3445/9029/1255 3444/9023/1253
f 3428/9008/1238 3429/9007/1241 3459/9030/1256 3458/9031/1254
f 3822/9032/1243 3416/9033/1242 3446/9034/1257 3823/9035/1243
f 3429/9007/1241 3430/9013/1244 3460/9036/1258 3459/9030/1256
f 3416/9014/1242 3417/8909/1180 3447/9037/1259 3446/9038/1257
f 3430/9013/1244 3431/9015/1245 3461/9039/1260 3460/9036/1258
f 3417/8909/1180 3418/8908/1179 3448/9040/1261 3447/9037/1259
f 3672/8966/1211 3432/8965/1210 3462/9016/1246 3673/9041/1211
f 3418/8908/1179 3419/8967/1212 3449/9042/1262 3448/9040/1261
f 3432/8965/1210 3433/8968/1213 3463/9017/1247 3462/9016/1246
f 3792/8970/1215 3420/8969/1214 3450/9043/1263 3793/9044/1215
f 3642/9045/1217 3434/9046/1216 3464/9047/1264 3643/9048/1217
f 3420/8969/1214 3421/8975/1218 3451/9049/1265 3450/9043/1263
f 3434/8977/1216 3435/8976/1219 3465/9050/1266 3464/9051/1264
f 3762/9052/1221 3422/9053/1220 3452/9054/1267 3763/9055/1221
f 3435/8976/1219 3436/8982/1222 3466/9056/1268 3465/9050/1266
f 3422/8984/1220 3423/8983/1223 3453/9057/1269 3452/9058/1267
f 3882/9059/1225 3410/9060/1224 3440/9061/1270 3883/9062/1225
f 3436/8982/1222 3437/8989/1226 3467/9063/1271 3466/9056/1268
f 3423/8983/1223 3424/8990/1227 3454/9064/1272 3453/9057/1269
f 3410/8992/1224 3411/8991/1228 3441/9065/1273 3440/9066/1270
f 3912/8994/1230 3438/8993/1229 3468/9067/1274 3913/9068/1230
f 3424/8990/1227 3425/8995/1231 3455/9069/1275 3454/9064/1272
f 3411/8991/1228 3412/8996/1232 3442/9021/1251 3441/9065/1273
f 3438/8993/1229 3409/8997/1233 3439/9070/1276 3468/9067/1274
f 3472/9071/1277 3473/9072/1278 3503/9073/1279 3502/9074/1280
f 3793/9044/1215 3450/9043/1263 3480/9075/1281 3794/9076/1282
f 3643/9077/1217 3464/9078/1264 3494/9079/1283 3644/9080/1284
f 3450/9043/1263 3451/9049/1265 3481/9081/1285 3480/9075/1281
f 3464/9051/1264 3465/9050/1266 3495/9082/1286 3494/9083/1283
f 3763/9084/1221 3452/9085/1267 3482/9086/1287 3764/9087/1288
f 3465/9050/1266 3466/9056/1268 3496/9088/1289 3495/9082/1286
f 3452/9058/1267 3453/9057/1269 3483/9089/1290 3482/9090/1287
f 3883/9091/1225 3440/9092/1270 3470/9093/1291 3884/9094/1292
f 3466/9056/1268 3467/9063/1271 3497/9095/1293 3496/9088/1289
f 3453/9057/1269 3454/9064/1272 3484/9096/1294 3483/9089/1290
f 3440/9066/1270 3441/9065/1273 3471/9097/1295 3470/9098/1291
f 3913/9068/1230 3468/9067/1274 3498/9099/1296 3914/9100/1297
f 3454/9064/1272 3455/9069/1275 3485/9101/1298 3484/9096/1294
f 3441/9065/1273 3442/9021/1251 3472/9071/1277 3471/9097/1295
f 3468/9067/1274 3439/9070/1276 3469/9102/1299 3498/9099/1296
f 3733/8964/1207 3456/8963/1209 3486/9103/1300 3734/9104/1301
f 3442/9021/1251 3443/9020/1250 3473/9072/1278 3472/9071/1277
f 3456/8963/1209 3457/9022/1252 3487/9105/1302 3486/9103/1300
f 3853/9024/1237 3444/9023/1253 3474/9106/1303 3854/9107/1304
f 3703/9108/1239 3458/9109/1254 3488/9110/1305 3704/9111/1306
f 3444/9023/1253 3445/9029/1255 3475/9112/1307 3474/9106/1303
f 3458/9031/1254 3459/9030/1256 3489/9113/1308 3488/9114/1305
f 3823/9115/1243 3446/9116/1257 3476/9117/1309 3824/9118/1310
f 3459/9030/1256 3460/9036/1258 3490/9119/1311 3489/9113/1308
f 3446/9038/1257 3447/9037/1259 3477/9120/1312 3476/9121/1309
f 3460/9036/1258 3461/9039/1260 3491/9122/1313 3490/9119/1311
f 3447/9037/1259 3448/9040/1261 3478/9123/1314 3477/9120/1312
f 3673/9041/1211 3462/9016/1246 3492/9019/1249 3674/9124/1315
f 3448/9040/1261 3449/9042/1262 3479/9125/1316 3478/9123/1314
f 3795/9126/1282 3510/9127/1317 3570/9128/1318 3796/9129/1319
f 3486/9103/1300 3487/9105/1302 3517/9130/1320 3516/9131/1321
f 3854/9107/1304 3474/9106/1303 3504/9132/1322 3855/9133/1304
f 3704/9134/1306 3488/9135/1305 3518/9136/1323 3705/9137/1306
f 3474/9106/1303 3475/9112/1307 3505/9138/1324 3504/9132/1322
f 3488/9114/1305 3489/9113/1308 3519/9139/1325 3518/9140/1323
f 3824/9141/1310 3476/9142/1309 3506/9143/1326 3825/9144/1310
f 3489/9113/1308 3490/9119/1311 3520/9145/1327 3519/9139/1325
f 3476/9121/1309 3477/9120/1312 3507/9146/1328 3506/9147/1326
f 3490/9119/1311 3491/9122/1313 3521/9148/1329 3520/9145/1327
f 3477/9120/1312 3478/9123/1314 3508/9149/1330 3507/9146/1328
f 3674/9124/1315 3492/9019/1249 3522/9150/1331 3675/9151/1315
f 3478/9123/1314 3479/9125/1316 3509/9152/1332 3508/9149/1330
f 3492/9019/1249 3493/9018/1248 3523/9153/1333 3522/9150/1331
f 3794/9076/1282 3480/9075/1281 3510/9127/1317 3795/9126/1282
f 3644/9154/1284 3494/9155/1283 3524/9156/1334 3645/9157/1284
f 3480/9075/1281 3481/9081/1285 3511/9158/1335 3510/9127/1317
f 3494/9083/1283 3495/9082/1286 3525/9159/1336 3524/9160/1334
f 3764/9161/1288 3482/9162/1287 3512/9163/1337 3765/9164/1288
f 3495/9082/1286 3496/9088/1289 3526/9165/1338 3525/9159/1336
f 3482/9090/1287 3483/9089/1290 3513/9166/1339 3512/9167/1337
f 3884/9168/1292 3470/9169/1291 3500/9170/1340 3885/9171/1292
f 3496/9088/1289 3497/9095/1293 3527/9172/1341 3526/9165/1338
f 3483/9089/1290 3484/9096/1294 3514/9173/1342 3513/9166/1339
f 3470/9098/1291 3471/9097/1295 3501/9174/1343 3500/9175/1340
f 3914/9100/1297 3498/9099/1296 3528/9176/1344 3915/9177/1297
f 3484/9096/1294 3485/9101/1298 3515/9178/1345 3514/9173/1342
f 3471/9097/1295 3472/9071/1277 3502/9074/1280 3501/9174/1343
f 3498/9099/1296 3469/9102/1299 3499/9179/1346 3528/9176/1344
f 3734/9104/1301 3486/9103/1300 3516/9131/1321 3735/9180/1301
f 3797/9181/1319 3540/9182/1347 3600/9183/1348 3798/9184/1349
f 3645/9185/1284 3524/9186/1334 3584/9187/1350 3646/9188/1351
f 3510/9127/1317 3511/9158/1335 3571/9189/1352 3570/9128/1318
f 3524/9160/1334 3525/9159/1336 3585/9190/1353 3584/9191/1350
f 3765/9192/1288 3512/9193/1337 3572/9194/1354 3766/9195/1355
f 3525/9159/1336 3526/9165/1338 3586/9196/1356 3585/9190/1353
f 3512/9167/1337 3513/9166/1339 3573/9197/1357 3572/9198/1354
f 3885/9199/1292 3500/9200/1340 3560/9201/1358 3886/9202/1359
f 3526/9165/1338 3527/9172/1341 3587/9203/1360 3586/9196/1356
f 3513/9166/1339 3514/9173/1342 3574/9204/1361 3573/9197/1357
f 3500/9175/1340 3501/9174/1343 3561/9205/1362 3560/9206/1358
f 3915/9177/1297 3528/9176/1344 3588/9207/1363 3916/9208/1364
f 3514/9173/1342 3515/9178/1345 3575/9209/1365 3574/9204/1361
f 3501/9174/1343 3502/9074/1280 3562/9210/1366 3561/9205/1362
f 3528/9176/1344 3499/9179/1346 3559/9211/1367 3588/9207/1363
f 3735/9180/1301 3516/9131/1321 3576/9212/1368 3736/9213/1369
f 3502/9074/1280 3503/9073/1279 3563/9214/1370 3562/9210/1366
f 3516/9131/1321 3517/9130/1320 3577/9215/1371 3576/9212/1368
f 3855/9133/1304 3504/9132/1322 3564/9216/1372 3856/9217/1373
f 3705/9218/1306 3518/9219/1323 3578/9220/1374 3706/9221/1375
f 3504/9132/1322 3505/9138/1324 3565/9222/1376 3564/9216/1372
f 3518/9140/1323 3519/9139/1325 3579/9223/1377 3578/9224/1374
f 3825/9225/1310 3506/9226/1326 3566/9227/1378 3826/9228/1379
f 3519/9139/1325 3520/9145/1327 3580/9229/1380 3579/9223/1377
f 3506/9147/1326 3507/9146/1328 3567/9230/1381 3566/9231/1378
f 3520/9145/1327 3521/9148/1329 3581/9232/1382 3580/9229/1380
f 3507/9146/1328 3508/9149/1330 3568/9233/1383 3567/9230/1381
f 3675/9151/1315 3522/9150/1331 3582/9234/1384 3676/9235/1385
f 3508/9149/1330 3509/9152/1332 3569/9236/1386 3568/9233/1383
f 3522/9150/1331 3523/9153/1333 3583/9237/1387 3582/9234/1384
f 3887/9238/1359 3529/9239/1388 3559/9211/1367 3886/9240/1359
f 3531/9241/1389 3530/9242/1390 3560/9206/1358 3561/9205/1362
f 3532/9243/1391 3531/9241/1389 3561/9205/1362 3562/9210/1366
f 3533/9244/1392 3532/9243/1391 3562/9210/1366 3563/9214/1370
f 3857/9245/1373 3533/9246/1392 3563/9247/1370 3856/9248/1373
f 3535/9249/1393 3534/9250/1394 3564/9216/1372 3565/9222/1376
f 3827/9251/1379 3535/9249/1393 3565/9222/1376 3826/9252/1379
f 3537/9253/1395 3536/9254/1396 3566/9231/1378 3567/9230/1381
f 3538/9255/1397 3537/9253/1395 3567/9230/1381 3568/9233/1383
f 3539/9256/1398 3538/9255/1397 3568/9233/1383 3569/9236/1386
f 3797/9257/1319 3539/9258/1398 3569/9259/1386 3796/9260/1319
f 3541/9261/1399 3540/9182/1347 3570/9128/1318 3571/9189/1352
f 3767/9262/1355 3541/9261/1399 3571/9189/1352 3766/9263/1355
f 3543/9264/1400 3542/9265/1401 3572/9198/1354 3573/9197/1357
f 3544/9266/1402 3543/9264/1400 3573/9197/1357 3574/9204/1361
f 3545/9267/1403 3544/9266/1402 3574/9204/1361 3575/9209/1365
f 3737/9268/1369 3545/9269/1403 3575/9270/1365 3736/9271/1369
f 3547/9272/1404 3546/9273/1405 3576/9212/1368 3577/9215/1371
f 3707/9274/1375 3547/9272/1404 3577/9215/1371 3706/9275/1375
f 3549/9276/1406 3548/9277/1407 3578/9224/1374 3579/9223/1377
f 3550/9278/1408 3549/9276/1406 3579/9223/1377 3580/9229/1380
f 3551/9279/1409 3550/9278/1408 3580/9229/1380 3581/9232/1382
f 3677/9280/1385 3551/9281/1409 3581/9282/1382 3676/9283/1385
f 3553/9284/1410 3552/9285/1411 3582/9234/1384 3583/9237/1387
f 3647/9286/1351 3553/9284/1410 3583/9237/1387 3646/9287/1351
f 3555/9288/1412 3554/9289/1413 3584/9191/1350 3585/9190/1353
f 3556/9290/1414 3555/9288/1412 3585/9190/1353 3586/9196/1356
f 3557/9291/1415 3556/9290/1414 3586/9196/1356 3587/9203/1360
f 3917/9292/1364 3557/9293/1415 3587/9294/1360 3916/9295/1364
f 3529/9239/1388 3558/9296/1416 3588/9207/1363 3559/9211/1367
f 3647/9297/1351 3554/9298/1413 3614/9299/1417 3648/9300/1418
f 3540/9182/1347 3541/9261/1399 3601/9301/1419 3600/9183/1348
f 3554/9289/1413 3555/9288/1412 3615/9302/1420 3614/9303/1417
f 3767/9304/1355 3542/9305/1401 3602/9306/1421 3768/9307/1422
f 3555/9288/1412 3556/9290/1414 3616/9308/1423 3615/9302/1420
f 3542/9265/1401 3543/9264/1400 3603/9309/1424 3602/9310/1421
f 3887/9311/1359 3530/9312/1390 3590/9313/1425 3888/9314/1426
f 3556/9290/1414 3557/9291/1415 3617/9315/1427 3616/9308/1423
f 3543/9264/1400 3544/9266/1402 3604/9316/1428 3603/9309/1424
f 3530/9242/1390 3531/9241/1389 3591/9317/1429 3590/9318/1425
f 3917/9319/1364 3558/9296/1416 3618/9320/1430 3918/9321/1431
f 3544/9266/1402 3545/9267/1403 3605/9322/1432 3604/9316/1428
f 3531/9241/1389 3532/9243/1391 3592/9323/1433 3591/9317/1429
f 3558/9296/1416 3529/9239/1388 3589/9324/1434 3618/9320/1430
f 3737/9325/1369 3546/9273/1405 3606/9326/1435 3738/9327/1436
f 3532/9243/1391 3533/9244/1392 3593/9328/1437 3592/9323/1433
f 3546/9273/1405 3547/9272/1404 3607/9329/1438 3606/9326/1435
f 3857/9330/1373 3534/9250/1394 3594/9331/1439 3858/9332/1440
f 3707/9333/1375 3548/9334/1407 3608/9335/1441 3708/9336/1442
f 3534/9250/1394 3535/9249/1393 3595/9337/1443 3594/9331/1439
f 3548/9277/1407 3549/9276/1406 3609/9338/1444 3608/9339/1441
f 3827/9340/1379 3536/9341/1396 3596/9342/1445 3828/9343/1446
f 3549/9276/1406 3550/9278/1408 3610/9344/1447 3609/9338/1444
f 3536/9254/1396 3537/9253/1395 3597/9345/1448 3596/9346/1445
f 3550/9278/1408 3551/9279/1409 3611/9347/1449 3610/9344/1447
f 3537/9253/1395 3538/9255/1397 3598/9348/1450 3597/9345/1448
f 3677/9349/1385 3552/9285/1411 3612/9350/1451 3678/9351/1452
f 3538/9255/1397 3539/9256/1398 3599/9352/1453 3598/9348/1450
f 3552/9285/1411 3553/9284/1410 3613/9353/1454 3612/9350/1451
f 3553/9284/1410 3647/9286/1351 3648/9354/1418 3613/9353/1454
f 3554/9355/1413 3647/9356/1351 3646/9357/1351 3584/9358/1350
f 3523/9153/1333 3645/9359/1284 3646/9287/1351 3583/9237/1387
f 3493/9018/1248 3644/9360/1284 3645/9359/1284 3523/9153/1333
f 3463/9017/1247 3643/9361/1217 3644/9360/1284 3493/9018/1248
f 3433/8968/1213 3642/9362/1217 3643/9361/1217 3463/9017/1247
f 3403/8939/1198 3641/9363/1150 3642/9362/1217 3433/8968/1213
f 3373/8860/1146 3640/9364/1150 3641/9363/1150 3403/8939/1198
f 3343/8830/1127 3639/9365/1079 3640/9364/1150 3373/8860/1146
f 3313/8751/1075 3638/9366/1079 3639/9365/1079 3343/8830/1127
f 3283/8711/1052 3637/9367/775 3638/9366/1079 3313/8751/1075
f 2767/7382/774 3619/9368/775 3637/9367/775 3283/8711/1052
f 3194/8635/1027 3635/8628/975 3636/8629/975 3254/8636/978
f 3193/8552/1026 3635/8554/975 3634/8557/975 3223/8553/973
f 3134/8445/1027 3633/8438/975 3634/8439/975 3224/8446/978
f 3133/8392/1026 3633/8394/975 3632/8397/975 3163/8393/973
f 3074/8287/1027 3631/8280/975 3632/8281/975 3164/8288/978
f 3073/8232/1026 3631/8234/975 3630/8237/975 3103/8233/973
f 3014/8131/1027 3629/8124/975 3630/8125/975 3104/8132/978
f 3013/8072/1026 3629/8074/975 3628/8077/975 3043/8073/973
f 2954/7975/1027 3627/7968/975 3628/7969/975 3044/7976/978
f 2953/7912/1026 3627/7914/975 3626/7917/975 2983/7913/973
f 2924/7793/961 3625/7786/914 3626/7787/975 2984/7794/978
f 2894/7755/917 3624/7748/914 3625/7749/914 2924/7756/961
f 2864/7645/868 3623/7638/846 3624/7639/914 2894/7646/917
f 2834/7527/847 3622/7600/846 3623/7601/846 2864/7528/868
f 2770/9369/819 3621/9370/776 3622/9371/846 2834/9372/847
f 2768/7450/818 3621/7491/776 3620/9373/776 2803/7381/773
f 2767/7382/774 2803/7381/773 3620/9373/776 3619/9368/775
f 3551/9374/1409 3677/9375/1385 3678/9376/1452 3611/9377/1449
f 3552/9285/1411 3677/9349/1385 3676/9235/1385 3582/9234/1384
f 3521/9378/1329 3675/9379/1315 3676/9380/1385 3581/9381/1382
f 3491/9382/1313 3674/9383/1315 3675/9384/1315 3521/9385/1329
f 3461/9386/1260 3673/9387/1211 3674/9388/1315 3491/9389/1313
f 3431/9390/1245 3672/9391/1211 3673/9392/1211 3461/9393/1260
f 3401/9394/1195 3671/9395/1144 3672/9396/1211 3431/9397/1245
f 3371/9398/1107 3670/9399/1144 3671/9400/1144 3401/9401/1195
f 3341/9402/1106 3669/9403/1073 3670/9404/1144 3371/9405/1107
f 3311/9406/1069 3668/9407/1073 3669/9408/1073 3341/9409/1106
f 3281/9410/1064 3667/9411/769 3668/9412/1073 3311/9413/1069
f 2763/9414/768 3649/9415/769 3667/9416/769 3281/9417/1064
f 3192/8623/1025 3665/8618/970 3666/8619/970 3252/8624/972
f 3191/8546/1024 3665/8548/970 3664/8551/970 3221/8547/938
f 3132/8433/1025 3663/8428/970 3664/8429/970 3222/8434/972
f 3131/8386/1024 3663/8388/970 3662/8391/970 3161/8387/938
f 3072/8275/1025 3661/8270/970 3662/8271/970 3162/8276/972
f 3071/8226/1024 3661/8228/970 3660/8231/970 3101/8227/938
f 3012/8119/1025 3659/8114/970 3660/8115/970 3102/8120/972
f 3011/8066/1024 3659/8068/970 3658/8071/970 3041/8067/938
f 2952/7963/1025 3657/7958/970 3658/7959/970 3042/7964/972
f 2951/7906/1024 3657/7908/970 3656/7911/970 2981/7907/938
f 2922/7781/957 3655/7774/909 3656/7777/970 2982/7782/972
f 2892/7743/911 3654/7738/909 3655/7739/909 2922/7744/957
f 2862/7633/893 3653/7626/841 3654/7629/909 2892/7634/911
f 2832/7595/843 3652/7590/841 3653/7591/841 2862/7596/893
f 2766/7449/817 3651/7448/770 3652/9418/841 2832/7485/843
f 2764/9419/816 3651/9420/770 3650/9421/770 2801/9422/767
f 2763/9423/768 2801/9424/767 3650/9425/770 3649/9426/769
f 3547/9272/1404 3707/9274/1375 3708/9427/1442 3607/9329/1438
f 3548/9428/1407 3707/9429/1375 3706/9430/1375 3578/9431/1374
f 3517/9130/1320 3705/9432/1306 3706/9275/1375 3577/9215/1371
f 3487/9105/1302 3704/9433/1306 3705/9432/1306 3517/9130/1320
f 3457/9022/1252 3703/9434/1239 3704/9433/1306 3487/9105/1302
f 3427/8999/1235 3702/9435/1239 3703/9434/1239 3457/9022/1252
f 3397/8919/1188 3701/9436/1172 3702/9435/1239 3427/8999/1235
f 3367/8891/1168 3700/9437/1172 3701/9436/1172 3397/8919/1188
f 3337/8810/1117 3699/9438/1101 3700/9437/1172 3367/8891/1168
f 3307/8782/1097 3698/9439/1101 3699/9438/1101 3337/8810/1117
f 3277/8689/1038 3697/9440/759 3698/9439/1101 3307/8782/1097
f 2755/7364/758 3679/9441/759 3697/9440/759 3277/8689/1038
f 3188/9442/1021 3695/8676/997 3696/8677/997 3248/9443/1000
f 3187/8536/1020 3695/8538/997 3694/8541/997 3217/8537/996
f 3128/9444/1021 3693/8486/997 3694/8487/997 3218/9445/1000
f 3127/8376/1020 3693/8378/997 3692/8381/997 3157/8377/996
f 3068/9446/1021 3691/8328/997 3692/8329/997 3158/9447/1000
f 3067/8216/1020 3691/8218/997 3690/8221/997 3097/8217/996
f 3007/8056/1020 3689/8058/997 3688/8061/997 3037/8057/996
f 2948/9448/1021 3687/7934/997 3688/7937/997 3038/9449/1000
f 3008/9450/1021 3689/7930/997 3690/7933/997 3098/9451/1000
f 2947/7896/1020 3687/7898/997 3686/7901/997 2977/7897/996
f 2918/7843/951 3685/7836/867 3686/7837/997 2978/7844/1000
f 2888/7723/901 3684/7716/867 3685/7717/867 2918/7724/951
f 2828/7575/833 3682/7568/830 3683/7569/830 2858/7576/885
f 2858/7611/885 3683/7522/830 3684/7525/867 2888/7612/901
f 2758/9452/813 3681/9453/760 3682/9454/830 2828/9455/833
f 2756/7439/812 3681/7466/760 3680/9456/760 2797/7363/757
f 2755/7364/758 2797/7363/757 3680/9456/760 3679/9441/759
f 3545/9457/1403 3737/9458/1369 3738/9459/1436 3605/9460/1432
f 3546/9273/1405 3737/9325/1369 3736/9213/1369 3576/9212/1368
f 3515/9461/1345 3735/9462/1301 3736/9463/1369 3575/9464/1365
f 3485/9465/1298 3734/9466/1301 3735/9467/1301 3515/9468/1345
f 3455/9469/1275 3733/9470/1207 3734/9471/1301 3485/9472/1298
f 3395/9473/1182 3731/9474/1166 3732/9475/1207 3425/9476/1231
f 3425/9477/1231 3732/9478/1207 3733/9479/1207 3455/9480/1275
f 3365/9481/1162 3730/9482/1166 3731/9483/1166 3395/9484/1182
f 3335/9485/1112 3729/9486/1095 3730/9487/1166 3365/9488/1162
f 3305/9489/1091 3728/9490/1095 3729/9491/1095 3335/9492/1112
f 3275/9493/1057 3727/9494/753 3728/9495/1095 3305/9496/1091
f 2751/9497/752 3709/9498/753 3727/9499/753 3275/9500/1057
f 3186/8671/1019 3725/8666/994 3726/8667/994 3246/8672/995
f 3185/8530/1018 3725/8532/994 3724/8535/994 3215/8531/991
f 3126/8481/1019 3723/8476/994 3724/8477/994 3216/8482/995
f 3125/8370/1018 3723/8372/994 3722/8375/994 3155/8371/991
f 3066/8323/1019 3721/8318/994 3722/8319/994 3156/8324/995
f 3065/8210/1018 3721/8212/994 3720/8215/994 3095/8211/991
f 3006/8166/1019 3719/8162/994 3720/8163/994 3096/8167/995
f 3005/8050/1018 3719/8052/994 3718/8055/994 3035/8051/991
f 2946/8008/1019 3717/8006/994 3718/8007/994 3036/8009/995
f 2945/7890/1018 3717/7892/994 3716/7895/994 2975/7891/991
f 2916/7831/947 3715/7826/931 3716/7827/994 2976/7832/995
f 2886/7711/933 3714/7706/931 3715/7707/931 2916/7712/947
f 2856/7682/882 3713/7678/863 3714/7679/931 2886/7683/933
f 2826/7563/864 3712/7558/863 3713/7559/863 2856/7564/882
f 2754/7438/811 3711/7437/754 3712/9501/863 2826/7521/864
f 2752/9502/810 3711/9503/754 3710/9504/754 2795/9505/751
f 2751/9506/752 2795/9507/751 3710/9508/754 3709/9509/753
f 3541/9261/1399 3767/9262/1355 3768/9510/1422 3601/9301/1419
f 3542/9511/1401 3767/9512/1355 3766/9513/1355 3572/9514/1354
f 3511/9158/1335 3765/9515/1288 3766/9263/1355 3571/9189/1352
f 3481/9081/1285 3764/9516/1288 3765/9515/1288 3511/9158/1335
f 3451/9049/1265 3763/9517/1221 3764/9516/1288 3481/9081/1285
f 3421/8975/1218 3762/9518/1221 3763/9517/1221 3451/9049/1265
f 3391/8946/1201 3761/9519/1154 3762/9518/1221 3421/8975/1218
f 3361/8867/1151 3760/9520/1154 3761/9519/1154 3391/8946/1201
f 3331/8837/1131 3759/9521/1134 3760/9520/1154 3361/8867/1151
f 3301/8758/1080 3758/9522/1083 3759/9521/1134 3331/8837/1131
f 3271/8730/1060 3757/9523/743 3758/9522/1083 3301/8758/1080
f 2743/7346/742 3739/9524/743 3757/9523/743 3271/8730/1060
f 3182/8643/1015 3755/8638/980 3756/8639/980 3242/8644/982
f 3181/8520/1014 3755/8522/980 3754/8525/980 3211/8521/977
f 3122/8453/1015 3753/8448/980 3754/8449/980 3212/8454/982
f 3121/8360/1014 3753/8362/980 3752/8365/980 3151/8361/977
f 3062/8295/1015 3751/8290/980 3752/8291/980 3152/8296/982
f 3061/8200/1014 3751/8202/980 3750/8205/980 3091/8201/977
f 3002/8139/1015 3749/8134/980 3750/8135/980 3092/8140/982
f 3001/8040/1014 3749/8042/980 3748/8045/980 3031/8041/977
f 2942/7983/1015 3747/7978/980 3748/7979/980 3032/7984/982
f 2941/7880/1014 3747/7882/980 3746/7885/980 2971/7881/977
f 2912/7801/964 3745/7796/919 3746/7797/980 2972/7802/982
f 2882/7762/921 3744/7758/919 3745/7759/919 2912/7763/964
f 2852/7653/871 3743/7648/849 3744/7649/919 2882/7654/921
f 2822/7535/851 3742/7530/849 3743/7531/849 2852/7536/871
f 2746/9525/807 3741/9526/744 3742/9527/849 2822/9528/851
f 2744/7428/806 3741/7497/744 3740/9529/744 2791/7345/741
f 2743/7346/742 2791/7345/741 3740/9529/744 3739/9524/743
f 3540/9182/1347 3797/9181/1319 3796/9129/1319 3570/9128/1318
f 3539/9530/1398 3797/9531/1319 3798/9532/1349 3599/9533/1453
f 3479/9534/1316 3794/9535/1282 3795/9536/1282 3509/9537/1332
f 3509/9538/1332 3795/9539/1282 3796/9540/1319 3569/9541/1386
f 3449/9542/1262 3793/9543/1215 3794/9544/1282 3479/9545/1316
f 3419/9546/1212 3792/9547/1215 3793/9548/1215 3449/9549/1262
f 3389/9550/1197 3791/9551/1148 3792/9552/1215 3419/9553/1212
f 3359/9554/1145 3790/9555/1148 3791/9556/1148 3389/9557/1197
f 3329/9558/1126 3789/9559/1129 3790/9560/1148 3359/9561/1145
f 3299/9562/1074 3788/9563/1077 3789/9564/1129 3329/9565/1126
f 3269/9566/1047 3787/9567/737 3788/9568/1077 3299/9569/1074
f 2739/9570/736 3769/9571/737 3787/9572/737 3269/9573/1047
f 3180/8631/1013 3785/8626/974 3786/8627/974 3240/8632/976
f 3179/8514/1012 3785/8516/974 3784/8519/974 3209/8515/971
f 3120/8441/1013 3783/8436/974 3784/8437/974 3210/8442/976
f 3119/8354/1012 3783/8356/974 3782/8359/974 3149/8355/971
f 3060/8283/1013 3781/8278/974 3782/8279/974 3150/8284/976
f 3059/8194/1012 3781/8196/974 3780/8199/974 3089/8195/971
f 3000/8127/1013 3779/8122/974 3780/8123/974 3090/8128/976
f 2999/8034/1012 3779/8036/974 3778/8039/974 3029/8035/971
f 2940/7971/1013 3777/7966/974 3778/7967/974 3030/7972/976
f 2939/7874/1012 3777/7876/974 3776/7879/974 2969/7875/971
f 2910/7789/959 3775/7784/913 3776/7785/974 2970/7790/976
f 2880/7751/915 3774/7746/913 3775/7747/913 2910/7752/959
f 2850/7641/827 3773/7636/845 3774/7637/913 2880/7642/915
f 2820/7463/826 3772/7598/845 3773/7599/845 2850/7464/827
f 2742/7427/805 3771/7426/738 3772/9574/845 2820/7493/826
f 2740/9575/804 3771/9576/738 3770/9577/738 2789/9578/735
f 2739/9579/736 2789/9580/735 3770/9581/738 3769/9582/737
f 3535/9249/1393 3827/9251/1379 3828/9583/1446 3595/9337/1443
f 3536/9584/1396 3827/9585/1379 3826/9586/1379 3566/9587/1378
f 3505/9138/1324 3825/9588/1310 3826/9252/1379 3565/9222/1376
f 3475/9112/1307 3824/9589/1310 3825/9588/1310 3505/9138/1324
f 3445/9029/1255 3823/9590/1243 3824/9589/1310 3475/9112/1307
f 3415/9006/1240 3822/9591/1243 3823/9590/1243 3445/9029/1255
f 3385/8926/1191 3821/9592/1176 3822/9591/1243 3415/9006/1240
f 3355/8898/1173 3820/9593/1176 3821/9592/1176 3385/8926/1191
f 3325/8817/1120 3819/9594/1104 3820/9593/1176 3355/8898/1173
f 3295/8789/1102 3818/9595/1104 3819/9594/1104 3325/8817/1120
f 3265/8709/1050 3817/9596/727 3818/9595/1104 3295/8789/1102
f 2731/7328/726 3799/9597/727 3817/9596/727 3265/8709/1050
f 3176/8611/1009 3815/8684/1002 3816/8685/1002 3236/8612/1003
f 3175/8504/1008 3815/8506/1002 3814/8509/1002 3205/8505/1033
f 3116/8421/1009 3813/8414/1002 3814/8417/1002 3206/8422/1003
f 3115/8344/1008 3813/8346/1002 3812/8349/1002 3145/8345/999
f 3056/8263/1009 3811/8258/1002 3812/8259/1002 3146/8264/1003
f 3055/8184/1008 3811/8186/1002 3810/8189/1002 3085/8185/999
f 2996/8107/1009 3809/8102/1002 3810/8103/1002 3086/8108/1003
f 2995/8024/1008 3809/8026/1002 3808/8029/1002 3025/8025/1033
f 2936/7951/1009 3807/7946/1002 3808/7947/1002 3026/7952/1003
f 2935/7864/1008 3807/7866/1002 3806/7869/1002 2965/7865/999
f 2906/9598/953 3805/7846/903 3806/7847/1002 2966/9599/1003
f 2876/7731/905 3804/7726/903 3805/7727/903 2906/7732/953
f 2846/9600/888 3803/7614/835 3804/7615/903 2876/9601/905
f 2816/7583/837 3802/7578/835 3803/7579/835 2846/7584/888
f 2734/9602/801 3801/9603/728 3802/9604/835 2816/9605/837
f 2732/7417/800 3801/7473/728 3800/9606/728 2785/7327/725
f 2731/7328/726 2785/7327/725 3800/9606/728 3799/9597/727
f 3533/9607/1392 3857/9608/1373 3858/9609/1440 3593/9610/1437
f 3534/9250/1394 3857/9330/1373 3856/9217/1373 3564/9216/1372
f 3503/9611/1279 3855/9612/1304 3856/9613/1373 3563/9614/1370
f 3473/9615/1278 3854/9616/1304 3855/9617/1304 3503/9618/1279
f 3443/9619/1250 3853/9620/1237 3854/9621/1304 3473/9622/1278
f 3413/9623/1234 3852/9624/1237 3853/9625/1237 3443/9626/1250
f 3383/9627/1187 3851/9628/1170 3852/9629/1237 3413/9630/1234
f 3353/9631/1167 3850/9632/1170 3851/9633/1170 3383/9634/1187
f 3323/9635/1116 3849/9636/1099 3850/9637/1170 3353/9638/1167
f 3293/9639/1096 3848/9640/1099 3849/9641/1099 3323/9642/1116
f 3263/9643/1063 3847/9644/721 3848/9645/1099 3293/9646/1096
f 2727/9647/720 3829/9648/721 3847/9649/721 3263/9650/1063
f 3174/8679/1007 3845/8674/965 3846/8675/965 3234/8680/998
f 3173/8498/966 3845/8500/965 3844/8503/965 3203/8499/967
f 3114/8488/1007 3843/8484/965 3844/8485/965 3204/8489/998
f 3113/8338/966 3843/8340/965 3842/8343/965 3143/8339/967
f 3054/8091/1007 3841/8326/965 3842/8327/965 3144/8092/998
f 3053/8178/966 3841/8180/965 3840/8183/965 3083/8179/967
f 2994/8095/1007 3839/8168/965 3840/8169/965 3084/8096/998
f 2993/8018/966 3839/8020/965 3838/8023/965 3023/8019/967
f 2933/7858/966 3837/7860/965 3836/7863/965 2963/7859/967
f 2904/7839/949 3835/7834/934 3836/7835/965 2964/7840/998
f 2934/7939/1007 3837/7766/965 3838/7769/965 3024/7940/998
f 2874/7719/899 3834/7714/934 3835/7715/934 2904/7720/949
f 2844/7607/883 3833/7684/787 3834/7685/934 2874/7608/899
f 2814/7571/831 3832/7566/787 3833/7567/787 2844/7572/883
f 2728/9651/785 3831/9652/722 3830/9653/722 2783/9654/719
f 2730/7416/799 3831/7415/722 3832/9655/787 2814/7469/831
f 2727/9656/720 2783/9657/719 3830/9658/722 3829/9659/721
f 3529/9239/1388 3887/9238/1359 3888/9660/1426 3589/9324/1434
f 3530/9661/1390 3887/9662/1359 3886/9663/1359 3560/9664/1358
f 3499/9179/1346 3885/9665/1292 3886/9240/1359 3559/9211/1367
f 3469/9102/1299 3884/9666/1292 3885/9665/1292 3499/9179/1346
f 3439/9070/1276 3883/9667/1225 3884/9666/1292 3469/9102/1299
f 3409/8997/1233 3882/9668/1225 3883/9667/1225 3439/9070/1276
f 3379/8915/1185 3881/9669/1157 3882/9668/1225 3409/8997/1233
f 3349/8887/1164 3880/9670/1157 3881/9669/1157 3379/8915/1185
f 3319/8806/1114 3879/9671/1086 3880/9670/1157 3349/8887/1164
f 3289/8778/1093 3878/9672/1086 3879/9671/1086 3319/8806/1114
f 3259/8732/1062 3877/9673/711 3878/9672/1086 3289/8778/1093
f 2719/7404/793 3859/9674/711 3877/9673/711 3259/8732/1062
f 3169/8655/1004 3875/8646/985 3876/8649/985 3229/8656/988
f 3170/8568/1032 3875/8490/985 3874/8493/985 3200/8569/984
f 3109/8465/1004 3873/8456/985 3874/8459/985 3199/8466/988
f 3110/8408/1032 3873/8330/985 3872/8333/985 3140/8409/984
f 3049/8307/1004 3871/8298/985 3872/8301/985 3139/8308/988
f 3050/8248/1032 3871/8170/985 3870/8173/985 3080/8249/984
f 2989/8151/1004 3869/8142/985 3870/8145/985 3079/8152/988
f 2990/8088/1032 3869/8010/985 3868/8013/985 3020/8089/984
f 2929/7995/1004 3867/7986/985 3868/7989/985 3019/7996/988
f 2930/7928/1032 3867/7850/985 3866/7853/985 2960/7929/984
f 2899/7815/939 3865/7804/923 3866/7807/985 2959/7816/988
f 2869/7691/925 3864/7764/923 3865/7765/923 2899/7692/939
f 2839/7667/876 3863/7656/854 3864/7659/923 2869/7668/925
f 2809/7547/857 3862/7538/854 3863/7541/854 2839/7548/876
f 2722/9675/796 3861/9676/712 3862/9677/854 2809/9678/857
f 2720/7461/824 3861/7502/712 3860/9679/712 2780/7403/792
f 2719/7404/793 2780/7403/792 3860/9679/712 3859/9674/711
f 3557/9680/1415 3917/9681/1364 3918/9682/1431 3617/9683/1427
f 3558/9296/1416 3917/9319/1364 3916/9208/1364 3588/9207/1363
f 3527/9684/1341 3915/9685/1297 3916/9686/1364 3587/9687/1360
f 3497/9688/1293 3914/9689/1297 3915/9690/1297 3527/9691/1341
f 3467/9692/1271 3913/9693/1230 3914/9694/1297 3497/9695/1293
f 3437/9696/1226 3912/9697/1230 3913/9698/1230 3467/9699/1271
f 3407/9700/1206 3911/9701/1161 3912/9702/1230 3437/9703/1226
f 3377/9704/1158 3910/9705/1161 3911/9706/1161 3407/9707/1206
f 3347/9708/1136 3909/9709/1090 3910/9710/1161 3377/9711/1158
f 3317/9712/1087 3908/9713/1090 3909/9714/1090 3347/9715/1136
f 3287/9716/1049 3907/9717/788 3908/9718/1090 3317/9719/1087
f 2775/9720/784 3889/9721/788 3907/9722/788 3287/9723/1049
f 3198/8664/1031 3905/8658/990 3906/8659/990 3258/8665/993
f 3197/8562/1030 3905/8564/990 3904/8567/990 3227/8563/986
f 3138/8474/1031 3903/8468/990 3904/8469/990 3228/8475/993
f 3137/8402/1030 3903/8404/990 3902/8407/990 3167/8403/986
f 3078/8316/1031 3901/8310/990 3902/8311/990 3168/8317/993
f 3077/8242/1030 3901/8244/990 3900/8247/990 3107/8243/986
f 3018/8160/1031 3899/8154/990 3900/8155/990 3108/8161/993
f 3017/8082/1030 3899/8084/990 3898/8087/990 3047/8083/986
f 2958/8004/1031 3897/7998/990 3898/7999/990 3048/8005/993
f 2957/7922/1030 3897/7924/990 3896/7927/990 2987/7923/986
f 2928/9724/944 3895/7818/927 3896/7819/990 2988/9725/993
f 2898/7703/930 3894/7694/927 3895/7697/927 2928/7704/944
f 2868/9726/880 3893/7670/859 3894/7671/927 2898/9727/930
f 2838/7556/862 3892/7550/859 3893/7551/859 2868/7557/880
f 2778/7460/823 3891/7459/789 3892/9728/859 2838/7515/862
f 2776/9729/822 3891/9730/789 3890/9731/789 2807/9732/783
f 2775/9733/784 2807/9734/783 3890/9735/789 3889/9736/788
f 4596/9737/1455 4294/9738/1456 3961/9739/1457 4576/9740/1458
f 3971/9741/1459 3957/9742/1460 4047/9743/1443 4066/9744/1461
f 4031/9745/1462 4033/9746/1463 3960/9747/1464 3920/9748/1465
f 4292/9749/1419 4293/9750/1466 3962/9751/1467 3954/9752/1419
f 4778/9753/1468 4310/9754/1469 3965/9755/1470 4758/9756/1471
f 4007/9757/1472 4009/9758/1473 3964/9759/1474 3926/9760/1475
f 4758/9761/1471 3965/9762/1470 4222/9763/1476 4773/9764/1477
f 4307/9765/1434 4308/9766/1478 3966/9767/1479 3942/9768/1434
f 4960/9769/1480 4286/9770/1481 3969/9771/1482 4940/9772/1483
f 3991/9773/1484 3921/9774/1485 4055/9775/1486 4076/9776/1487
f 4023/9777/1488 4025/9778/1489 3968/9779/1490 3922/9780/1491
f 4886/9781/1492 3985/9782/1493 4232/9783/1494 4893/9784/1495
f 4283/9785/1438 4284/9786/1496 3970/9787/1497 3950/9788/1438
f 4687/9789/1498 4302/9790/1499 3973/9791/1500 4667/9792/1501
f 3999/9793/1502 4001/9794/1503 3972/9795/1504 3928/9796/1505
f 3950/9788/1438 3970/9787/1497 4223/9797/1506 4201/9798/1438
f 4299/9799/1443 4300/9800/1507 3974/9801/1508 3958/9802/1443
f 4869/9803/1509 4318/9804/1510 3977/9805/1511 4849/9806/1512
f 4015/9807/1513 4017/9808/1514 3976/9809/1515 3924/9810/1516
f 3933/9811/1517 3990/9812/1518 4233/9813/1519 4213/9814/1520
f 4315/9815/1454 4316/9816/1521 3978/9817/1522 3946/9818/1454
f 4819/9819/1523 4306/9820/1524 3981/9821/1525 4795/9822/1526
f 3928/9796/1505 3972/9795/1504 4065/9823/1527 4048/9824/1528
f 4004/9825/1435 4005/9826/1529 3980/9827/1530 3939/9828/1531
f 4305/9829/1532 4304/9830/1533 3982/9831/1534 3937/9832/1535
f 4909/9833/1536 4314/9834/1537 3985/9835/1493 4886/9836/1492
f 3951/9837/1538 3992/9838/1539 4075/9839/1540 4056/9840/1430
f 4012/9841/1348 4013/9842/1541 3984/9843/1542 3943/9844/1543
f 3969/9845/1482 3932/9846/1544 4202/9847/1545 4224/9848/1546
f 4313/9849/1547 4312/9850/1548 3986/9851/1549 3935/9852/1550
f 5001/9853/1551 4282/9854/1552 3989/9855/1553 4977/9856/1554
f 4020/9857/1439 4021/9858/1555 3988/9859/1556 3947/9860/1557
f 3989/9861/1553 3948/9862/1439 4214/9863/1439 4234/9864/1558
f 4281/9865/1559 4280/9866/1560 3990/9812/1518 3933/9811/1517
f 4637/9867/1561 4290/9868/1562 3993/9869/1563 4613/9870/1564
f 4612/9871/1565 3959/9872/1566 4060/9873/1567 4615/9874/1568
f 4028/9875/1430 4029/9876/1569 3992/9838/1539 3951/9837/1538
f 4289/9877/1570 4288/9878/1571 3994/9879/1572 3931/9880/1573
f 4728/9881/1574 4298/9882/1575 3997/9883/1576 4704/9884/1577
f 4759/9885/1578 3979/9886/1579 4070/9887/1580 4764/9888/1581
f 4036/9889/1451 4037/9890/1582 3996/9891/1583 3955/9892/1584
f 4297/9893/1585 4296/9894/1586 3998/9895/1587 3929/9896/1588
f 3957/9742/1460 3971/9741/1459 4002/9897/1589 4000/9898/1443
f 4125/9899/1590 4126/9900/1591 4001/9794/1503 3999/9793/1502
f 4666/9901/1592 3972/9902/1504 4001/9903/1503 4670/9904/1593
f 3927/9905/1594 3979/9906/1579 4006/9907/1595 4003/9908/1596
f 4155/9909/1435 4158/9910/1597 4005/9826/1529 4004/9825/1435
f 4810/9911/1578 3980/9912/1530 4005/9913/1529 4811/9914/1598
f 3941/9915/1599 3963/9916/1600 4010/9917/1601 4008/9918/1434
f 4153/9919/1602 4154/9920/1603 4009/9758/1473 4007/9757/1472
f 4757/9921/1604 3964/9922/1474 4009/9923/1473 4762/9924/1605
f 3925/9925/1606 3983/9926/1607 4014/9927/1608 4011/9928/1609
f 4147/9929/1348 4150/9930/1610 4013/9842/1541 4012/9841/1348
f 4900/9931/1611 3984/9932/1542 4013/9933/1541 4901/9934/1612
f 3945/9935/1613 3975/9936/1614 4018/9937/1615 4016/9938/1454
f 4145/9939/1616 4146/9940/1617 4017/9808/1514 4015/9807/1513
f 4848/9941/1618 3976/9942/1515 4017/9943/1514 4853/9944/1619
f 3923/9945/1620 3987/9946/1621 4022/9947/1622 4019/9948/1623
f 4139/9949/1439 4142/9950/1624 4021/9858/1555 4020/9857/1439
f 4992/9951/1625 3988/9952/1556 4021/9953/1555 4993/9954/1626
f 3949/9955/1627 3967/9956/1628 4026/9957/1629 4024/9958/1438
f 4137/9959/1630 4138/9960/1631 4025/9778/1489 4023/9777/1488
f 4939/9961/1632 3968/9962/1490 4025/9963/1489 4944/9964/1633
f 3921/9774/1485 3991/9773/1484 4030/9965/1634 4027/9966/1635
f 4131/9967/1430 4134/9968/1636 4029/9876/1569 4028/9875/1430
f 4628/9969/1637 3992/9970/1539 4029/9971/1569 4629/9972/1638
f 3953/9973/1639 3959/9974/1566 4034/9975/1640 4032/9976/1419
f 4127/9977/1641 4130/9978/1642 4033/9746/1463 4031/9745/1462
f 4575/9979/1565 3960/9980/1464 4033/9981/1463 4580/9982/1643
f 3919/9983/1644 3995/9984/1645 4038/9985/1646 4035/9986/1647
f 4119/9987/1451 4122/9988/1648 4037/9890/1582 4036/9889/1451
f 4719/9989/1649 3996/9990/1583 4037/9991/1582 4720/9992/1650
f 4070/9993/1580 4049/9994/1651 4089/9995/1652 4110/9996/1653
f 4797/9997/1654 4062/9998/1655 4102/9999/1656 4799/10000/1657
f 4050/10001/1435 4069/10002/1658 4109/10003/1659 4090/10004/1660
f 4078/10005/1661 4057/10006/1662 4097/10007/1663 4118/10008/1664
f 4060/10009/1567 4039/10010/1419 4079/10011/1665 4100/10012/1666
f 4764/9888/1581 4070/9887/1580 4110/10013/1653 4768/10014/1667
f 4058/10015/1451 4077/10016/1668 4117/10017/1669 4098/10018/1670
f 4040/10019/1671 4059/10020/1672 4099/10021/1673 4080/10022/1674
f 4068/10023/1675 4043/10024/1454 4083/10025/1676 4108/10026/1677
f 4941/10027/1625 3987/10028/1621 4074/10029/1678 4946/10030/1679
f 4976/10031/1632 3967/10032/1628 4064/10033/1680 4979/10034/1681
f 3939/9828/1531 3980/9827/1530 4069/10002/1658 4050/10001/1435
f 3920/9748/1465 3960/9747/1464 4059/10020/1672 4040/10019/1671
f 3979/9906/1579 3927/9905/1594 4049/9994/1651 4070/9993/1580
f 4668/10035/1649 3995/10036/1645 4078/10037/1661 4673/10038/1682
f 3959/9974/1566 3953/9973/1639 4039/10010/1419 4060/10009/1567
f 4885/10039/1618 3975/10040/1614 4068/10041/1675 4888/10042/1683
f 3947/9860/1557 3988/9859/1556 4073/10043/1684 4054/10044/1439
f 3922/9780/1491 3968/9779/1490 4063/10045/1685 4042/10046/1686
f 3987/9946/1621 3923/9945/1620 4053/10047/1687 4074/10048/1678
f 3967/9956/1628 3949/9955/1627 4041/10049/1688 4064/10050/1680
f 4850/10051/1611 3983/10052/1607 4072/10053/1689 4855/10054/1690
f 4794/10055/1604 3963/10056/1600 4062/9998/1655 4797/9997/1654
f 3955/9892/1584 3996/9891/1583 4077/10016/1668 4058/10015/1451
f 3924/9810/1516 3976/9809/1515 4067/10057/1691 4044/10058/1692
f 3995/9984/1645 3919/9983/1644 4057/10006/1662 4078/10005/1661
f 3975/9936/1614 3945/9935/1613 4043/10024/1454 4068/10023/1675
f 4577/10059/1637 3991/10060/1484 4076/10061/1487 4582/10062/1693
f 4703/10063/1592 3971/10064/1459 4066/10065/1461 4706/10066/1694
f 3943/9844/1543 3984/9843/1542 4071/10067/1695 4052/10068/1348
f 3926/9760/1475 3964/9759/1474 4061/10069/1696 4046/10070/1697
f 3983/9926/1607 3925/9925/1606 4051/10071/1698 4072/10072/1689
f 3963/9916/1600 3941/9915/1599 4045/10073/1434 4062/10074/1655
f 4631/10075/1699 4617/10076/1700 4100/10077/1666 4079/10078/1665
f 4813/10079/1699 4799/10080/1657 4102/10081/1656 4085/10082/1701
f 4995/10083/1699 4981/10084/1702 4104/10085/1703 4081/10086/1704
f 4722/10087/1699 4708/10088/1705 4106/10089/1706 4087/10090/1707
f 4903/10091/1699 4890/10092/1708 4108/10093/1677 4083/10094/1676
f 4766/10095/1699 4768/10096/1667 4110/10097/1653 4089/10098/1652
f 4857/10099/1699 4859/10100/1709 4112/10101/1710 4091/10102/1711
f 4948/10103/1699 4950/10104/1712 4114/10105/1713 4093/10106/1714
f 4584/10107/1699 4586/10108/1715 4116/10109/1716 4095/10110/1717
f 4675/10111/1699 4677/10112/1718 4118/10113/1664 4097/10114/1663
f 4046/10070/1697 4061/10069/1696 4101/10115/1719 4086/10116/1720
f 4855/10054/1690 4072/10053/1689 4112/10117/1710 4859/10118/1709
f 4062/10074/1655 4045/10073/1434 4085/10119/1701 4102/10120/1656
f 4052/10068/1348 4071/10067/1695 4111/10121/1721 4092/10122/1722
f 4979/10034/1681 4064/10033/1680 4104/10123/1703 4981/10124/1702
f 4072/10072/1689 4051/10071/1698 4091/10125/1711 4112/10126/1710
f 4042/10046/1686 4063/10045/1685 4103/10127/1723 4082/10128/1724
f 4946/10030/1679 4074/10029/1678 4114/10129/1713 4950/10130/1712
f 4064/10050/1680 4041/10049/1688 4081/10131/1704 4104/10132/1703
f 4054/10044/1439 4073/10043/1684 4113/10133/1725 4094/10134/1726
f 4706/10066/1694 4066/10065/1461 4106/10135/1706 4708/10136/1705
f 4074/10048/1678 4053/10047/1687 4093/10137/1714 4114/10138/1713
f 4048/9824/1528 4065/9823/1527 4105/10139/1727 4088/10140/1728
f 4582/10062/1693 4076/10061/1487 4116/10141/1716 4586/10142/1715
f 4066/9744/1461 4047/9743/1443 4087/10143/1707 4106/10144/1706
f 4056/9840/1430 4075/9839/1540 4115/10145/1729 4096/10146/1730
f 4888/10042/1683 4068/10041/1675 4108/10147/1677 4890/10148/1708
f 4076/9776/1487 4055/9775/1486 4095/10149/1717 4116/10150/1716
f 4044/10058/1692 4067/10057/1691 4107/10151/1731 4084/10152/1732
f 4615/9874/1568 4060/9873/1567 4100/10153/1666 4617/10154/1700
f 4673/10038/1682 4078/10037/1661 4118/10155/1664 4677/10156/1718
f 4179/10157/1451 4182/10158/1733 4122/9988/1648 4119/9987/1451
f 4035/9986/1647 4038/9985/1646 4120/10159/1734 4121/10160/1735
f 4720/9992/1650 4037/9991/1582 4122/10161/1648 4724/10162/1736
f 4185/10163/1737 4186/10164/1738 4126/9900/1591 4125/9899/1590
f 4000/9898/1443 4002/9897/1589 4124/10165/1739 4123/10166/1443
f 4670/9904/1593 4001/9903/1503 4126/10167/1591 4679/10168/1740
f 4175/10169/1741 4178/10170/1742 4130/9978/1642 4127/9977/1641
f 4032/9976/1419 4034/9975/1640 4129/10171/1743 4128/10172/1419
f 4580/9982/1643 4033/9981/1463 4130/10173/1642 4587/10174/1744
f 4163/10175/1430 4166/10176/1745 4134/9968/1636 4131/9967/1430
f 4027/9966/1635 4030/9965/1634 4132/10177/1746 4133/10178/1747
f 4629/9972/1638 4029/9971/1569 4134/10179/1636 4633/10180/1748
f 4161/10181/1749 4162/10182/1750 4138/9960/1631 4137/9959/1630
f 4024/9958/1438 4026/9957/1629 4136/10183/1751 4135/10184/1438
f 4944/9964/1633 4025/9963/1489 4138/10185/1631 4951/10186/1752
f 4167/10187/1439 4170/10188/1753 4142/9950/1624 4139/9949/1439
f 4019/9948/1623 4022/9947/1622 4140/10189/1754 4141/10190/1755
f 4993/9954/1626 4021/9953/1555 4142/10191/1624 4997/10192/1756
f 4173/10193/1757 4174/10194/1758 4146/9940/1617 4145/9939/1616
f 4016/9938/1454 4018/9937/1615 4144/10195/1759 4143/10196/1454
f 4853/9944/1619 4017/9943/1514 4146/10197/1617 4860/10198/1760
f 4195/10199/1348 4198/10200/1761 4150/9930/1610 4147/9929/1348
f 4011/9928/1609 4014/9927/1608 4148/10201/1762 4149/10202/1763
f 4901/9934/1612 4013/9933/1541 4150/10203/1610 4905/10204/1764
f 4193/10205/1765 4194/10206/1766 4154/9920/1603 4153/9919/1602
f 4008/9918/1434 4010/9917/1601 4152/10207/1767 4151/10208/1434
f 4762/9924/1605 4009/9923/1473 4154/10209/1603 4769/10210/1768
f 4187/10211/1435 4190/10212/1769 4158/9910/1597 4155/9909/1435
f 4003/9908/1596 4006/9907/1595 4156/10213/1770 4157/10214/1771
f 4811/9914/1598 4005/9913/1529 4158/10215/1597 4815/10216/1772
f 4285/10217/1773 4286/10218/1481 4162/10182/1750 4161/10181/1749
f 4135/10184/1438 4136/10183/1751 4160/10219/1774 4159/10220/1438
f 4951/10186/1752 4138/10185/1631 4162/10221/1750 4953/10222/1775
f 4287/10223/1430 4290/10224/1562 4166/10176/1745 4163/10175/1430
f 4133/10225/1747 4132/10226/1746 4164/10227/1776 4165/10228/1777
f 4633/10180/1748 4134/10179/1636 4166/10229/1745 4634/10230/1778
f 4279/10231/1439 4282/10232/1552 4170/10188/1753 4167/10187/1439
f 4141/10190/1755 4140/10189/1754 4168/10233/1779 4169/10234/1780
f 4997/10192/1756 4142/10191/1624 4170/10235/1753 4998/10236/1781
f 4317/10237/1782 4318/10238/1510 4174/10194/1758 4173/10193/1757
f 4143/10196/1454 4144/10195/1759 4172/10239/1783 4171/10240/1454
f 4860/10198/1760 4146/10197/1617 4174/10241/1758 4862/10242/1784
f 4291/10243/1785 4294/10244/1456 4178/10170/1742 4175/10169/1741
f 4128/10172/1419 4129/10171/1743 4177/10245/1786 4176/10246/1419
f 4587/10174/1744 4130/10173/1642 4178/10247/1742 4590/10248/1787
f 4295/10249/1451 4298/10250/1575 4182/10158/1733 4179/10157/1451
f 4121/10160/1735 4120/10159/1734 4180/10251/1788 4181/10252/1789
f 4724/10162/1736 4122/10161/1648 4182/10253/1733 4725/10254/1790
f 4301/10255/1791 4302/10256/1499 4186/10164/1738 4185/10163/1737
f 4123/10166/1443 4124/10165/1739 4184/10257/1792 4183/10258/1443
f 4679/10168/1740 4126/10167/1591 4186/10259/1738 4681/10260/1793
f 4303/10261/1435 4306/10262/1524 4190/10212/1769 4187/10211/1435
f 4157/10214/1771 4156/10213/1770 4188/10263/1794 4189/10264/1795
f 4815/10216/1772 4158/10215/1597 4190/10265/1769 4816/10266/1796
f 4309/10267/1797 4310/10268/1469 4194/10206/1766 4193/10205/1765
f 4151/10208/1434 4152/10207/1767 4192/10269/1798 4191/10270/1434
f 4769/10210/1768 4154/10209/1603 4194/10271/1766 4772/10272/1799
f 4311/10273/1348 4314/10274/1537 4198/10200/1761 4195/10199/1348
f 4149/10202/1763 4148/10201/1762 4196/10275/1800 4197/10276/1801
f 4905/10204/1764 4150/10203/1610 4198/10277/1761 4906/10278/1802
f 4955/10279/1803 4224/10280/1546 4264/10281/1804 4957/10282/1803
f 4232/10283/1494 4212/10284/1348 4252/10285/1348 4272/10286/1805
f 4205/10287/1434 4221/10288/1806 4261/10289/1807 4245/10290/1434
f 4893/9784/1495 4232/9783/1494 4272/10291/1805 4894/10292/1495
f 4222/10293/1476 4206/10294/1808 4246/10295/1809 4262/10296/1810
f 4209/10297/1811 4229/10298/1812 4269/10299/1813 4249/10300/1814
f 3997/10301/1576 3956/10302/1451 4218/10303/1451 4238/10304/1815
f 3977/10305/1511 3934/10306/1816 4204/10307/1817 4228/10308/1818
f 3929/9896/1588 3998/9895/1587 4237/10309/1819 4217/10310/1820
f 3946/9818/1454 3978/9817/1522 4227/10311/1821 4203/10312/1454
f 4613/10313/1564 3993/10314/1563 4236/10315/1822 4620/10316/1823
f 4667/10317/1501 3973/10318/1500 4226/10319/1824 4682/10320/1825
f 3985/10321/1493 3944/10322/1348 4212/10284/1348 4232/10283/1494
f 3965/10323/1470 3936/10324/1826 4206/10294/1808 4222/10293/1476
f 3935/9852/1550 3986/9851/1549 4231/10325/1827 4211/10326/1828
f 3942/9768/1434 3966/9767/1479 4221/10288/1806 4205/10287/1434
f 4795/10327/1526 3981/10328/1525 4230/10329/1829 4802/10330/1830
f 4576/10331/1458 3961/10332/1457 4220/10333/1831 4591/10334/1832
f 3993/10335/1563 3952/10336/1430 4216/10337/1430 4236/10338/1822
f 3973/10339/1500 3938/10340/1833 4208/10341/1834 4226/10342/1824
f 3931/9880/1573 3994/9879/1572 4235/10343/1835 4215/10344/1836
f 3958/9802/1443 3974/9801/1508 4225/10345/1837 4207/10346/1443
f 4977/10347/1554 3989/10348/1553 4234/10349/1558 4984/10350/1838
f 4940/10351/1483 3969/10352/1482 4224/10280/1546 4955/10279/1803
f 3981/10353/1525 3940/10354/1435 4210/10355/1435 4230/10356/1829
f 3961/10357/1457 3930/10358/1839 4200/10359/1840 4220/10360/1831
f 3937/9832/1535 3982/9831/1534 4229/10298/1812 4209/10297/1811
f 4704/10361/1577 3997/10362/1576 4238/10363/1815 4711/10364/1841
f 3954/9752/1419 3962/9751/1467 4219/10365/1842 4199/10366/1419
f 4849/10367/1512 3977/10368/1511 4228/10369/1818 4864/10370/1843
f 4957/10282/1803 4264/10281/1804 4344/10371/1844 4961/10372/1845
f 4272/10286/1805 4252/10285/1348 4332/10373/1348 4352/10374/1846
f 4245/10290/1434 4261/10289/1807 4341/10375/1847 4325/10376/1434
f 4894/10292/1495 4272/10291/1805 4352/10377/1846 4896/10378/1848
f 4262/10296/1810 4246/10295/1809 4326/10379/1849 4342/10380/1850
f 4249/10300/1814 4269/10299/1813 4349/10381/1851 4329/10382/1852
f 4211/10326/1828 4231/10325/1827 4271/10383/1853 4251/10384/1854
f 4224/9848/1546 4202/9847/1545 4242/10385/1855 4264/10386/1804
f 4984/10350/1838 4234/10349/1558 4274/10387/1856 4985/10388/1838
f 4201/9798/1438 4223/9797/1506 4263/10389/1857 4241/10390/1438
f 4234/9864/1558 4214/9863/1439 4254/10391/1439 4274/10392/1856
f 4682/10320/1825 4226/10319/1824 4266/10393/1858 4684/10394/1825
f 4213/9814/1520 4233/9813/1519 4273/10395/1859 4253/10396/1860
f 4226/10342/1824 4208/10341/1834 4248/10397/1861 4266/10398/1858
f 4620/10316/1823 4236/10315/1822 4276/10399/1862 4621/10400/1823
f 4207/10346/1443 4225/10345/1837 4265/10401/1863 4247/10402/1443
f 4236/10338/1822 4216/10337/1430 4256/10403/1430 4276/10404/1862
f 4864/10370/1843 4228/10369/1818 4268/10405/1864 4866/10406/1843
f 4215/10407/1836 4235/10408/1835 4275/10409/1865 4255/10410/1866
f 4228/10308/1818 4204/10307/1817 4244/10411/1867 4268/10412/1864
f 4591/10334/1832 4220/10333/1831 4260/10413/1868 4593/10414/1832
f 4711/10364/1841 4238/10363/1815 4278/10415/1869 4712/10416/1841
f 4203/10312/1454 4227/10311/1821 4267/10417/1870 4243/10418/1454
f 4220/10360/1831 4200/10359/1840 4240/10419/1871 4260/10420/1868
f 4238/10304/1815 4218/10303/1451 4258/10421/1451 4278/10422/1869
f 4802/10330/1830 4230/10329/1829 4270/10423/1872 4803/10424/1830
f 4199/10366/1419 4219/10365/1842 4259/10425/1873 4239/10426/1419
f 4217/10310/1820 4237/10309/1819 4277/10427/1874 4257/10428/1875
f 4230/10356/1829 4210/10355/1435 4250/10429/1435 4270/10430/1872
f 4773/9764/1477 4222/9763/1476 4262/10431/1810 4775/10432/1477
f 3948/9862/1439 3989/9861/1553 4282/10232/1552 4279/10231/1439
f 4169/10234/1780 4168/10233/1779 4280/9866/1560 4281/9865/1559
f 4998/10236/1781 4170/10235/1753 4282/10433/1552 5001/10434/1551
f 3932/9846/1544 3969/9845/1482 4286/10218/1481 4285/10217/1773
f 4159/10220/1438 4160/10219/1774 4284/9786/1496 4283/9785/1438
f 4953/10222/1775 4162/10221/1750 4286/10435/1481 4960/10436/1480
f 3952/10336/1430 3993/10335/1563 4290/10224/1562 4287/10223/1430
f 4165/10228/1777 4164/10227/1776 4288/10437/1571 4289/10438/1570
f 4634/10230/1778 4166/10229/1745 4290/10439/1562 4637/10440/1561
f 3930/10358/1839 3961/10357/1457 4294/10244/1456 4291/10243/1785
f 4176/10246/1419 4177/10245/1786 4293/9750/1466 4292/9749/1419
f 4590/10248/1787 4178/10247/1742 4294/10441/1456 4596/10442/1455
f 3956/10302/1451 3997/10301/1576 4298/10250/1575 4295/10249/1451
f 4181/10252/1789 4180/10251/1788 4296/9894/1586 4297/9893/1585
f 4725/10254/1790 4182/10253/1733 4298/10443/1575 4728/10444/1574
f 3938/10340/1833 3973/10339/1500 4302/10256/1499 4301/10255/1791
f 4183/10258/1443 4184/10257/1792 4300/9800/1507 4299/9799/1443
f 4681/10260/1793 4186/10259/1738 4302/10445/1499 4687/10446/1498
f 3940/10354/1435 3981/10353/1525 4306/10262/1524 4303/10261/1435
f 4189/10264/1795 4188/10263/1794 4304/9830/1533 4305/9829/1532
f 4816/10266/1796 4190/10265/1769 4306/10447/1524 4819/10448/1523
f 3936/10324/1826 3965/10323/1470 4310/10268/1469 4309/10267/1797
f 4191/10270/1434 4192/10269/1798 4308/9766/1478 4307/9765/1434
f 4772/10272/1799 4194/10271/1766 4310/10449/1469 4778/10450/1468
f 3944/10322/1348 3985/10321/1493 4314/10274/1537 4311/10273/1348
f 4197/10276/1801 4196/10275/1800 4312/9850/1548 4313/9849/1547
f 4906/10278/1802 4198/10277/1761 4314/10451/1537 4909/10452/1536
f 3934/10306/1816 3977/10305/1511 4318/10238/1510 4317/10237/1782
f 4171/10240/1454 4172/10239/1783 4316/9816/1521 4315/9815/1454
f 4862/10242/1784 4174/10241/1758 4318/10453/1510 4869/10454/1509
f 4651/10455/1876 4652/10456/1877 4383/10457/1878 5229/10458/1879
f 4922/10459/1880 4923/10460/1881 4385/10461/1882 5172/10462/1883
f 4650/10463/1884 4649/10464/1885 5231/10465/1886 4391/10466/1887
f 4897/10467/1888 4912/10468/1889 4367/10469/1890 4515/10470/1891
f 4251/10384/1854 4271/10383/1853 4351/10471/1892 4331/10472/1893
f 4264/10386/1804 4242/10385/1855 4322/10473/1894 4344/10474/1844
f 4985/10388/1838 4274/10387/1856 4354/10475/1895 4987/10476/1896
f 4241/10390/1438 4263/10389/1857 4343/10477/1897 4321/10478/1438
f 4274/10392/1856 4254/10391/1439 4334/10479/1439 4354/10480/1895
f 4684/10394/1825 4266/10393/1858 4346/10481/1898 4688/10482/1899
f 4253/10396/1860 4273/10395/1859 4353/10483/1900 4333/10484/1901
f 4266/10398/1858 4248/10397/1861 4328/10485/1902 4346/10486/1898
f 4621/10400/1823 4276/10399/1862 4356/10487/1903 4623/10488/1904
f 4247/10402/1443 4265/10401/1863 4345/10489/1905 4327/10490/1443
f 4276/10404/1862 4256/10403/1430 4336/10491/1430 4356/10492/1903
f 4866/10406/1843 4268/10405/1864 4348/10493/1906 4870/10494/1907
f 4255/10410/1866 4275/10409/1865 4355/10495/1908 4335/10496/1884
f 4268/10412/1864 4244/10411/1867 4324/10497/1881 4348/10498/1906
f 4593/10414/1832 4260/10413/1868 4340/10499/1909 4597/10500/1910
f 4712/10416/1841 4278/10415/1869 4358/10501/1911 4714/10502/1912
f 4243/10418/1454 4267/10417/1870 4347/10503/1913 4323/10504/1454
f 4260/10420/1868 4240/10419/1871 4320/10505/1877 4340/10506/1909
f 4278/10422/1869 4258/10421/1451 4338/10507/1451 4358/10508/1911
f 4803/10424/1830 4270/10423/1872 4350/10509/1914 4805/10510/1915
f 4239/10426/1419 4259/10425/1873 4339/10511/1916 4319/10512/1419
f 4257/10428/1875 4277/10427/1874 4357/10513/1917 4337/10514/1918
f 4270/10430/1872 4250/10429/1435 4330/10515/1435 4350/10516/1914
f 4775/10432/1477 4262/10431/1810 4342/10517/1850 4779/10518/1919
f 4362/10519/1920 4364/10520/1921 4541/10521/1922 4366/10522/1923 4569/10523/1924 4365/10524/1925 4544/10525/1926 4363/10526/1927 4361/10527/1928 4359/10528/1929 4514/10529/1930 4397/10530/1931 5173/10531/1932 5175/10532/1933 4399/10533/1934 4511/10534/1935 4360/10535/1936
f 4879/10536/1937 4378/10537/1938 4376/10538/1939 4872/10539/1940
f 4878/10540/1941 4380/10541/1942 4378/10537/1938 4879/10536/1937
f 4882/10542/1943 4543/10543/1944 4380/10541/1942 4878/10540/1941
f 4884/10544/1945 4876/10545/1946 4381/10546/1947 4571/10547/1948
f 4883/10548/1949 4875/10549/1950 4379/10550/1951 4546/10551/1952
f 4875/10549/1950 4874/10552/1953 4377/10553/1954 4379/10550/1951
f 4874/10552/1953 4873/10554/1955 4375/10555/1956 4377/10553/1954
f 4919/10556/1957 4513/10557/1958 4368/10558/1959 4911/10559/1960
f 4740/10560/1918 4741/10561/1961 5265/10562/1962 4392/10563/1963
f 4833/10564/1852 4831/10565/1964 5130/10566/1965 4388/10567/1966
f 4832/10568/1967 4834/10569/1849 4386/10570/1968 5129/10571/1969
f 4925/10572/1893 4924/10573/1970 5174/10574/1971 4389/10575/1972
f 5014/10576/1973 5013/10577/1894 4384/10578/1974 5195/10579/1975
f 4806/10580/1976 4821/10581/1977 4484/10582/1978 4508/10583/1979
f 5016/10584/1901 5015/10585/1980 5197/10586/1981 4390/10587/1982
f 4743/10588/1983 4742/10589/1902 4387/10590/1984 5263/10591/1985
f 4829/10592/1986 4506/10593/1987 4483/10594/1988 4822/10595/1989
f 4396/10596/1990 5264/10597/1991 5266/10598/1992 4402/10599/1993 4499/10600/1994 4403/10601/1995 4405/10602/1996 4407/10603/1997 4529/10604/1998 4409/10605/1999 4563/10606/2000 4410/10607/2001 4532/10608/2002 4408/10609/2003 4406/10610/2004 4404/10611/2005 4502/10612/2006
f 4697/10613/2007 4690/10614/2008 4420/10615/2009 4422/10616/2010
f 4696/10617/2011 4697/10613/2007 4422/10616/2010 4424/10618/2012
f 4701/10619/2013 4696/10617/2011 4424/10618/2012 4534/10620/2014
f 4702/10621/2015 4565/10622/2016 4425/10623/2017 4694/10624/2018
f 4700/10625/2019 4531/10626/2020 4423/10627/2021 4693/10628/2022
f 4693/10628/2022 4423/10627/2021 4421/10629/2023 4692/10630/2024
f 4692/10630/2024 4421/10629/2023 4419/10631/2025 4691/10632/2026
f 4393/10633/2027 5230/10634/2028 5232/10635/2029 4401/10636/2030 4523/10637/2031 4427/10638/2032 4429/10639/2033 4431/10640/2034 4553/10641/2035 4433/10642/2036 4559/10643/2037 4434/10644/2038 4556/10645/2039 4432/10646/2040 4430/10647/2041 4428/10648/2042 4526/10649/2043
f 4606/10650/2044 4599/10651/2045 4444/10652/2046 4446/10653/2047
f 4605/10654/2048 4606/10650/2044 4446/10653/2047 4448/10655/2049
f 4610/10656/2050 4605/10654/2048 4448/10655/2049 4558/10657/2051
f 4611/10658/2052 4561/10659/2053 4449/10660/2054 4603/10661/2055
f 4609/10662/2056 4555/10663/2057 4447/10664/2058 4602/10665/2059
f 4602/10665/2059 4447/10664/2058 4445/10666/2060 4601/10667/2061
f 4601/10667/2061 4445/10666/2060 4443/10668/2062 4600/10669/2063
f 4395/10670/2064 5196/10671/2065 5198/10672/2066 4400/10673/2067 4517/10674/2068 4451/10675/2069 4453/10676/2070 4455/10677/2071 4547/10678/2072 4457/10679/2073 4572/10680/2074 4458/10681/2075 4550/10682/2076 4456/10683/2077 4454/10684/2078 4452/10685/2079 4520/10686/2080
f 4970/10687/2081 4963/10688/2082 4468/10689/2083 4470/10690/2084
f 4969/10691/2085 4970/10687/2081 4470/10690/2084 4472/10692/2086
f 4974/10693/2087 4969/10691/2085 4472/10692/2086 4552/10694/2088
f 4975/10695/2089 4574/10696/2090 4473/10697/2091 4967/10698/2092
f 4973/10699/2093 4549/10700/2094 4471/10701/2095 4966/10702/2096
f 4966/10702/2096 4471/10701/2095 4469/10703/2097 4965/10704/2098
f 4965/10704/2098 4469/10703/2097 4467/10705/2099 4964/10706/2100
f 4788/10707/2101 4781/10708/2102 4492/10709/2103 4494/10710/2104
f 4787/10711/2105 4788/10707/2101 4494/10710/2104 4496/10712/2106
f 4792/10713/2107 4787/10711/2105 4496/10712/2106 4540/10714/2108
f 4793/10715/2109 4568/10716/2110 4497/10717/2111 4785/10718/2112
f 4791/10719/2113 4537/10720/2114 4495/10721/2115 4784/10722/2116
f 4784/10722/2116 4495/10721/2115 4493/10723/2117 4783/10724/2118
f 4783/10724/2118 4493/10723/2117 4491/10725/2119 4782/10726/2120
f 5011/10727/2121 4519/10728/2122 4459/10729/2123 5004/10730/2124
f 4988/10731/2125 5003/10732/2126 4460/10733/2127 4521/10734/2128
f 4647/10735/2129 4525/10736/2130 4435/10737/2131 4640/10738/2132
f 4624/10739/2133 4639/10740/2134 4436/10741/2135 4527/10742/2136
f 4738/10743/2137 4501/10744/2138 4411/10745/2139 4731/10746/2140
f 4715/10747/2141 4730/10748/2142 4412/10749/2143 4503/10750/2144
f 4843/10751/2145 4505/10752/2146 4491/10753/2119 4835/10754/2147
f 4836/10755/2148 4835/10756/2147 4491/10757/2119 4493/10758/2117
f 4837/10759/2149 4836/10755/2148 4493/10758/2117 4495/10760/2115
f 4845/10761/2150 4837/10759/2149 4495/10760/2115 4537/10762/2114
f 4847/10763/2151 4838/10764/2152 4497/10765/2111 4568/10766/2110
f 4846/10767/2153 4540/10768/2108 4496/10769/2106 4840/10770/2154
f 4840/10770/2154 4496/10769/2106 4494/10771/2104 4841/10772/2155
f 4841/10772/2155 4494/10771/2104 4492/10773/2103 4842/10774/2156
f 4844/10775/2157 5143/10776/2158 5131/10777/2159 4842/10774/2156
f 5127/10778/2160 5128/10779/2161 4398/10780/2162 4507/10781/2163 4475/10782/2164 4477/10783/2165 4479/10784/2166 4535/10785/2167 4481/10786/2168 4566/10787/2169 4482/10788/2170 4538/10789/2171 4480/10790/2172 4478/10791/2173 4476/10792/2174 4510/10793/2175 4394/10794/2176
f 5115/10795/2177 5114/10796/2178 4484/10797/1978 4486/10798/2179
f 5116/10799/2180 5115/10795/2177 4486/10798/2179 4488/10800/2181
f 5125/10801/2182 5116/10799/2180 4488/10800/2181 4539/10802/2183
f 5122/10803/2184 5118/10804/2185 4483/10805/1988 4506/10806/1987
f 5119/10807/2186 4485/10808/2187 4483/10805/1988 5118/10804/2185
f 5120/10809/2188 4487/10810/2189 4485/10811/2187 5119/10812/2186
f 5124/10813/2190 4536/10814/2191 4487/10810/2189 5120/10809/2188
f 5126/10815/2192 4567/10816/2193 4489/10817/2194 5121/10818/2195
f 4935/10819/2196 5177/10820/2197 5171/10821/2198 4926/10822/2199
f 4927/10823/2200 4377/10824/1954 4375/10825/1956 4926/10822/2199
f 4928/10826/2201 4379/10827/1951 4377/10824/1954 4927/10823/2200
f 4937/10828/2202 4546/10829/1952 4379/10827/1951 4928/10826/2201
f 4938/10830/2203 4571/10831/1948 4381/10832/1947 4929/10833/2204
f 4936/10834/2205 4931/10835/2206 4380/10836/1942 4543/10837/1944
f 4931/10838/2206 4932/10839/2207 4378/10840/1938 4380/10841/1942
f 4932/10839/2207 4933/10842/2208 4376/10843/1939 4378/10840/1938
f 4934/10844/2209 4933/10842/2208 5161/10845/2210 5176/10846/2211
f 5149/10847/2212 4370/10848/2213 4368/10849/1959 5148/10850/2214
f 5150/10851/2215 4372/10852/2216 4370/10848/2213 5149/10847/2212
f 5158/10853/2217 4542/10854/2218 4372/10855/2216 5150/10856/2215
f 5153/10857/2219 5152/10858/2220 4367/10859/1890 4369/10860/2221
f 5154/10861/2222 5153/10857/2219 4369/10860/2221 4371/10862/2223
f 5159/10863/2224 5154/10861/2222 4371/10862/2223 4545/10864/2225
f 5160/10865/2226 5155/10866/2227 4373/10867/2228 4570/10868/2229
f 5183/10869/2230 4461/10870/2231 4459/10871/2123 5182/10872/2232
f 5184/10873/2233 4463/10874/2234 4461/10870/2231 5183/10869/2230
f 5192/10875/2235 4548/10876/2236 4463/10874/2234 5184/10873/2233
f 5194/10877/2237 4573/10878/2238 4465/10879/2239 5185/10880/2240
f 5193/10881/2241 5187/10882/2242 4464/10883/2243 4551/10884/2244
f 5187/10882/2242 5188/10885/2245 4462/10886/2246 4464/10883/2243
f 5188/10887/2245 5189/10888/2247 4460/10889/2127 4462/10890/2246
f 5025/10891/2248 5017/10892/2249 5209/10893/2250 5210/10894/2251
f 5018/10895/2252 5017/10892/2249 4467/10896/2099 4469/10897/2097
f 5019/10898/2253 5018/10895/2252 4469/10897/2097 4471/10899/2095
f 5027/10900/2254 5019/10898/2253 4471/10899/2095 4549/10901/2094
f 5029/10902/2255 5020/10903/2256 4473/10904/2091 4574/10905/2090
f 5028/10906/2257 4552/10907/2088 4472/10908/2086 5022/10909/2258
f 5022/10909/2258 4472/10908/2086 4470/10910/2084 5023/10911/2259
f 5023/10911/2259 4470/10910/2084 4468/10912/2083 5024/10913/2260
f 5026/10914/2261 5211/10915/2262 5199/10916/2263 5024/10917/2260
f 4661/10918/2264 4653/10919/2265 5243/10920/2266 5244/10921/2267
f 4654/10922/2268 4653/10919/2265 4443/10923/2062 4445/10924/2060
f 4655/10925/2269 4654/10922/2268 4445/10924/2060 4447/10926/2058
f 4663/10927/2270 4655/10925/2269 4447/10926/2058 4555/10928/2057
f 4665/10929/2271 4656/10930/2272 4449/10931/2054 4561/10932/2053
f 4664/10933/2273 4558/10934/2051 4448/10935/2049 4658/10936/2274
f 4658/10936/2274 4448/10935/2049 4446/10937/2047 4659/10938/2275
f 4659/10938/2275 4446/10937/2047 4444/10939/2046 4660/10940/2276
f 4662/10941/2277 5245/10942/2278 5233/10943/2279 4660/10940/2276
f 5217/10944/2280 4437/10945/2281 4435/10946/2131 5216/10947/2282
f 5218/10948/2283 4439/10949/2284 4437/10945/2281 5217/10944/2280
f 5226/10950/2285 4554/10951/2286 4439/10949/2284 5218/10948/2283
f 5228/10952/2287 4560/10953/2288 4441/10954/2289 5219/10955/2290
f 5227/10956/2291 5221/10957/2292 4440/10958/2293 4557/10959/2294
f 5221/10957/2292 5222/10960/2295 4438/10961/2296 4440/10958/2293
f 5222/10960/2295 5223/10962/2297 4436/10963/2135 4438/10961/2296
f 4752/10964/2298 4744/10965/2299 5277/10966/2300 5278/10967/2301
f 4745/10968/2302 4744/10965/2299 4419/10969/2025 4421/10970/2023
f 4746/10971/2303 4745/10968/2302 4421/10970/2023 4423/10972/2021
f 4754/10973/2304 4746/10971/2303 4423/10972/2021 4531/10974/2020
f 4756/10975/2305 4747/10976/2306 4425/10977/2017 4565/10978/2016
f 4755/10979/2307 4534/10980/2014 4424/10981/2012 4749/10982/2308
f 4749/10982/2308 4424/10981/2012 4422/10983/2010 4750/10984/2309
f 4750/10984/2309 4422/10983/2010 4420/10985/2009 4751/10986/2310
f 4753/10987/2311 5279/10988/2312 5267/10989/2313 4751/10986/2310
f 5251/10990/2314 4413/10991/2315 4411/10992/2139 5250/10993/2316
f 5252/10994/2317 4415/10995/2318 4413/10991/2315 5251/10990/2314
f 5260/10996/2319 4530/10997/2320 4415/10995/2318 5252/10994/2317
f 5262/10998/2321 4564/10999/2322 4417/11000/2323 5253/11001/2324
f 5261/11002/2325 5255/11003/2326 4416/11004/2327 4533/11005/2328
f 5255/11003/2326 5256/11006/2329 4414/11007/2330 4416/11004/2327
f 5256/11006/2329 5257/11008/2331 4412/11009/2143 4414/11007/2330
f 4714/11010/1912 4358/11011/1911 4501/10744/2138 4738/10743/2137
f 4741/11012/1961 4752/10964/2298 5278/10967/2301 5265/11013/1962
f 4743/11014/1983 5263/11015/1985 5279/10988/2312 4753/10987/2311
f 4729/11016/2332 4715/10747/2141 4503/10750/2144 4345/11017/1905
f 5110/11018/2333 5122/10803/2184 4506/10806/1987 4350/10516/1914
f 4831/10565/1964 4349/10381/1851 4505/10752/2146 4843/10751/2145
f 4805/11019/1915 4350/11020/1914 4506/10593/1987 4829/10592/1986
f 4832/10568/1967 5129/10571/1969 5143/10776/2158 4844/10775/2157
f 4820/11021/2334 4806/10580/1976 4508/10583/1979 4341/11022/1847
f 4924/10573/1970 4934/10844/2209 5176/10846/2211 5174/10574/1971
f 4896/11023/1848 4352/11024/1846 4513/10557/1958 4919/10556/1957
f 4922/10459/1880 5172/10462/1883 5177/10820/2197 4935/10819/2196
f 4910/11025/2335 4897/10467/1888 4515/10470/1891 4347/11026/1913
f 5015/10585/1980 5025/10891/2248 5210/10894/2251 5197/10586/1981
f 4987/11027/1896 4354/11028/1895 4519/10728/2122 5011/10727/2121
f 5014/10576/1973 5195/10579/1975 5211/10915/2262 5026/10914/2261
f 5002/11029/2336 4988/10731/2125 4521/10734/2128 4343/11030/1897
f 4649/10464/1885 4661/10918/2264 5244/10921/2267 5231/10465/1886
f 4623/11031/1904 4356/11032/1903 4525/10736/2130 4647/10735/2129
f 4651/10455/1876 5229/10458/1879 5245/11033/2278 4662/11034/2277
f 4638/11035/2337 4624/10739/2133 4527/10742/2136 4339/11036/1916
f 5253/11001/2324 4417/11000/2323 4530/10997/2320 5260/10996/2319
f 4747/10976/2306 4754/10973/2304 4531/10974/2020 4425/10977/2017
f 4694/10624/2018 4425/10623/2017 4531/10626/2020 4700/10625/2019
f 5254/11037/2338 5261/11002/2325 4533/11005/2328 4418/11038/2339
f 4748/11039/2340 4426/11040/2341 4534/10980/2014 4755/10979/2307
f 4695/11041/2342 4701/10619/2013 4534/10620/2014 4426/11042/2341
f 5121/10818/2195 4489/10817/2194 4536/10814/2191 5124/10813/2190
f 4838/10764/2152 4845/10761/2150 4537/10762/2114 4497/10765/2111
f 4785/10718/2112 4497/10717/2111 4537/10720/2114 4791/10719/2113
f 5117/11043/2343 5125/10801/2182 4539/10802/2183 4490/11044/2344
f 4839/11045/2345 4498/11046/2346 4540/10768/2108 4846/10767/2153
f 4786/11047/2347 4792/10713/2107 4540/10714/2108 4498/11048/2346
f 5151/11049/2348 4374/11050/2349 4542/10854/2218 5158/10853/2217
f 4930/11051/2350 4936/10834/2205 4543/10837/1944 4382/11052/2351
f 4877/11053/2352 4382/11054/2351 4543/10543/1944 4882/10542/1943
f 5155/10866/2227 5159/11055/2224 4545/11056/2225 4373/10867/2228
f 4929/10833/2204 4381/10832/1947 4546/11057/1952 4937/11058/2202
f 4876/10545/1946 4883/10548/1949 4546/10551/1952 4381/10546/1947
f 5020/11059/2256 5027/10900/2254 4549/10901/2094 4473/11060/2091
f 5185/11061/2240 4465/11062/2239 4548/10876/2236 5192/10875/2235
f 4967/10698/2092 4473/10697/2091 4549/10700/2094 4973/10699/2093
f 5021/11063/2353 4474/11064/2354 4552/10907/2088 5028/10906/2257
f 5186/11065/2355 5193/10881/2241 4551/10884/2244 4466/11066/2356
f 4968/11067/2357 4974/10693/2087 4552/10694/2088 4474/11068/2354
f 5219/10955/2290 4441/10954/2289 4554/10951/2286 5226/10950/2285
f 4656/11069/2272 4663/10927/2270 4555/10928/2057 4449/11070/2054
f 4603/10661/2055 4449/10660/2054 4555/10663/2057 4609/10662/2056
f 5220/11071/2358 5227/10956/2291 4557/10959/2294 4442/11072/2359
f 4657/11073/2360 4450/11074/2361 4558/10934/2051 4664/10933/2273
f 4604/11075/2362 4610/10656/2050 4558/10657/2051 4450/11076/2361
f 5220/11071/2358 4442/11072/2359 4560/11077/2288 5228/11078/2287
f 4657/11073/2360 4665/10929/2271 4561/10932/2053 4450/11074/2361
f 4604/11075/2362 4450/11076/2361 4561/10659/2053 4611/10658/2052
f 5254/11037/2338 4418/11038/2339 4564/11079/2322 5262/11080/2321
f 4748/11039/2340 4756/11081/2305 4565/11082/2016 4426/11040/2341
f 4695/11041/2342 4426/11042/2341 4565/10622/2016 4702/10621/2015
f 5117/11083/2343 4490/11084/2344 4567/10816/2193 5126/10815/2192
f 4839/11085/2345 4847/10763/2151 4568/10766/2110 4498/11086/2346
f 4786/11047/2347 4498/11048/2346 4568/10716/2110 4793/10715/2109
f 5151/11049/2348 5160/10865/2226 4570/10868/2229 4374/11050/2349
f 4930/11051/2350 4382/11052/2351 4571/10831/1948 4938/10830/2203
f 4877/11053/2352 4884/10544/1945 4571/10547/1948 4382/11054/2351
f 5021/11063/2353 5029/10902/2255 4574/10905/2090 4474/11064/2354
f 5186/11065/2355 4466/11066/2356 4573/10878/2238 5194/10877/2237
f 4968/11067/2357 4474/11068/2354 4574/10696/2090 4975/10695/2089
f 4644/11087/2363 4604/11075/2362 4611/10658/2052 4626/11088/2364
f 4644/11087/2363 4648/11089/2365 4610/10656/2050 4604/11075/2362
f 4643/11090/2366 4603/10661/2055 4609/10662/2056 4625/11091/2367
f 4340/11092/1909 4528/11093/2368 4608/11094/2369 4597/11095/1910
f 4355/11096/1908 4598/11097/2370 4607/11098/2371 4524/11099/2372
f 4528/11093/2368 4444/10652/2046 4599/10651/2045 4608/11094/2369
f 4524/11099/2372 4607/11098/2371 4600/10669/2063 4443/10668/2062
f 4641/11100/2373 4601/10667/2061 4600/10669/2063 4640/10738/2132
f 4642/11101/2374 4602/10665/2059 4601/10667/2061 4641/11100/2373
f 4625/11091/2367 4609/10662/2056 4602/10665/2059 4642/11101/2374
f 4626/11088/2364 4611/10658/2052 4603/10661/2055 4643/11090/2366
f 4648/11089/2365 4645/11102/2375 4605/10654/2048 4610/10656/2050
f 4645/11102/2375 4646/11103/2376 4606/10650/2044 4605/10654/2048
f 4646/11103/2376 4639/10740/2134 4599/10651/2045 4606/10650/2044
f 4636/11104/1832 4593/10414/1832 4597/10500/1910 4638/11105/2337
f 4275/11106/1865 4594/11107/1823 4598/11108/2370 4355/11109/1908
f 4619/11110/1787 4590/10248/1787 4596/10442/1455 4622/11111/1455
f 4164/11112/1776 4589/11113/1778 4595/11114/1561 4288/11115/1571
f 4635/11116/1832 4591/10334/1832 4593/10414/1832 4636/11104/1832
f 4235/11117/1835 4592/11118/1823 4594/11107/1823 4275/11106/1865
f 4627/11119/1458 4576/10331/1458 4591/10334/1832 4635/11116/1832
f 3994/11120/1572 4578/11121/1564 4592/11118/1823 4235/11117/1835
f 4618/11122/1744 4587/10174/1744 4590/10248/1787 4619/11110/1787
f 4132/11123/1746 4588/11124/1748 4589/11113/1778 4164/11112/1776
f 4030/11125/1634 4579/11126/1638 4588/11124/1748 4132/11123/1746
f 4614/11127/1643 4580/9982/1643 4587/10174/1744 4618/11122/1744
f 4059/11128/1672 4581/11129/1568 4585/11130/1700 4099/11131/1673
f 4630/11132/1693 4582/10062/1693 4586/10142/1715 4632/11133/1715
f 4616/11134/1699 4632/11135/1715 4586/10108/1715 4584/10107/1699
f 4080/11136/1674 4099/11137/1673 4585/11138/1700 4583/11139/1699
f 4628/9969/1637 4577/10059/1637 4582/10062/1693 4630/11132/1693
f 4612/9871/1565 4575/9979/1565 4580/9982/1643 4614/11127/1643
f 3991/10060/1484 4577/10059/1637 4579/11126/1638 4030/11125/1634
f 3960/9980/1464 4575/9979/1565 4581/11129/1568 4059/11128/1672
f 4288/11140/1571 4595/11141/1561 4578/11142/1564 3994/11143/1572
f 4622/11144/1455 4596/9737/1455 4576/9740/1458 4627/11145/1458
f 4293/11146/1466 4622/11144/1455 4627/11145/1458 3962/11147/1467
f 3959/9872/1566 4612/9871/1565 4614/11127/1643 4034/11148/1640
f 3992/9970/1539 4628/9969/1637 4630/11132/1693 4075/11149/1540
f 4096/11150/1730 4115/11151/1729 4632/11135/1715 4616/11134/1699
f 4075/11149/1540 4630/11132/1693 4632/11133/1715 4115/11152/1729
f 4034/11148/1640 4614/11127/1643 4618/11122/1744 4129/11153/1743
f 4129/11153/1743 4618/11122/1744 4619/11110/1787 4177/11154/1786
f 3962/11155/1467 4627/11119/1458 4635/11116/1832 4219/11156/1842
f 4219/11156/1842 4635/11116/1832 4636/11104/1832 4259/11157/1873
f 4177/11154/1786 4619/11110/1787 4622/11111/1455 4293/11158/1466
f 4259/11157/1873 4636/11104/1832 4638/11105/2337 4339/11159/1916
f 4438/11160/2296 4436/10741/2135 4639/10740/2134 4646/11103/2376
f 4440/11161/2293 4438/11160/2296 4646/11103/2376 4645/11102/2375
f 4557/11162/2294 4440/11161/2293 4645/11102/2375 4648/11089/2365
f 4560/11163/2288 4626/11088/2364 4643/11090/2366 4441/11164/2289
f 4554/11165/2286 4625/11091/2367 4642/11101/2374 4439/11166/2284
f 4439/11166/2284 4642/11101/2374 4641/11100/2373 4437/11167/2281
f 4437/11167/2281 4641/11100/2373 4640/10738/2132 4435/10737/2131
f 4441/11164/2289 4643/11090/2366 4625/11091/2367 4554/11165/2286
f 4442/11168/2359 4557/11162/2294 4648/11089/2365 4644/11087/2363
f 4442/11168/2359 4644/11087/2363 4626/11088/2364 4560/11163/2288
f 4597/11095/1910 4608/11094/2369 4624/10739/2133 4638/11035/2337
f 4598/11097/2370 4623/11031/1904 4647/10735/2129 4607/11098/2371
f 4608/11094/2369 4599/10651/2045 4639/10740/2134 4624/10739/2133
f 4607/11098/2371 4647/10735/2129 4640/10738/2132 4600/10669/2063
f 4594/11107/1823 4621/10400/1823 4623/10488/1904 4598/11108/2370
f 4589/11113/1778 4634/10230/1778 4637/10440/1561 4595/11114/1561
f 4592/11118/1823 4620/10316/1823 4621/10400/1823 4594/11107/1823
f 4578/11121/1564 4613/10313/1564 4620/10316/1823 4592/11118/1823
f 4588/11124/1748 4633/10180/1748 4634/10230/1778 4589/11113/1778
f 4579/11126/1638 4629/9972/1638 4633/10180/1748 4588/11124/1748
f 4581/11129/1568 4615/9874/1568 4617/10154/1700 4585/11130/1700
f 4583/11139/1699 4585/11138/1700 4617/10076/1700 4631/10075/1699
f 4577/10059/1637 4628/9969/1637 4629/9972/1638 4579/11126/1638
f 4575/9979/1565 4612/9871/1565 4615/9874/1568 4581/11129/1568
f 4595/11141/1561 4637/9867/1561 4613/9870/1564 4578/11142/1564
f 5237/11169/2377 5238/11170/2378 4665/10929/2271 4657/11073/2360
f 5237/11169/2377 4657/11073/2360 4664/10933/2273 5236/11171/2379
f 5240/11172/2380 5239/11173/2381 4663/10927/2270 4656/11069/2272
f 4340/10506/1909 4651/10455/1876 4662/11034/2277 4528/11174/2368
f 4355/10495/1908 4524/11175/2372 4661/10918/2264 4649/10464/1885
f 4528/11176/2368 4662/10941/2277 4660/10940/2276 4444/10939/2046
f 5234/11177/2382 4659/10938/2275 4660/10940/2276 5233/10943/2279
f 5235/11178/2383 4658/10936/2274 4659/10938/2275 5234/11177/2382
f 5236/11171/2379 4664/10933/2273 4658/10936/2274 5235/11178/2383
f 5238/11170/2378 5240/11179/2380 4656/10930/2272 4665/10929/2271
f 5239/11173/2381 5242/11180/2384 4655/10925/2269 4663/10927/2270
f 5242/11180/2384 5241/11181/2385 4654/10922/2268 4655/10925/2269
f 5241/11181/2385 5243/10920/2266 4653/10919/2265 4654/10922/2268
f 4524/11175/2372 4443/10923/2062 4653/10919/2265 4661/10918/2264
f 4335/10496/1884 4355/10495/1908 4649/10464/1885 4650/10463/1884
f 4340/10506/1909 4320/10505/1877 4652/10456/1877 4651/10455/1876
f 4735/11182/2386 4695/11041/2342 4702/10621/2015 4717/11183/2387
f 4735/11182/2386 4739/11184/2388 4701/10619/2013 4695/11041/2342
f 4734/11185/2389 4694/10624/2018 4700/10625/2019 4716/11186/2390
f 4346/11187/1898 4504/11188/2391 4699/11189/2392 4688/11190/1899
f 4357/11191/1917 4689/11192/2393 4698/11193/2394 4500/11194/2395
f 4504/11188/2391 4420/10615/2009 4690/10614/2008 4699/11189/2392
f 4500/11194/2395 4698/11193/2394 4691/10632/2026 4419/10631/2025
f 4732/11195/2396 4692/10630/2024 4691/10632/2026 4731/10746/2140
f 4733/11196/2397 4693/10628/2022 4692/10630/2024 4732/11195/2396
f 4716/11186/2390 4700/10625/2019 4693/10628/2022 4733/11196/2397
f 4717/11183/2387 4702/10621/2015 4694/10624/2018 4734/11185/2389
f 4739/11184/2388 4736/11197/2398 4696/10617/2011 4701/10619/2013
f 4736/11197/2398 4737/11198/2399 4697/10613/2007 4696/10617/2011
f 4737/11198/2399 4730/10748/2142 4690/10614/2008 4697/10613/2007
f 4277/11199/1874 4685/11200/1841 4689/11201/2393 4357/11202/1917
f 4727/11203/1825 4684/10394/1825 4688/10482/1899 4729/11204/2332
f 4710/11205/1793 4681/10260/1793 4687/10446/1498 4713/11206/1498
f 4180/11207/1788 4680/11208/1790 4686/11209/1574 4296/11210/1586
f 4237/11211/1819 4683/11212/1841 4685/11200/1841 4277/11199/1874
f 4726/11213/1825 4682/10320/1825 4684/10394/1825 4727/11203/1825
f 3998/11214/1587 4669/11215/1577 4683/11212/1841 4237/11211/1819
f 4718/11216/1501 4667/10317/1501 4682/10320/1825 4726/11213/1825
f 4709/11217/1740 4679/10168/1740 4681/10260/1793 4710/11205/1793
f 4120/11218/1734 4678/11219/2400 4680/11208/1790 4180/11207/1788
f 4705/11220/1593 4670/9904/1593 4679/10168/1740 4709/11217/1740
f 4038/11221/1646 4671/11222/1650 4678/11219/2400 4120/11218/1734
f 4721/11223/1682 4673/10038/1682 4677/10156/1718 4723/11224/1718
f 4065/11225/1527 4672/11226/1694 4676/11227/1705 4105/11228/1727
f 4707/11229/1699 4723/11230/1718 4677/10112/1718 4675/10111/1699
f 4088/11231/1728 4105/11232/1727 4676/11233/1705 4674/11234/1699
f 3972/9902/1504 4666/9901/1592 4672/11226/1694 4065/11225/1527
f 4719/9989/1649 4668/10035/1649 4673/10038/1682 4721/11223/1682
f 3995/10036/1645 4668/10035/1649 4671/11222/1650 4038/11221/1646
f 4703/10063/1592 4666/9901/1592 4670/9904/1593 4705/11220/1593
f 4296/11235/1586 4686/11236/1574 4669/11237/1577 3998/11238/1587
f 4713/11239/1498 4687/9789/1498 4667/9792/1501 4718/11240/1501
f 4300/11241/1507 4713/11239/1498 4718/11240/1501 3974/11242/1508
f 3971/10064/1459 4703/10063/1592 4705/11220/1593 4002/11243/1589
f 3996/9990/1583 4719/9989/1649 4721/11223/1682 4077/11244/1668
f 4098/11245/1670 4117/11246/1669 4723/11230/1718 4707/11229/1699
f 4077/11244/1668 4721/11223/1682 4723/11224/1718 4117/11247/1669
f 4002/11243/1589 4705/11220/1593 4709/11217/1740 4124/11248/1739
f 4124/11248/1739 4709/11217/1740 4710/11205/1793 4184/11249/1792
f 3974/11250/1508 4718/11216/1501 4726/11213/1825 4225/11251/1837
f 4225/11251/1837 4726/11213/1825 4727/11203/1825 4265/11252/1863
f 4184/11249/1792 4710/11205/1793 4713/11206/1498 4300/11253/1507
f 4265/11252/1863 4727/11203/1825 4729/11204/2332 4345/11254/1905
f 4414/11255/2330 4412/10749/2143 4730/10748/2142 4737/11198/2399
f 4416/11256/2327 4414/11255/2330 4737/11198/2399 4736/11197/2398
f 4533/11257/2328 4416/11256/2327 4736/11197/2398 4739/11184/2388
f 4564/11258/2322 4717/11183/2387 4734/11185/2389 4417/11259/2323
f 4530/11260/2320 4716/11186/2390 4733/11196/2397 4415/11261/2318
f 4415/11261/2318 4733/11196/2397 4732/11195/2396 4413/11262/2315
f 4413/11262/2315 4732/11195/2396 4731/10746/2140 4411/10745/2139
f 4417/11259/2323 4734/11185/2389 4716/11186/2390 4530/11260/2320
f 4418/11263/2339 4533/11257/2328 4739/11184/2388 4735/11182/2386
f 4418/11263/2339 4735/11182/2386 4717/11183/2387 4564/11258/2322
f 4688/11190/1899 4699/11189/2392 4715/10747/2141 4729/11016/2332
f 4689/11192/2393 4714/11010/1912 4738/10743/2137 4698/11193/2394
f 4699/11189/2392 4690/10614/2008 4730/10748/2142 4715/10747/2141
f 4698/11193/2394 4738/10743/2137 4731/10746/2140 4691/10632/2026
f 4685/11200/1841 4712/10416/1841 4714/10502/1912 4689/11201/2393
f 4680/11208/1790 4725/10254/1790 4728/10444/1574 4686/11209/1574
f 4683/11212/1841 4711/10364/1841 4712/10416/1841 4685/11200/1841
f 4669/11215/1577 4704/10361/1577 4711/10364/1841 4683/11212/1841
f 4678/11219/2400 4724/10162/1736 4725/10254/1790 4680/11208/1790
f 4671/11222/1650 4720/9992/1650 4724/10162/1736 4678/11219/2400
f 4672/11226/1694 4706/10066/1694 4708/10136/1705 4676/11227/1705
f 4674/11234/1699 4676/11233/1705 4708/10088/1705 4722/10087/1699
f 4666/9901/1592 4703/10063/1592 4706/10066/1694 4672/11226/1694
f 4668/10035/1649 4719/9989/1649 4720/9992/1650 4671/11222/1650
f 4686/11236/1574 4728/9881/1574 4704/9884/1577 4669/11237/1577
f 5271/11264/2401 5273/11265/2402 4756/11081/2305 4748/11039/2340
f 5271/11264/2401 4748/11039/2340 4755/10979/2307 5270/11266/2403
f 5274/11267/2404 5272/11268/2405 4754/10973/2304 4747/10976/2306
f 4346/11269/1898 4743/11014/1983 4753/10987/2311 4504/11270/2391
f 4357/11271/1917 4500/11272/2395 4752/10964/2298 4741/11012/1961
f 4504/11270/2391 4753/10987/2311 4751/10986/2310 4420/10985/2009
f 5268/11273/2406 4750/10984/2309 4751/10986/2310 5267/10989/2313
f 5269/11274/2407 4749/10982/2308 4750/10984/2309 5268/11273/2406
f 5270/11266/2403 4755/10979/2307 4749/10982/2308 5269/11274/2407
f 5273/11275/2402 5274/11267/2404 4747/10976/2306 4756/10975/2305
f 5272/11268/2405 5276/11276/2408 4746/10971/2303 4754/10973/2304
f 5276/11276/2408 5275/11277/2409 4745/10968/2302 4746/10971/2303
f 5275/11277/2409 5277/10966/2300 4744/10965/2299 4745/10968/2302
f 4500/11272/2395 4419/10969/2025 4744/10965/2299 4752/10964/2298
f 4346/10486/1898 4328/10485/1902 4742/10589/1902 4743/10588/1983
f 4337/10514/1918 4357/10513/1917 4741/10561/1961 4740/10560/1918
f 4826/11278/2410 4786/11047/2347 4793/10715/2109 4808/11279/2411
f 4826/11278/2410 4830/11280/2412 4792/10713/2107 4786/11047/2347
f 4825/11281/2413 4785/10718/2112 4791/10719/2113 4807/11282/2414
f 4342/11283/1850 4509/11284/2415 4790/11285/2416 4779/11286/1919
f 4349/11287/1851 4780/11288/2417 4789/11289/2418 4505/11290/2146
f 4823/11291/2419 4783/10724/2118 4782/10726/2120 4822/10595/1989
f 4824/11292/2420 4784/10722/2116 4783/10724/2118 4823/11291/2419
f 4807/11282/2414 4791/10719/2113 4784/10722/2116 4824/11292/2420
f 4808/11279/2411 4793/10715/2109 4785/10718/2112 4825/11281/2413
f 4830/11280/2412 4827/11293/2421 4787/10711/2105 4792/10713/2107
f 4827/11293/2421 4828/11294/2422 4788/10707/2101 4787/10711/2105
f 4828/11294/2422 4821/10581/1977 4781/10708/2102 4788/10707/2101
f 4505/11290/2146 4789/11289/2418 4782/10726/2120 4491/10725/2119
f 4509/11284/2415 4492/10709/2103 4781/10708/2102 4790/11285/2416
f 4818/11295/2423 4775/10432/1477 4779/10518/1919 4820/11296/2334
f 4269/11297/1813 4776/11298/1830 4780/11299/2417 4349/11300/1851
f 4801/11301/1799 4772/10272/1799 4778/10450/1468 4804/11302/1468
f 4188/11303/1794 4771/11304/1796 4777/11305/1523 4304/11306/1533
f 4817/11307/2423 4773/9764/1477 4775/10432/1477 4818/11295/2423
f 4229/11308/1812 4774/11309/1830 4776/11298/1830 4269/11297/1813
f 3982/11310/1534 4760/11311/1526 4774/11309/1830 4229/11308/1812
f 4800/11312/1768 4769/10210/1768 4772/10272/1799 4801/11301/1799
f 4156/11313/1770 4770/11314/1772 4771/11304/1796 4188/11303/1794
f 4006/11315/1595 4761/11316/1598 4770/11314/1772 4156/11313/1770
f 4796/11317/1605 4762/9924/1605 4769/10210/1768 4800/11312/1768
f 4798/11318/1699 4814/11319/1667 4768/10096/1667 4766/10095/1699
f 4086/11320/1720 4101/11321/1719 4767/11322/1657 4765/11323/1699
f 3964/9922/1474 4757/9921/1604 4763/11324/1654 4061/11325/1696
f 4812/11326/1581 4764/9888/1581 4768/10014/1667 4814/11327/1667
f 4061/11325/1696 4763/11324/1654 4767/11328/1657 4101/11329/1719
f 4794/10055/1604 4757/9921/1604 4762/9924/1605 4796/11317/1605
f 3979/9886/1579 4759/9885/1578 4761/11316/1598 4006/11315/1595
f 4810/9911/1578 4759/9885/1578 4764/9888/1581 4812/11326/1581
f 4304/11330/1533 4777/11331/1523 4760/11332/1526 3982/11333/1534
f 4809/11334/1471 4758/9761/1471 4773/9764/1477 4817/11307/2423
f 4804/11335/1468 4778/9753/1468 4758/9756/1471 4809/11336/1471
f 4308/11337/1478 4804/11335/1468 4809/11336/1471 3966/11338/1479
f 3966/11339/1479 4809/11334/1471 4817/11307/2423 4221/11340/1806
f 3980/9912/1530 4810/9911/1578 4812/11326/1581 4069/11341/1658
f 3963/10056/1600 4794/10055/1604 4796/11317/1605 4010/11342/1601
f 4069/11341/1658 4812/11326/1581 4814/11327/1667 4109/11343/1659
f 4090/11344/1660 4109/11345/1659 4814/11319/1667 4798/11318/1699
f 4010/11342/1601 4796/11317/1605 4800/11312/1768 4152/11346/1767
f 4152/11346/1767 4800/11312/1768 4801/11301/1799 4192/11347/1798
f 4221/11340/1806 4817/11307/2423 4818/11295/2423 4261/11348/1807
f 4192/11347/1798 4801/11301/1799 4804/11302/1468 4308/11349/1478
f 4261/11348/1807 4818/11295/2423 4820/11296/2334 4341/11350/1847
f 4486/11351/2179 4484/10582/1978 4821/10581/1977 4828/11294/2422
f 4488/11352/2181 4486/11351/2179 4828/11294/2422 4827/11293/2421
f 4539/11353/2183 4488/11352/2181 4827/11293/2421 4830/11280/2412
f 4567/11354/2193 4808/11279/2411 4825/11281/2413 4489/11355/2194
f 4536/11356/2191 4807/11282/2414 4824/11292/2420 4487/11357/2189
f 4487/11357/2189 4824/11292/2420 4823/11291/2419 4485/11358/2187
f 4485/11358/2187 4823/11291/2419 4822/10595/1989 4483/10594/1988
f 4489/11355/2194 4825/11281/2413 4807/11282/2414 4536/11356/2191
f 4490/11359/2344 4539/11353/2183 4830/11280/2412 4826/11278/2410
f 4490/11359/2344 4826/11278/2410 4808/11279/2411 4567/11354/2193
f 4779/11286/1919 4790/11285/2416 4806/10580/1976 4820/11021/2334
f 4780/11288/2417 4805/11019/1915 4829/10592/1986 4789/11289/2418
f 4789/11289/2418 4829/10592/1986 4822/10595/1989 4782/10726/2120
f 4790/11285/2416 4781/10708/2102 4821/10581/1977 4806/10580/1976
f 4776/11298/1830 4803/10424/1830 4805/10510/1915 4780/11299/2417
f 4771/11304/1796 4816/10266/1796 4819/10448/1523 4777/11305/1523
f 4774/11309/1830 4802/10330/1830 4803/10424/1830 4776/11298/1830
f 4760/11311/1526 4795/10327/1526 4802/10330/1830 4774/11309/1830
f 4770/11314/1772 4815/10216/1772 4816/10266/1796 4771/11304/1796
f 4761/11316/1598 4811/9914/1598 4815/10216/1772 4770/11314/1772
f 4765/11323/1699 4767/11322/1657 4799/10080/1657 4813/10079/1699
f 4757/9921/1604 4794/10055/1604 4797/9997/1654 4763/11324/1654
f 4763/11324/1654 4797/9997/1654 4799/10000/1657 4767/11328/1657
f 4759/9885/1578 4810/9911/1578 4811/9914/1598 4761/11316/1598
f 4777/11331/1523 4819/9819/1523 4795/9822/1526 4760/11332/1526
f 5135/11360/2424 5136/11361/2425 4847/10763/2151 4839/11085/2345
f 5135/11362/2424 4839/11045/2345 4846/10767/2153 5134/11363/2426
f 5138/11364/2427 5137/11365/2428 4845/10761/2150 4838/10764/2152
f 4342/10380/1850 4832/10568/1967 4844/10775/2157 4509/11366/2415
f 5130/10566/1965 4831/10565/1964 4843/10751/2145 5142/11367/2429
f 4509/11366/2415 4844/10775/2157 4842/10774/2156 4492/10773/2103
f 5132/11368/2430 4841/10772/2155 4842/10774/2156 5131/10777/2159
f 5133/11369/2431 4840/10770/2154 4841/10772/2155 5132/11368/2430
f 5134/11363/2426 4846/10767/2153 4840/10770/2154 5133/11369/2431
f 5136/11361/2425 5138/11364/2427 4838/10764/2152 4847/10763/2151
f 5137/11365/2428 5140/11370/2432 4837/10759/2149 4845/10761/2150
f 5140/11370/2432 5139/11371/2433 4836/10755/2148 4837/10759/2149
f 5139/11371/2433 5141/11372/2434 4835/10756/2147 4836/10755/2148
f 5142/11373/2429 4843/11374/2145 4835/10756/2147 5141/11372/2434
f 4342/10380/1850 4326/10379/1849 4834/10569/1849 4832/10568/1967
f 4329/10382/1852 4349/10381/1851 4831/10565/1964 4833/10564/1852
f 4916/11375/2435 4921/11376/2436 4884/10544/1945 4877/11053/2352
f 4915/11377/2437 4920/11378/2438 4883/10548/1949 4876/10545/1946
f 4916/11375/2435 4877/11053/2352 4882/10542/1943 4898/11379/2439
f 4348/11380/1906 4516/11381/2440 4881/11382/2441 4870/11383/1907
f 4351/11384/1892 4871/11385/2442 4880/11386/2443 4512/11387/2444
f 4512/11387/2444 4880/11386/2443 4872/10539/1940 4376/10538/1939
f 4913/11388/2445 4912/10468/1889 4873/10554/1955 4874/10552/1953
f 4914/11389/2446 4913/11388/2445 4874/10552/1953 4875/10549/1950
f 4920/11378/2438 4914/11389/2446 4875/10549/1950 4883/10548/1949
f 4921/11376/2436 4915/11377/2437 4876/10545/1946 4884/10544/1945
f 4898/11379/2439 4882/10542/1943 4878/10540/1941 4917/11390/2447
f 4917/11390/2447 4878/10540/1941 4879/10536/1937 4918/11391/2448
f 4918/11391/2448 4879/10536/1937 4872/10539/1940 4911/10559/1960
f 4908/11392/1843 4866/10406/1843 4870/10494/1907 4910/11393/2335
f 4516/11381/2440 4375/10555/1956 4873/10554/1955 4881/11382/2441
f 4892/11394/1784 4862/10242/1784 4869/10454/1509 4895/11395/1509
f 4196/11396/1800 4863/11397/1802 4868/11398/1536 4312/11399/1548
f 4907/11400/1843 4864/10370/1843 4866/10406/1843 4908/11392/1843
f 4271/11401/1853 4867/11402/1495 4871/11403/2442 4351/11404/1892
f 4899/11405/1512 4849/10367/1512 4864/10370/1843 4907/11400/1843
f 4231/11406/1827 4865/11407/1495 4867/11402/1495 4271/11401/1853
f 4148/11408/1762 4861/11409/2449 4863/11397/1802 4196/11396/1800
f 4891/11410/1760 4860/10198/1760 4862/10242/1784 4892/11394/1784
f 4014/11411/1608 4852/11412/2450 4861/11409/2449 4148/11408/1762
f 4887/11413/1619 4853/9944/1619 4860/10198/1760 4891/11410/1760
f 4067/11414/1691 4854/11415/1683 4858/11416/1708 4107/11417/1731
f 4902/11418/1690 4855/10054/1690 4859/10118/1709 4904/11419/1709
f 4889/11420/1699 4904/11421/1709 4859/10100/1709 4857/10099/1699
f 4084/11422/1732 4107/11423/1731 4858/11424/1708 4856/11425/1699
f 4900/9931/1611 4850/10051/1611 4855/10054/1690 4902/11418/1690
f 3976/9942/1515 4848/9941/1618 4854/11415/1683 4067/11414/1691
f 4885/10039/1618 4848/9941/1618 4853/9944/1619 4887/11413/1619
f 3983/10052/1607 4850/10051/1611 4852/11412/2450 4014/11411/1608
f 4312/11426/1548 4868/11427/1536 4851/11428/1492 3986/11429/1549
f 4895/11430/1509 4869/9803/1509 4849/9806/1512 4899/11431/1512
f 3986/11432/1549 4851/11433/1492 4865/11407/1495 4231/11406/1827
f 4316/11434/1521 4895/11430/1509 4899/11431/1512 3978/11435/1522
f 3975/10040/1614 4885/10039/1618 4887/11413/1619 4018/11436/1615
f 3984/9932/1542 4900/9931/1611 4902/11418/1690 4071/11437/1695
f 4092/11438/1722 4111/11439/1721 4904/11421/1709 4889/11420/1699
f 4071/11437/1695 4902/11418/1690 4904/11419/1709 4111/11440/1721
f 4018/11436/1615 4887/11413/1619 4891/11410/1760 4144/11441/1759
f 4144/11441/1759 4891/11410/1760 4892/11394/1784 4172/11442/1783
f 3978/11443/1522 4899/11405/1512 4907/11400/1843 4227/11444/1821
f 4227/11444/1821 4907/11400/1843 4908/11392/1843 4267/11445/1870
f 4172/11442/1783 4892/11394/1784 4895/11395/1509 4316/11446/1521
f 4267/11445/1870 4908/11392/1843 4910/11393/2335 4347/11447/1913
f 4370/11448/2213 4918/11391/2448 4911/10559/1960 4368/10558/1959
f 4372/11449/2216 4917/11390/2447 4918/11391/2448 4370/11448/2213
f 4542/11450/2218 4898/11379/2439 4917/11390/2447 4372/11449/2216
f 4570/11451/2229 4373/11452/2228 4915/11377/2437 4921/11376/2436
f 4545/11453/2225 4371/11454/2223 4914/11389/2446 4920/11378/2438
f 4371/11454/2223 4369/11455/2221 4913/11388/2445 4914/11389/2446
f 4369/11455/2221 4367/10469/1890 4912/10468/1889 4913/11388/2445
f 4374/11456/2349 4916/11375/2435 4898/11379/2439 4542/11450/2218
f 4373/11452/2228 4545/11453/2225 4920/11378/2438 4915/11377/2437
f 4374/11456/2349 4570/11451/2229 4921/11376/2436 4916/11375/2435
f 4870/11383/1907 4881/11382/2441 4897/10467/1888 4910/11025/2335
f 4871/11385/2442 4896/11023/1848 4919/10556/1957 4880/11386/2443
f 4880/11386/2443 4919/10556/1957 4911/10559/1960 4872/10539/1940
f 4881/11382/2441 4873/10554/1955 4912/10468/1889 4897/10467/1888
f 4863/11397/1802 4906/10278/1802 4909/10452/1536 4868/11398/1536
f 4867/11402/1495 4894/10292/1495 4896/10378/1848 4871/11403/2442
f 4865/11407/1495 4893/9784/1495 4894/10292/1495 4867/11402/1495
f 4861/11409/2449 4905/10204/1764 4906/10278/1802 4863/11397/1802
f 4852/11412/2450 4901/9934/1612 4905/10204/1764 4861/11409/2449
f 4854/11415/1683 4888/10042/1683 4890/10148/1708 4858/11416/1708
f 4856/11425/1699 4858/11424/1708 4890/10092/1708 4903/10091/1699
f 4848/9941/1618 4885/10039/1618 4888/10042/1683 4854/11415/1683
f 4850/10051/1611 4900/9931/1611 4901/9934/1612 4852/11412/2450
f 4868/11427/1536 4909/9833/1536 4886/9836/1492 4851/11428/1492
f 4851/11433/1492 4886/9781/1492 4893/9784/1495 4865/11407/1495
f 5165/11457/2451 4930/11051/2350 4938/10830/2203 5166/11458/2452
f 5168/11459/2453 4929/10833/2204 4937/11058/2202 5167/11460/2454
f 5165/11457/2451 5164/11461/2455 4936/10834/2205 4930/11051/2350
f 4348/10498/1906 4922/10459/1880 4935/10819/2196 4516/11462/2440
f 4351/10471/1892 4512/11463/2444 4934/10844/2209 4924/10573/1970
f 4512/11463/2444 4376/10843/1939 4933/10842/2208 4934/10844/2209
f 5162/11464/2456 5161/10845/2210 4933/10842/2208 4932/10839/2207
f 5163/11465/2457 5162/11464/2456 4932/10839/2207 4931/10838/2206
f 5164/11461/2455 5163/11466/2457 4931/10835/2206 4936/10834/2205
f 5166/11458/2452 4938/10830/2203 4929/10833/2204 5168/11459/2453
f 5167/11467/2454 4937/10828/2202 4928/10826/2201 5170/11468/2458
f 5170/11468/2458 4928/10826/2201 4927/10823/2200 5169/11469/2459
f 5169/11469/2459 4927/10823/2200 4926/10822/2199 5171/10821/2198
f 4516/11462/2440 4935/10819/2196 4926/10822/2199 4375/10825/1956
f 4331/10472/1893 4351/10471/1892 4924/10573/1970 4925/10572/1893
f 4348/10498/1906 4324/10497/1881 4923/10460/1881 4922/10459/1880
f 5008/11470/2460 4968/11067/2357 4975/10695/2089 4990/11471/2461
f 5008/11470/2460 5012/11472/2462 4974/10693/2087 4968/11067/2357
f 5007/11473/2463 4967/10698/2092 4973/10699/2093 4989/11474/2464
f 4344/11475/1844 4522/11476/2465 4972/11477/2466 4961/11478/1845
f 4353/11479/1900 4962/11480/2467 4971/11481/2468 4518/11482/2469
f 4522/11476/2465 4468/10689/2083 4963/10688/2082 4972/11477/2466
f 4518/11482/2469 4971/11481/2468 4964/10706/2100 4467/10705/2099
f 5005/11483/2470 4965/10704/2098 4964/10706/2100 5004/10730/2124
f 5006/11484/2471 4966/10702/2096 4965/10704/2098 5005/11483/2470
f 4989/11474/2464 4973/10699/2093 4966/10702/2096 5006/11484/2471
f 4990/11471/2461 4975/10695/2089 4967/10698/2092 5007/11473/2463
f 5012/11472/2462 5009/11485/2472 4969/10691/2085 4974/10693/2087
f 5009/11485/2472 5010/11486/2473 4970/10687/2081 4969/10691/2085
f 5010/11486/2473 5003/10732/2126 4963/10688/2082 4970/10687/2081
f 4273/11487/1859 4958/11488/1838 4962/11489/2467 4353/11490/1900
f 4983/11491/1775 4953/10222/1775 4960/10436/1480 4986/11492/1480
f 4168/11493/1779 4954/11494/2474 4959/11495/1551 4280/11496/1560
f 4233/11497/1519 4956/11498/1838 4958/11488/1838 4273/11487/1859
f 5000/11499/1803 4957/10282/1803 4961/10372/1845 5002/11500/2336
f 4991/11501/1483 4940/10351/1483 4955/10279/1803 4999/11502/2475
f 3990/11503/1518 4942/11504/1554 4956/11498/1838 4233/11497/1519
f 4999/11502/2475 4955/10279/1803 4957/10282/1803 5000/11499/1803
f 4140/11505/1754 4952/11506/1756 4954/11494/2474 4168/11493/1779
f 4982/11507/1752 4951/10186/1752 4953/10222/1775 4983/11491/1775
f 4022/11508/1622 4943/11509/1626 4952/11506/1756 4140/11505/1754
f 4978/11510/1633 4944/9964/1633 4951/10186/1752 4982/11507/1752
f 4994/11511/1679 4946/10030/1679 4950/10130/1712 4996/11512/1712
f 4063/11513/1685 4945/11514/1681 4949/11515/1702 4103/11516/1723
f 4980/11517/1699 4996/11518/1712 4950/10104/1712 4948/10103/1699
f 4082/11519/1724 4103/11520/1723 4949/11521/1702 4947/11522/1699
f 3968/9962/1490 4939/9961/1632 4945/11514/1681 4063/11513/1685
f 4992/9951/1625 4941/10027/1625 4946/10030/1679 4994/11511/1679
f 4976/10031/1632 4939/9961/1632 4944/9964/1633 4978/11510/1633
f 3987/10028/1621 4941/10027/1625 4943/11509/1626 4022/11508/1622
f 4280/11523/1560 4959/11524/1551 4942/11525/1554 3990/11526/1518
f 4986/11527/1480 4960/9769/1480 4940/9772/1483 4991/11528/1483
f 4284/11529/1496 4986/11527/1480 4991/11528/1483 3970/11530/1497
f 3967/10032/1628 4976/10031/1632 4978/11510/1633 4026/11531/1629
f 3988/9952/1556 4992/9951/1625 4994/11511/1679 4073/11532/1684
f 4094/11533/1726 4113/11534/1725 4996/11518/1712 4980/11517/1699
f 4073/11532/1684 4994/11511/1679 4996/11512/1712 4113/11535/1725
f 4026/11531/1629 4978/11510/1633 4982/11507/1752 4136/11536/1751
f 4136/11536/1751 4982/11507/1752 4983/11491/1775 4160/11537/1774
f 4223/11538/1506 4999/11502/2475 5000/11499/1803 4263/11539/1857
f 3970/11540/1497 4991/11501/1483 4999/11502/2475 4223/11538/1506
f 4263/11539/1857 5000/11499/1803 5002/11500/2336 4343/11541/1897
f 4160/11537/1774 4983/11491/1775 4986/11492/1480 4284/11542/1496
f 4462/11543/2246 4460/10733/2127 5003/10732/2126 5010/11486/2473
f 4464/11544/2243 4462/11543/2246 5010/11486/2473 5009/11485/2472
f 4551/11545/2244 4464/11544/2243 5009/11485/2472 5012/11472/2462
f 4573/11546/2238 4990/11471/2461 5007/11473/2463 4465/11547/2239
f 4548/11548/2236 4989/11474/2464 5006/11484/2471 4463/11549/2234
f 4463/11549/2234 5006/11484/2471 5005/11483/2470 4461/11550/2231
f 4461/11550/2231 5005/11483/2470 5004/10730/2124 4459/10729/2123
f 4465/11547/2239 5007/11473/2463 4989/11474/2464 4548/11548/2236
f 4466/11551/2356 4551/11545/2244 5012/11472/2462 5008/11470/2460
f 4466/11551/2356 5008/11470/2460 4990/11471/2461 4573/11546/2238
f 4961/11478/1845 4972/11477/2466 4988/10731/2125 5002/11029/2336
f 4962/11480/2467 4987/11027/1896 5011/10727/2121 4971/11481/2468
f 4972/11477/2466 4963/10688/2082 5003/10732/2126 4988/10731/2125
f 4971/11481/2468 5011/10727/2121 5004/10730/2124 4964/10706/2100
f 4958/11488/1838 4985/10388/1838 4987/10476/1896 4962/11489/2467
f 4954/11494/2474 4998/10236/1781 5001/10434/1551 4959/11495/1551
f 4956/11498/1838 4984/10350/1838 4985/10388/1838 4958/11488/1838
f 4942/11504/1554 4977/10347/1554 4984/10350/1838 4956/11498/1838
f 4952/11506/1756 4997/10192/1756 4998/10236/1781 4954/11494/2474
f 4943/11509/1626 4993/9954/1626 4997/10192/1756 4952/11506/1756
f 4945/11514/1681 4979/10034/1681 4981/10124/1702 4949/11515/1702
f 4947/11522/1699 4949/11521/1702 4981/10084/1702 4995/10083/1699
f 4939/9961/1632 4976/10031/1632 4979/10034/1681 4945/11514/1681
f 4941/10027/1625 4992/9951/1625 4993/9954/1626 4943/11509/1626
f 4959/11524/1551 5001/9853/1551 4977/9856/1554 4942/11525/1554
f 5203/11552/2476 5204/11553/2477 5029/10902/2255 5021/11063/2353
f 5203/11552/2476 5021/11063/2353 5028/10906/2257 5202/11554/2478
f 5206/11555/2479 5205/11556/2480 5027/10900/2254 5020/11059/2256
f 4344/10474/1844 5014/10576/1973 5026/10914/2261 4522/11557/2465
f 4353/10483/1900 4518/11558/2469 5025/10891/2248 5015/10585/1980
f 4522/11557/2465 5026/10914/2261 5024/10917/2260 4468/11559/2083
f 5200/11560/2481 5023/10911/2259 5024/10913/2260 5199/11561/2263
f 5201/11562/2482 5022/10909/2258 5023/10911/2259 5200/11560/2481
f 5202/11554/2478 5028/10906/2257 5022/10909/2258 5201/11562/2482
f 5204/11553/2477 5206/11563/2479 5020/10903/2256 5029/10902/2255
f 5205/11556/2480 5208/11564/2483 5019/10898/2253 5027/10900/2254
f 5208/11564/2483 5207/11565/2484 5018/10895/2252 5019/10898/2253
f 5207/11565/2484 5209/10893/2250 5017/10892/2249 5018/10895/2252
f 4518/11558/2469 4467/10896/2099 5017/10892/2249 5025/10891/2248
f 4333/10484/1901 4353/10483/1900 5015/10585/1980 5016/10584/1901
f 4344/10474/1844 4322/10473/1894 5013/10577/1894 5014/10576/1973
f 5065/11566/2485 5047/11567/2485 5049/11568/2486 5068/11569/2487
f 5073/11570/2488 5059/11571/2488 5052/11572/2489 5075/11573/2489
f 5076/11574/2490 5053/11575/2490 5058/11576/2491 5071/11577/2491
f 5071/11578/2491 5058/11579/2491 5050/11580/2492 5070/11581/2492
f 5062/11582/2493 5046/11583/2493 5053/11584/2490 5076/11585/2490
f 5104/11586/2494 5060/11587/2495 5055/11588/2495 5084/11589/2496
f 5078/11590/2496 5054/11591/2495 5061/11592/2495 5108/11593/2496
f 5106/11594/2497 5076/11574/2490 5071/11577/2491 5099/11595/2498
f 5094/11596/2499 5096/11597/2500 5072/11598/1699 5073/11599/2488
f 5099/11600/2498 5071/11578/2491 5070/11581/2492 5098/11601/2501
f 5108/11593/2496 5061/11592/2495 5050/11602/2492 5101/11603/2502
f 5294/11604/2503 5295/11605/2504 5031/11606/2504 5032/11607/2505
f 5075/11573/2489 5052/11572/2489 5047/11567/2485 5065/11566/2485
f 5327/11608/2506 5294/11609/2503 5032/11610/2505 5320/11611/2507
f 5081/11612/2508 5062/11582/2493 5076/11585/2490 5106/11613/2497
f 5094/11614/2499 5073/11570/2488 5075/11573/2489 5102/11615/2509
f 5061/11592/2495 5077/11616/2495 5070/11617/2492 5050/11602/2492
f 5055/11588/2495 5064/11618/2495 5069/11619/2495 5057/11620/2495
f 5073/11599/2488 5072/11598/1699 5051/11621/1699 5059/11622/2488
f 5310/11623/2510 5293/11624/2511 5030/11625/2511 5296/11626/2510
f 5067/11627/2495 5088/11628/2512 5080/11629/2512 5063/11630/2495
f 5048/11631/2513 5087/11632/2514 5079/11633/2515 5046/11634/2493
f 5089/11635/2516 5066/11636/2513 5062/11637/2493 5081/11638/2508
f 5060/11587/2495 5074/11639/2495 5064/11618/2495 5055/11588/2495
f 5057/11620/2495 5069/11619/2495 5067/11627/2495 5056/11640/2495
f 5102/11615/2509 5075/11573/2489 5065/11566/2485 5083/11641/2517
f 5056/11640/2495 5067/11627/2495 5063/11630/2495 5054/11591/2495
f 5093/11642/2518 5068/11643/2487 5066/11644/2513 5089/11645/2516
f 5087/11646/2514 5086/11647/2496 5078/11648/2496 5079/11649/2515
f 5069/11619/2495 5092/11650/2512 5088/11628/2512 5067/11627/2495
f 5091/11651/2519 5090/11652/2496 5086/11647/2496 5087/11646/2514
f 5052/11572/2489 5103/11653/2520 5085/11654/2521 5047/11567/2485
f 5092/11655/2512 5093/11656/2518 5089/11657/2516 5088/11658/2512
f 5074/11639/2495 5105/11659/2522 5082/11660/2512 5064/11618/2495
f 5088/11658/2512 5089/11657/2516 5081/11661/2508 5080/11662/2512
f 5103/11663/2520 5104/11664/2494 5084/11665/2496 5085/11666/2521
f 5049/11667/2486 5091/11668/2519 5087/11669/2514 5048/11670/2513
f 5105/11671/2522 5102/11672/2509 5083/11673/2517 5082/11674/2512
f 5314/11675/2523 5322/11676/1699 5042/11677/2524 5044/11678/2525
f 5293/11679/2511 5292/11680/2526 5033/11681/2527 5030/11682/2511
f 5314/11683/2523 5044/11684/2525 5036/11685/2528 5321/11686/2529
f 5315/11687/2530 5039/11688/2531 5038/11689/2532 5323/11690/2533
f 5044/11691/2525 5042/11692/2524 5035/11693/2534 5036/11694/2528
f 5032/11607/2505 5031/11606/2504 5038/11695/2532 5039/11696/2531
f 5296/11626/2510 5030/11625/2511 5041/11697/2535 5303/11698/2533
f 5320/11699/2507 5032/11700/2505 5039/11701/2531 5315/11702/2530
f 5030/11682/2511 5033/11681/2527 5040/11703/2536 5041/11704/2535
f 5043/11705/2537 5045/11706/2538 5037/11707/2539 5034/11708/2540
f 5053/11575/2490 5107/11709/2541 5100/11710/2542 5058/11576/2491
f 5109/11711/2512 5106/11712/2497 5099/11713/2498 5098/11714/2501
f 5082/11674/2512 5083/11673/2517 5093/11656/2518 5092/11655/2512
f 5090/11715/2496 5057/11620/2495 5056/11640/2495 5086/11716/2496
f 5077/11616/2495 5109/11717/2512 5098/11718/2501 5070/11617/2492
f 5064/11618/2495 5082/11660/2512 5092/11650/2512 5069/11619/2495
f 5085/11666/2521 5084/11665/2496 5090/11652/2496 5091/11651/2519
f 5096/11719/2500 5094/11720/2499 5102/11672/2509 5105/11671/2522
f 5047/11567/2485 5085/11654/2521 5091/11721/2519 5049/11568/2486
f 5086/11716/2496 5056/11640/2495 5054/11591/2495 5078/11590/2496
f 5066/11636/2513 5048/11631/2513 5046/11634/2493 5062/11637/2493
f 5068/11643/2487 5049/11667/2486 5048/11670/2513 5066/11644/2513
f 5083/11641/2517 5065/11566/2485 5068/11569/2487 5093/11722/2518
f 5046/11583/2493 5079/11723/2515 5107/11724/2541 5053/11584/2490
f 5059/11622/2488 5051/11621/1699 5097/11725/2543 5095/11726/2544
f 5059/11571/2488 5095/11727/2544 5103/11653/2520 5052/11572/2489
f 5084/11589/2496 5055/11588/2495 5057/11620/2495 5090/11715/2496
f 5079/11649/2515 5078/11648/2496 5108/11728/2496 5107/11729/2541
f 5058/11579/2491 5100/11730/2542 5101/11731/2502 5050/11580/2492
f 5107/11729/2541 5108/11728/2496 5101/11732/2502 5100/11733/2542
f 5080/11662/2512 5081/11661/2508 5106/11712/2497 5109/11711/2512
f 5063/11630/2495 5080/11629/2512 5109/11717/2512 5077/11616/2495
f 5095/11734/2544 5097/11735/2543 5104/11664/2494 5103/11663/2520
f 5054/11591/2495 5063/11630/2495 5077/11616/2495 5061/11592/2495
f 4325/10376/1434 4341/10375/1847 5112/11736/2545 5113/11737/2546
f 4350/10516/1914 4330/10515/1435 5111/11738/2547 5110/11018/2333
f 5128/10779/2161 5127/10778/2160 4386/11739/1968 4388/11740/1966
f 5127/10778/2160 4394/10794/2176 5129/11741/1969 4386/11739/1968
f 4398/10780/2162 5128/10779/2161 4388/11740/1966 5130/11742/1965
f 4476/10792/2174 4478/10791/2173 5132/11743/2430 5131/11744/2159
f 4478/10791/2173 4480/10790/2172 5133/11745/2431 5132/11743/2430
f 4538/10789/2171 4482/10788/2170 5135/11746/2424 5134/11747/2426
f 4482/10788/2170 4566/10787/2169 5136/11748/2425 5135/11746/2424
f 4481/10786/2168 4535/10785/2167 5137/11749/2428 5138/11750/2427
f 4479/10784/2166 4477/10783/2165 5139/11751/2433 5140/11752/2432
f 4477/10783/2165 4475/10782/2164 5141/11753/2434 5139/11751/2433
f 4475/10782/2164 4507/10781/2163 5142/11754/2429 5141/11753/2434
f 4510/10793/2175 4476/10792/2174 5131/11744/2159 5143/11755/2158
f 4507/10781/2163 4398/10780/2162 5130/11742/1965 5142/11754/2429
f 4394/10794/2176 4510/10793/2175 5143/11755/2158 5129/11741/1969
f 4535/10785/2167 4479/10784/2166 5140/11752/2432 5137/11749/2428
f 4480/10790/2172 4538/10789/2171 5134/11747/2426 5133/11745/2431
f 4566/10787/2169 4481/10786/2168 5138/11750/2427 5136/11748/2425
f 4484/10797/1978 5114/10796/2178 5123/11756/2548 4508/11757/1979
f 5112/11736/2545 4341/10375/1847 4508/11757/1979 5123/11756/2548
f 4347/10503/1913 4515/11758/1891 5157/11759/2549 5144/11760/2550
f 4352/10374/1846 5146/11761/2551 5156/11762/2552 4513/11763/1958
f 4515/11758/1891 4367/10859/1890 5152/10858/2220 5157/11759/2549
f 4513/11763/1958 5156/11762/2552 5148/10850/2214 4368/10849/1959
f 4352/10374/1846 4332/10373/1348 5147/11764/2553 5146/11761/2551
f 4323/10504/1454 4347/10503/1913 5144/11760/2550 5145/11765/2554
f 4362/10519/1920 4360/10535/1936 5161/11766/2210 5162/11767/2456
f 4364/10520/1921 4362/10519/1920 5162/11767/2456 5163/11768/2457
f 4366/10522/1923 4541/10521/1922 5164/11769/2455 5165/11770/2451
f 4569/10523/1924 4366/10522/1923 5165/11770/2451 5166/11771/2452
f 4544/10525/1926 4365/10524/1925 5168/11772/2453 5167/11773/2454
f 4361/10527/1928 4363/10526/1927 5170/11774/2458 5169/11775/2459
f 4359/10528/1929 4361/10527/1928 5169/11775/2459 5171/11776/2198
f 5173/10531/1932 4397/10530/1931 5172/11777/1883 4385/11778/1882
f 4399/10533/1934 5175/10532/1933 4389/11779/1972 5174/11780/1971
f 4511/10534/1935 4399/10533/1934 5174/11780/1971 5176/11781/2211
f 4397/10530/1931 4514/10529/1930 5177/11782/2197 5172/11777/1883
f 4360/10535/1936 4511/10534/1935 5176/11781/2211 5161/11766/2210
f 4514/10529/1930 4359/10528/1929 5171/11776/2198 5177/11782/2197
f 4541/10521/1922 4364/10520/1921 5163/11768/2457 5164/11769/2455
f 4363/10526/1927 4544/10525/1926 5167/11773/2454 5170/11774/2458
f 4365/10524/1925 4569/10523/1924 5166/11771/2452 5168/11772/2453
f 5175/10532/1933 5173/10531/1932 4385/11778/1882 4389/11779/1972
f 4343/10477/1897 4521/11783/2128 5191/11784/2555 5179/11785/2556
f 4354/10480/1895 5180/11786/2557 5190/11787/2558 4519/11788/2122
f 4521/11783/2128 4460/10889/2127 5189/10888/2247 5191/11784/2555
f 5181/11789/2559 5178/11790/2560 5179/11791/2556 5191/11792/2555 5189/11793/2247 5188/11794/2245 5187/11795/2242 5193/11796/2241 5186/11797/2355 5194/11798/2237 5185/11799/2240 5192/11800/2235 5184/11801/2233 5183/11802/2230 5182/11803/2232 5190/11804/2558 5180/11805/2557
f 4519/11788/2122 5190/11787/2558 5182/10872/2232 4459/10871/2123
f 4354/10480/1895 4334/10479/1439 5181/11806/2559 5180/11786/2557
f 4321/10478/1438 4343/10477/1897 5179/11785/2556 5178/11807/2560
f 5196/10671/2065 4395/10670/2064 5195/11808/1975 4384/11809/1974
f 4400/10673/2067 5198/10672/2066 4390/11810/1982 5197/11811/1981
f 4452/10685/2079 4454/10684/2078 5200/11812/2481 5199/11813/2263
f 4454/10684/2078 4456/10683/2077 5201/11814/2482 5200/11812/2481
f 4550/10682/2076 4458/10681/2075 5203/11815/2476 5202/11816/2478
f 4458/10681/2075 4572/10680/2074 5204/11817/2477 5203/11815/2476
f 4457/10679/2073 4547/10678/2072 5205/11818/2480 5206/11819/2479
f 4455/10677/2071 4453/10676/2070 5207/11820/2484 5208/11821/2483
f 4453/10676/2070 4451/10675/2069 5209/11822/2250 5207/11820/2484
f 4451/10675/2069 4517/10674/2068 5210/11823/2251 5209/11822/2250
f 4520/10686/2080 4452/10685/2079 5199/11813/2263 5211/11824/2262
f 4517/10674/2068 4400/10673/2067 5197/11811/1981 5210/11823/2251
f 4395/10670/2064 4520/10686/2080 5211/11824/2262 5195/11808/1975
f 4547/10678/2072 4455/10677/2071 5208/11821/2483 5205/11818/2480
f 4456/10683/2077 4550/10682/2076 5202/11816/2478 5201/11814/2482
f 4572/10680/2074 4457/10679/2073 5206/11819/2479 5204/11817/2477
f 5198/10672/2066 5196/10671/2065 4384/11809/1974 4390/11810/1982
f 4339/10511/1916 4527/11825/2136 5225/11826/2561 5214/11827/2562
f 4356/10492/1903 5213/11828/2563 5224/11829/2564 4525/11830/2130
f 4527/11831/2136 4436/10963/2135 5223/10962/2297 5225/11832/2561
f 5212/11833/2565 5215/11834/2566 5214/11835/2562 5225/11836/2561 5223/11837/2297 5222/11838/2295 5221/11839/2292 5227/11840/2291 5220/11841/2358 5228/11842/2287 5219/11843/2290 5226/11844/2285 5218/11845/2283 5217/11846/2280 5216/11847/2282 5224/11848/2564 5213/11849/2563
f 4525/11830/2130 5224/11829/2564 5216/10947/2282 4435/10946/2131
f 4319/10512/1419 4339/10511/1916 5214/11827/2562 5215/11850/2566
f 4356/10492/1903 4336/10491/1430 5212/11851/2565 5213/11828/2563
f 5230/10634/2028 4393/10633/2027 5229/11852/1879 4383/11853/1878
f 4401/10636/2030 5232/10635/2029 4391/11854/1887 5231/11855/1886
f 4428/10648/2042 4430/10647/2041 5234/11856/2382 5233/11857/2279
f 4430/10647/2041 4432/10646/2040 5235/11858/2383 5234/11856/2382
f 4556/10645/2039 4434/10644/2038 5237/11859/2377 5236/11860/2379
f 4434/10644/2038 4559/10643/2037 5238/11861/2378 5237/11859/2377
f 4433/10642/2036 4553/10641/2035 5239/11862/2381 5240/11863/2380
f 4431/10640/2034 4429/10639/2033 5241/11864/2385 5242/11865/2384
f 4429/10639/2033 4427/10638/2032 5243/11866/2266 5241/11864/2385
f 4427/10638/2032 4523/10637/2031 5244/11867/2267 5243/11866/2266
f 4526/10649/2043 4428/10648/2042 5233/11857/2279 5245/11868/2278
f 4523/10637/2031 4401/10636/2030 5231/11855/1886 5244/11867/2267
f 4393/10633/2027 4526/10649/2043 5245/11868/2278 5229/11852/1879
f 4553/10641/2035 4431/10640/2034 5242/11865/2384 5239/11862/2381
f 4432/10646/2040 4556/10645/2039 5236/11860/2379 5235/11858/2383
f 4559/10643/2037 4433/10642/2036 5240/11863/2380 5238/11861/2378
f 5232/10635/2029 5230/10634/2028 4383/11853/1878 4391/11854/1887
f 4358/11869/1911 5247/11870/2567 5258/11871/2568 4501/11872/2138
f 4345/11873/1905 4503/11874/2144 5259/11875/2569 5249/11876/2570
f 4503/11874/2144 4412/11009/2143 5257/11008/2331 5259/11875/2569
f 5246/11877/2571 5248/11878/2572 5249/11879/2570 5259/11880/2569 5257/11881/2331 5256/11882/2329 5255/11883/2326 5261/11884/2325 5254/11885/2338 5262/11886/2321 5253/11887/2324 5260/11888/2319 5252/11889/2317 5251/11890/2314 5250/11891/2316 5258/11892/2568 5247/11893/2567
f 4501/11872/2138 5258/11871/2568 5250/10993/2316 4411/10992/2139
f 4327/10490/1443 4345/10489/1905 5249/11894/2570 5248/11895/2572
f 4358/10508/1911 4338/10507/1451 5246/11896/2571 5247/11897/2567
f 5264/10597/1991 4396/10596/1990 5263/11898/1985 4387/11899/1984
f 4402/10599/1993 5266/10598/1992 4392/11900/1963 5265/11901/1962
f 4404/10611/2005 4406/10610/2004 5268/11902/2406 5267/11903/2313
f 4406/10610/2004 4408/10609/2003 5269/11904/2407 5268/11902/2406
f 4532/10608/2002 4410/10607/2001 5271/11905/2401 5270/11906/2403
f 4410/10607/2001 4563/10606/2000 5273/11907/2402 5271/11905/2401
f 4409/10605/1999 4529/10604/1998 5272/11908/2405 5274/11909/2404
f 4407/10603/1997 4405/10602/1996 5275/11910/2409 5276/11911/2408
f 4405/10602/1996 4403/10601/1995 5277/11912/2300 5275/11910/2409
f 4403/10601/1995 4499/10600/1994 5278/11913/2301 5277/11912/2300
f 4502/10612/2006 4404/10611/2005 5267/11903/2313 5279/11914/2312
f 4499/10600/1994 4402/10599/1993 5265/11901/1962 5278/11913/2301
f 4396/10596/1990 4502/10612/2006 5279/11914/2312 5263/11898/1985
f 4529/10604/1998 4407/10603/1997 5276/11911/2408 5272/11908/2405
f 4408/10609/2003 4532/10608/2002 5270/11906/2403 5269/11904/2407
f 4563/10606/2000 4409/10605/1999 5274/11909/2404 5273/11907/2402
f 5266/10598/1992 5264/10597/1991 4387/11899/1984 4392/11900/1963
f 5291/11915/2511 5290/11916/2573 5280/11917/2574 5281/11918/2511
f 5309/11919/2510 5291/11920/2511 5281/11921/2511 5304/11922/2510
f 5326/11923/2575 5288/11924/2576 5282/11925/2577 5324/11926/2578
f 5288/11927/2576 5289/11928/2504 5283/11929/2504 5282/11930/2577
f 5281/11918/2511 5280/11917/2574 5284/11931/2579 5285/11932/2511
f 5304/11922/2510 5281/11921/2511 5285/11933/2511 5306/11934/2510
f 5324/11935/2578 5282/11936/2577 5286/11937/2580 5325/11938/2581
f 5282/11930/2577 5283/11929/2504 5287/11939/2504 5286/11940/2580
f 5036/11694/2528 5035/11693/2534 5289/11928/2504 5288/11927/2576
f 5321/11686/2529 5036/11685/2528 5288/11924/2576 5326/11923/2575
f 5299/11941/2510 5034/11942/2540 5291/11920/2511 5309/11919/2510
f 5034/11708/2540 5037/11707/2539 5290/11916/2573 5291/11915/2511
f 5285/11932/2511 5284/11931/2579 5292/11680/2526 5293/11679/2511
f 5306/11934/2510 5285/11933/2511 5293/11624/2511 5310/11623/2510
f 5325/11943/2581 5286/11944/2580 5294/11945/2503 5327/11946/2506
f 5286/11940/2580 5287/11939/2504 5295/11605/2504 5294/11604/2503
f 5284/11947/2579 5307/11948/2581 5311/11949/2506 5292/11950/2526
f 5317/11951/2510 5306/11934/2510 5310/11623/2510 5319/11952/2510
f 5313/11953/2510 5299/11941/2510 5309/11919/2510 5318/11954/2510
f 5037/11955/2539 5298/11956/2529 5308/11957/2575 5290/11958/2573
f 5280/11959/2574 5305/11960/2578 5307/11961/2581 5284/11962/2579
f 5316/11963/2510 5304/11922/2510 5306/11934/2510 5317/11951/2510
f 5290/11958/2573 5308/11957/2575 5305/11964/2578 5280/11965/2574
f 5318/11954/2510 5309/11919/2510 5304/11922/2510 5316/11963/2510
f 5033/11966/2527 5297/11967/2507 5302/11968/2530 5040/11969/2536
f 5312/11970/2510 5296/11626/2510 5303/11698/2533 5323/11971/2533
f 5040/11972/2536 5302/11973/2530 5303/11974/2533 5041/11975/2535
f 5045/11976/2538 5300/11977/2523 5298/11956/2529 5037/11955/2539
f 5045/11978/2538 5043/11979/2537 5301/11980/1699 5300/11981/2523
f 5319/11952/2510 5310/11623/2510 5296/11626/2510 5312/11970/2510
f 5292/11982/2526 5311/11983/2506 5297/11984/2507 5033/11985/2527
f 5295/11986/2504 5319/11952/2510 5312/11970/2510 5031/11987/2504
f 5031/11987/2504 5312/11970/2510 5323/11971/2533 5038/11988/2532
f 5289/11989/2504 5318/11954/2510 5316/11963/2510 5283/11990/2504
f 5283/11990/2504 5316/11963/2510 5317/11951/2510 5287/11991/2504
f 5035/11992/2534 5313/11953/2510 5318/11954/2510 5289/11989/2504
f 5287/11991/2504 5317/11951/2510 5319/11952/2510 5295/11986/2504
f 5307/11948/2581 5325/11943/2581 5327/11946/2506 5311/11949/2506
f 5298/11956/2529 5321/11686/2529 5326/11923/2575 5308/11957/2575
f 5305/11960/2578 5324/11935/2578 5325/11938/2581 5307/11961/2581
f 5308/11957/2575 5326/11923/2575 5324/11926/2578 5305/11964/2578
f 5297/11967/2507 5320/11699/2507 5315/11702/2530 5302/11968/2530
f 5302/11973/2530 5315/11687/2530 5323/11690/2533 5303/11974/2533
f 5300/11977/2523 5314/11683/2523 5321/11686/2529 5298/11956/2529
f 5300/11981/2523 5301/11980/1699 5322/11676/1699 5314/11675/2523
f 5311/11983/2506 5327/11608/2506 5320/11611/2507 5297/11984/2507
f 5347/11993/2582 5329/11994/2582 5331/11995/2583 5350/11996/2583
f 5355/11997/2584 5341/11998/2584 5334/11999/2585 5357/12000/2585
f 5358/12001/2586 5335/12002/2587 5340/12003/2588 5353/12004/2588
f 5353/12005/2588 5340/12006/2588 5332/12007/2589 5352/12008/2589
f 5344/12009/2590 5328/12010/2590 5335/12011/2587 5358/12012/2586
f 5386/12013/2591 5342/12014/2592 5337/12015/2592 5366/12016/2593
f 5360/12017/2593 5336/12018/2592 5343/12019/2592 5390/12020/2593
f 5388/12021/2594 5358/12001/2586 5353/12004/2588 5381/12022/2595
f 5376/12023/2596 5378/12024/2597 5354/12025/1699 5355/12026/2584
f 5381/12027/2595 5353/12005/2588 5352/12008/2589 5380/12028/2598
f 5390/12020/2593 5343/12019/2592 5332/12029/2589 5383/12030/2599
f 5357/12031/2585 5334/12032/2585 5329/12033/2582 5347/12034/2582
f 5363/12035/2600 5344/12009/2590 5358/12012/2586 5388/12036/2594
f 5376/12037/2596 5355/11997/2584 5357/12000/2585 5384/12038/2601
f 5343/12019/2592 5359/12039/2592 5352/12040/2589 5332/12029/2589
f 5337/12015/2592 5346/12041/2592 5351/12042/2592 5339/12043/2592
f 5355/12026/2584 5354/12025/1699 5333/12044/1699 5341/12045/2584
f 5349/12046/2592 5370/12047/2602 5362/12048/2602 5345/12049/2592
f 5330/12050/2603 5369/12051/2604 5361/12052/2605 5328/12053/2590
f 5371/12054/2606 5348/12055/2603 5344/12056/2590 5363/12057/2600
f 5342/12014/2592 5356/12058/2592 5346/12041/2592 5337/12015/2592
f 5339/12043/2592 5351/12042/2592 5349/12046/2592 5338/12059/2592
f 5384/12060/2601 5357/12031/2585 5347/12034/2582 5365/12061/2607
f 5338/12059/2592 5349/12046/2592 5345/12049/2592 5336/12018/2592
f 5375/12062/2608 5350/12063/2583 5348/12064/2603 5371/12065/2606
f 5369/12066/2604 5368/12067/2593 5360/12068/2593 5361/12069/2605
f 5351/12042/2592 5374/12070/2602 5370/12047/2602 5349/12046/2592
f 5373/12071/2609 5372/12072/2593 5368/12067/2593 5369/12066/2604
f 5334/12032/2585 5385/12073/2610 5367/12074/2611 5329/12033/2582
f 5374/12075/2602 5375/12076/2608 5371/12077/2606 5370/12078/2602
f 5356/12058/2592 5387/12079/2612 5364/12080/2602 5346/12041/2592
f 5370/12078/2602 5371/12077/2606 5363/12081/2600 5362/12082/2602
f 5385/12083/2610 5386/12084/2591 5366/12085/2593 5367/12086/2611
f 5331/12087/2583 5373/12088/2609 5369/12089/2604 5330/12090/2603
f 5387/12091/2612 5384/12092/2601 5365/12093/2607 5364/12094/2602
f 5335/12002/2587 5389/12095/2613 5382/12096/2614 5340/12003/2588
f 5391/12097/2602 5388/12098/2594 5381/12099/2595 5380/12100/2598
f 5364/12094/2602 5365/12093/2607 5375/12076/2608 5374/12075/2602
f 5372/12101/2593 5339/12043/2592 5338/12059/2592 5368/12102/2593
f 5359/12039/2592 5391/12103/2602 5380/12104/2598 5352/12040/2589
f 5346/12041/2592 5364/12080/2602 5374/12070/2602 5351/12042/2592
f 5367/12086/2611 5366/12085/2593 5372/12072/2593 5373/12071/2609
f 5378/12105/2597 5376/12106/2596 5384/12092/2601 5387/12091/2612
f 5329/11994/2582 5367/12107/2611 5373/12108/2609 5331/11995/2583
f 5368/12102/2593 5338/12059/2592 5336/12018/2592 5360/12017/2593
f 5348/12055/2603 5330/12050/2603 5328/12053/2590 5344/12056/2590
f 5350/12063/2583 5331/12087/2583 5330/12090/2603 5348/12064/2603
f 5365/12109/2607 5347/11993/2582 5350/11996/2583 5375/12110/2608
f 5328/12010/2590 5361/12111/2605 5389/12112/2613 5335/12011/2587
f 5341/12045/2584 5333/12044/1699 5379/12113/2615 5377/12114/2616
f 5341/11998/2584 5377/12115/2616 5385/12116/2610 5334/11999/2585
f 5366/12016/2593 5337/12015/2592 5339/12043/2592 5372/12101/2593
f 5361/12069/2605 5360/12068/2593 5390/12117/2593 5389/12118/2613
f 5340/12006/2588 5382/12119/2614 5383/12120/2599 5332/12007/2589
f 5389/12118/2613 5390/12117/2593 5383/12121/2599 5382/12122/2614
f 5362/12082/2602 5363/12081/2600 5388/12098/2594 5391/12097/2602
f 5345/12049/2592 5362/12048/2602 5391/12103/2602 5359/12039/2592
f 5377/12123/2616 5379/12124/2615 5386/12084/2591 5385/12083/2610
f 5336/12018/2592 5345/12049/2592 5359/12039/2592 5343/12019/2592
f 5411/12125/2617 5393/12126/2617 5395/12127/2618 5414/12128/2618
f 5419/12129/2619 5405/12130/2620 5398/12131/2621 5421/12132/2622
f 5422/12133/2623 5399/12134/2624 5404/12135/2625 5417/12136/2625
f 5417/12137/2625 5404/12138/2625 5396/12139/2626 5416/12140/2626
f 5408/12141/2627 5392/12142/2627 5399/12143/2624 5422/12144/2623
f 5450/12145/2628 5406/12146/2629 5401/12147/2629 5430/12148/2630
f 5424/12149/2630 5400/12150/2629 5407/12151/2629 5454/12152/2630
f 5452/12153/2631 5422/12133/2623 5417/12136/2625 5445/12154/2632
f 5440/12155/2633 5442/12156/2634 5418/12157/1699 5419/12158/2619
f 5445/12159/2632 5417/12137/2625 5416/12140/2626 5444/12160/2635
f 5454/12152/2630 5407/12151/2629 5396/12161/2626 5447/12162/2636
f 5421/12163/2622 5398/12164/2621 5393/12165/2617 5411/12166/2617
f 5427/12167/2637 5408/12141/2627 5422/12144/2623 5452/12168/2631
f 5440/12169/2633 5419/12129/2619 5421/12132/2622 5448/12170/2638
f 5407/12151/2629 5423/12171/2629 5416/12172/2626 5396/12161/2626
f 5401/12147/2629 5410/12173/2629 5415/12174/2629 5403/12175/2629
f 5419/12158/2619 5418/12157/1699 5397/12176/1699 5405/12177/2620
f 5413/12178/2629 5434/12179/2639 5426/12180/2639 5409/12181/2629
f 5394/12182/2640 5433/12183/2641 5425/12184/2642 5392/12185/2627
f 5435/12186/2643 5412/12187/2640 5408/12188/2627 5427/12189/2637
f 5406/12146/2629 5420/12190/2629 5410/12173/2629 5401/12147/2629
f 5403/12175/2629 5415/12174/2629 5413/12178/2629 5402/12191/2629
f 5448/12192/2638 5421/12163/2622 5411/12166/2617 5429/12193/2644
f 5402/12191/2629 5413/12178/2629 5409/12181/2629 5400/12150/2629
f 5439/12194/2645 5414/12195/2618 5412/12196/2640 5435/12197/2643
f 5433/12198/2641 5432/12199/2630 5424/12200/2630 5425/12201/2642
f 5415/12174/2629 5438/12202/2639 5434/12179/2639 5413/12178/2629
f 5437/12203/2646 5436/12204/2630 5432/12199/2630 5433/12198/2641
f 5398/12164/2621 5449/12205/2647 5431/12206/2648 5393/12165/2617
f 5438/12207/2639 5439/12208/2645 5435/12209/2643 5434/12210/2639
f 5420/12190/2629 5451/12211/2649 5428/12212/2639 5410/12173/2629
f 5434/12210/2639 5435/12209/2643 5427/12213/2637 5426/12214/2639
f 5449/12215/2647 5450/12216/2628 5430/12217/2630 5431/12218/2648
f 5395/12219/2618 5437/12220/2646 5433/12221/2641 5394/12222/2640
f 5451/12223/2649 5448/12224/2638 5429/12225/2644 5428/12226/2639
f 5399/12134/2624 5453/12227/2650 5446/12228/2651 5404/12135/2625
f 5455/12229/2639 5452/12230/2631 5445/12231/2632 5444/12232/2635
f 5428/12226/2639 5429/12225/2644 5439/12208/2645 5438/12207/2639
f 5436/12233/2630 5403/12175/2629 5402/12191/2629 5432/12234/2630
f 5423/12171/2629 5455/12235/2639 5444/12236/2635 5416/12172/2626
f 5410/12173/2629 5428/12212/2639 5438/12202/2639 5415/12174/2629
f 5431/12218/2648 5430/12217/2630 5436/12204/2630 5437/12203/2646
f 5442/12237/2634 5440/12238/2633 5448/12224/2638 5451/12223/2649
f 5393/12126/2617 5431/12239/2648 5437/12240/2646 5395/12127/2618
f 5432/12234/2630 5402/12191/2629 5400/12150/2629 5424/12149/2630
f 5412/12187/2640 5394/12182/2640 5392/12185/2627 5408/12188/2627
f 5414/12195/2618 5395/12219/2618 5394/12222/2640 5412/12196/2640
f 5429/12241/2644 5411/12125/2617 5414/12128/2618 5439/12242/2645
f 5392/12142/2627 5425/12243/2642 5453/12244/2650 5399/12143/2624
f 5405/12177/2620 5397/12176/1699 5443/12245/2652 5441/12246/2653
f 5405/12130/2620 5441/12247/2653 5449/12248/2647 5398/12131/2621
f 5430/12148/2630 5401/12147/2629 5403/12175/2629 5436/12233/2630
f 5425/12201/2642 5424/12200/2630 5454/12249/2630 5453/12250/2650
f 5404/12138/2625 5446/12251/2651 5447/12252/2636 5396/12139/2626
f 5453/12250/2650 5454/12249/2630 5447/12253/2636 5446/12254/2651
f 5426/12214/2639 5427/12213/2637 5452/12230/2631 5455/12229/2639
f 5409/12181/2629 5426/12180/2639 5455/12235/2639 5423/12171/2629
f 5441/12255/2653 5443/12256/2652 5450/12216/2628 5449/12215/2647
f 5400/12150/2629 5409/12181/2629 5423/12171/2629 5407/12151/2629
f 5475/12257/2654 5457/12258/2654 5459/12259/2655 5478/12260/2655
f 5483/12261/2656 5469/12262/2656 5462/12263/2657 5485/12264/2657
f 5486/12265/2658 5463/12266/2658 5468/12267/2659 5481/12268/2660
f 5481/12269/2660 5468/12270/2659 5460/12271/2661 5480/12272/2661
f 5472/12273/2662 5456/12274/2662 5463/12275/2658 5486/12276/2658
f 5514/12277/2663 5470/12278/2664 5465/12279/2664 5494/12280/2665
f 5488/12281/2665 5464/12282/2664 5471/12283/2664 5518/12284/2665
f 5516/12285/2666 5486/12265/2658 5481/12268/2660 5509/12286/2667
f 5504/12287/2668 5506/12288/2669 5482/12289/1699 5483/12290/2656
f 5509/12291/2667 5481/12269/2660 5480/12272/2661 5508/12292/2670
f 5518/12284/2665 5471/12283/2664 5460/12293/2661 5511/12294/2671
f 5485/12264/2657 5462/12263/2657 5457/12258/2654 5475/12257/2654
f 5491/12295/2672 5472/12273/2662 5486/12276/2658 5516/12296/2666
f 5504/12297/2668 5483/12261/2656 5485/12264/2657 5512/12298/2673
f 5471/12283/2664 5487/12299/2664 5480/12300/2661 5460/12293/2661
f 5465/12279/2664 5474/12301/2664 5479/12302/2664 5467/12303/2664
f 5483/12290/2656 5482/12289/1699 5461/12304/1699 5469/12305/2656
f 5477/12306/2664 5498/12307/2674 5490/12308/2674 5473/12309/2664
f 5458/12310/2675 5497/12311/2676 5489/12312/2677 5456/12313/2662
f 5499/12314/2678 5476/12315/2675 5472/12316/2662 5491/12317/2672
f 5470/12278/2664 5484/12318/2664 5474/12301/2664 5465/12279/2664
f 5467/12303/2664 5479/12302/2664 5477/12306/2664 5466/12319/2664
f 5512/12298/2673 5485/12264/2657 5475/12257/2654 5493/12320/2679
f 5466/12319/2664 5477/12306/2664 5473/12309/2664 5464/12282/2664
f 5503/12321/2680 5478/12322/2655 5476/12323/2675 5499/12324/2678
f 5497/12325/2676 5496/12326/2665 5488/12327/2665 5489/12328/2677
f 5479/12302/2664 5502/12329/2674 5498/12307/2674 5477/12306/2664
f 5501/12330/2681 5500/12331/2665 5496/12326/2665 5497/12325/2676
f 5462/12263/2657 5513/12332/2682 5495/12333/2683 5457/12258/2654
f 5502/12334/2674 5503/12335/2680 5499/12336/2678 5498/12337/2674
f 5484/12318/2664 5515/12338/2684 5492/12339/2674 5474/12301/2664
f 5498/12337/2674 5499/12336/2678 5491/12340/2672 5490/12341/2674
f 5513/12342/2682 5514/12343/2663 5494/12344/2665 5495/12345/2683
f 5459/12346/2655 5501/12347/2681 5497/12348/2676 5458/12349/2675
f 5515/12350/2684 5512/12351/2673 5493/12352/2679 5492/12353/2674
f 5463/12266/2658 5517/12354/2685 5510/12355/2686 5468/12267/2659
f 5519/12356/2674 5516/12357/2666 5509/12358/2667 5508/12359/2670
f 5492/12353/2674 5493/12352/2679 5503/12335/2680 5502/12334/2674
f 5500/12360/2665 5467/12303/2664 5466/12319/2664 5496/12361/2665
f 5487/12299/2664 5519/12362/2674 5508/12363/2670 5480/12300/2661
f 5474/12301/2664 5492/12339/2674 5502/12329/2674 5479/12302/2664
f 5495/12345/2683 5494/12344/2665 5500/12331/2665 5501/12330/2681
f 5506/12364/2669 5504/12365/2668 5512/12351/2673 5515/12350/2684
f 5457/12258/2654 5495/12333/2683 5501/12366/2681 5459/12259/2655
f 5496/12361/2665 5466/12319/2664 5464/12282/2664 5488/12281/2665
f 5476/12315/2675 5458/12310/2675 5456/12313/2662 5472/12316/2662
f 5478/12322/2655 5459/12346/2655 5458/12349/2675 5476/12323/2675
f 5493/12320/2679 5475/12257/2654 5478/12260/2655 5503/12367/2680
f 5456/12274/2662 5489/12368/2677 5517/12369/2685 5463/12275/2658
f 5469/12305/2656 5461/12304/1699 5507/12370/2687 5505/12371/2688
f 5469/12262/2656 5505/12372/2688 5513/12332/2682 5462/12263/2657
f 5494/12280/2665 5465/12279/2664 5467/12303/2664 5500/12360/2665
f 5489/12328/2677 5488/12327/2665 5518/12373/2665 5517/12374/2685
f 5468/12270/2659 5510/12375/2686 5511/12376/2671 5460/12271/2661
f 5517/12374/2685 5518/12373/2665 5511/12377/2671 5510/12378/2686
f 5490/12341/2674 5491/12340/2672 5516/12357/2666 5519/12356/2674
f 5473/12309/2664 5490/12308/2674 5519/12362/2674 5487/12299/2664
f 5505/12379/2688 5507/12380/2687 5514/12343/2663 5513/12342/2682
f 5464/12282/2664 5473/12309/2664 5487/12299/2664 5471/12283/2664
l 5262 4562
