# Blender v3.2.2 OBJ File: ''
# www.blender.org
mtllib metropolis_woman.mtl
o legs_new
v 1.339175 67.871597 -3.383392
v 0.223251 69.638466 0.600658
v 1.285246 70.136055 -3.333227
v 0.318140 68.631691 0.567539
v 0.413044 67.624901 0.534420
v 6.828713 11.700249 -4.938673
v 7.641442 11.812164 -4.495664
v 7.525571 8.208092 -4.127869
v 6.717821 8.616676 -4.712539
v 9.321459 79.744560 -7.178394
v 8.901644 81.457870 -6.611826
v 10.812426 81.470963 -5.311387
v 11.301940 79.693306 -5.593781
v 12.279667 71.718575 -7.033898
v 12.041936 71.011116 -6.633862
v 10.079629 71.149422 -7.764349
v 12.062557 85.012230 0.228187
v 12.501756 85.278145 1.803213
v 13.287591 83.439507 1.376065
v 12.789103 83.196342 -0.265719
v 10.802942 86.763588 6.161244
v 8.639832 86.656487 8.878626
v 9.553943 83.297249 9.419465
v 11.936750 83.511452 6.172995
v 6.400129 86.954460 9.405538
v 4.023092 87.303749 10.225828
v 4.636609 83.435204 9.933520
v 6.927512 83.402527 9.625269
v 7.820641 84.993973 -5.104936
v 9.536921 85.039284 -4.204004
v 10.156103 83.262505 -4.831497
v 8.339198 83.431648 -5.842416
v 14.932983 73.690712 0.918572
v 14.909824 71.434486 0.808289
v 14.451517 71.486336 -1.039265
v 14.653720 73.543770 -1.092350
v 13.506837 79.504875 -2.566569
v 12.532660 79.573204 -4.011570
v 11.989845 81.338402 -3.761858
v 12.916076 81.251213 -2.294913
v 12.547574 79.881767 8.803549
v 11.708644 80.492409 10.367469
v 11.415031 80.350410 10.710304
v 11.414338 78.382484 10.333456
v 12.578187 74.021362 7.343010
v 11.095381 74.073326 8.851826
v 11.089745 71.881432 8.563767
v 12.612895 71.774132 7.016341
v 5.809001 73.769432 9.297695
v 5.541540 71.804497 9.058376
v 7.337314 71.886162 9.004060
v 7.599606 73.970894 9.455884
v 6.193295 75.723793 9.447751
v 7.756118 76.000778 9.775586
v 7.730759 77.400795 9.968131
v -1.184191 69.726387 0.621279
v -1.184191 70.295647 -3.027723
v 0.067469 70.214760 -3.182571
v -0.335325 69.651131 0.603371
v -1.184191 70.474220 6.288471
v 0.526637 70.783524 6.244992
v 0.715977 71.614998 7.670301
v -1.184191 71.426117 7.661105
v 1.061524 76.053734 -8.425085
v 2.805943 77.206116 -9.153739
v 2.764736 75.543297 -9.036337
v 0.740841 73.454353 -7.714478
v 2.652726 73.399635 -8.075426
v 2.489878 70.945900 -6.477057
v 0.677952 71.392220 -6.414753
v 0.722490 86.407936 -5.568663
v 2.425744 86.601692 -5.601461
v 2.579336 83.349068 -7.256805
v 0.832286 83.173424 -7.068377
v 0.914933 73.220940 8.252325
v 2.609978 71.753639 7.906429
v 3.014044 73.510551 8.037127
v 4.386700 8.280540 1.118448
v 4.033728 8.616722 0.460802
v 3.671186 8.121155 -0.076222
v 3.649823 5.487526 2.363568
v 3.544468 5.835152 0.195362
v 3.624315 8.504303 -0.881830
v 3.597952 8.093063 -1.655704
v 3.208269 5.834785 -1.415514
v 7.819113 12.067833 0.430578
v 7.391576 12.066322 0.999307
v 7.249059 8.431114 1.354164
v 7.519779 8.944939 0.657641
v 8.506728 11.929642 -2.661291
v 8.619622 12.011520 -1.911163
v 8.336823 8.563850 -1.588581
v 8.222557 8.925087 -2.359147
v 9.211719 70.434166 8.535699
v 11.037598 70.406609 8.201586
v 9.201048 71.919960 8.945630
v 2.025242 69.586678 6.104870
v 3.002863 69.958458 7.624246
v 1.914724 71.034492 6.209714
v 3.155869 34.929100 -3.576948
v 2.948256 34.795288 -2.463374
v 3.314063 39.300644 -2.191991
v 3.582005 39.305626 -3.341120
v 8.562510 40.544399 -7.084367
v 9.874109 40.559170 -6.663895
v 9.382586 39.360085 -5.673304
v 8.344523 39.359257 -5.992378
v 10.619762 40.291443 2.372020
v 9.891973 40.312008 3.593580
v 9.404715 39.328503 2.962311
v 10.031280 39.332230 1.551905
v 11.703552 40.342083 -3.313718
v 12.043959 40.262909 -2.031969
v 11.170257 39.340290 -2.028649
v 10.918297 39.340851 -3.038577
v 9.222433 31.475986 1.531286
v 9.305929 35.073101 1.942810
v 6.883144 34.641598 2.644179
v 6.750591 31.804268 2.225125
v 8.003388 31.516472 1.830027
v 4.428020 35.332409 1.720958
v 3.548980 37.104294 -0.201576
v 3.359598 34.966972 -0.422221
v 4.136028 31.131153 1.313030
v 3.009228 30.783092 -0.567687
v 3.449720 30.867107 0.362221
v 13.504249 59.366131 -1.369261
v 13.914502 59.335598 0.409671
v 13.153199 53.533031 -0.048957
v 12.802603 53.582470 -1.602177
v 3.325859 46.747707 -3.868717
v 2.708862 46.373646 -1.124071
v 1.817693 52.860455 -0.167161
v 2.561083 53.205868 -3.571281
v 3.284029 46.520588 1.608100
v 3.827572 46.635189 2.824326
v 3.274446 53.006924 4.382934
v 2.519890 53.004955 3.194502
v 9.031085 59.234188 -6.553600
v 10.767859 59.276348 -5.847598
v 10.438443 53.561527 -5.501628
v 8.918814 53.596317 -6.084614
v 7.178213 19.736420 1.186814
v 8.078894 19.807404 0.806425
v 8.478087 23.731934 0.879829
v 7.458906 23.695374 1.317870
v 7.806907 27.395920 -6.835449
v 8.942695 27.451157 -6.265718
v 8.598993 23.470612 -5.975174
v 7.540436 23.395401 -6.394887
v 7.231753 47.134983 4.741842
v 8.550905 47.207748 4.722103
v 8.711965 53.335827 6.572573
v 7.265429 53.275616 6.708419
v 12.191327 53.180317 6.240604
v 11.594329 48.120632 4.627129
v 10.829610 47.285900 3.361205
v 11.426615 53.469738 4.974681
v 3.099661 18.668350 -3.611285
v 2.929352 18.609680 -2.687739
v 2.593274 22.536865 -2.966726
v 2.788617 22.618134 -3.980879
v 10.377230 27.538803 0.355673
v 8.873272 27.589539 1.181552
v 9.216640 23.722214 0.116639
v 3.793097 19.142807 -0.093222
v 4.343534 19.352386 0.628928
v 4.231907 23.298630 0.691972
v 3.594423 23.091522 -0.110177
v 1.843300 58.754620 4.137404
v 2.705914 58.801861 5.551404
v 2.384530 63.773815 5.819939
v 1.483234 63.756863 4.323701
v 13.223478 68.840477 8.344054
v 13.027456 67.446030 8.106581
v 12.415728 68.347267 6.590267
v 12.611750 70.360199 6.827741
v 1.878376 58.776173 -3.770038
v 1.052614 58.646557 0.223503
v 0.635924 63.677326 0.430539
v 1.535423 63.805553 -3.609729
v 15.584583 65.409073 -1.215631
v 16.002220 65.173027 0.601633
v 14.302388 63.863796 0.605992
v 13.884751 64.099846 -1.211272
v 7.176035 59.034145 7.996446
v 8.807242 59.061069 7.723744
v 8.848959 63.780521 8.147789
v 7.147961 63.736660 8.418673
v 9.163603 67.899788 -6.771957
v 11.230841 67.925087 -6.006666
v 11.019296 64.081688 -5.954821
v 9.086132 64.084366 -6.691577
v 3.625079 87.355995 9.663840
v 4.053047 87.754799 10.232936
v 2.929848 83.349495 9.619134
v 3.266287 83.297249 9.975735
v 2.547859 80.278435 9.169596
v 4.251574 80.455009 9.514084
v 1.107080 83.373451 9.000181
v 0.859413 80.120605 9.071897
v 1.324720 83.349495 9.587689
v -1.184191 80.007133 9.330434
v -1.184191 83.394859 9.474524
v -1.184191 74.991196 8.971086
v 1.097116 75.129326 8.704993
v 1.923395 77.796318 9.024653
v -1.184191 77.438309 9.260467
v 11.815809 86.883064 2.176062
v 14.489790 76.220741 3.345179
v 14.636826 78.089996 3.457120
v 13.821862 78.196327 6.366293
v 13.700865 76.365669 5.738765
v 3.460357 67.906258 -5.906246
v 3.707995 63.716808 -5.821605
v 0.524481 65.651108 0.482480
v 5.065144 11.504379 -5.124434
v 5.945486 11.580467 -5.281765
v 5.823583 8.079475 -5.187004
v 4.949273 8.507820 -4.869343
v 5.197386 19.149460 -6.132753
v 6.246319 19.269424 -6.100887
v 6.090188 15.276848 -5.486572
v 5.185965 15.156914 -5.480055
v 7.252870 19.397751 -5.832837
v 8.191915 19.510239 -5.485649
v 7.811843 15.578842 -4.944714
v 6.981541 15.437668 -5.253965
v 3.632674 8.496323 -2.463640
v 3.660282 8.070572 -3.151466
v 3.467987 5.635880 -2.740534
v 3.851432 8.489815 -3.833802
v 4.153347 8.050034 -4.379766
v 3.846348 5.575279 -4.147329
v 6.502153 8.884544 1.330261
v 5.809885 8.469986 1.558215
v 8.028048 5.490356 2.488983
v 5.824728 5.951424 2.858396
v 5.131569 8.800529 1.200670
v 7.386859 5.441826 -4.200164
v 5.555281 5.439499 -5.463196
v 8.434554 12.040268 -1.062233
v 8.181576 12.058632 -0.226584
v 7.901223 8.516846 0.060823
v 8.090237 9.035011 -0.785859
v 9.546248 19.638611 -1.615651
v 9.244397 19.722900 -0.656677
v 8.627570 15.770042 -0.511962
v 8.883398 15.694786 -1.380147
v 8.704427 19.776245 0.116202
v 7.694693 15.885941 0.806890
v 8.199184 15.841988 0.186923
v 8.028302 11.833122 -3.953565
v 8.325012 11.849533 -3.373070
v 8.108857 8.313477 -3.024353
v 7.859401 8.740891 -3.601227
v 8.768228 19.519363 -4.899817
v 9.252381 19.514648 -4.248127
v 8.652194 15.555969 -3.768333
v 8.272795 15.576904 -4.388951
v 9.546248 19.530228 -3.439927
v 9.742865 19.557999 -2.586178
v 9.055560 15.626694 -2.258082
v 8.892422 15.583824 -3.030550
v 5.323177 70.358345 8.466285
v 7.250939 70.430656 8.777324
v 6.801819 65.949318 9.591942
v 6.783744 63.399868 9.430290
v 7.172846 66.286110 8.580325
v 9.001150 66.316582 8.343574
v 10.882373 66.310966 7.746195
v 10.951174 68.360069 7.941835
v 9.152734 68.397087 8.574129
v 0.801475 68.902313 2.481925
v 1.255828 69.172943 4.426045
v 1.269264 70.315331 4.468126
v 0.753054 69.976898 2.526784
v 0.954733 65.772408 2.407093
v 1.376960 65.893707 4.341540
v 1.254859 68.030556 4.372194
v 0.849880 67.827721 2.437068
v 2.276855 65.956337 5.903028
v 3.314883 66.030495 7.405739
v 3.220405 68.183739 7.504582
v 2.175411 68.138870 5.967815
v 3.923175 35.295135 -5.646694
v 3.457684 35.101650 -4.670872
v 3.798923 39.314236 -4.465726
v 4.294633 39.312561 -5.432397
v 5.695719 40.454590 -7.502844
v 7.049861 40.521015 -7.506168
v 7.154750 39.358311 -6.358086
v 6.100492 39.355255 -6.357977
v 11.867476 59.334423 -4.604851
v 13.038609 59.225262 -5.899091
v 13.313778 63.965672 -5.946147
v 12.142637 64.074829 -4.651907
v 10.045812 47.529415 -5.476854
v 8.756595 47.529881 -5.915801
v 11.672733 40.262589 -0.355663
v 11.322179 40.266624 1.038426
v 10.588166 39.332432 0.425527
v 10.887231 39.336952 -0.628556
v 12.834482 53.543484 1.728084
v 12.329304 53.546551 3.503163
v 11.458919 47.281582 2.033263
v 11.843863 47.261040 0.565034
v 12.018698 67.562004 9.013994
v 12.105115 68.990059 9.273744
v 10.630363 40.493645 -5.631991
v 11.303241 40.427536 -4.618048
v 10.548706 39.341961 -4.159552
v 9.966523 39.356785 -4.842093
v 11.417274 53.590580 -4.380425
v 12.270842 53.628384 -3.111212
v 11.417195 47.411179 -3.416165
v 10.811676 47.474216 -4.470887
v 12.109244 47.253746 -0.905747
v 11.824345 47.325439 -2.181205
v 5.357002 31.340229 1.719757
v 6.900845 20.070694 2.846678
v 6.704363 17.153687 2.769257
v 6.907690 15.788361 1.109393
v 7.754745 27.550293 1.586784
v 3.600420 37.684803 0.716516
v 3.744082 39.306141 0.025731
v 3.568859 39.301704 -1.088865
v 3.142212 34.872917 -1.350003
v 2.126255 35.034966 -0.538823
v 1.775885 30.851086 -0.684288
v 3.507059 27.009232 0.128154
v 4.151246 27.200333 0.981192
v 12.878674 59.380344 -3.114517
v 13.207630 64.079742 -3.019769
v 4.666204 47.211086 -5.689732
v 4.397760 53.155758 -5.593852
v 4.862848 43.329639 -5.868124
v 3.833590 42.844467 -4.141818
v 3.307797 42.725372 -1.748696
v 3.802290 42.798481 0.642031
v 4.235930 42.824215 1.646653
v 5.663641 66.578148 -8.485266
v 5.657326 63.780544 -8.428108
v 5.529192 63.889706 -6.670366
v 5.621458 67.977051 -6.976604
v 12.402291 67.981041 -4.675908
v 13.175341 66.838043 -5.607971
v 5.505750 19.839417 2.753558
v 5.522785 23.605896 2.879653
v 5.280775 23.477661 1.219790
v 5.257326 19.505127 1.093694
v 5.179346 11.853317 1.105053
v 5.928514 11.940987 1.320525
v 6.072557 15.667252 1.285765
v 5.232094 15.557297 1.017578
v 6.683014 12.009811 1.215930
v 5.296970 27.222916 -7.188944
v 6.592043 27.326523 -7.234808
v 6.407894 23.308167 -6.722836
v 5.204720 23.195572 -6.750427
v 4.477777 34.936893 -6.523818
v 5.266632 31.274738 -7.134460
v 4.167341 31.174870 -6.859957
v 9.238663 31.600464 -6.228163
v 8.026032 31.498234 -6.861387
v 4.478535 46.722145 3.972616
v 5.684764 46.840260 4.325145
v 5.475440 53.163601 6.225822
v 4.150299 52.976162 5.566117
v 4.764290 42.822906 2.739691
v 5.846510 41.704514 3.024766
v 7.195009 41.793911 3.326107
v 8.384627 43.247814 3.335646
v 13.530689 59.285740 2.428114
v 12.913558 59.225430 4.441552
v 13.869292 63.803371 2.689301
v 13.196606 63.740955 4.726504
v 11.949897 66.106255 8.818353
v 3.733156 18.895554 -5.330720
v 3.347795 18.765625 -4.519890
v 3.074465 22.745834 -4.978304
v 3.518366 22.908691 -5.868127
v 3.908890 11.396225 -4.233612
v 3.656549 11.358154 -3.565247
v 3.616119 14.858566 -4.002240
v 3.938634 14.949425 -4.730578
v 3.548485 11.327667 -2.787226
v 3.484401 11.311279 -1.988795
v 3.282269 14.759155 -2.347525
v 3.416611 14.793442 -3.181459
v 1.467690 30.701672 -1.762601
v 1.908862 34.940914 -1.466604
v 11.043106 27.512497 -0.555073
v 9.860213 23.696121 -0.732942
v 11.416743 27.445419 -1.662369
v 10.212486 23.613449 -1.785890
v 3.088806 18.750122 -1.772327
v 3.337647 18.929413 -0.876896
v 3.065116 22.882828 -0.976037
v 2.776121 22.688950 -1.960422
v 3.539801 11.372032 -1.177563
v 3.656690 11.456238 -0.390841
v 3.605080 15.027283 -0.706657
v 3.407354 14.875237 -1.518069
v 4.023092 11.604080 0.236019
v 4.473605 11.754059 0.794811
v 4.446266 15.436806 0.632440
v 3.984770 15.235039 -0.007441
v 10.415940 27.416046 -5.496662
v 11.047943 27.410065 -4.692194
v 9.869583 23.506821 -4.671768
v 9.285675 23.493073 -5.356459
v 1.262291 30.594898 -2.856436
v 1.714905 34.863285 -2.579976
v 2.300489 31.062656 -6.057072
v 1.803614 30.875179 -5.035548
v 2.224340 35.169643 -4.787473
v 2.689825 35.363132 -5.763297
v 1.059580 63.717091 2.377120
v 14.033230 66.264435 2.727163
v 13.363457 66.264832 4.774614
v 14.464784 69.920189 2.866091
v 13.758011 70.016205 4.982567
v 13.590828 68.375717 4.873128
v 14.332379 68.311852 2.792417
v 12.810863 63.439945 7.803315
v 12.566858 58.850491 7.230939
v 11.802147 59.139919 5.965016
v 12.053208 63.747829 6.287002
v 4.004741 58.744968 -5.831817
v 13.528123 68.033066 -2.952638
v 12.600570 69.601799 -4.811269
v 13.706253 69.670372 -2.901256
v 16.151356 70.231323 -1.043624
v 16.078991 69.633934 -1.107077
v 14.379152 69.742882 -1.102717
v 3.758502 58.834370 6.796820
v 5.282466 58.993412 7.605330
v 5.261293 63.704273 7.988823
v 3.431730 63.675297 7.224975
v 5.733658 58.836102 -8.337081
v 5.605525 58.945255 -6.579338
v 5.881564 71.309578 -9.183022
v 7.817330 70.718414 -8.265972
v 7.577309 69.512337 -7.781950
v 7.353501 67.869911 -7.195748
v 9.364617 69.527245 -7.159628
v 11.714860 69.546852 -6.341299
v 14.504754 73.834084 3.141065
v 13.743338 73.957321 5.345989
v 13.767353 71.585503 5.049408
v 14.487519 71.494850 2.927309
v 9.348444 74.060112 9.344870
v 9.492333 78.034157 10.538443
v 9.220559 80.019409 10.895494
v 9.597194 77.587013 -7.554781
v 11.610608 77.594666 -5.850401
v 5.025443 77.533516 -9.213667
v 4.946953 79.704918 -8.793120
v 7.066607 79.658699 -8.163718
v 7.303370 77.540558 -8.641548
v 4.759254 81.399437 -8.035040
v 6.784981 81.356209 -7.488333
v 4.174781 86.571304 -5.294263
v 5.721941 86.537468 -4.806295
v 6.416854 83.369255 -6.543771
v 4.525059 83.354668 -7.000328
v 8.644684 86.950417 -3.555473
v 7.294777 86.578316 -4.357059
v 15.868620 80.023354 0.550335
v 15.543135 80.163445 -0.752685
v 15.962420 81.790596 0.929966
v 14.930233 76.087730 1.010527
v 14.887251 75.824257 -1.226535
v 15.003052 77.796539 -1.341515
v 15.219156 77.973793 0.696970
v 14.667143 75.764137 -3.447850
v 8.216623 71.854408 -9.444792
v 14.311433 73.392754 -3.287952
v 13.909516 71.382362 -2.843464
v 13.158057 71.286293 -4.942071
v 13.532408 73.257011 -5.144424
v 11.413122 87.754799 2.287469
v 10.524930 87.754799 5.695898
v 8.229635 83.349510 9.521637
v 11.373591 86.745705 0.766901
v 10.809993 86.570656 -1.029019
v 9.772346 86.838661 -2.380137
v 10.612903 84.908638 -2.944392
v 11.501470 84.807076 -1.482261
v 12.256507 82.964287 -1.973436
v 11.322017 83.107277 -3.436185
v 13.740219 79.892662 6.460895
v 13.760211 81.476990 7.166500
v 7.011751 80.616539 9.454287
v 7.397834 80.885384 10.778142
v 7.372383 82.551918 11.008059
v 15.277117 81.850060 4.108184
v 14.870838 80.027611 3.412880
v 3.728751 78.004311 9.025760
v 3.378416 75.267464 8.201233
v 6.894092 78.825523 9.244867
v 12.464070 81.581306 6.210693
v 10.225321 80.527184 9.289719
v 8.674506 82.498901 10.904425
v 10.490017 72.127739 -8.788645
v 7.420209 75.465981 -8.717017
v 9.744237 75.496040 -7.667997
v 9.484958 73.165138 -7.166953
v 7.207851 73.139214 -7.925650
v 11.790591 75.566444 -6.002215
v 11.500932 73.231285 -5.805039
v 0.926305 79.320290 -7.962883
v 2.897268 79.527985 -8.637927
v -1.184191 73.528633 -7.185902
v -1.184191 71.091782 -5.609499
v -1.184191 76.352486 -7.724268
v 5.072151 75.513298 -9.168180
v 4.789543 71.814148 -7.455172
v 4.921425 73.276436 -8.245928
v 9.562457 43.594341 -5.501550
v 8.488476 43.582527 -5.881223
v 10.054666 47.278671 4.469610
v 9.577194 43.315125 3.136717
v 10.221933 43.302624 2.163827
v 11.335990 43.270760 -1.559986
v 11.095848 43.351433 -2.670844
v 5.997159 47.376396 -6.099483
v 7.306962 47.501400 -6.207439
v 7.235890 43.547649 -6.175915
v 6.094078 43.465218 -6.168352
v 10.765809 43.278240 1.005505
v 11.101392 43.266945 -0.259271
v 10.741538 43.444740 -3.750321
v 10.209269 43.525772 -4.660744
v 4.117025 40.363140 -7.374233
v 2.938128 40.098785 -5.069619
v 2.299287 40.090714 -2.222550
v 2.903299 40.132301 0.627970
v 3.440775 40.023052 1.854650
v 4.036500 40.050510 3.158550
v 5.613466 40.080692 4.816819
v 7.066720 40.148117 5.159911
v 8.483342 40.249950 5.210938
v -1.184191 86.273346 -5.585678
v -1.184191 83.184151 -6.718706
v -1.184191 79.581421 -7.377857
v -1.184191 81.395493 -7.045957
v 0.873013 81.378166 -7.516613
v 2.825603 81.416588 -8.039776
v 13.717157 81.661125 1.009320
v 13.373187 81.513725 -0.614203
v 12.926083 75.662163 -4.336535
v 12.790156 77.591156 -4.210636
v 13.919043 79.707314 -0.908281
v 15.057171 78.033546 -2.792438
v 15.552229 79.729790 -1.204877
v 14.331686 76.062096 -4.766531
v 14.984644 77.657860 -3.231076
v 13.097841 82.013206 3.528370
v 13.730142 77.614693 -2.674755
v 12.552757 76.313499 7.799921
v 12.682693 78.289650 8.718428
v 11.188820 76.332489 9.362004
v 4.104240 75.353951 9.598871
v 3.717875 73.546303 9.423624
v 3.344620 71.753365 9.291108
v 7.718948 78.956001 10.519226
v -1.184191 72.931320 8.475991
v 7.227179 68.376625 8.704088
v 12.292156 66.294006 6.439986
v 10.697510 63.788380 7.548630
v 11.910953 63.583660 8.620788
v 5.289474 68.260887 8.312410
v 6.682943 46.715500 5.740364
v 6.632974 42.001678 5.829268
v 5.257645 66.159599 8.168000
v 6.869043 52.938824 7.720035
v 15.569124 65.112595 2.684941
v 15.733068 66.155487 2.722804
v 16.032219 68.202904 2.788057
v 15.897198 67.958122 -1.153801
v 14.197366 68.009895 -1.149441
v 9.440278 76.234383 10.008956
v 8.808389 81.617104 11.654399
v 8.916367 80.920113 11.801940
v 8.759564 81.213615 10.743834
v 9.022945 80.520821 10.843464
v 8.945227 80.155571 11.669065
v 9.020357 79.433510 11.610671
v -1.184191 70.024452 4.314947
v 0.132740 70.180588 4.397169
v 7.112029 72.183052 -7.544867
v 9.391759 72.435280 -6.936006
v 14.123020 75.705574 -5.086437
v 12.863299 73.310463 -7.270720
v 8.667809 79.794701 9.460676
v 7.842244 79.151909 11.512209
v 7.819438 79.917213 11.650201
v 12.602634 72.952446 -7.577351
v 6.841272 68.039841 9.715705
v 5.569353 52.826809 7.237439
v 5.429226 58.656628 8.616947
v 5.413866 63.367489 9.000441
v 5.411215 65.822823 9.179617
v 6.858521 69.108955 9.788941
v 5.559679 46.629822 5.323667
v 10.433592 53.392529 6.122820
v 10.602522 59.080700 7.145688
v 12.588406 53.481426 -5.674664
v 11.982809 48.612732 -5.765126
v 11.862872 53.452374 -6.560652
v 11.470248 48.667927 -6.535877
v 7.245954 63.777760 -8.881202
v 7.249751 63.886921 -7.123459
v 7.266802 59.169094 -6.996948
v 7.263011 59.059933 -8.754689
v 7.335086 53.599995 -6.467320
v 5.864309 53.376751 -6.188929
v 4.813891 39.330456 -6.318295
v 4.223181 39.317238 1.175734
v 4.704908 39.316372 2.640456
v 5.709147 39.324974 4.607343
v 7.101817 39.322254 4.939160
v 8.319510 39.329388 4.846553
v 8.580755 80.572914 9.373938
v 7.777199 80.852715 11.823509
v 7.672954 81.645607 11.719607
v 7.894413 77.746758 11.090106
v 7.406384 79.597801 10.590983
v 7.985003 76.717628 10.804540
v 9.231004 76.901207 11.016276
v 9.160951 78.141052 11.451465
v 5.434332 67.924095 9.324027
v 5.458800 69.036644 9.477902
v 5.710669 40.989944 5.450693
v 6.765866 41.057369 5.761379
v 5.653839 41.912281 5.527927
v 6.804132 58.697353 9.008062
v 11.670039 58.875988 8.217847
v 11.501109 53.187817 7.194978
v 12.903884 65.986130 7.956300
v 11.122183 48.099213 5.541769
v 5.992449 53.267605 -7.946669
v 7.331288 53.490841 -8.225062
v 7.303171 48.639919 -7.965181
v 6.125292 48.514912 -7.857224
v 7.232475 66.471016 -8.704412
v 12.192296 59.167194 -6.906622
v 12.257193 66.782089 -6.703513
v 12.443732 63.972538 -7.013844
v 16.420620 68.177185 0.572170
v 16.174028 66.162621 0.558835
v 16.521740 69.706612 0.609887
v 16.164623 69.811241 2.861731
v 16.609663 70.179482 0.803929
v 16.187359 70.239830 2.922949
v 9.345700 1.998276 -0.020505
v 9.550209 1.999336 -1.217098
v 8.616546 5.855560 -1.533869
v 8.357507 5.770683 0.167924
v 8.110087 5.549362 -2.961959
v 9.270577 1.996002 -2.652554
v 8.646431 1.995445 -4.933194
v 2.765111 1.986931 0.064038
v 2.301098 1.990295 2.607137
v 2.397867 1.986595 -1.042407
v 2.451676 1.984627 -2.576535
v 2.898520 1.987732 -5.049743
v 2.419315 -0.105507 -1.046690
v 2.473110 -0.106316 -2.580818
v 2.919954 -0.105034 -5.054027
v 6.002201 1.993637 2.580948
v 9.590758 2.002655 2.638513
v 5.988808 -0.104759 11.096717
v 8.890463 -0.101334 10.321839
v 8.869015 1.996765 10.326122
v 5.967359 1.988411 11.100997
v 9.757079 -0.099182 3.856602
v 9.726748 2.002037 3.785857
v 10.053711 2.000526 6.544515
v 10.075152 -0.099785 6.540232
v 9.612206 -0.098907 2.634230
v 6.023649 -0.102615 2.576664
v 9.671192 1.999321 7.765535
v 9.691219 -0.100288 7.765791
v 5.704184 1.989952 -6.091581
v 2.191732 1.987602 6.531622
v 3.478255 5.463760 6.143146
v 7.607024 4.769783 9.264663
v 5.795006 5.220070 9.972572
v 4.032116 4.845032 9.113296
v 3.076608 1.985901 10.246389
v 5.871954 5.844254 6.159128
v 5.847839 5.648659 7.354107
v 8.048592 5.198906 7.420947
v 2.322546 -0.103989 2.602854
v 8.328244 5.470673 6.253325
v 8.131833 5.483551 3.790399
v 5.839508 5.917892 3.891299
v 8.667879 -0.101875 -4.937478
v 5.725632 -0.104126 -6.095865
v 6.099707 -0.103653 6.495163
v 2.213181 -0.105095 6.527340
v 9.292026 -0.101646 -2.656837
v 9.571657 -0.100273 -1.221382
v 9.367142 -0.100716 -0.024788
v 2.786559 -0.105370 0.059755
v 3.098057 -0.105789 10.242107
v 3.533839 30.994663 -5.940469
v 5.578143 29.651348 3.379621
v 6.590267 29.670361 3.730136
v 5.321077 27.354568 1.482174
v 5.552048 27.474808 3.142038
v 7.417826 19.217529 -7.374169
v 7.705392 23.215195 -7.936218
v 8.190989 30.286205 -8.402720
v 6.965806 30.295773 -8.722818
v 6.800850 31.507801 -7.181484
v 11.416743 27.391830 -3.761047
v 11.660436 27.383301 -2.779745
v 10.437976 23.530914 -2.852193
v 10.212486 23.514191 -3.790186
v 11.551707 31.369663 -5.349687
v 10.088363 31.448895 -5.318834
v 10.547462 34.933556 -4.524939
v 12.010806 34.854332 -4.555792
v 9.991416 31.547623 0.618431
v 1.481777 30.713917 -3.952862
v 1.922518 34.997093 -3.693550
v 4.260717 11.439262 -4.832531
v 4.348145 15.047478 -5.356331
v 4.222360 19.028809 -6.026875
v 4.082961 23.071060 -6.631187
v 6.255144 16.889465 -7.027905
v 7.146497 17.050293 -6.795298
v 2.866286 26.965164 -6.068693
v 2.388999 26.787949 -5.068308
v 2.068062 26.673843 -1.896090
v 2.370167 26.849106 -0.859674
v 2.081505 26.642227 -4.011793
v 1.870420 26.540817 -2.951225
v 7.104695 23.823593 2.977733
v 6.097826 17.032578 2.945629
v 7.319564 27.670517 3.246649
v 4.088887 27.104477 -6.905052
v 11.454761 31.468388 0.587579
v 12.093687 34.875118 -0.001200
v 10.630342 34.954342 0.029652
v 12.127327 31.343914 -4.607616
v 12.515341 31.375484 -3.684499
v 11.247275 34.730316 -2.356463
v 12.710628 34.651100 -2.387316
v 10.605626 37.519573 1.119768
v 10.610846 36.978474 0.212678
v 12.127666 31.347912 -0.320137
v 12.515341 31.385952 -1.519064
v 12.767237 31.262897 -2.628251
v 6.756998 27.146301 -8.776143
v 7.971863 27.215698 -8.376782
v 6.572857 23.127960 -8.264171
v 6.411267 19.089218 -7.642220
v 6.457927 27.610336 3.486845
v 6.210867 19.975769 3.081600
v 6.327785 23.762711 3.250974
v 7.500141 29.827587 3.489890
v 5.487427 16.922623 2.677442
v 4.473089 35.980873 2.642086
v 5.679517 35.639462 3.147865
v 6.908185 35.177570 3.832109
v 8.260864 35.390076 3.405484
v 9.319507 35.657856 2.867871
v 11.900366 -0.090958 7.754218
v 11.880346 2.576057 7.753960
v 10.340980 6.529999 3.778824
v 8.048662 6.964325 3.879725
v 11.821361 -0.089577 2.705317
v 11.966232 -0.089859 3.845027
v 10.257745 6.245338 7.409373
v 8.056993 6.695091 7.342533
v 8.033882 6.997864 2.929482
v 10.237202 6.536804 2.560070
v 11.935895 2.599487 3.774282
v 12.262865 2.586563 6.615601
v 10.537398 6.517113 6.324410
v 8.081107 6.890701 6.230215
v 12.284307 -0.090462 6.611319
v 11.799911 2.604866 2.709599
v 10.433330 87.754799 -0.301505
v -3.707558 67.871597 -3.383392
v -3.653620 70.136055 -3.333227
v -2.591633 69.638466 0.600658
v -2.686522 68.631691 0.567539
v -2.781425 67.624901 0.534420
v -9.197096 11.700249 -4.938673
v -9.086203 8.616676 -4.712539
v -9.893953 8.208092 -4.127869
v -10.009825 11.812164 -4.495664
v -11.689833 79.744560 -7.178394
v -13.670315 79.693306 -5.593781
v -13.180799 81.470955 -5.311387
v -11.270018 81.457863 -6.611826
v -14.648048 71.718575 -7.033898
v -12.448011 71.149422 -7.764349
v -14.410318 71.011116 -6.633862
v -14.430931 85.012230 0.228187
v -15.157484 83.196342 -0.265719
v -15.655979 83.439507 1.376065
v -14.870131 85.278145 1.803213
v -13.171324 86.763588 6.161244
v -14.305124 83.511452 6.172995
v -11.922323 83.297249 9.419465
v -11.008215 86.656487 8.878626
v -8.768503 86.954460 9.405538
v -9.295893 83.402519 9.625269
v -7.004992 83.435204 9.933520
v -6.391474 87.303749 10.225828
v -10.189022 84.993973 -5.104936
v -10.707579 83.431648 -5.842416
v -12.524485 83.262505 -4.831497
v -11.905302 85.039284 -4.204004
v -17.301359 73.690712 0.918572
v -17.022097 73.543770 -1.092350
v -16.819899 71.486336 -1.039265
v -17.278208 71.434486 0.808289
v -15.875219 79.504875 -2.566569
v -15.284451 81.251213 -2.294913
v -14.358227 81.338402 -3.761858
v -14.901041 79.573204 -4.011570
v -14.915956 79.881767 8.803549
v -13.782721 78.382484 10.333456
v -13.783407 80.350410 10.710304
v -14.077024 80.492409 10.367469
v -14.946569 74.021362 7.343010
v -14.981270 71.774132 7.016341
v -13.458120 71.881432 8.563767
v -13.463755 74.073326 8.851826
v -8.177376 73.769432 9.297695
v -9.967987 73.970894 9.455884
v -9.705688 71.886162 9.004060
v -7.909922 71.804497 9.058376
v -8.561668 75.723793 9.447751
v -10.099133 77.400795 9.968131
v -10.124491 76.000778 9.775586
v -2.033056 69.651131 0.603371
v -2.435850 70.214760 -3.182571
v -3.084358 71.614998 7.670301
v -2.895012 70.783524 6.244992
v -3.429899 76.053734 -8.425085
v -5.133118 75.543297 -9.036337
v -5.174324 77.206116 -9.153739
v -3.109215 73.454353 -7.714478
v -3.046333 71.392220 -6.414753
v -4.858259 70.945900 -6.477057
v -5.021109 73.399635 -8.075426
v -3.090872 86.407936 -5.568663
v -3.200666 83.173424 -7.068377
v -4.947710 83.349068 -7.256805
v -4.794127 86.601692 -5.601461
v -3.283316 73.220940 8.252325
v -5.382425 73.510551 8.037127
v -4.978352 71.753639 7.906429
v -6.039560 8.121155 -0.076222
v -6.402102 8.616722 0.460802
v -6.755075 8.280540 1.118448
v -6.018206 5.487526 2.363568
v -5.912849 5.835152 0.195362
v -5.966333 8.093063 -1.655704
v -5.992689 8.504303 -0.881830
v -5.576651 5.834785 -1.415514
v -10.187494 12.067833 0.430578
v -9.888155 8.944939 0.657641
v -9.617434 8.431114 1.354164
v -9.759951 12.066322 0.999307
v -10.875109 11.929642 -2.661291
v -10.590939 8.925087 -2.359147
v -10.705204 8.563850 -1.588581
v -10.987997 12.011520 -1.911163
v -11.580093 70.434166 8.535699
v -11.569422 71.919960 8.945630
v -13.405979 70.406609 8.201586
v -4.393616 69.586678 6.104870
v -4.283106 71.034492 6.209714
v -5.371237 69.958458 7.624246
v -5.524250 34.929100 -3.576948
v -5.950386 39.305626 -3.341120
v -5.682444 39.300644 -2.191991
v -5.316629 34.795288 -2.463374
v -10.930883 40.544399 -7.084367
v -10.712904 39.359257 -5.992378
v -11.750954 39.360085 -5.673304
v -12.242491 40.559170 -6.663895
v -12.988138 40.291443 2.372020
v -12.399652 39.332230 1.551905
v -11.773088 39.328503 2.962311
v -12.260355 40.312008 3.593580
v -14.071934 40.342083 -3.313718
v -13.286678 39.340851 -3.038577
v -13.538631 39.340290 -2.028649
v -14.412340 40.262909 -2.031969
v -9.251520 34.641598 2.644179
v -11.674311 35.073101 1.942810
v -11.590815 31.475986 1.531286
v -9.118965 31.804268 2.225125
v -10.371771 31.516472 1.830027
v -5.727980 34.966972 -0.422221
v -5.917360 37.104294 -0.201576
v -6.796402 35.332409 1.720958
v -6.504402 31.131153 1.313030
v -5.377609 30.783092 -0.567687
v -5.818102 30.867107 0.362221
v -15.872622 59.366131 -1.369261
v -15.170984 53.582470 -1.602177
v -15.521574 53.533031 -0.048957
v -16.282885 59.335598 0.409671
v -5.694241 46.747707 -3.868717
v -4.929459 53.205868 -3.571281
v -4.186068 52.860455 -0.167161
v -5.077244 46.373646 -1.124071
v -5.652411 46.520588 1.608100
v -4.888271 53.004955 3.194502
v -5.642828 53.006924 4.382934
v -6.195946 46.635189 2.824326
v -11.399460 59.234188 -6.553600
v -11.287195 53.596317 -6.084614
v -12.806818 53.561527 -5.501628
v -13.136234 59.276348 -5.847598
v -9.546587 19.736420 1.186814
v -9.827280 23.695374 1.317870
v -10.846462 23.731934 0.879829
v -10.447275 19.807404 0.806425
v -10.175274 27.395920 -6.835449
v -9.908812 23.395401 -6.394887
v -10.967367 23.470612 -5.975174
v -11.311075 27.451157 -6.265718
v -9.600134 47.134983 4.741842
v -9.633810 53.275616 6.708419
v -11.080339 53.335827 6.572573
v -10.919287 47.207748 4.722103
v -14.559702 53.180317 6.240604
v -13.794981 53.469738 4.974681
v -13.197985 47.285900 3.361205
v -13.962709 48.120632 4.627129
v -5.468035 18.668350 -3.611285
v -5.157000 22.618134 -3.980879
v -4.961657 22.536865 -2.966726
v -5.297728 18.609680 -2.687739
v -12.745611 27.538803 0.355673
v -11.585030 23.722214 0.116639
v -11.241646 27.589539 1.181552
v -6.161470 19.142807 -0.093222
v -5.962805 23.091522 -0.110177
v -6.600288 23.298630 0.691972
v -6.711916 19.352386 0.628928
v -4.211674 58.754620 4.137404
v -3.851616 63.756863 4.323701
v -4.752905 63.773815 5.819939
v -5.074295 58.801861 5.551404
v -15.591860 68.840477 8.344054
v -14.980124 70.360199 6.827741
v -14.784109 68.347267 6.590267
v -15.395830 67.446030 8.106581
v -4.246750 58.776173 -3.770038
v -3.903799 63.805553 -3.609729
v -3.004305 63.677326 0.430539
v -3.420996 58.646557 0.223503
v -17.952967 65.409073 -1.215631
v -16.253126 64.099846 -1.211272
v -16.670763 63.863796 0.605992
v -18.370600 65.173027 0.601633
v -9.544409 59.034145 7.996446
v -9.516335 63.736660 8.418673
v -11.217340 63.780521 8.147789
v -11.175617 59.061069 7.723744
v -11.531977 67.899788 -6.771957
v -11.454506 64.084366 -6.691577
v -13.387671 64.081688 -5.954821
v -13.599215 67.925087 -6.006666
v -5.993454 87.355995 9.663840
v -6.360704 87.754799 10.131278
v -5.634661 83.297249 9.975735
v -5.298229 83.349495 9.619134
v -4.916241 80.278435 9.169596
v -6.619947 80.455009 9.514084
v -3.475454 83.373451 9.000181
v -3.693094 83.349495 9.587689
v -3.227787 80.120605 9.071897
v -3.935345 87.754799 9.513723
v -4.291777 77.796318 9.024653
v -3.465490 75.129326 8.704993
v -14.184191 86.883064 2.176062
v -16.858171 76.220741 3.345179
v -16.069239 76.365669 5.738765
v -16.190237 78.196327 6.366293
v -17.005205 78.089989 3.457120
v -5.828737 67.906258 -5.906246
v -6.076376 63.716808 -5.821605
v -2.892862 65.651108 0.482480
v -7.433517 11.504379 -5.124434
v -7.317648 8.507820 -4.869343
v -8.191957 8.079475 -5.187004
v -8.313868 11.580467 -5.281765
v -7.565767 19.149460 -6.132753
v -7.554338 15.156914 -5.480055
v -8.458570 15.276848 -5.486572
v -8.614693 19.269424 -6.100887
v -9.621252 19.397751 -5.832837
v -9.349922 15.437668 -5.253965
v -10.180223 15.578842 -4.944714
v -10.560297 19.510239 -5.485649
v -6.028664 8.070572 -3.151466
v -6.001055 8.496323 -2.463640
v -5.836361 5.635880 -2.740534
v -6.521721 8.050034 -4.379766
v -6.219807 8.489815 -3.833802
v -6.214729 5.575279 -4.147329
v -8.178267 8.469986 1.558215
v -8.870535 8.884544 1.330261
v -10.396421 5.490356 2.488983
v -8.193102 5.951424 2.858396
v -7.499943 8.800529 1.200670
v -9.755232 5.441826 -4.200164
v -7.923662 5.439499 -5.463196
v -10.802927 12.040268 -1.062233
v -10.458612 9.035011 -0.785859
v -10.269598 8.516846 0.060823
v -10.549957 12.058632 -0.226584
v -11.914623 19.638611 -1.615651
v -11.251787 15.694786 -1.380147
v -10.995945 15.770042 -0.511962
v -11.612780 19.722900 -0.656677
v -11.072802 19.776245 0.116202
v -10.567560 15.841988 0.186923
v -10.063066 15.885941 0.806890
v -10.396669 11.833122 -3.953565
v -10.227774 8.740891 -3.601227
v -10.477232 8.313477 -3.024353
v -10.693388 11.849533 -3.373070
v -11.136610 19.519363 -4.899817
v -10.641176 15.576904 -4.388951
v -11.020575 15.555969 -3.768333
v -11.620764 19.514648 -4.248127
v -11.914623 19.530228 -3.439927
v -11.260803 15.583824 -3.030550
v -11.423941 15.626694 -2.258082
v -12.111238 19.557999 -2.586178
v -7.691559 70.358345 8.466285
v -9.619322 70.430656 8.777324
v -9.170200 65.949318 9.591942
v -9.541227 66.286110 8.580325
v -9.152124 63.399868 9.430290
v -11.369524 66.316582 8.343574
v -11.521116 68.397087 8.574129
v -13.319548 68.360069 7.941835
v -13.250753 66.310966 7.746195
v -3.169855 68.902313 2.481925
v -3.121435 69.976898 2.526784
v -3.637638 70.315331 4.468126
v -3.624203 69.172943 4.426045
v -3.323107 65.772408 2.407093
v -3.218262 67.827721 2.437068
v -3.623240 68.030556 4.372194
v -3.745340 65.893707 4.341540
v -4.645237 65.956337 5.903028
v -4.543793 68.138870 5.967815
v -5.588779 68.183739 7.504582
v -5.683264 66.030495 7.405739
v -6.291555 35.295135 -5.646694
v -6.663008 39.312561 -5.432397
v -6.167299 39.314236 -4.465726
v -5.826065 35.101650 -4.670872
v -8.064100 40.454590 -7.502844
v -8.468866 39.355255 -6.357977
v -9.523123 39.358311 -6.358086
v -9.418242 40.521015 -7.506168
v -15.682154 63.965672 -5.946147
v -15.406990 59.225262 -5.899091
v -14.235849 59.334423 -4.604851
v -14.511026 64.074829 -4.651907
v -11.124975 47.529881 -5.915801
v -12.414186 47.529415 -5.476854
v -14.041122 40.262589 -0.355663
v -13.255606 39.336952 -0.628556
v -12.956549 39.332432 0.425527
v -13.690561 40.266624 1.038426
v -15.202856 53.543484 1.728084
v -14.212244 47.261040 0.565034
v -13.827293 47.281582 2.033263
v -14.697685 53.546551 3.503163
v -14.473497 68.990059 9.273744
v -14.387072 67.562004 9.013994
v -12.998745 40.493645 -5.631991
v -12.334898 39.356785 -4.842093
v -12.917080 39.341961 -4.159552
v -13.671616 40.427536 -4.618048
v -13.785646 53.590580 -4.380425
v -13.180058 47.474216 -4.470887
v -13.785570 47.411179 -3.416165
v -14.639215 53.628384 -3.111212
v -14.192726 47.325439 -2.181205
v -14.477625 47.253746 -0.905747
v -7.725384 31.340229 1.719757
v -9.269220 20.070694 2.846678
v -9.276064 15.788361 1.109393
v -9.072744 17.153687 2.769257
v -10.123121 27.550293 1.586784
v -5.937233 39.301704 -1.088865
v -6.112463 39.306141 0.025731
v -5.968801 37.684803 0.716516
v -5.510588 34.872917 -1.350003
v -4.494629 35.034966 -0.538823
v -4.144258 30.851086 -0.684288
v -5.875441 27.009232 0.128154
v -6.519629 27.200333 0.981192
v -15.247047 59.380344 -3.114517
v -15.575998 64.079742 -3.019769
v -7.034578 47.211086 -5.689732
v -6.766142 53.155758 -5.593852
v -7.231230 43.329639 -5.868124
v -6.201963 42.844467 -4.141818
v -5.676180 42.725372 -1.748696
v -6.170664 42.798481 0.642031
v -6.604311 42.824215 1.646653
v -8.032015 66.578148 -8.485266
v -7.989840 67.977051 -6.976604
v -7.897566 63.889706 -6.670366
v -8.025707 63.780544 -8.428108
v -14.770674 67.981041 -4.675908
v -15.543722 66.838043 -5.607971
v -7.874132 19.839417 2.753558
v -7.625708 19.505127 1.093694
v -7.649157 23.477661 1.219790
v -7.891161 23.605896 2.879653
v -7.547720 11.853317 1.105053
v -7.600468 15.557297 1.017578
v -8.440933 15.667252 1.285765
v -8.296896 11.940987 1.320525
v -9.051388 12.009811 1.215930
v -7.665352 27.222916 -7.188944
v -7.573101 23.195572 -6.750427
v -8.776276 23.308167 -6.722836
v -8.960417 27.326523 -7.234808
v -6.846151 34.936893 -6.523818
v -6.535723 31.174870 -6.859957
v -7.635014 31.274738 -7.134460
v -10.394415 31.498234 -6.861387
v -11.607044 31.600464 -6.228163
v -6.846916 46.722145 3.972616
v -6.518681 52.976162 5.566117
v -7.843821 53.163601 6.225822
v -8.053144 46.840260 4.325145
v -7.132664 42.822906 2.739691
v -8.214884 41.704514 3.024766
v -9.563391 41.793911 3.326107
v -10.753016 43.247814 3.335646
v -15.899073 59.285740 2.428114
v -15.281933 59.225430 4.441552
v -16.237665 63.803371 2.689301
v -15.564987 63.740955 4.726504
v -14.318277 66.106255 8.818353
v -6.101530 18.895554 -5.330720
v -5.886747 22.908691 -5.868127
v -5.442839 22.745834 -4.978304
v -5.716169 18.765625 -4.519890
v -6.277264 11.396225 -4.233612
v -6.307016 14.949425 -4.730578
v -5.984501 14.858566 -4.002240
v -6.024923 11.358154 -3.565247
v -5.916866 11.327667 -2.787226
v -5.784992 14.793442 -3.181459
v -5.650642 14.759155 -2.347525
v -5.852776 11.311279 -1.988795
v -3.836073 30.701672 -1.762601
v -4.277243 34.940914 -1.466604
v -13.411488 27.512497 -0.555073
v -12.228588 23.696121 -0.732942
v -13.785124 27.445419 -1.662369
v -12.580860 23.613449 -1.785890
v -5.457182 18.750122 -1.772327
v -5.144503 22.688950 -1.960422
v -5.433496 22.882828 -0.976037
v -5.706030 18.929413 -0.876896
v -5.908175 11.372032 -1.177563
v -5.775728 14.875237 -1.518069
v -5.973455 15.027283 -0.706657
v -6.025072 11.456238 -0.390841
v -6.391474 11.604080 0.236019
v -6.353151 15.235039 -0.007441
v -6.814640 15.436806 0.632440
v -6.841986 11.754059 0.794811
v -12.784323 27.416046 -5.496662
v -11.654057 23.493073 -5.356459
v -12.237959 23.506821 -4.671768
v -13.416319 27.410065 -4.692194
v -3.630667 30.594898 -2.856436
v -4.083279 34.863285 -2.579976
v -4.668871 31.062656 -6.057072
v -5.058207 35.363132 -5.763297
v -4.592714 35.169643 -4.787473
v -4.171995 30.875179 -5.035548
v -3.427954 63.717091 2.377120
v -16.401621 66.264435 2.727163
v -15.731829 66.264832 4.774614
v -16.833166 69.920189 2.866091
v -16.700754 68.311852 2.792417
v -15.959208 68.375717 4.873128
v -16.126390 70.016205 4.982567
v -15.179243 63.439945 7.803315
v -14.421576 63.747829 6.287002
v -14.170521 59.139919 5.965016
v -14.935240 58.850491 7.230939
v -6.373121 58.744968 -5.831817
v -15.896505 68.033066 -2.952638
v -14.968950 69.601799 -4.811269
v -16.074629 69.670372 -2.901256
v -18.519739 70.231323 -1.043624
v -16.747534 69.742882 -1.102717
v -18.447374 69.633934 -1.107077
v -6.126883 58.834370 6.796820
v -5.800104 63.675297 7.224975
v -7.629675 63.704273 7.988823
v -7.650846 58.993412 7.605330
v -7.973900 58.945255 -6.579338
v -8.102039 58.836102 -8.337081
v -8.249945 71.309578 -9.183022
v -10.185698 70.718414 -8.265972
v -9.945683 69.512337 -7.781950
v -9.721884 67.869911 -7.195748
v -11.733000 69.527245 -7.159628
v -14.083235 69.546852 -6.341299
v -16.873129 73.834084 3.141065
v -16.855902 71.494850 2.927309
v -16.135736 71.585503 5.049408
v -16.111719 73.957321 5.345989
v -11.716825 74.060112 9.344870
v -11.860716 78.034157 10.538443
v -11.588942 80.019402 10.895494
v -11.965574 77.587013 -7.554781
v -13.978991 77.594666 -5.850401
v -7.393818 77.533516 -9.213667
v -9.671743 77.540550 -8.641548
v -9.434988 79.658699 -8.163718
v -7.315334 79.704918 -8.793120
v -9.153357 81.356209 -7.488333
v -7.127630 81.399437 -8.035040
v -6.543161 86.571304 -5.294263
v -6.893435 83.354668 -7.000328
v -8.785242 83.369255 -6.543771
v -8.090315 86.537468 -4.806295
v -9.663153 86.578316 -4.357059
v -11.013060 86.950417 -3.555473
v -18.237001 80.023354 0.550335
v -18.330801 81.790596 0.929966
v -17.911509 80.163445 -0.752685
v -17.298616 76.087730 1.010527
v -17.587538 77.973793 0.696970
v -17.371431 77.796539 -1.341515
v -17.255617 75.824257 -1.226535
v -17.035524 75.764137 -3.447850
v -10.584997 71.854408 -9.444792
v -16.679815 73.392754 -3.287952
v -15.900797 73.257011 -5.144424
v -15.526438 71.286293 -4.942071
v -16.277899 71.382362 -2.843464
v -12.760214 87.754799 6.190575
v -10.082621 87.754799 8.983882
v -8.613922 87.754799 9.351948
v -10.598009 83.349510 9.521637
v -13.741959 86.745705 0.766901
v -13.418497 87.754799 1.288492
v -12.140722 86.838661 -2.380137
v -13.178368 86.570656 -1.029019
v -12.618496 87.754799 -0.703557
v -12.981283 84.908638 -2.944392
v -13.690397 83.107277 -3.436185
v -14.624882 82.964287 -1.973436
v -13.869852 84.807076 -1.482261
v -16.108599 79.892662 6.460895
v -16.128592 81.476982 7.166500
v -9.380133 80.616539 9.454287
v -9.766209 80.885384 10.778142
v -9.740765 82.551918 11.008059
v -17.239222 80.027603 3.412880
v -17.645491 81.850060 4.108184
v -6.097126 78.004311 9.025760
v -9.262480 78.825523 9.244867
v -5.746798 75.267464 8.201233
v -14.832453 81.581306 6.210693
v -12.593702 80.527184 9.289719
v -11.042879 82.498901 10.904425
v -12.858393 72.127739 -8.788645
v -9.788591 75.465981 -8.717017
v -9.576225 73.139214 -7.925650
v -11.853346 73.165138 -7.166953
v -12.112619 75.496040 -7.667997
v -13.869314 73.231285 -5.805039
v -14.158966 75.566444 -6.002215
v -5.265650 79.527985 -8.637927
v -3.294680 79.320290 -7.962883
v -7.440533 75.513298 -9.168180
v -7.157917 71.814148 -7.455172
v -7.289799 73.276436 -8.245928
v -10.856852 43.582527 -5.881223
v -11.930838 43.594341 -5.501550
v -12.590315 43.302624 2.163827
v -11.945576 43.315125 3.136717
v -12.423040 47.278671 4.469610
v -13.464222 43.351433 -2.670844
v -13.704365 43.270760 -1.559986
v -8.365541 47.376396 -6.099483
v -8.462460 43.465218 -6.168352
v -9.604265 43.547649 -6.175915
v -9.675344 47.501400 -6.207439
v -13.469774 43.266945 -0.259271
v -13.134184 43.278240 1.005505
v -12.577642 43.525772 -4.660744
v -13.109926 43.444740 -3.750321
v -6.485407 40.363140 -7.374233
v -5.306503 40.098785 -5.069619
v -4.667669 40.090714 -2.222550
v -5.271673 40.132301 0.627970
v -5.809156 40.023052 1.854650
v -6.404882 40.050510 3.158550
v -7.981848 40.080692 4.816819
v -9.435102 40.148117 5.159911
v -10.851717 40.249950 5.210938
v -2.996569 87.754799 -5.069717
v -3.241386 81.378166 -7.516613
v -5.193977 81.416588 -8.039776
v -16.085539 81.661125 1.009320
v -15.741568 81.513725 -0.614203
v -15.294456 75.662163 -4.336535
v -15.158529 77.591148 -4.210636
v -16.287424 79.707314 -0.908281
v -17.425547 78.033546 -2.792438
v -17.920595 79.729790 -1.204877
v -17.353018 77.657860 -3.231076
v -16.700060 76.062096 -4.766531
v -15.466223 82.013206 3.528370
v -16.098516 77.614693 -2.674755
v -14.921139 76.313499 7.799921
v -13.557196 76.332489 9.362004
v -15.051069 78.289650 8.718428
v -6.472614 75.353951 9.598871
v -6.086256 73.546303 9.423624
v -5.712996 71.753365 9.291108
v -10.087324 78.956001 10.519226
v -9.595560 68.376625 8.704088
v -14.660530 66.294006 6.439986
v -14.279341 63.583660 8.620788
v -13.065884 63.788380 7.548630
v -7.657856 68.260887 8.312410
v -9.001356 42.001678 5.829268
v -9.051317 46.715500 5.740364
v -7.626019 66.159599 8.168000
v -9.237417 52.938824 7.720035
v -17.937506 65.112595 2.684941
v -18.101458 66.155487 2.722804
v -18.400591 68.202904 2.788057
v -18.265581 67.958122 -1.153801
v -16.565741 68.009895 -1.149441
v -11.808653 76.234383 10.008956
v -11.176771 81.617104 11.654399
v -11.127954 81.213615 10.743834
v -11.284742 80.920113 11.801940
v -11.388731 79.433502 11.610671
v -11.313601 80.155571 11.669065
v -11.391327 80.520821 10.843464
v -2.501116 70.180588 4.397169
v -9.480402 72.183052 -7.544867
v -11.760134 72.435280 -6.936006
v -16.491404 75.705574 -5.086437
v -15.231674 73.310463 -7.270720
v -11.036190 79.794701 9.460676
v -10.210619 79.151909 11.512209
v -10.187805 79.917206 11.650201
v -14.971010 72.952446 -7.577351
v -9.209646 68.039841 9.715705
v -7.797607 58.656628 8.616947
v -7.937727 52.826809 7.237439
v -7.779589 65.822823 9.179617
v -7.782240 63.367489 9.000441
v -9.226896 69.108955 9.788941
v -7.928061 46.629822 5.323667
v -12.801973 53.392529 6.122820
v -12.970896 59.080700 7.145688
v -14.956787 53.481426 -5.674664
v -14.351191 48.612732 -5.765126
v -13.838629 48.667927 -6.535877
v -14.231253 53.452374 -6.560652
v -9.635183 59.169094 -6.996948
v -9.618120 63.886921 -7.123459
v -9.614336 63.777760 -8.881202
v -9.631386 59.059933 -8.754689
v -9.703466 53.599995 -6.467320
v -8.232691 53.376751 -6.188929
v -7.182266 39.330456 -6.318295
v -6.591562 39.317238 1.175734
v -7.073290 39.316372 2.640456
v -8.077528 39.324974 4.607343
v -9.470198 39.322254 4.939160
v -10.687885 39.329388 4.846553
v -10.949137 80.572914 9.373938
v -10.145580 80.852715 11.823509
v -10.041334 81.645607 11.719607
v -10.262794 77.746750 11.090106
v -9.774765 79.597801 10.590983
v -10.353376 76.717628 10.804540
v -11.529333 78.141045 11.451465
v -11.599379 76.901207 11.016276
v -7.802706 67.924095 9.324027
v -7.827181 69.036644 9.477902
v -8.079042 40.989944 5.450693
v -8.022215 41.912281 5.527927
v -9.134233 41.057369 5.761379
v -9.172506 58.697353 9.008062
v -13.869482 53.187817 7.194978
v -14.038420 58.875988 8.217847
v -15.272264 65.986130 7.956300
v -13.490564 48.099213 5.541769
v -8.360823 53.267605 -7.946669
v -8.493673 48.514912 -7.857224
v -9.671545 48.639919 -7.965181
v -9.699671 53.490841 -8.225062
v -9.600849 66.471016 -8.704412
v -14.560671 59.167194 -6.906622
v -14.625566 66.782089 -6.703513
v -14.812105 63.972538 -7.013844
v -18.542402 66.162621 0.558835
v -18.788996 68.177185 0.572170
v -18.890116 69.706612 0.609887
v -18.533007 69.811241 2.861731
v -18.978045 70.179482 0.803929
v -18.555742 70.239830 2.922949
v -11.714075 1.998276 -0.020505
v -10.725889 5.770683 0.167924
v -10.984919 5.855560 -1.533869
v -11.918583 1.999336 -1.217098
v -10.478468 5.549362 -2.961959
v -11.638960 1.996002 -2.652554
v -11.014805 1.995445 -4.933194
v -5.133486 1.986931 0.064038
v -4.669479 1.990295 2.607137
v -4.766249 1.986595 -1.042407
v -4.820051 1.984627 -2.576535
v -5.266893 1.987732 -5.049743
v -4.787697 -0.105507 -1.046690
v -4.841492 -0.106316 -2.580818
v -5.288336 -0.105034 -5.054027
v -8.370583 1.993637 2.580948
v -11.959131 2.002655 2.638513
v -8.357182 -0.104759 11.096717
v -8.335733 1.988411 11.100997
v -11.237396 1.996765 10.326122
v -11.258844 -0.101334 10.321839
v -12.422085 2.000526 6.544515
v -12.095116 2.002037 3.785857
v -12.125467 -0.099182 3.856602
v -12.443533 -0.099785 6.540232
v -8.392031 -0.102615 2.576664
v -11.980581 -0.098907 2.634230
v -12.039574 1.999321 7.765535
v -12.059595 -0.100288 7.765791
v -8.072557 1.989952 -6.091581
v -4.560106 1.987602 6.531622
v -5.846636 5.463760 6.143146
v -8.163387 5.220070 9.972572
v -9.975397 4.769783 9.264663
v -5.444990 1.985901 10.246389
v -6.400490 4.845032 9.113296
v -8.240328 5.844254 6.159128
v -8.216221 5.648659 7.354107
v -10.416973 5.198906 7.420947
v -4.690928 -0.103989 2.602854
v -8.207884 5.917892 3.891299
v -10.500216 5.483551 3.790399
v -10.696627 5.470673 6.253325
v -8.094006 -0.104126 -6.095865
v -11.036253 -0.101875 -4.937478
v -8.468088 -0.103653 6.495163
v -4.581556 -0.105095 6.527340
v -11.660406 -0.101646 -2.656837
v -11.940031 -0.100273 -1.221382
v -5.154934 -0.105370 0.059755
v -11.735523 -0.100716 -0.024788
v -5.466438 -0.105789 10.242107
v -5.902214 30.994663 -5.940469
v -7.946524 29.651348 3.379621
v -8.958649 29.670361 3.730136
v -7.689459 27.354568 1.482174
v -7.920429 27.474808 3.142038
v -9.786207 19.217529 -7.374169
v -10.073767 23.215195 -7.936218
v -10.559370 30.286205 -8.402720
v -9.169226 31.507801 -7.181484
v -9.334188 30.295773 -8.722818
v -13.785124 27.391830 -3.761047
v -12.580860 23.514191 -3.790186
v -12.806351 23.530914 -2.852193
v -14.028818 27.383301 -2.779745
v -12.915842 34.933556 -4.524939
v -12.456730 31.448895 -5.318834
v -13.920088 31.369663 -5.349687
v -14.379187 34.854332 -4.555792
v -12.359789 31.547623 0.618431
v -3.850159 30.713917 -3.952862
v -4.290899 34.997093 -3.693550
v -6.629099 11.439262 -4.832531
v -6.716520 15.047478 -5.356331
v -6.590742 19.028809 -6.026875
v -6.451342 23.071060 -6.631187
v -9.514879 17.050293 -6.795298
v -8.623526 16.889465 -7.027905
v -5.234661 26.965164 -6.068693
v -4.757381 26.787949 -5.068308
v -4.436436 26.673843 -1.896090
v -4.738543 26.849106 -0.859674
v -4.449886 26.642227 -4.011793
v -4.238802 26.540817 -2.951225
v -9.473078 23.823593 2.977733
v -8.466208 17.032578 2.945629
v -9.687939 27.670517 3.246649
v -6.457262 27.104477 -6.905052
v -13.823135 31.468388 0.587579
v -12.998716 34.954342 0.029652
v -14.462069 34.875118 -0.001200
v -14.495708 31.343914 -4.607616
v -14.883722 31.375484 -3.684499
v -13.615656 34.730316 -2.356463
v -15.079016 34.651100 -2.387316
v -12.979219 36.978474 0.212678
v -12.974009 37.519573 1.119768
v -14.496048 31.347912 -0.320137
v -14.883722 31.385952 -1.519064
v -15.135626 31.262897 -2.628251
v -9.125380 27.146301 -8.776143
v -8.941231 23.127960 -8.264171
v -10.340239 27.215698 -8.376782
v -8.779650 19.089218 -7.642220
v -8.826307 27.610336 3.486845
v -8.696167 23.762711 3.250974
v -8.579248 19.975769 3.081600
v -9.868517 29.827587 3.489890
v -7.855808 16.922623 2.677442
v -6.841471 35.980873 2.642086
v -8.047899 35.639462 3.147865
v -9.276560 35.177570 3.832109
v -10.629240 35.390076 3.405484
v -11.687881 35.657856 2.867871
v -14.248728 2.576057 7.753960
v -14.268755 -0.090958 7.754218
v -10.417036 6.964325 3.879725
v -12.709360 6.529999 3.778824
v -14.334614 -0.089859 3.845027
v -14.189728 -0.089577 2.705317
v -10.425367 6.695091 7.342533
v -12.626127 6.245338 7.409373
v -10.402264 6.997864 2.929482
v -12.605583 6.536804 2.560070
v -14.304277 2.599487 3.774282
v -14.631247 2.586563 6.615601
v -12.905771 6.517113 6.324410
v -10.449488 6.890701 6.230215
v -14.652695 -0.090462 6.611319
v -14.168293 2.604866 2.709599
v -10.981773 87.754799 -2.982631
v 0.322102 122.720024 2.780598
v -1.168972 122.611107 3.131427
v -1.168972 118.877617 3.650454
v 0.496682 119.288200 3.521946
v 5.152070 124.511696 -0.565057
v 4.677004 123.979942 -0.509827
v 6.198223 122.993416 -0.790126
v 6.428833 123.683922 -0.762689
v 10.370773 121.246803 2.350943
v 7.502638 120.887611 2.237442
v 7.635736 116.870491 4.791556
v 11.367948 119.667107 3.744040
v 11.006991 117.551003 4.958676
v 2.932535 116.886955 6.506142
v 2.881979 119.842400 4.193476
v 2.004374 120.894447 4.093841
v 2.641730 123.052971 3.568947
v 1.803529 122.828239 2.717206
v 1.116451 119.439842 4.467363
v 6.004768 122.581032 0.361994
v 5.658401 122.243904 1.416101
v 6.832313 121.232109 2.032570
v 7.672091 121.977913 0.469290
v 1.892180 119.463005 4.380221
v 1.131945 119.250221 4.533955
v 0.521447 119.079369 4.573031
v -1.168972 118.708626 5.121025
v -1.168972 116.847115 6.378254
v 11.032032 123.886803 -0.378604
v 11.076839 122.864433 -0.456726
v 12.259506 122.920692 -0.018364
v 12.548189 124.081261 -0.029753
v 9.610135 116.507515 -4.710637
v 10.201886 116.818245 -4.654882
v 10.504225 116.202202 -4.566351
v 1.022375 115.594917 6.909654
v 15.136600 121.840797 0.982728
v 15.956339 122.912743 0.964573
v 14.116769 123.957436 0.358971
v 13.589209 122.709541 0.337718
v 14.562926 121.261238 2.089468
v 13.217333 122.107231 1.460529
v 12.894444 121.567482 2.540637
v 13.732991 120.712318 3.245479
v 16.520481 120.624794 1.347800
v 17.426500 118.861595 1.546973
v 18.412537 119.359596 1.564069
v 17.477983 121.225288 1.365258
v 16.624096 118.830147 2.829353
v 15.467907 118.300652 4.127983
v 17.340048 115.817024 2.763561
v 10.458640 115.594917 6.017221
v 12.396946 116.975609 4.971014
v 10.290424 115.594917 6.049649
v 12.622301 115.594917 4.715606
v 12.085711 122.255989 1.143675
v 11.962966 121.445610 2.506456
v 12.528374 120.158928 3.624554
v 8.048987 123.276665 -0.732283
v 7.942961 122.539864 -0.827351
v 9.531490 122.556969 -0.562425
v 9.586352 123.479607 -0.631496
v 13.806142 117.796227 4.744031
v 13.107275 118.758018 4.500478
v 9.393498 122.033104 0.634712
v 9.120727 121.470711 1.860690
v 10.878922 122.196602 0.879112
v 3.797850 126.228355 -0.173562
v 3.054169 125.912361 -0.212922
v 4.307199 125.311882 -0.397012
v 0.110939 125.204185 2.764043
v -1.168972 125.110054 3.292006
v 2.531128 125.505165 1.772086
v 2.204017 128.147354 2.391599
v 1.622958 127.697884 3.097960
v 1.041914 127.248421 3.804320
v 1.329742 125.293831 3.165696
v -0.073055 128.742844 -3.005303
v 0.933632 128.792191 -3.030641
v 1.130771 127.430641 -3.114602
v -1.168972 128.643250 -3.016325
v -1.168972 125.919304 -3.108174
v 1.065032 126.044640 -3.163150
v 1.851391 129.957367 -2.730421
v 2.768951 129.989349 -1.865643
v 2.814281 128.891449 -1.673545
v 1.818309 129.074844 -2.378565
v 2.307405 128.926285 -1.965150
v 3.140240 129.012375 1.759069
v 2.802245 128.669907 3.264904
v 2.912317 128.387543 1.182698
v 3.123592 129.672089 -0.806205
v 3.648939 129.354843 0.253232
v 3.295946 128.942001 -0.841546
v 3.272963 128.627716 -0.026204
v 3.437381 128.734375 -0.547476
v 3.460258 128.456207 -0.090128
v 0.061386 127.104820 6.307606
v -1.168972 126.924568 6.603215
v -1.168972 126.935432 3.856076
v -0.063528 127.091942 3.830197
v 3.113954 128.521835 0.506801
v 3.782822 128.576660 1.072851
v 3.748566 127.743629 1.358542
v 2.562237 124.982399 -2.927387
v 3.615822 125.078407 -2.327628
v 4.292477 124.096489 -2.651855
v 2.993917 123.929893 -3.232166
v 3.540056 127.341850 -0.142761
v 3.369329 125.729897 2.623827
v 1.357117 124.891258 -3.396493
v -1.168972 123.693230 -3.913253
v 1.535248 123.765450 -3.722774
v 3.211487 123.128212 3.200658
v 2.901894 121.978813 3.776652
v 2.286325 121.611488 3.148002
v 2.373280 122.903481 2.348917
v 1.402815 128.870377 -2.651238
v 3.008132 127.526314 -1.846012
v 3.133606 126.140312 -2.047812
v 2.269904 125.879265 -2.698248
v 1.390361 144.847610 6.323580
v 1.409300 144.087357 7.518384
v 2.106625 143.925598 7.064991
v 2.092622 144.681671 5.985591
v 3.877781 143.780579 4.570170
v 3.849502 143.388687 5.495552
v 4.310177 143.118912 4.872811
v 4.471576 143.349091 3.967298
v 3.490256 141.732193 6.905790
v 4.043827 141.634430 6.046527
v 3.932941 142.551407 5.827814
v 3.409546 142.714203 6.568873
v 4.116835 131.122238 2.492433
v 3.501705 130.407883 4.434900
v 3.329735 129.217773 4.142250
v 3.738793 129.879745 2.305204
v 4.300114 132.885422 -1.656312
v 4.366688 132.838638 -1.340381
v 3.562876 131.052765 -1.374435
v 4.774565 132.552048 0.595110
v 3.966928 130.303482 0.558135
v -0.462193 130.620972 9.871064
v -1.168972 130.605331 10.182183
v -1.168972 129.687119 10.350256
v -0.467999 129.763611 10.131736
v -0.117571 129.881943 -3.673275
v -1.168972 129.845734 -3.738338
v -1.168972 131.171234 -4.468576
v -0.143370 131.179276 -4.353131
v 2.046995 128.038574 4.638451
v 2.478557 128.505035 6.058983
v 3.686109 132.881454 6.032624
v 4.125916 133.156693 5.049577
v 4.545497 134.489471 5.316042
v 4.156466 134.173630 6.293819
v 5.100857 140.667389 2.994174
v 4.719427 140.603500 5.090546
v 4.898031 139.551529 5.383681
v 5.282600 139.727722 3.013196
v 5.172401 137.284760 3.012252
v 4.780251 137.070740 5.410295
v 5.163858 136.176147 2.963582
v -0.608917 139.672424 11.105207
v -0.392500 139.278610 10.252844
v -0.301487 140.666367 9.922057
v -0.517918 141.060181 10.774421
v -0.217213 141.982376 9.484456
v -0.433630 142.376175 10.269263
v 4.229715 137.499207 5.941400
v 4.718416 137.412750 5.565018
v 4.904162 138.541733 5.394067
v 4.516064 138.954102 6.449707
v 0.917098 129.923965 -3.496862
v 0.890770 131.173447 -4.102802
v 1.968435 131.169937 -3.187587
v 2.984986 131.109100 -2.125397
v 3.588532 129.212936 1.265648
v 3.101543 128.872604 -1.223131
v 1.291731 127.407234 6.011997
v 0.847653 127.220924 3.808867
v 1.497393 127.713646 7.821037
v 0.768181 127.542961 8.425486
v 0.190828 127.254951 8.976131
v 0.970313 125.267403 3.210690
v -0.189089 135.266449 11.512598
v -0.017817 133.943573 11.223224
v 0.356230 133.549774 10.168195
v 0.139933 134.872635 10.457569
v 2.734292 144.413239 5.532491
v 2.740678 143.783737 6.597291
v 3.344975 143.632843 6.111419
v 3.375956 144.144806 5.079391
v 2.801212 142.819809 7.169549
v 3.097519 139.792770 8.119995
v 3.714403 139.806076 7.338820
v 3.599318 140.781540 7.114017
v 2.971592 140.816772 7.882268
v 4.366348 139.682861 6.334444
v 4.189327 140.690689 6.195453
v 4.475225 132.300125 2.669927
v 6.089920 132.591797 -0.390139
v 5.790593 132.339890 2.601942
v 5.043716 134.202332 2.912345
v 3.706327 131.823944 4.783110
v 6.381311 135.870422 -1.361500
v 6.283318 134.362427 -1.362894
v 4.967964 134.606110 -1.432697
v 5.065950 136.114120 -1.293515
v 0.905443 130.716431 9.154254
v 0.347446 130.638885 9.514663
v 0.321995 129.976624 9.639155
v 0.891909 130.310318 9.245857
v 0.994689 132.088791 9.607522
v 0.917854 130.997467 9.413405
v 1.810749 130.842270 8.511092
v -0.578636 132.271530 10.700589
v -1.168972 132.266342 10.727843
v -1.168972 131.301849 10.872985
v -0.456196 131.391129 10.929240
v 2.963997 131.142670 -5.610006
v 3.502831 131.140915 -5.152398
v 4.041670 131.139160 -4.694790
v 2.639177 132.470612 7.897635
v 3.253975 132.604431 7.015675
v 3.726792 133.980637 7.240995
v 3.022353 133.844055 8.159847
v 2.643731 129.782349 6.380379
v 1.612089 129.095978 8.095000
v 1.567806 128.416687 7.989230
v 1.428294 149.168350 4.838485
v -1.168972 149.341293 4.942457
v -1.168972 146.909439 4.280824
v 0.111059 146.731277 4.054848
v 5.636104 131.022003 -1.795345
v 6.373342 132.854660 -2.077222
v 4.743153 142.591721 3.013160
v 4.443699 142.416870 4.862955
v 4.567865 141.561798 4.980350
v 4.896441 141.724243 2.972780
v 3.792015 148.028976 4.353079
v 0.603479 146.175705 3.610014
v 2.014345 145.822067 3.378268
v 2.243229 148.659149 4.583629
v 1.195457 131.148514 -5.860334
v 2.079723 131.145599 -5.735170
v 5.200935 137.917297 3.012496
v 5.539412 136.433578 0.597879
v 7.612639 136.476227 0.611266
v 7.237093 136.218796 2.976969
v 5.435930 146.554321 4.029660
v 3.362703 144.910904 3.035691
v 4.613979 147.291641 4.191370
v 7.085680 136.720032 -2.366157
v 5.012452 136.648621 -1.945247
v 5.098410 136.613556 -1.530433
v 1.548571 136.157608 9.660868
v 0.713021 136.485687 10.060084
v 1.383190 133.690201 9.570609
v 1.496233 136.489395 8.985870
v 1.303343 136.579956 9.097827
v 1.110454 136.670517 9.209785
v 0.917564 136.761078 9.321741
v 0.724675 136.851639 9.433698
v -0.052214 145.642715 7.526217
v -0.186188 144.888168 8.776821
v 0.030235 144.471848 8.419881
v 0.164209 145.248901 7.011650
v 2.272577 140.797501 8.589888
v 1.507689 140.730057 9.122153
v 1.524017 139.534973 9.463951
v 2.322206 139.689697 8.873361
v 1.447034 143.028625 8.203775
v 0.716409 143.141052 8.659158
v 0.731711 141.965424 9.237565
v 1.485031 141.911133 8.770021
v -0.683672 133.132675 10.684739
v -1.168972 133.023605 10.854817
v -1.168972 133.331833 11.980827
v 3.152460 138.131470 7.408056
v 3.316956 138.079590 7.186019
v 3.477577 138.010849 6.963654
v 2.230854 133.762268 8.979112
v 2.994236 135.978104 8.315901
v 2.327461 135.935196 9.196045
v 4.190120 136.442352 6.389973
v 3.668260 136.126663 7.437835
v 6.937943 143.769623 3.627717
v 6.652124 145.164749 3.846013
v 4.578890 143.521332 3.056430
v 7.223763 142.374496 3.409422
v 0.327490 146.351089 3.742954
v 1.967239 148.817352 4.627019
v 4.549946 131.108749 -3.667792
v 5.058221 131.078339 -2.640793
v 7.417487 141.376236 3.350122
v 7.611217 140.377975 3.290822
v 7.666073 139.373978 3.158352
v 7.720936 138.369995 3.025883
v 6.044031 145.859528 3.937836
v -1.168972 131.140457 -6.212624
v 0.013243 131.144485 -6.036479
v 7.501019 136.991638 3.025639
v 0.178989 137.117203 9.771970
v -0.371611 137.242279 10.423713
v -0.339758 136.870514 10.423394
v 0.186634 136.678101 10.241738
v 0.701097 144.316666 8.080751
v 0.688086 145.013550 6.661569
v -0.293694 136.163300 10.422932
v 0.744377 140.616730 9.570132
v 0.756604 139.314926 9.891133
v -0.078888 143.356445 8.981043
v -0.510124 136.557114 11.477960
v 4.871201 134.641205 -1.887951
v -0.619892 138.242416 11.366471
v -0.403461 137.848602 10.611662
v -0.295321 143.750244 9.585687
v -1.168972 136.464737 11.837002
v -1.168972 135.172791 11.932577
v -1.168972 142.380630 10.449708
v -1.168972 141.030350 10.990888
v -1.168972 146.442352 5.948509
v -1.168972 145.741211 7.728287
v 0.018375 146.310669 5.715210
v -1.168972 139.612656 11.385737
v -1.168972 138.180420 11.583823
v -1.168972 144.927048 8.964004
v -1.168972 143.777756 9.739524
v 0.234800 145.814102 5.358278
v 3.271251 139.217163 8.489529
v 3.933302 139.142365 7.619704
v 0.746174 138.546158 10.072320
v 0.171352 138.262527 10.318538
v 1.554298 138.942505 9.857651
v 2.362431 139.208557 9.433084
v 3.931683 137.698090 6.423543
v 3.782688 137.820084 6.581903
v 3.635326 137.942108 6.740597
v 4.207227 136.947342 5.947514
v 3.906591 136.699615 6.437352
v 3.759047 136.604233 6.600254
v 3.614840 136.508850 6.763700
v 2.273327 136.269806 8.455750
v 2.079052 136.324707 8.588279
v 1.884783 136.379608 8.720809
v 1.690508 136.434509 8.853340
v 2.107967 138.197998 8.526826
v 2.302059 138.239609 8.385861
v 1.912427 138.157196 8.666759
v 1.717409 138.116104 8.807066
v 1.523098 138.074631 8.947879
v 1.332316 137.982895 9.051841
v 1.141535 137.891174 9.155804
v 0.950746 137.799454 9.259767
v 0.759963 137.707733 9.363729
v 2.471364 138.234055 8.196297
v 2.642020 138.227798 8.007660
v 2.814040 138.204926 7.819425
v 2.951183 136.275421 7.646514
v 2.783123 136.274017 7.848982
v 2.612007 136.272614 8.050801
v 2.440524 136.271210 8.253000
v 3.458172 136.450485 6.986393
v 3.294998 136.392136 7.207603
v 3.122928 136.333771 7.426894
v 3.222357 137.309097 8.522283
v 3.428450 137.304977 8.252404
v 3.357738 137.628418 8.249322
v 3.161058 137.646698 8.495921
v 1.744437 136.740967 9.137663
v 1.549709 136.777710 9.243926
v 3.767766 137.300003 7.374264
v 3.829912 137.278824 7.093610
v 3.807276 137.522034 7.106143
v 3.731913 137.563004 7.387125
v 0.733494 137.038406 9.498936
v 0.742319 137.225174 9.564175
v 4.222940 137.336975 5.943240
v 3.980040 137.415253 6.481716
v 4.008489 137.251038 6.515699
v 4.218471 137.216766 5.944457
v 4.037512 137.086823 6.549789
v 0.939473 136.968430 9.432290
v 2.753244 137.325104 8.956503
v 2.990227 137.314896 8.773354
v 2.946841 137.663773 8.723035
v 2.728592 137.676727 8.893028
v 2.583055 136.628159 8.599862
v 2.801233 136.624237 8.405934
v 2.961402 136.968552 8.713680
v 2.716521 136.975067 8.913637
v 3.011045 136.629150 8.161756
v 3.204706 136.633987 7.913853
v 3.418443 136.981110 8.165374
v 3.204373 136.972839 8.447554
v 2.162329 136.665833 8.917374
v 1.943832 136.701660 9.034729
v 2.280392 137.341095 9.228801
v 2.038905 137.342880 9.326119
v 2.006212 137.023270 9.304638
v 2.242926 137.004257 9.205530
v 1.819568 137.340561 9.409100
v 1.610470 137.334442 9.486818
v 1.595640 137.064789 9.460166
v 1.796393 137.044601 9.386348
v 3.575160 137.307541 7.960149
v 3.697544 137.313736 7.660074
v 3.642822 137.594727 7.666746
v 3.511083 137.609955 7.963444
v 3.360418 136.674866 7.660059
v 3.513247 136.717636 7.403945
v 3.690811 137.027039 7.589251
v 3.566504 137.002975 7.878540
v 3.623976 136.743408 7.154340
v 3.728490 136.766953 6.905370
v 3.829779 137.029358 7.038516
v 3.764294 137.030136 7.309521
v 3.911627 137.264328 6.804293
v 3.889556 137.472702 6.811324
v 3.846481 136.830093 6.698771
v 3.971871 136.893234 6.493536
v 3.932652 137.055954 6.797003
v 1.347577 136.838074 9.304786
v 1.145445 136.898453 9.365645
v 1.399830 137.332016 9.518248
v 1.188808 137.330261 9.541877
v 1.180429 137.126373 9.521506
v 1.387278 137.093414 9.486688
v 0.967385 137.327621 9.549408
v 0.961367 137.175766 9.542840
v 0.754780 137.566238 9.456717
v 0.749618 137.424744 9.549705
v 0.962074 137.639450 9.407871
v 0.973403 137.479446 9.555976
v 2.993408 137.931656 8.179406
v 3.177621 137.909439 7.965720
v 2.986124 138.182770 7.630522
v 3.603729 137.792770 7.188261
v 3.721891 137.736145 6.941571
v 3.955854 137.556671 6.452629
v 1.776062 137.876556 9.099480
v 1.570805 137.838074 9.217568
v 1.612167 137.597900 9.447153
v 1.825833 137.629715 9.357735
v 3.833738 137.646393 6.696063
v 1.370087 137.775360 9.288298
v 1.169361 137.712662 9.359025
v 1.197189 137.534134 9.562247
v 1.402115 137.564285 9.494385
v 2.604674 137.962814 8.564050
v 2.801976 137.953156 8.392256
v 2.204872 137.940277 8.864201
v 1.987295 137.911789 8.985644
v 2.048430 137.656433 9.263921
v 2.283630 137.673920 9.160407
v 3.334338 137.875397 7.704484
v 3.485256 137.844818 7.438965
v 0.348974 131.178925 10.281425
v 0.808999 128.353882 8.553711
v 0.242147 128.313110 9.194827
v 0.216484 127.468544 9.159158
v -0.459957 127.286568 9.662467
v -0.449873 127.099312 9.312610
v 0.352609 132.147217 10.078568
v 0.830341 128.835510 8.622187
v 0.861330 129.617233 8.936118
v 0.299047 129.495667 9.309007
v 0.263193 128.894516 9.072721
v -0.471300 129.436386 9.642107
v -1.168972 129.424988 9.936450
v -1.168972 128.958862 9.625051
v -0.476364 128.973267 9.496150
v 1.209105 129.800461 8.579268
v -1.168972 128.496689 9.886003
v -0.470057 128.444519 9.788015
v 0.943228 122.765404 3.014154
v -1.168972 127.216270 9.734092
v -1.168972 127.065331 9.368751
v 3.399837 144.568222 3.925840
v 2.074038 145.405762 4.845363
v 2.736937 144.986984 4.385602
v 0.675067 145.710434 5.242385
v 1.374549 145.558105 5.043874
v 3.936562 144.091660 3.530070
v 5.588305 145.651596 -2.286203
v 6.154528 145.137527 -2.204093
v 5.961567 145.034912 -2.907935
v 5.427282 145.320175 -3.193519
v 2.488838 147.823044 -2.418858
v 3.615822 147.485840 -2.411317
v 3.563852 147.032471 -3.627811
v 2.468889 147.282471 -3.680325
v 1.031427 149.844498 0.134077
v 1.078440 150.034683 1.656152
v 1.444644 149.041214 1.831428
v 1.373672 148.848785 0.356641
v 4.807336 132.161331 -3.975856
v 5.369244 132.116638 -2.923523
v 0.148207 140.328674 -7.820688
v -1.168972 140.384766 -8.017895
v -1.168972 141.801605 -7.897131
v 0.150639 141.745697 -7.679735
v 5.689962 136.970917 -5.080217
v 6.414145 136.779678 -4.116748
v 6.295283 135.786819 -3.751619
v 5.562847 135.789642 -4.856645
v 0.081802 134.556656 -7.455492
v -1.168972 134.531082 -7.576895
v -1.168972 135.870544 -7.949986
v 0.106363 135.860809 -7.809746
v 5.797877 142.274033 -4.669006
v 6.443748 142.181000 -3.721364
v 6.578663 140.942627 -3.933713
v 5.894201 141.076263 -4.957535
v 7.350694 137.386856 -1.991579
v 7.901287 137.203140 0.611215
v 7.527177 141.782364 -0.571228
v 7.701213 141.628021 0.720273
v 7.905884 140.596405 0.647363
v 7.698950 140.681549 -0.663198
v 2.854866 148.479431 3.100484
v 3.017622 148.344055 4.468354
v 3.865802 148.108688 2.993441
v 1.456277 149.230698 3.086847
v 4.331789 146.822723 -2.411851
v 4.974442 146.138245 -2.397555
v 4.810816 145.683029 -3.477164
v 4.221596 146.366669 -3.568432
v 4.576507 147.318970 0.110311
v 5.299156 146.620514 -0.002087
v 5.170973 146.471924 -1.261419
v 4.464766 147.147812 -1.211130
v 5.919434 145.935425 -0.102037
v 6.497430 145.192459 -0.204360
v 6.352614 145.218063 -1.345389
v 5.783727 145.869110 -1.295393
v 0.716020 151.219269 3.067305
v 0.706925 151.156311 5.102666
v 0.978219 149.047302 -2.657423
v 0.972032 148.440308 -3.926850
v 0.660053 149.325134 -4.116359
v 0.663088 150.021729 -2.903617
v 2.605232 148.434219 0.290712
v 3.775326 147.983887 0.218716
v 3.680494 147.798843 -1.163070
v 2.525527 148.222382 -1.129411
v 6.044603 145.918045 2.531456
v 6.623943 145.113586 2.408528
v 4.649353 147.378067 2.821620
v 5.432897 146.647446 2.649801
v 2.506384 146.082153 -4.904590
v 1.379364 146.226593 -5.018472
v 1.405014 147.548401 -3.751119
v 2.554507 143.186447 -6.663232
v 1.472479 143.293732 -6.880970
v 1.474713 144.897705 -6.299602
v 2.547711 144.737488 -6.037969
v 0.151756 143.366562 -7.180893
v -1.168972 143.439377 -7.480818
v -1.168972 144.954620 -6.983841
v 0.152874 144.987427 -6.682053
v 3.652348 132.227112 -5.501266
v 4.241531 132.203064 -4.955783
v 3.961554 134.551117 -6.168478
v 4.654509 134.544434 -5.596416
v 4.445912 133.296707 -5.284986
v 3.803125 133.332260 -5.846319
v 5.323172 134.509964 -4.575113
v 5.987776 134.470886 -3.478936
v 5.680252 133.154938 -3.206252
v 5.064854 133.244324 -4.281811
v 2.523293 140.197083 -7.320560
v 1.432976 140.270157 -7.610266
v 1.440634 141.709015 -7.404669
v 2.551403 141.623718 -7.150830
v 2.434945 137.291916 -7.380468
v 1.386563 137.339218 -7.700653
v 1.420770 138.842636 -7.735067
v 2.488053 138.780960 -7.415611
v 0.126448 137.369217 -7.907101
v -1.168972 137.391815 -8.063345
v -1.168972 138.932755 -8.081684
v 0.143667 138.895981 -7.937204
v 4.206902 137.201935 -6.542507
v 4.961437 137.143219 -5.985605
v 4.849873 135.825912 -5.874008
v 4.111984 135.810822 -6.453990
v 4.278297 138.379440 -6.588910
v 5.201014 138.797516 -5.964249
v 5.048688 138.342789 -6.057545
v 5.814312 138.618256 -5.291325
v 6.550249 138.403122 -4.483817
v 6.533014 137.772537 -4.481877
v 5.786768 138.050476 -5.267039
v 7.583652 141.499939 2.033396
v 7.778932 140.487854 1.963586
v 7.009142 143.858856 2.258101
v 7.345581 142.566650 2.113755
v 9.425959 138.478638 -1.944110
v 7.383217 139.037979 -1.990435
v 7.657438 139.019379 -0.685686
v 9.974401 138.451355 0.665389
v 7.931661 139.000763 0.619064
v 2.298552 134.570282 -6.987738
v 1.296965 134.581390 -7.287758
v 1.346643 135.857758 -7.602999
v 2.375832 135.825790 -7.288744
v 2.148991 132.247726 -6.193510
v 1.238708 132.247223 -6.412676
v 1.246727 133.356842 -6.911602
v 2.219624 133.364639 -6.636543
v 0.034861 132.215515 -6.547449
v -1.168972 132.183807 -6.682224
v -1.168972 133.227173 -7.151825
v 0.056953 133.311432 -7.044182
v 4.377699 142.721054 -6.032341
v 5.111082 142.396591 -5.552062
v 5.164163 141.218704 -5.917618
v 4.406105 141.583847 -6.418173
v 4.269437 145.278824 -4.580898
v 4.904318 144.681870 -4.326228
v 5.033717 143.584259 -5.086636
v 4.338598 144.064240 -5.503664
v 5.532368 144.456497 -3.802403
v 6.118971 144.309494 -3.199899
v 6.285313 143.404800 -3.508105
v 5.677636 143.469406 -4.330088
v 9.543767 137.299911 3.071964
v 9.572294 138.283478 3.072208
v 7.508790 138.475494 -3.852464
v 6.567497 139.033707 -4.485756
v 7.474301 137.872330 -3.848586
v 6.890718 142.063126 -2.788974
v 7.280634 141.936523 -1.814369
v 7.416970 140.765778 -1.927851
v 7.026588 140.849182 -2.945986
v 6.463683 144.261124 -2.394476
v 6.749552 144.215607 -1.507407
v 7.091741 143.135284 -1.679151
v 6.716803 143.283783 -2.620638
v 6.924211 144.088638 -0.333375
v 7.051919 143.954498 0.906954
v 7.439826 142.719986 0.803554
v 7.300760 142.927383 -0.463204
v 1.843937 148.850174 3.207528
v 1.035189 147.172638 -5.012455
v 0.712229 151.127228 1.480875
v -0.238972 148.205582 -5.092957
v -1.168972 148.277985 -5.165055
v -1.168972 149.397842 -4.183161
v -0.252338 149.344742 -4.140868
v -0.252947 150.097214 -2.939229
v -0.239899 150.984848 -0.147875
v 0.689182 150.922760 -0.088486
v 0.666121 150.652252 -1.657847
v -0.250174 150.724197 -1.657885
v -0.228371 151.184448 1.400248
v -1.168972 151.340759 1.319619
v -1.168972 151.531891 3.024265
v -1.168972 151.337143 5.206637
v -0.035305 145.994690 -6.425320
v 1.098361 145.904968 -6.098061
v 7.815818 139.578094 1.893087
v 7.826298 138.685364 1.822473
v 7.693003 139.829727 -0.680651
v 7.912765 139.762619 0.622422
v 7.013392 139.918884 -3.092884
v 7.420450 139.877228 -1.989126
v 6.975353 139.035843 -3.238096
v 9.944028 137.454941 0.657540
v 9.393442 137.589615 -1.945254
v 5.872109 140.072342 -5.132492
v 6.606335 139.960526 -4.196641
v 5.833527 139.161865 -5.269368
v 6.453485 135.460831 2.884625
v 6.812710 135.711960 0.234484
v 5.497356 135.955658 0.400888
v 5.138124 135.704529 2.952610
v 7.392099 132.768234 0.691813
v 7.092766 132.516327 2.766631
v 6.714794 134.205963 -0.387876
v 5.682049 132.766129 -1.211526
v 6.302178 133.394333 -0.389370
v 6.359071 133.958649 2.844361
v 5.968922 133.196426 2.677988
v 7.604365 133.168884 0.692582
v 7.271094 132.970978 2.842676
v 3.546929 127.609352 2.034439
v 0.682457 119.333656 3.887687
v 2.712582 125.646431 1.083459
v 4.625338 123.251366 0.361250
v 3.835005 123.240150 1.466605
v 2.916107 124.785500 1.664990
v 2.877192 120.122383 3.675228
v 1.876934 119.740562 3.984213
v 2.675816 120.761024 4.033245
v 3.550783 125.871162 1.935201
v 3.508120 124.944466 2.436450
v 3.642766 128.434738 1.728959
v 6.978529 115.594917 5.833763
v 4.591103 115.594917 6.709371
v 8.513970 115.594917 5.948628
v 9.938350 115.594917 5.987999
v 6.239190 123.443977 -2.103498
v 7.920805 123.037849 -2.370834
v 3.971716 125.094200 -1.506883
v 4.698713 124.169456 -1.781671
v 3.478870 125.892509 -1.284425
v 12.462883 123.530968 -1.493379
v 13.722518 123.402214 -1.042346
v 18.403414 116.545296 -1.023791
v 19.324497 116.345192 1.351081
v 18.756479 115.594917 -0.546514
v 18.514328 115.594917 -1.078404
v 19.434788 115.594917 1.275425
v 9.638910 123.250832 -2.191463
v 11.285236 123.499397 -1.889525
v 15.861584 120.157402 2.655293
v 14.724127 119.596825 3.916472
v 18.266930 116.053749 1.376305
v 13.885509 115.594917 4.701805
v 14.273267 115.594917 4.636390
v 16.142523 115.594917 4.026915
v 19.259748 115.594917 1.324473
v 18.335724 115.594917 1.356299
v 9.833744 116.538841 -5.827663
v 10.425495 116.849571 -5.771909
v 12.037120 116.557274 -3.979170
v 12.903750 115.594917 -3.191803
v 11.607794 115.594917 -3.855933
v 10.605386 115.594917 -4.317320
v 1.786260 122.788643 -4.118975
v 3.910941 123.019798 -3.725760
v 4.989229 121.958366 -4.890926
v 2.149487 121.636284 -5.166043
v 5.777482 123.280861 -3.164916
v 7.710059 122.371696 -4.287528
v 12.654866 122.882118 -3.195543
v 13.628061 122.948570 -2.739051
v 15.525768 122.540154 -0.656922
v 17.137697 121.067192 -0.961669
v 12.260729 116.588600 -5.096196
v 13.155568 115.594917 -4.283198
v 15.057178 120.067268 -3.840490
v 13.891335 121.597755 -3.930535
v 15.079611 122.034828 -2.542071
v 16.615108 120.832619 -2.684102
v 10.763227 120.627495 -5.171550
v 9.808774 122.520943 -3.997725
v 11.497283 122.754799 -3.609984
v 12.417050 121.103172 -4.612600
v 17.774466 119.175545 -0.955789
v 8.883823 115.594917 -5.821392
v 8.691740 115.594917 -4.704574
v 15.416996 118.093102 -3.732751
v 17.264387 118.909737 -2.886313
v 18.244576 115.594917 1.512313
v 10.064099 115.594917 -4.329569
v -1.168972 121.750496 -5.185097
v -1.168972 116.878441 -5.598557
v 2.778978 119.421288 -6.205008
v 3.024631 116.928429 -6.303593
v 1.039638 116.903435 -5.945427
v 6.022844 119.752449 -6.059303
v 8.891553 120.157646 -5.635953
v 11.682422 118.507759 -5.343005
v 13.234185 119.209251 -4.679757
v 13.483741 117.225670 -4.476506
v 17.487579 116.258369 -2.868765
v 7.098444 117.472893 -6.269074
v 9.922537 117.874382 -5.919185
v 15.708071 115.594917 -3.658601
v 13.899920 115.594917 -3.855115
v 13.573092 115.594917 -4.018074
v 17.560043 115.594917 -2.900837
v 17.727623 115.594917 -2.593685
v 1.074169 115.594917 -5.909302
v 3.242908 115.594917 -6.311832
v 7.242644 115.594917 -6.015730
v 5.053581 115.594917 -6.073158
v 1.403395 148.188232 -2.455343
v 1.302700 148.656342 -1.118147
v 0.984406 149.654297 -1.387997
v 2.692116 148.614792 1.732615
v 3.939589 148.188400 1.633801
v 4.666771 147.435486 1.455396
v 5.399808 146.708618 1.287795
v 6.029386 145.964096 1.147485
v 6.618294 145.151993 1.018450
v 3.572034 145.873413 -4.778718
v 3.586977 144.557327 -5.838879
v 3.593928 143.047806 -6.421066
v 3.593575 141.525925 -6.867924
v 3.019617 132.245529 -5.942605
v 3.120255 133.359955 -6.312090
v 3.230913 134.555069 -6.643778
v 3.338850 135.798111 -6.936007
v 3.404879 140.134155 -7.068126
v 3.487364 138.711853 -7.056808
v 3.416258 137.243011 -7.021366
v 5.220970 139.270233 -5.954926
v 0.722002 146.912231 -5.896519
v 0.691028 148.118683 -5.055979
v -0.201895 147.026505 -5.932054
v -1.168972 147.108978 -6.016922
v -1.168972 150.187653 -2.982666
v -1.168972 150.812546 -1.682842
v -1.168972 151.105392 -0.197365
v -1.168972 146.069458 -6.546663
v 5.260262 140.165512 -5.912368
v 4.336887 140.149902 -6.579640
v 4.286685 138.969315 -6.640842
v 2.520647 137.338028 9.118752
v 2.513971 137.686859 9.046852
v 2.482007 136.987228 9.091003
v 2.378258 136.631424 8.798181
v 2.417867 137.971268 8.739482
v 2.838720 131.290085 6.759752
v 3.272532 131.557007 5.771430
v 2.045935 132.327637 8.779596
v 2.324732 131.066177 7.635423
v 2.164273 142.918213 7.732960
v 2.224355 141.868332 8.288989
v 2.875728 141.806808 7.626145
v -2.660038 122.720024 2.780598
v -2.834620 119.288200 3.521946
v -7.490007 124.511696 -0.565057
v -8.766777 123.683922 -0.762689
v -8.536161 122.993416 -0.790126
v -7.014948 123.979942 -0.509827
v -9.973673 116.870491 4.791555
v -9.840574 120.887611 2.237442
v -12.708704 121.246803 2.350942
v -13.705893 119.667107 3.744039
v -13.344927 117.551003 4.958676
v -5.270472 116.886955 6.506142
v -5.219923 119.842400 4.193476
v -4.342310 120.894447 4.093841
v -3.454395 119.439842 4.467363
v -4.141466 122.828239 2.717206
v -4.979668 123.052971 3.568947
v -8.342707 122.581032 0.361994
v -10.010035 121.977913 0.469290
v -9.170250 121.232109 2.032570
v -7.996346 122.243904 1.416101
v -4.230118 119.463005 4.380221
v -3.469881 119.250221 4.533955
v -2.859385 119.079369 4.573031
v -13.369970 123.886803 -0.378604
v -14.886133 124.081261 -0.029753
v -14.597437 122.920692 -0.018364
v -13.414783 122.864433 -0.456726
v -11.948072 116.507515 -4.710637
v -12.842169 116.202202 -4.566351
v -12.539831 116.818245 -4.654882
v -3.360312 115.594917 6.909654
v -17.474539 121.840797 0.982728
v -15.927145 122.709541 0.337718
v -16.454706 123.957436 0.358971
v -18.294275 122.912743 0.964573
v -16.900862 121.261238 2.089468
v -16.070929 120.712318 3.245478
v -15.232382 121.567482 2.540637
v -15.555269 122.107231 1.460529
v -18.858416 120.624794 1.347800
v -19.815920 121.225288 1.365258
v -20.750475 119.359596 1.564069
v -19.764429 118.861595 1.546973
v -18.962038 118.830147 2.829352
v -19.677988 115.817024 2.763561
v -17.805841 118.300652 4.127982
v -14.734882 116.975609 4.971014
v -12.796577 115.594917 6.017220
v -12.628355 115.594917 6.049648
v -14.960230 115.594917 4.715606
v -14.423647 122.255989 1.143675
v -14.300901 121.445610 2.506455
v -14.866318 120.158928 3.624554
v -10.386925 123.276665 -0.732283
v -11.924290 123.479607 -0.631496
v -11.869434 122.556969 -0.562425
v -10.280897 122.539864 -0.827351
v -16.144079 117.796227 4.744031
v -15.445211 118.758018 4.500477
v -11.731436 122.033104 0.634712
v -13.216860 122.196602 0.879112
v -11.458664 121.470711 1.860690
v -6.135794 126.228355 -0.173562
v -6.645136 125.311882 -0.397012
v -5.392107 125.912361 -0.212922
v -2.448875 125.204185 2.764043
v -3.960896 127.697884 3.097960
v -4.541954 128.147354 2.391599
v -4.869064 125.505165 1.772086
v -3.379850 127.248421 3.804320
v -3.667679 125.293831 3.165696
v -3.468708 127.430641 -3.114602
v -3.271576 128.792191 -3.030641
v -2.264883 128.742844 -3.005303
v -3.402969 126.044640 -3.163150
v -4.189335 129.957367 -2.730421
v -5.152218 128.891449 -1.673545
v -5.106888 129.989349 -1.865643
v -4.156246 129.074844 -2.378565
v -4.645342 128.926285 -1.965150
v -5.478176 129.012375 1.759069
v -5.250254 128.387543 1.182698
v -5.140182 128.669907 3.264904
v -5.461531 129.672089 -0.806205
v -5.633883 128.942001 -0.841546
v -5.986876 129.354843 0.253232
v -5.610899 128.627716 -0.026204
v -5.775318 128.734375 -0.547476
v -5.798203 128.456207 -0.090128
v -2.399324 127.104820 6.307606
v -2.274408 127.091942 3.830197
v -5.451891 128.521835 0.506801
v -6.086504 127.743629 1.358542
v -6.120760 128.576660 1.072851
v -4.900173 124.982399 -2.927387
v -5.331854 123.929893 -3.232166
v -6.630413 124.096489 -2.651855
v -5.953760 125.078407 -2.327628
v -5.877993 127.341850 -0.142761
v -5.707266 125.729897 2.623827
v -3.695053 124.891258 -3.396493
v -3.873192 123.765450 -3.722774
v -5.549425 123.128212 3.200658
v -4.711224 122.903481 2.348917
v -4.624262 121.611488 3.148002
v -5.239830 121.978813 3.776652
v -3.740751 128.870377 -2.651238
v -5.346069 127.526314 -1.846012
v -5.471544 126.140312 -2.047812
v -4.607841 125.879265 -2.698248
v -3.728298 144.847610 6.323580
v -4.430567 144.681671 5.985591
v -4.444561 143.925598 7.064991
v -3.747236 144.087357 7.518384
v -6.215719 143.780579 4.570170
v -6.809513 143.349091 3.967298
v -6.648115 143.118912 4.872811
v -6.187439 143.388687 5.495552
v -5.828194 141.732193 6.905790
v -5.747484 142.714203 6.568873
v -6.270878 142.551407 5.827814
v -6.381763 141.634430 6.046527
v -6.454773 131.122238 2.492433
v -6.076731 129.879745 2.305204
v -5.667671 129.217773 4.142250
v -5.839643 130.407883 4.434900
v -6.638052 132.885422 -1.656312
v -5.900812 131.052765 -1.374435
v -6.704632 132.838638 -1.340382
v -7.112503 132.552048 0.595110
v -6.304865 130.303482 0.558135
v -1.875746 130.620972 9.871064
v -1.869940 129.763611 10.131736
v -2.220366 129.881943 -3.673275
v -2.194569 131.179276 -4.353131
v -4.384932 128.038574 4.638451
v -4.816494 128.505035 6.058983
v -6.024046 132.881454 6.032624
v -6.494402 134.173630 6.293819
v -6.883434 134.489471 5.316042
v -6.463852 133.156693 5.049577
v -7.438793 140.667389 2.994174
v -7.620539 139.727722 3.013196
v -7.235968 139.551529 5.383681
v -7.057364 140.603500 5.090546
v -7.510338 137.284760 3.012252
v -7.501795 136.176147 2.963582
v -7.118189 137.070740 5.410295
v -2.036451 140.666367 9.922057
v -1.945444 139.278610 10.252844
v -1.729027 139.672424 11.105207
v -1.820026 141.060181 10.774421
v -1.904308 142.376175 10.269263
v -2.120726 141.982376 9.484456
v -6.567652 137.499207 5.941400
v -6.854002 138.954102 6.449707
v -7.242100 138.541733 5.394067
v -7.056353 137.412750 5.565018
v -3.255035 129.923965 -3.496862
v -3.228706 131.173447 -4.102802
v -4.306379 131.169937 -3.187587
v -5.322924 131.109100 -2.125397
v -5.926470 129.212936 1.265648
v -5.439487 128.872604 -1.223131
v -3.629667 127.407234 6.011997
v -3.185591 127.220924 3.808867
v -3.835329 127.713646 7.821037
v -3.106117 127.542961 8.425486
v -2.528765 127.254951 8.976131
v -3.308250 125.267403 3.210690
v -2.148849 135.266449 11.512598
v -2.477869 134.872635 10.457569
v -2.694174 133.549774 10.168195
v -2.320120 133.943573 11.223224
v -5.072237 144.413239 5.532491
v -5.713892 144.144806 5.079391
v -5.682911 143.632843 6.111419
v -5.078615 143.783737 6.597291
v -5.139149 142.819809 7.169549
v -5.435455 139.792770 8.119995
v -5.309530 140.816772 7.882268
v -5.937254 140.781540 7.114017
v -6.052347 139.806076 7.338820
v -6.527266 140.690689 6.195453
v -6.704285 139.682861 6.334444
v -6.813169 132.300125 2.669927
v -8.128531 132.339890 2.601942
v -8.427864 132.591797 -0.390139
v -7.381653 134.202332 2.912345
v -6.044264 131.823944 4.783110
v -8.719248 135.870422 -1.361500
v -7.403894 136.114120 -1.293515
v -7.305901 134.606110 -1.432697
v -8.621256 134.362427 -1.362894
v -3.243380 130.716431 9.154254
v -3.229853 130.310318 9.245857
v -2.659933 129.976624 9.639155
v -2.685390 130.638885 9.514663
v -3.332626 132.088791 9.607522
v -4.148685 130.842270 8.511092
v -3.255791 130.997467 9.413405
v -1.759302 132.271530 10.700589
v -1.881742 131.391129 10.929240
v -5.840775 131.140915 -5.152398
v -5.301935 131.142670 -5.610006
v -6.379606 131.139160 -4.694790
v -4.977114 132.470612 7.897635
v -5.360291 133.844055 8.159847
v -6.064730 133.980637 7.240995
v -5.591911 132.604431 7.015675
v -3.950026 129.095978 8.095000
v -4.981676 129.782349 6.380379
v -3.905750 128.416687 7.989230
v -3.766232 149.168350 4.838485
v -2.449003 146.731277 4.054848
v -8.711287 132.854660 -2.077223
v -7.974047 131.022003 -1.795345
v -7.081089 142.591721 3.013160
v -7.234377 141.724243 2.972780
v -6.905809 141.561798 4.980350
v -6.781637 142.416870 4.862955
v -6.129953 148.028976 4.353079
v -4.352289 145.822067 3.378268
v -2.941423 146.175705 3.610014
v -4.581167 148.659149 4.583629
v -3.533394 131.148514 -5.860334
v -4.417660 131.145599 -5.735170
v -7.538874 137.917297 3.012496
v -9.575037 136.218796 2.976969
v -9.950583 136.476227 0.611266
v -7.877348 136.433578 0.597879
v -7.773867 146.554321 4.029660
v -5.700640 144.910904 3.035691
v -6.951918 147.291641 4.191370
v -9.423616 136.720032 -2.366158
v -7.350389 136.648621 -1.945247
v -7.436346 136.613556 -1.530433
v -3.886515 136.157608 9.660868
v -3.721127 133.690201 9.570609
v -3.050959 136.485687 10.060084
v -3.834177 136.489395 8.985870
v -3.641279 136.579956 9.097827
v -3.448391 136.670517 9.209785
v -3.255501 136.761078 9.321741
v -3.062613 136.851639 9.433698
v -2.285723 145.642715 7.526217
v -2.502148 145.248901 7.011650
v -2.368172 144.471848 8.419881
v -2.151749 144.888168 8.776821
v -4.610514 140.797501 8.589888
v -4.660143 139.689697 8.873361
v -3.861954 139.534973 9.463951
v -3.845625 140.730057 9.122153
v -3.784971 143.028625 8.203775
v -3.822968 141.911133 8.770021
v -3.069649 141.965424 9.237565
v -3.054346 143.141052 8.659158
v -1.654264 133.132675 10.684739
v -5.490404 138.131470 7.408056
v -5.815521 138.010849 6.963654
v -5.654894 138.079590 7.186019
v -4.568790 133.762268 8.979112
v -4.665398 135.935196 9.196045
v -5.332172 135.978104 8.315901
v -6.006197 136.126663 7.437835
v -6.528057 136.442352 6.389973
v -6.916826 143.521332 3.056430
v -8.990068 145.164749 3.846012
v -9.275888 143.769623 3.627717
v -9.561701 142.374496 3.409421
v -4.305178 148.817352 4.627019
v -2.665426 146.351089 3.742954
v -6.887890 131.108749 -3.667792
v -7.396158 131.078339 -2.640793
v -9.755423 141.376236 3.350122
v -9.949156 140.377975 3.290821
v -10.004017 139.373978 3.158351
v -10.058874 138.369995 3.025882
v -8.381968 145.859528 3.937836
v -2.351179 131.144485 -6.036479
v -9.838955 136.991638 3.025638
v -2.516928 137.117203 9.771970
v -2.524572 136.678101 10.241738
v -1.998178 136.870514 10.423394
v -1.966328 137.242279 10.423713
v -3.026022 145.013550 6.661569
v -3.039036 144.316666 8.080751
v -2.044243 136.163300 10.422932
v -3.082314 140.616730 9.570132
v -3.094542 139.314926 9.891133
v -2.259048 143.356445 8.981043
v -1.827812 136.557114 11.477960
v -7.209139 134.641205 -1.887951
v -1.718044 138.242416 11.366471
v -1.934475 137.848602 10.611662
v -2.042618 143.750244 9.585687
v -2.356314 146.310669 5.715210
v -2.572737 145.814102 5.358278
v -5.609188 139.217163 8.489529
v -6.271238 139.142365 7.619704
v -3.084110 138.546158 10.072320
v -2.509289 138.262527 10.318538
v -4.700369 139.208557 9.433084
v -3.892235 138.942505 9.857651
v -6.269619 137.698090 6.423543
v -6.120625 137.820084 6.581903
v -5.973263 137.942108 6.740597
v -6.244528 136.699615 6.437352
v -6.545164 136.947342 5.947514
v -6.096983 136.604233 6.600254
v -5.952784 136.508850 6.763700
v -4.611263 136.269806 8.455750
v -4.416996 136.324707 8.588279
v -4.222719 136.379608 8.720809
v -4.028444 136.434509 8.853340
v -4.639996 138.239609 8.385861
v -4.445906 138.197998 8.526826
v -4.250364 138.157196 8.666759
v -4.055353 138.116104 8.807066
v -3.861042 138.074631 8.947879
v -3.670254 137.982895 9.051841
v -3.479471 137.891174 9.155804
v -3.288683 137.799454 9.259767
v -3.097900 137.707733 9.363729
v -4.809309 138.234055 8.196297
v -5.151978 138.204926 7.819425
v -4.979958 138.227798 8.007660
v -5.121059 136.274017 7.848982
v -5.289120 136.275421 7.646514
v -4.949945 136.272614 8.050801
v -4.778461 136.271210 8.253000
v -5.796108 136.450485 6.986393
v -5.632935 136.392136 7.207603
v -5.460865 136.333771 7.426894
v -5.560293 137.309097 8.522283
v -5.498995 137.646698 8.495921
v -5.695675 137.628418 8.249322
v -5.766386 137.304977 8.252404
v -4.082375 136.740967 9.137663
v -3.887646 136.777710 9.243926
v -6.105703 137.300003 7.374264
v -6.069857 137.563004 7.387125
v -6.145212 137.522034 7.106143
v -6.167850 137.278824 7.093610
v -3.080256 137.225174 9.564175
v -3.071438 137.038406 9.498936
v -6.346426 137.251038 6.515699
v -6.317984 137.415253 6.481716
v -6.560884 137.336975 5.943240
v -6.556408 137.216766 5.944457
v -6.375448 137.086823 6.549789
v -3.277411 136.968430 9.432290
v -5.091181 137.325104 8.956503
v -5.066530 137.676727 8.893028
v -5.284779 137.663773 8.723035
v -5.328163 137.314896 8.773354
v -4.920992 136.628159 8.599862
v -5.054459 136.975067 8.913637
v -5.299339 136.968552 8.713680
v -5.139170 136.624237 8.405934
v -5.348982 136.629150 8.161756
v -5.542311 136.972839 8.447554
v -5.756380 136.981110 8.165374
v -5.542643 136.633987 7.913853
v -4.500265 136.665833 8.917374
v -4.281769 136.701660 9.034729
v -4.618336 137.341095 9.228801
v -4.580862 137.004257 9.205530
v -4.344149 137.023270 9.304638
v -4.376842 137.342880 9.326119
v -4.157505 137.340561 9.409100
v -4.134331 137.044601 9.386348
v -3.933577 137.064789 9.460166
v -3.948406 137.334442 9.486818
v -5.913097 137.307541 7.960149
v -5.849020 137.609955 7.963444
v -5.980759 137.594727 7.666746
v -6.035480 137.313736 7.660074
v -5.698355 136.674866 7.660059
v -5.904440 137.002975 7.878540
v -6.028749 137.027039 7.589251
v -5.851183 136.717636 7.403945
v -5.961912 136.743408 7.154340
v -6.102232 137.030136 7.309521
v -6.167723 137.029358 7.038516
v -6.066427 136.766953 6.905370
v -6.249563 137.264328 6.804293
v -6.227493 137.472702 6.811324
v -6.184420 136.830093 6.698771
v -6.270596 137.055954 6.797003
v -6.309809 136.893234 6.493536
v -3.685514 136.838074 9.304786
v -3.483381 136.898453 9.365645
v -3.737768 137.332016 9.518248
v -3.725214 137.093414 9.486688
v -3.518366 137.126373 9.521506
v -3.526747 137.330261 9.541877
v -3.305323 137.327621 9.549408
v -3.299303 137.175766 9.542840
v -3.092724 137.566238 9.456717
v -3.087555 137.424744 9.549705
v -3.300011 137.639450 9.407871
v -3.311340 137.479446 9.555976
v -5.331347 137.931656 8.179406
v -5.324062 138.182770 7.630522
v -5.515558 137.909439 7.965720
v -5.941668 137.792770 7.188261
v -6.059828 137.736145 6.941571
v -6.293798 137.556671 6.452629
v -4.113998 137.876556 9.099480
v -4.163771 137.629715 9.357735
v -3.950104 137.597900 9.447153
v -3.908741 137.838074 9.217568
v -6.171675 137.646393 6.696063
v -3.708023 137.775360 9.288298
v -3.740059 137.564285 9.494385
v -3.535133 137.534134 9.562247
v -3.507299 137.712662 9.359025
v -4.942612 137.962814 8.564050
v -5.139914 137.953156 8.392256
v -4.542809 137.940277 8.864201
v -4.621567 137.673920 9.160407
v -4.386368 137.656433 9.263921
v -4.325232 137.911789 8.985644
v -5.672276 137.875397 7.704484
v -5.823195 137.844818 7.438965
v -2.686911 131.178925 10.281425
v -2.554422 127.468544 9.159158
v -2.580086 128.313110 9.194827
v -3.146936 128.353882 8.553711
v -1.888071 127.099312 9.312610
v -1.877979 127.286568 9.662467
v -2.690546 132.147217 10.078568
v -3.168278 128.835510 8.622187
v -2.601130 128.894516 9.072721
v -2.636992 129.495667 9.309007
v -3.199266 129.617233 8.936118
v -1.866636 129.436386 9.642107
v -1.861572 128.973267 9.496150
v -3.547041 129.800461 8.579268
v -1.867882 128.444519 9.788015
v -3.281164 122.765404 3.014154
v -5.737774 144.568222 3.925840
v -5.074875 144.986984 4.385602
v -4.411974 145.405762 4.845363
v -3.712486 145.558105 5.043874
v -3.013004 145.710434 5.242385
v -6.274500 144.091660 3.530070
v -7.926249 145.651596 -2.286204
v -7.765219 145.320175 -3.193519
v -8.299505 145.034912 -2.907935
v -8.492464 145.137527 -2.204093
v -4.826777 147.823044 -2.418858
v -4.806826 147.282471 -3.680325
v -5.901789 147.032471 -3.627811
v -5.953760 147.485840 -2.411317
v -3.369364 149.844498 0.134077
v -3.711609 148.848785 0.356641
v -3.782581 149.041214 1.831428
v -3.416376 150.034683 1.656152
v -7.145273 132.161331 -3.975856
v -7.707180 132.116638 -2.923523
v -2.486143 140.328674 -7.820688
v -2.488577 141.745697 -7.679735
v -8.027899 136.970917 -5.080217
v -7.900785 135.789642 -4.856645
v -8.633226 135.786819 -3.751619
v -8.752089 136.779678 -4.116748
v -2.419741 134.556656 -7.455492
v -2.444300 135.860809 -7.809746
v -8.135815 142.274033 -4.669006
v -8.232138 141.076263 -4.957535
v -8.916601 140.942627 -3.933713
v -8.781693 142.181000 -3.721364
v -9.688623 137.386856 -1.991579
v -10.239225 137.203140 0.611215
v -9.865114 141.782364 -0.571228
v -10.036886 140.681549 -0.663198
v -10.243820 140.596405 0.647363
v -10.039150 141.628021 0.720273
v -5.192810 148.479431 3.100484
v -6.203739 148.108688 2.993441
v -5.355558 148.344055 4.468354
v -3.794214 149.230698 3.086847
v -6.669725 146.822723 -2.411851
v -6.559534 146.366669 -3.568432
v -7.148752 145.683029 -3.477164
v -7.312378 146.138245 -2.397555
v -6.914444 147.318970 0.110311
v -6.802702 147.147812 -1.211130
v -7.508909 146.471924 -1.261419
v -7.637093 146.620514 -0.002087
v -8.257370 145.935425 -0.102037
v -8.121664 145.869110 -1.295393
v -8.690557 145.218063 -1.345389
v -8.835375 145.192459 -0.204360
v -3.044863 151.156311 5.102666
v -3.053957 151.219269 3.067305
v -3.316156 149.047302 -2.657423
v -3.001024 150.021729 -2.903617
v -2.997990 149.325134 -4.116359
v -3.309969 148.440308 -3.926850
v -4.943171 148.434219 0.290712
v -4.863464 148.222382 -1.129411
v -6.018431 147.798843 -1.163070
v -6.113262 147.983887 0.218716
v -8.382540 145.918045 2.531456
v -8.961887 145.113586 2.408528
v -6.987289 147.378067 2.821620
v -7.770834 146.647446 2.649801
v -4.844328 146.082153 -4.904590
v -3.742958 147.548401 -3.751119
v -3.717302 146.226593 -5.018472
v -4.892445 143.186447 -6.663232
v -4.885649 144.737488 -6.037969
v -3.812651 144.897705 -6.299602
v -3.810415 143.293732 -6.880970
v -2.489695 143.366562 -7.180893
v -2.490810 144.987427 -6.682053
v -5.990286 132.227112 -5.501266
v -6.579470 132.203064 -4.955783
v -6.299490 134.551117 -6.168478
v -6.141062 133.332260 -5.846319
v -6.783850 133.296707 -5.284986
v -6.992445 134.544434 -5.596416
v -7.661108 134.509964 -4.575113
v -7.402792 133.244324 -4.281811
v -8.018190 133.154938 -3.206252
v -8.325712 134.470886 -3.478936
v -4.861237 140.197083 -7.320560
v -4.889339 141.623718 -7.150830
v -3.778570 141.709015 -7.404669
v -3.770920 140.270157 -7.610266
v -4.772882 137.291916 -7.380468
v -4.825998 138.780960 -7.415611
v -3.758707 138.842636 -7.735067
v -3.724501 137.339218 -7.700653
v -2.464384 137.369217 -7.907101
v -2.481604 138.895981 -7.937204
v -6.544838 137.201935 -6.542507
v -6.449921 135.810822 -6.453990
v -7.187809 135.825912 -5.874008
v -7.299381 137.143219 -5.985605
v -6.616236 138.379440 -6.588910
v -7.386633 138.342789 -6.057545
v -7.538950 138.797516 -5.964249
v -8.152248 138.618256 -5.291325
v -8.124704 138.050476 -5.267039
v -8.870945 137.772537 -4.481877
v -8.888193 138.403122 -4.483817
v -9.921589 141.499939 2.033396
v -10.116869 140.487854 1.963586
v -9.347078 143.858856 2.258100
v -9.683519 142.566650 2.113754
v -9.995375 139.019379 -0.685686
v -9.721155 139.037979 -1.990435
v -11.763895 138.478638 -1.944111
v -12.312338 138.451355 0.665389
v -10.269598 139.000763 0.619064
v -4.636488 134.570282 -6.987738
v -4.713770 135.825790 -7.288744
v -3.684580 135.857758 -7.602999
v -3.634901 134.581390 -7.287758
v -4.486929 132.247726 -6.193510
v -4.557562 133.364639 -6.636543
v -3.584663 133.356842 -6.911602
v -3.576645 132.247223 -6.412676
v -2.372805 132.215515 -6.547449
v -2.394890 133.311432 -7.044182
v -6.715635 142.721054 -6.032341
v -6.744043 141.583847 -6.418173
v -7.502100 141.218704 -5.917618
v -7.449018 142.396591 -5.552062
v -6.607374 145.278824 -4.580898
v -6.676535 144.064240 -5.503664
v -7.371655 143.584259 -5.086636
v -7.242254 144.681870 -4.326228
v -7.870306 144.456497 -3.802403
v -8.015581 143.469406 -4.330088
v -8.623249 143.404800 -3.508105
v -8.456907 144.309494 -3.199899
v -11.910231 138.283478 3.072207
v -11.881697 137.299911 3.071963
v -9.846727 138.475494 -3.852464
v -8.905434 139.033707 -4.485756
v -9.812246 137.872330 -3.848586
v -9.228647 142.063126 -2.788974
v -9.364532 140.849182 -2.945986
v -9.754908 140.765778 -1.927851
v -9.618578 141.936523 -1.814369
v -8.801626 144.261124 -2.394476
v -9.054739 143.283783 -2.620638
v -9.429678 143.135284 -1.679151
v -9.087488 144.215607 -1.507407
v -9.262148 144.088638 -0.333375
v -9.638689 142.927383 -0.463204
v -9.777769 142.719986 0.803554
v -9.389864 143.954498 0.906954
v -4.181873 148.850174 3.207528
v -3.373125 147.172638 -5.012455
v -3.050165 151.127228 1.480875
v -2.098965 148.205582 -5.092957
v -2.085600 149.344742 -4.140868
v -2.084991 150.097214 -2.939229
v -2.098038 150.984848 -0.147875
v -2.087770 150.724197 -1.657885
v -3.004059 150.652252 -1.657847
v -3.027119 150.922760 -0.088486
v -2.109566 151.184448 1.400248
v -2.302631 145.994690 -6.425320
v -3.436298 145.904968 -6.098061
v -10.153753 139.578094 1.893087
v -10.164236 138.685364 1.822473
v -10.030939 139.829727 -0.680651
v -10.250700 139.762619 0.622422
v -9.351328 139.918884 -3.092884
v -9.313292 139.035843 -3.238096
v -9.758387 139.877228 -1.989126
v -12.281965 137.454941 0.657540
v -11.731379 137.589615 -1.945254
v -8.210054 140.072342 -5.132492
v -8.171463 139.161865 -5.269368
v -8.944271 139.960526 -4.196641
v -8.791430 135.460831 2.884625
v -7.476061 135.704529 2.952610
v -7.835293 135.955658 0.400888
v -9.150646 135.711960 0.234484
v -9.430704 132.516327 2.766630
v -9.730036 132.768234 0.691813
v -8.019985 132.766129 -1.211526
v -9.052725 134.205963 -0.387876
v -8.640123 133.394333 -0.389370
v -8.697008 133.958649 2.844360
v -8.306860 133.196426 2.677988
v -9.942301 133.168884 0.692582
v -9.609032 132.970978 2.842675
v -5.884867 127.609352 2.034439
v -3.020393 119.333656 3.887687
v -5.050520 125.646431 1.083459
v -6.963274 123.251366 0.361250
v -6.172949 123.240150 1.466605
v -5.254044 124.785500 1.664990
v -5.215136 120.122383 3.675228
v -4.214870 119.740562 3.984213
v -5.013754 120.761024 4.033245
v -5.888720 125.871162 1.935201
v -5.846056 124.944466 2.436450
v -5.980703 128.434738 1.728959
v -6.929041 115.594917 6.709371
v -9.316465 115.594917 5.833763
v -10.851908 115.594917 5.948628
v -12.276279 115.594917 5.987999
v -8.577127 123.443977 -2.103498
v -10.258741 123.037849 -2.370834
v -6.309652 125.094200 -1.506883
v -7.036650 124.169456 -1.781671
v -5.816809 125.892509 -1.284425
v -14.800827 123.530968 -1.493379
v -16.060457 123.402214 -1.042347
v -21.094416 115.594917 -0.546514
v -21.662432 116.345192 1.351081
v -20.741350 116.545296 -1.023791
v -20.852274 115.594917 -1.078404
v -21.772718 115.594917 1.275425
v -11.976847 123.250832 -2.191463
v -13.623175 123.499397 -1.889525
v -18.199518 120.157402 2.655292
v -17.062063 119.596825 3.916471
v -20.604868 116.053749 1.376305
v -16.223452 115.594917 4.701805
v -16.611204 115.594917 4.636389
v -21.597692 115.594917 1.324473
v -12.763432 116.849571 -5.771909
v -12.171682 116.538841 -5.827663
v -15.241693 115.594917 -3.191803
v -14.375057 116.557274 -3.979170
v -14.641174 115.594917 -3.866522
v -12.943323 115.594917 -4.317320
v -4.124197 122.788643 -4.118975
v -4.487423 121.636284 -5.166043
v -7.327166 121.958366 -4.890926
v -6.248878 123.019798 -3.725760
v -8.115419 123.280861 -3.164916
v -10.048002 122.371696 -4.287528
v -14.992804 122.882118 -3.195543
v -15.966005 122.948570 -2.739051
v -17.863703 122.540154 -0.656922
v -19.475634 121.067192 -0.961669
v -15.493505 115.594917 -4.283198
v -14.598665 116.588600 -5.096196
v -17.395113 120.067268 -3.840490
v -18.953043 120.832619 -2.684103
v -17.417555 122.034828 -2.542071
v -16.229265 121.597755 -3.930535
v -13.101156 120.627495 -5.171550
v -14.754980 121.103172 -4.612600
v -13.835220 122.754799 -3.609984
v -12.146704 122.520943 -3.997725
v -20.112406 119.175545 -0.955789
v -11.221760 115.594917 -5.821392
v -11.029684 115.594917 -4.704574
v -17.754938 118.093102 -3.732752
v -19.602320 118.909737 -2.886313
v -20.582514 115.594917 1.512313
v -19.715437 115.594917 2.759936
v -18.482012 115.594917 4.026419
v -12.402029 115.594917 -4.329569
v -5.116915 119.421288 -6.205008
v -5.362568 116.928429 -6.303593
v -3.377575 116.903435 -5.945427
v -8.360781 119.752449 -6.059303
v -11.229490 120.157646 -5.635953
v -15.821676 117.225670 -4.476506
v -15.572130 119.209251 -4.679757
v -14.020359 118.507759 -5.343005
v -19.825518 116.258369 -2.868765
v -9.436388 117.472893 -6.269074
v -12.260473 117.874382 -5.919185
v -18.145315 115.594917 -3.615627
v -16.237856 115.594917 -3.855115
v -15.911028 115.594917 -4.018074
v -19.897989 115.594917 -2.900837
v -20.065554 115.594917 -2.593685
v -9.580587 115.594917 -6.015730
v -7.391520 115.594917 -6.073158
v -3.741331 148.188232 -2.455343
v -3.640636 148.656342 -1.118147
v -3.322344 149.654297 -1.387997
v -5.030054 148.614792 1.732615
v -6.277525 148.188400 1.633801
v -7.004715 147.435486 1.455396
v -7.737745 146.708618 1.287795
v -8.367323 145.964096 1.147485
v -8.956238 145.151993 1.018450
v -5.909971 145.873413 -4.778718
v -5.924913 144.557327 -5.838879
v -5.931866 143.047806 -6.421066
v -5.931511 141.525925 -6.867924
v -5.357553 132.245529 -5.942605
v -5.458193 133.359955 -6.312090
v -5.568850 134.555069 -6.643778
v -5.676786 135.798111 -6.936007
v -5.742815 140.134155 -7.068126
v -5.825300 138.711853 -7.056808
v -5.754194 137.243011 -7.021366
v -7.558907 139.270233 -5.954926
v -3.059946 146.912231 -5.896519
v -3.028965 148.118683 -5.055979
v -2.136042 147.026505 -5.932054
v -7.598206 140.165512 -5.912368
v -6.674824 140.149902 -6.579640
v -6.624622 138.969315 -6.640842
v -4.858583 137.338028 9.118752
v -4.851908 137.686859 9.046852
v -4.819952 136.987228 9.091003
v -4.716202 136.631424 8.798181
v -4.755804 137.971268 8.739482
v -5.176659 131.290085 6.759752
v -5.610468 131.557007 5.771430
v -4.383871 132.327637 8.779596
v -4.662668 131.066177 7.635423
v -4.502211 142.918213 7.732960
v -4.562292 141.868332 8.288989
v -5.213665 141.806808 7.626145
v 11.242527 112.022682 -0.680552
v 11.311241 109.952339 -0.202730
v 10.347557 109.437355 -2.631304
v 10.906174 111.842903 -3.283044
v 11.578882 112.202461 1.915558
v 11.441338 113.663506 2.208869
v 10.900248 112.064140 7.674224
v 11.682587 110.196663 2.506243
v 11.182018 109.567345 7.602693
v 3.237150 114.191032 7.522472
v 3.214018 112.972527 8.341646
v 6.003813 113.323219 7.760833
v 6.289265 114.286659 6.918119
v 10.236834 90.271149 2.615588
v 9.678419 90.107498 1.175342
v 9.484182 93.671478 1.889956
v 9.908728 93.983238 3.403088
v 8.444502 89.964615 7.520131
v 8.081911 93.832230 7.750007
v 7.032495 93.745598 8.952682
v 7.598063 89.964622 8.568668
v 4.212889 89.964622 10.268563
v 5.818575 89.964622 9.200562
v 5.756269 93.611160 9.669503
v 4.654474 93.495094 10.288354
v 6.439114 105.032906 -2.975901
v 7.272537 109.708015 -3.833778
v 9.530865 105.163475 -2.137908
v 5.155529 97.731255 -2.088041
v 7.860582 97.804672 -1.342553
v 7.237120 95.270180 -1.343431
v 4.705366 95.104729 -2.182778
v 9.294588 98.922279 0.995641
v 10.679255 100.065971 3.793598
v 10.635111 99.741547 3.804060
v 10.575766 99.305305 3.818129
v 10.528271 98.964607 3.827857
v 10.480776 98.623894 3.837586
v 9.019167 96.185936 1.069000
v 10.399408 97.945518 3.854136
v 10.318033 97.267143 3.870683
v 10.637625 106.525322 0.457440
v 11.444033 107.447105 2.987542
v 11.349653 106.359398 3.177940
v 9.809927 102.080757 1.084078
v 11.255285 105.271690 3.368337
v 11.174213 104.464287 3.531912
v 11.093134 103.656898 3.695486
v 9.736282 102.822899 5.987168
v 10.528307 104.912178 6.253135
v 8.854559 102.442451 7.546597
v 9.977812 104.639961 8.816170
v 8.027342 102.097313 8.986574
v 8.961967 97.834984 7.978693
v 7.468822 97.968422 9.217380
v 7.437082 96.856209 9.283045
v 8.564873 97.267143 7.954165
v 6.232943 89.507195 -3.373966
v 5.887392 92.645012 -2.525405
v 7.383509 92.647255 -2.145443
v 7.576281 89.659157 -2.774081
v 4.718130 99.787888 10.277734
v 5.036795 97.376839 10.386559
v 6.157448 97.077110 9.630080
v 6.022287 99.150154 9.691431
v 10.077913 111.159126 8.459959
v 8.163147 113.131996 8.038084
v 8.273491 111.560814 8.790676
v 9.254782 111.065483 8.891713
v 7.201221 111.887642 -4.259209
v -1.174446 114.131584 7.372561
v -1.174450 110.196693 9.030029
v 0.272545 110.196678 9.211663
v 0.972116 114.160515 7.549885
v 2.800991 100.008728 10.294988
v 4.237314 99.369179 10.193655
v 2.713562 100.529121 10.338505
v 0.638006 98.479401 -2.650218
v 2.450468 97.657845 -2.687470
v 2.124393 95.104729 -2.792013
v 0.474970 95.859932 -2.719505
v 0.473623 92.964622 -3.456440
v 2.121717 92.639366 -3.529602
v 4.502607 97.978889 9.615999
v -1.174452 109.032143 9.367122
v -0.087856 109.024742 9.571674
v 17.501730 107.503731 3.813618
v 18.629557 107.777687 2.418380
v 18.044748 111.624626 2.694818
v 16.816027 111.495628 4.016734
v 10.225555 115.451668 6.140072
v 9.385197 114.340462 7.103684
v 11.403336 114.388145 5.860639
v -1.174444 115.613823 6.833580
v 3.074644 115.613808 6.989831
v 1.917624 114.173256 7.525062
v 13.233360 110.349968 2.759697
v 13.852877 110.564949 4.198418
v 12.788616 114.561287 4.520902
v 12.640484 114.179802 2.871786
v 12.103214 114.745506 4.865118
v 11.981224 114.284813 1.274686
v 12.162354 114.210960 -0.955505
v 12.905653 114.309959 -0.785250
v 12.474762 114.042946 1.225741
v 12.048344 114.121819 3.324914
v 19.095942 92.583748 2.919866
v 20.221659 93.716499 2.523499
v 19.692713 95.459572 2.297369
v 18.372843 95.040657 2.638288
v 21.388586 95.104988 -1.355759
v 20.700212 93.521400 -1.933231
v 19.506754 98.112877 -2.789083
v 20.201765 98.246468 -1.669032
v 17.120111 102.148003 -3.290098
v 18.805735 102.680199 -2.578722
v 17.924807 97.670128 -3.516631
v 13.945772 106.169655 -1.713737
v 13.417299 106.203377 -0.010280
v 12.951502 110.661217 0.649271
v 13.332388 110.771339 -1.243223
v 19.239931 111.507332 -3.769923
v 19.819189 107.622490 -4.079010
v 18.503016 107.366280 -3.373318
v 17.923746 112.233864 -3.064231
v 14.614740 106.510460 3.883167
v 15.967165 107.079063 4.241028
v 15.184725 111.066216 4.525578
v 24.862402 75.867561 2.567442
v 25.217955 76.061485 3.687801
v 26.288870 74.427208 3.853326
v 26.167608 74.295036 2.414892
v 23.885317 74.149010 6.507623
v 25.262236 74.523064 6.475749
v 24.186064 75.922951 5.447393
v 23.294729 75.721550 5.469302
v 19.649302 90.013680 -1.939555
v 19.865267 89.122406 -1.585196
v 20.114431 89.007744 -2.237538
v 20.022631 89.899017 -2.591897
v 16.309267 93.842720 1.413543
v 17.664911 92.897667 2.697166
v 16.454100 97.575127 2.255622
v 15.603952 97.105644 0.762268
v 21.112547 95.203857 0.959199
v 21.461855 95.916176 -0.221809
v 20.572687 98.327705 -0.456414
v 20.001215 98.541344 0.838006
v 16.273149 93.666069 -1.830881
v 15.788157 94.342384 -0.241693
v 15.117121 96.736382 -0.978715
v 15.587652 96.910072 -2.585733
v 21.821810 81.919380 4.956459
v 23.102953 82.282417 4.743313
v 21.491343 89.855659 3.965962
v 19.946634 89.539551 4.609361
v 23.968508 82.197899 1.564193
v 23.370905 82.098671 0.620901
v 22.244585 89.564461 -1.248230
v 23.129831 89.777977 -0.196719
v 21.993731 81.650887 -0.173185
v 21.633886 81.765556 0.565252
v 19.936693 81.033363 3.448545
v 20.470743 81.595467 4.460457
v 18.185289 89.108208 4.282663
v 17.221292 88.764511 2.863924
v 24.008600 82.290321 3.622777
v 24.483545 82.240295 2.605012
v 23.410131 89.815086 1.195104
v 22.722765 89.860512 2.605586
v 19.883013 80.857307 0.669706
v 19.415094 80.663521 2.086239
v 16.509737 88.439774 0.818277
v 17.159632 88.609535 -1.214410
v 19.284594 103.432625 1.387608
v 19.915117 103.249855 -0.050910
v 19.437319 107.763359 0.631839
v 18.718729 107.638710 1.995666
v 16.796946 102.775139 3.040448
v 18.226728 103.179787 2.683136
v 17.604151 107.309059 3.368561
v 16.069735 106.958916 3.793255
v 14.722239 101.537407 -2.241493
v 14.214464 101.481392 -0.599480
v 19.546442 103.054649 -1.391681
v 14.672178 101.862633 1.299539
v 15.493196 102.305061 2.787217
v 14.717508 106.447578 3.440265
v 13.865168 106.341255 1.967757
v 1.886189 112.154091 8.858983
v 0.506275 105.440422 9.834605
v 1.056973 104.162239 10.147007
v 1.924891 104.216942 10.414433
v 9.331053 104.966225 10.258533
v 8.454845 103.881905 10.303808
v -1.174456 104.575539 10.535776
v -1.174461 101.178108 10.952980
v 3.592218 102.778954 9.889019
v 1.699183 100.698433 10.494071
v 11.695292 102.181770 5.941285
v 11.349520 101.829826 7.059863
v 11.267649 100.980537 7.150273
v 11.636538 101.265831 5.937654
v 8.994902 99.323769 7.835437
v 7.622969 99.239311 9.101534
v 7.533098 98.604164 9.157847
v 8.929461 98.509590 7.882062
v 11.968773 102.811180 4.583638
v 11.831671 101.898857 4.616138
v 0.918371 108.833305 10.002880
v 1.345415 110.065514 9.790483
v 2.322388 111.415092 9.283652
v 4.897470 112.182335 8.695855
v 3.658562 112.015907 8.983690
v 3.775154 111.786201 9.423282
v 5.018475 112.063377 9.105851
v 6.021461 112.189583 8.472385
v 9.946463 110.275475 9.065191
v 10.248886 109.299278 9.182341
v -0.101780 107.632042 9.855520
v 1.431261 105.873497 10.331240
v 0.954712 107.484917 10.110257
v 11.563307 108.821892 2.746892
v 11.053112 106.825356 8.169352
v 7.026609 102.142448 9.298699
v 7.554110 103.595467 10.469278
v 7.623611 111.850014 8.869964
v 9.904306 107.990822 10.067534
v 9.915266 106.556465 9.955331
v 11.424755 114.060753 3.802102
v 4.976305 105.541603 11.722573
v 5.994780 105.244560 12.001404
v 6.135822 107.024406 12.244380
v 5.000465 107.151695 11.885710
v 7.110336 105.177513 11.822196
v 7.885675 105.054298 11.451792
v 8.149681 106.677345 11.749063
v 7.344654 106.839195 12.167085
v 7.590004 110.719826 9.757160
v 7.571327 109.679817 10.870933
v 8.366356 109.482231 10.641548
v 8.329540 110.553993 9.632664
v 5.025099 110.906944 9.607950
v 4.964252 109.954414 10.389726
v 6.197016 109.885567 10.740867
v 6.158037 110.867882 9.653367
v 2.721252 109.778587 9.926486
v 3.658028 110.022545 10.035516
v 3.178684 110.501534 9.726253
v 3.417391 103.997444 10.593177
v 4.301615 103.564095 10.555739
v 4.311403 103.724129 11.235783
v 3.485683 104.143349 11.274852
v 4.987440 108.692024 11.314864
v 6.208303 108.638039 11.757997
v 3.903292 110.868874 9.519059
v 4.861261 111.175987 9.229379
v 4.781160 111.552376 9.074645
v 3.765755 111.213982 9.441873
v 7.553478 108.411263 11.789118
v 8.307030 108.211937 11.436382
v 9.274426 110.316154 9.437245
v 9.342611 109.294487 10.106144
v 9.229795 108.035057 10.801323
v 8.735144 105.045998 10.953184
v 2.350929 104.828484 10.475788
v 3.932394 105.754875 11.271330
v 3.783218 107.194069 11.154759
v 2.242830 105.890236 10.711637
v 3.462065 104.501457 10.876761
v 3.652500 105.017647 11.022481
v 3.004013 105.649040 10.848725
v 6.078226 111.441628 9.000103
v 6.159737 111.646461 9.012858
v 2.543058 107.159187 10.545884
v 1.993433 107.247551 10.471568
v 3.704687 108.657768 10.701879
v 6.127481 112.036964 8.987880
v 7.137497 111.842445 8.966219
v 2.437641 108.549873 10.247002
v 9.069414 106.559700 11.049593
v 2.875835 110.739693 9.704875
v 2.515205 105.014931 11.194939
v 4.370098 103.970467 10.975877
v 4.691433 104.435341 11.150391
v 1.796978 105.965813 11.094799
v 1.467182 107.484352 10.839167
v 1.480068 108.787407 10.719231
v 5.812141 102.181633 9.393553
v 5.894825 103.588020 10.713088
v 6.847151 103.520683 10.780264
v 1.879473 108.634254 10.202086
v 2.186691 109.860649 9.907790
v 1.865175 110.086189 10.459785
v 2.692799 111.167946 9.984055
v 5.274498 103.761055 10.843163
v -1.174454 107.298531 9.806362
v 10.355593 103.088814 4.935000
v 10.594753 99.756721 5.061096
v 10.095699 99.416359 6.416037
v 10.034166 98.559013 6.483984
v 10.542019 98.891464 5.057836
v 10.572920 98.128731 5.090981
v 10.065798 97.861580 6.584127
v 9.481825 97.267143 6.575861
v 10.175501 97.267143 4.995107
v 6.841105 98.848579 9.452858
v 6.799063 98.204338 9.452274
v 6.793171 96.964058 9.451678
v 3.844244 90.016876 9.646395
v 4.982948 96.657333 10.334620
v 4.002035 87.703690 10.131281
v 3.665588 87.703690 9.661278
v 1.386093 99.960503 11.124260
v 0.940262 99.394112 10.623757
v 0.940884 99.709381 10.077533
v 1.386709 100.275780 10.353446
v 1.576683 87.703697 9.513725
v 2.089140 90.016884 10.061994
v 1.705221 90.040825 9.474485
v 1.500519 87.703697 9.309493
v 1.829292 87.703690 9.898690
v 2.637314 99.303185 9.963095
v 2.980108 87.703690 9.626184
v -1.174463 99.662605 10.765281
v -1.174465 98.629951 9.474523
v 0.773169 98.632935 9.474523
v 2.445108 98.627693 9.474523
v -0.388327 87.703697 9.311778
v -1.174477 89.992149 9.474525
v -1.174479 87.703697 9.474526
v 1.698566 100.383171 11.264885
v -1.174461 100.862846 11.723795
v -1.174461 100.444130 11.251348
v 5.346479 97.350060 11.026199
v 6.466667 97.096611 10.271832
v 5.292635 96.741638 10.977433
v 7.649298 96.909813 9.928375
v 7.683836 96.368088 9.889966
v 7.443834 96.215576 9.245279
v 6.868050 99.496498 9.409530
v 9.900499 89.964615 4.634454
v 9.628031 93.958839 4.831718
v 9.048916 93.911430 6.429554
v 9.463797 89.964615 6.257479
v 6.982021 101.350716 9.270797
v 7.931376 101.419090 8.959501
v 11.056559 103.310890 3.704156
v 11.019983 102.964897 3.712826
v 10.746496 102.359474 5.070474
v 10.301243 101.959557 6.189053
v 9.214327 101.665077 7.702132
v 5.855171 101.560997 9.412271
v 11.082434 98.429283 7.354797
v 11.490808 98.761734 5.928647
v 9.124430 100.740608 7.743475
v 10.212442 100.610878 8.614369
v 8.883631 100.471306 9.857729
v 7.815639 100.601036 8.984759
v 8.510889 97.838692 10.088191
v 7.747852 98.002647 10.425227
v 8.797007 99.859047 9.905899
v 10.153482 99.863449 8.655955
v 9.065479 99.993187 7.785146
v 7.729010 99.988777 9.035089
v 6.857126 100.713707 10.460534
v 6.803953 101.311333 10.414130
v 5.908337 100.963371 9.480247
v 10.823158 100.160187 3.908108
v 11.643255 100.048058 4.660802
v 11.543543 99.626991 5.931907
v 6.941618 100.633385 9.294915
v 6.905928 100.027931 9.348623
v 10.882883 102.052574 3.745327
v 10.687750 101.395561 5.066844
v 10.840132 101.542366 3.755461
v 10.797382 101.032143 3.765595
v 10.645380 100.587395 5.064224
v 10.219379 101.110268 6.279462
v 10.161560 100.213142 6.343308
v 7.930811 101.220985 10.163671
v 7.890408 100.503654 10.169268
v 8.999372 101.289360 9.842963
v 11.524555 99.175575 4.688940
v 8.601097 98.474434 10.028658
v 10.017462 98.379860 8.752873
v 10.049978 97.705254 8.849503
v 11.746164 100.902412 4.636406
v 11.594172 100.457664 5.935035
v 10.302332 101.535347 8.575124
v 10.082907 99.194038 8.706248
v 8.690966 99.109589 9.972345
v 7.789888 98.646889 10.425811
v 7.854715 99.802254 10.321576
v 7.816839 99.270821 10.382483
v 11.209829 100.083412 7.214120
v 11.143969 99.286629 7.286848
v 11.521704 97.999001 5.961791
v 11.429560 98.494164 4.708397
v 11.114065 97.731850 7.454937
v 10.951437 102.508736 3.729076
v 10.745920 100.604973 3.777793
v 19.873423 112.592537 0.970765
v 18.883467 112.404030 -1.262857
v 19.328341 109.109566 0.264543
v 20.106005 109.140892 0.018773
v 14.362818 115.166008 4.614489
v 18.916704 111.702309 1.185751
v 14.571688 108.237556 -3.348413
v 14.249376 110.993950 -2.829455
v 14.472986 111.025276 -3.946481
v 14.795298 108.268883 -4.465440
v 5.855770 111.937920 -5.549301
v 7.353516 114.098595 -5.811329
v 7.129906 114.067268 -4.694303
v 5.632162 111.906593 -4.432275
v 15.522303 106.712227 -4.330937
v 15.298700 106.680901 -3.213911
v 13.371058 115.088799 -2.762274
v 13.594664 115.120125 -3.879300
v 16.619310 106.631966 -4.125529
v 16.395700 106.600639 -3.008503
v 19.671663 108.341576 -1.190579
v 19.321047 108.111580 -1.803045
v 20.637228 108.367790 -2.508737
v 20.987856 108.597786 -1.896271
v 1.272764 106.431923 -4.634387
v 3.663012 106.986320 -4.794488
v 3.439402 106.955009 -3.677462
v 1.049154 106.400597 -3.517362
v 12.467205 115.001045 -3.794800
v 12.297768 115.613792 -3.866526
v 10.872458 113.977776 -3.646430
v 14.772963 105.806572 -3.069560
v 18.279398 107.334953 -2.256292
v 3.782076 89.718697 -4.031016
v 4.954863 89.397621 -3.867519
v 4.997427 87.703682 -4.514316
v 4.035589 87.703682 -4.826840
v 5.406839 87.703682 -4.413751
v 7.907511 87.703682 -3.499486
v 6.881449 87.703682 -3.968940
v 8.340170 87.703682 -3.327727
v 8.582504 87.703682 8.434465
v 8.305758 87.703682 8.777286
v 8.915760 87.703682 8.021638
v 10.401537 87.703682 6.190577
v 4.329817 87.703690 10.055307
v 11.289835 87.703682 2.860171
v 7.723951 87.703682 8.983885
v 6.255253 87.703682 9.351951
v 11.059832 87.703682 1.288495
v 10.879213 87.703682 0.887667
v 9.611578 87.703682 -1.717483
v 8.541859 89.792107 -1.495369
v 9.190855 89.964607 -0.082140
v 10.259832 87.703682 -0.703554
v 9.403902 87.703682 -2.110354
v 13.804564 106.138573 2.382052
v 17.667543 97.991608 2.335426
v 18.038126 90.014893 4.183208
v 19.712496 90.359718 4.461216
v 19.104185 92.490593 4.076323
v 17.065508 92.370529 3.566779
v 21.266466 90.833321 3.802162
v 20.682207 93.373375 3.376595
v 23.333376 91.566917 0.776159
v 23.015978 91.120201 -0.639405
v 22.720163 94.607422 -1.789547
v 23.340899 95.828636 -0.312297
v 21.999495 90.540489 -1.617548
v 21.362711 92.745659 -2.577074
v 19.385592 107.659081 1.030858
v 19.381235 108.985695 0.467060
v 24.091974 73.908134 0.422243
v 22.429602 73.435692 0.275913
v 22.499365 75.008232 1.083651
v 23.427526 75.480675 1.098475
v 21.866774 75.098045 4.653286
v 21.654257 74.892967 3.363994
v 21.332434 73.320427 3.471410
v 21.663145 73.525520 5.330788
v 26.203035 74.412727 5.540923
v 24.967623 75.985268 4.646408
v 21.876005 74.921371 2.082041
v 21.677496 73.348839 1.622616
v 25.790075 74.340813 1.362511
v 24.518705 75.863960 1.901685
v 22.232328 75.316780 5.414642
v 22.232023 73.744240 6.428794
v 20.850672 81.349327 -0.311734
v 18.602755 88.620552 -2.495736
v 23.982386 76.259926 2.058398
v 22.890093 82.213326 1.106004
v 15.763163 89.957199 0.491623
v 16.650324 90.041191 2.578405
v 15.166864 93.358109 1.836601
v 13.823492 93.899612 -0.357057
v 19.013319 98.355347 2.006917
v 22.491266 91.289772 2.231813
v 21.889811 95.003136 1.260713
v 17.671007 92.595390 -2.873363
v 16.499548 97.214806 -3.545238
v 18.153826 89.572945 -3.013731
v 16.572924 89.820435 -1.555903
v 15.048624 92.966476 -2.443135
v 17.175280 91.790642 -3.852284
v 18.644842 89.796082 3.325787
v 19.988863 90.140907 3.264399
v 23.466398 75.889656 4.421078
v 22.734381 75.558495 4.236008
v 23.201555 82.172661 1.778563
v 23.994352 76.074249 2.845774
v 23.657976 82.215065 2.513328
v 22.643179 89.789848 1.191393
v 19.335848 92.190826 -2.548897
v 17.233805 90.057732 2.184558
v 17.804789 88.953285 2.587249
v 20.520182 81.222137 3.218069
v 22.450262 75.518730 4.422808
v 22.346445 89.736771 2.490544
v 23.489779 82.166573 3.540439
v 22.726629 82.158669 4.115606
v 21.423887 89.731918 3.442762
v 18.492941 89.851303 -2.250110
v 17.144014 90.043098 -1.286067
v 22.618643 75.518501 1.620879
v 20.864931 81.372871 0.099065
v 18.593912 101.259758 2.367474
v 17.218958 100.788414 2.698696
v 18.476526 95.669289 4.109999
v 18.068933 97.872612 4.567082
v 15.623949 101.706657 -3.360057
v 18.977571 108.080254 -0.973677
v 19.189795 108.310249 -0.361211
v 17.308039 115.613792 2.827686
v 11.305964 113.733864 -1.073888
v 5.605684 100.357796 -2.118023
v 8.332125 100.921013 -1.074435
v 2.776537 100.210968 -2.642570
v 3.324053 105.039436 -3.328434
v 0.801043 101.098869 -2.580930
v 1.008200 105.525612 -3.362815
v -1.174459 101.986778 -2.578934
v -1.174454 106.091728 -3.348682
v 5.122986 109.739342 -5.174252
v 4.899376 109.708015 -4.057225
v -1.174463 99.300949 -2.612966
v -1.174467 96.615128 -2.646997
v 0.472275 90.069313 -4.193376
v 2.119034 90.173988 -4.257524
v -1.174477 89.964622 -4.119561
v -1.174471 93.289879 -3.383279
v 9.104364 93.392555 0.536220
v 8.156057 92.981850 -0.941549
v 4.783316 92.643349 -2.805805
v -1.174454 106.123055 -4.465709
v 1.438980 109.983681 -5.261726
v 3.828783 109.739342 -5.296106
v 1.384518 112.079597 -5.563826
v 3.719873 111.963722 -5.784888
v 3.610977 114.188103 -6.123874
v 1.330074 114.175499 -5.910095
v 16.151285 111.597420 -3.908294
v -1.174450 110.228004 -5.235458
v -1.174448 112.195457 -5.353373
v -1.174446 114.162910 -5.471287
v -1.174444 115.613808 -5.538665
v 20.008024 111.945534 -1.968548
v 21.422197 109.397102 -0.686919
v 20.997980 112.134041 -0.008870
v 17.620348 99.752113 4.170407
v 18.995310 100.223457 3.839185
v 19.414713 98.236351 4.238573
v 19.796404 96.088219 3.769079
v 19.461546 91.450027 -3.424892
v 26.494970 73.576134 4.001120
v 26.389128 73.382210 2.477616
v 26.011595 73.428001 1.425235
v 24.313501 72.995323 0.484968
v 22.651129 72.522881 0.338638
v 22.453543 72.831429 6.491518
v 21.884665 72.612694 5.393514
v 21.553953 72.407616 3.534134
v 21.899027 72.436020 1.685340
v 23.515249 72.626045 1.277511
v 24.106836 73.236198 6.570347
v 25.026495 73.274376 5.808244
v 26.424559 73.499916 5.603648
v 25.483759 73.610252 6.538474
v 22.982634 72.606178 2.065688
v 24.939451 73.040398 1.703423
v 22.507898 72.492622 3.638988
v 23.081297 72.816765 5.778684
v 22.781404 72.756523 5.086017
v 20.984735 81.531670 3.501161
v 22.566416 91.541695 0.772449
v 22.249018 91.094971 -0.425036
v 19.998583 80.852287 1.950980
v 17.093225 88.628540 0.708356
v 22.040834 91.094444 1.880679
v 17.632349 88.887894 -0.803611
v 20.355730 81.135658 1.080505
v 21.871264 89.679123 -0.595888
v 21.626162 90.655151 -0.965206
v 20.966639 90.709572 3.092465
v 24.407747 76.192177 4.447859
v 24.215681 76.213020 3.831225
v 22.362875 89.752747 0.017650
v 24.051615 76.152985 4.953309
v 23.054197 75.827248 1.902046
v 22.098177 81.855568 3.777826
v 20.222994 89.475746 3.430727
v 18.688848 89.044411 3.241835
v 22.237745 75.313644 3.133516
v 16.465380 89.973740 0.261145
v 18.699350 88.898903 -2.012306
v 22.348722 75.431648 2.414834
v 0.020401 87.703690 -5.027681
v -1.174479 87.703690 -5.005301
v 0.637907 87.703690 -5.069715
v 1.792109 87.703682 -5.140020
v 2.334761 87.703682 -5.173766
v 6.341463 87.703682 -4.156413
v 3.515476 87.703682 -4.958453
v 23.268747 70.537315 2.750098
v 22.645979 69.994072 4.541860
v 26.774939 70.440720 4.537614
v 26.452635 70.340477 3.131266
v 25.398211 73.240196 2.578955
v 25.548712 73.419975 3.924541
v 26.402807 70.343315 5.865537
v 25.348867 73.349281 5.567969
v 24.049978 73.083488 5.845722
v 25.955290 70.392174 2.047042
v 26.972654 68.626320 4.689969
v 26.757998 68.564919 3.379198
v 23.142805 70.131035 6.337524
v 22.262754 68.864906 4.580719
v 22.782904 68.905273 6.373041
v 26.859343 68.574318 6.097410
v 26.050238 68.637718 2.063906
v 24.575705 70.276131 7.427090
v 25.901850 70.408623 6.854535
v 23.342474 70.152916 6.690080
v 23.473822 70.892204 1.813136
v 24.521669 70.233147 1.720446
v 24.499861 70.207405 2.980995
v 24.303656 69.161842 4.658479
v 25.488493 63.765942 7.156737
v 25.989965 63.679790 6.213055
v 26.023844 68.660461 6.871683
v 24.615667 68.750343 1.746856
v 25.825850 63.629009 2.663706
v 24.479933 63.855831 2.346657
v 24.455385 63.894161 7.074039
v 24.591120 68.788689 7.446754
v 26.234709 63.731808 4.982092
v 26.020063 63.670391 3.700390
v 24.593168 68.728554 3.007542
v 24.548723 68.746315 4.722751
v 22.984415 68.889061 6.724262
v 22.510939 66.639969 6.484283
v 22.656015 66.623756 6.835503
v 24.583773 68.752907 6.435404
v 23.458067 66.487610 6.546645
v 23.432837 66.481018 4.833993
v 22.136446 66.599609 4.691961
v 22.243872 64.667679 4.763007
v 22.618353 64.708046 6.555329
v 23.565481 64.555679 6.617692
v 23.540251 64.549088 4.905039
v 23.463354 66.523392 6.900228
v 24.010122 59.650715 6.279408
v 24.199404 59.702724 5.048444
v 22.824896 59.804958 3.627711
v 22.790525 59.822712 4.904748
v 24.412992 63.851788 4.838397
v 24.457434 63.834042 3.517540
v 24.033392 59.641315 3.807848
v 23.951765 60.472195 2.962202
v 23.931341 60.494946 7.053679
v 24.448030 63.858379 6.087580
v 22.823309 60.623165 6.970984
v 22.817625 59.829304 6.035131
v 22.842291 60.584827 2.645151
v 22.763433 64.691826 6.906549
v 23.570772 64.591461 6.971273
v 8.623102 87.703682 -2.982628
v -13.591417 112.022713 -0.680552
v -13.255070 111.842934 -3.283044
v -12.696453 109.437386 -2.631304
v -13.660143 109.952370 -0.202730
v -13.249144 112.064171 7.674224
v -13.790230 113.663536 2.208869
v -13.927771 112.202492 1.915558
v -14.031473 110.196693 2.506243
v -13.530920 109.567375 7.602693
v -5.586035 114.191048 7.522472
v -8.638155 114.286674 6.918119
v -8.352705 113.323235 7.760833
v -5.562910 112.972542 8.341646
v -12.585775 90.271172 2.615588
v -12.257669 93.983269 3.403088
v -11.833124 93.671501 1.889956
v -12.027363 90.107521 1.175342
v -10.793453 89.964638 7.520131
v -9.947004 89.964638 8.568668
v -9.381437 93.745613 8.952682
v -10.430830 93.832253 7.750007
v -6.561840 89.964638 10.268563
v -7.003410 93.495110 10.288354
v -8.105211 93.611183 9.669503
v -8.167517 89.964638 9.200562
v -8.788027 105.032921 -2.975901
v -11.879770 105.163506 -2.137908
v -9.621441 109.708046 -3.833778
v -7.504461 97.731277 -2.088041
v -7.054296 95.104744 -2.182778
v -9.586058 95.270203 -1.343431
v -10.209513 97.804695 -1.342553
v -11.643518 98.922310 0.995641
v -12.984037 99.741570 3.804060
v -13.028173 100.066002 3.793598
v -12.924692 99.305336 3.818129
v -12.877199 98.964630 3.827857
v -12.829706 98.623924 3.837586
v -11.368097 96.185951 1.069000
v -12.748331 97.945549 3.854136
v -12.666965 97.267174 3.870683
v -13.698561 106.359428 3.177940
v -13.792925 107.447136 2.987542
v -12.986526 106.525352 0.457440
v -12.158838 102.080788 1.084078
v -13.604197 105.271721 3.368337
v -13.523127 104.464317 3.531912
v -13.442043 103.656914 3.695486
v -12.085186 102.822929 5.987168
v -11.203480 102.442482 7.546597
v -12.877220 104.912209 6.253135
v -12.326719 104.639992 8.816170
v -10.376261 102.097343 8.986574
v -11.310898 97.835014 7.978693
v -10.913797 97.267174 7.954165
v -9.786009 96.856224 9.283045
v -9.817745 97.968437 9.217380
v -8.581888 89.507217 -3.373966
v -9.925226 89.659187 -2.774081
v -9.732447 92.647270 -2.145443
v -8.236330 92.645027 -2.525405
v -7.067055 99.787903 10.277734
v -8.371202 99.150169 9.691431
v -8.506380 97.077133 9.630080
v -7.385727 97.376854 10.386559
v -10.512039 113.132027 8.038084
v -12.426813 111.159157 8.459959
v -10.622381 111.560844 8.790676
v -11.603674 111.065498 8.891713
v -9.550119 111.887672 -4.259209
v -3.320999 114.160515 7.549885
v -2.621439 110.196693 9.211663
v -5.149908 100.008736 10.294988
v -5.062487 100.529121 10.338505
v -6.586241 99.369194 10.193655
v -2.986929 98.479408 -2.650218
v -2.823906 95.859932 -2.719505
v -4.473331 95.104736 -2.792013
v -4.799400 97.657860 -2.687470
v -2.822559 92.964622 -3.456440
v -4.470655 92.639366 -3.529602
v -6.851532 97.978905 9.615999
v -2.261049 109.024757 9.571674
v -19.850634 107.503777 3.813618
v -19.164919 111.495674 4.016734
v -20.393633 111.624672 2.694818
v -20.978460 107.777733 2.418380
v -12.574436 115.451698 6.140072
v -13.752226 114.388176 5.860639
v -11.734087 114.340477 7.103684
v -5.423517 115.613823 6.989831
v -4.266516 114.173271 7.525062
v -15.582254 110.349998 2.759697
v -14.989367 114.179832 2.871786
v -15.137505 114.561317 4.520902
v -16.201761 110.564980 4.198418
v -14.452103 114.745537 4.865118
v -14.330114 114.284859 1.274686
v -14.823662 114.042992 1.225741
v -15.254536 114.309990 -0.785250
v -14.511244 114.210991 -0.955505
v -14.397234 114.121849 3.324914
v -21.444883 92.583794 2.919866
v -20.721766 95.040703 2.638288
v -22.041651 95.459625 2.297369
v -22.570601 93.716553 2.523499
v -23.737524 95.105049 -1.355759
v -22.550688 98.246513 -1.669032
v -21.855684 98.112938 -2.789083
v -23.049154 93.521461 -1.933231
v -19.469030 102.148048 -3.290098
v -20.273737 97.670181 -3.516631
v -21.154661 102.680244 -2.578722
v -16.294676 106.169701 -1.713737
v -15.681284 110.771385 -1.243223
v -15.300394 110.661247 0.649271
v -15.766203 106.203423 -0.010280
v -21.588820 111.507393 -3.769923
v -20.272631 112.233910 -3.064231
v -20.851896 107.366325 -3.373318
v -22.168093 107.622551 -4.079010
v -16.963648 106.510506 3.883167
v -17.533613 111.066261 4.525578
v -18.316072 107.079094 4.241028
v -27.211382 75.867638 2.567442
v -28.516581 74.295097 2.414892
v -28.637861 74.427284 3.853326
v -27.566942 76.061546 3.687801
v -26.234308 74.149071 6.507623
v -25.643713 75.721611 5.469302
v -26.535036 75.923012 5.447393
v -27.611219 74.523140 6.475749
v -21.998240 90.013725 -1.939555
v -22.371584 89.899071 -2.591897
v -22.463385 89.007797 -2.237538
v -22.214197 89.122459 -1.585196
v -18.658205 93.842766 1.413543
v -17.952887 97.105682 0.762268
v -18.803015 97.575172 2.255622
v -20.013849 92.897713 2.697166
v -23.461485 95.203911 0.959199
v -22.350130 98.541397 0.838006
v -22.921602 98.327766 -0.456414
v -23.810793 95.916237 -0.221809
v -18.622091 93.666107 -1.830881
v -17.936586 96.910110 -2.585733
v -17.466043 96.736420 -0.978715
v -18.137079 94.342430 -0.241693
v -24.170778 81.919441 4.956459
v -22.295584 89.539604 4.609361
v -23.840296 89.855721 3.965962
v -25.451918 82.282478 4.743313
v -26.317472 82.197960 1.564193
v -25.478788 89.778038 -0.196719
v -24.593538 89.564522 -1.248230
v -25.719866 82.098732 0.620901
v -24.342691 81.650948 -0.173185
v -23.982862 81.765610 0.565252
v -22.285666 81.033424 3.448545
v -19.570250 88.764557 2.863924
v -20.534243 89.108261 4.282663
v -22.819727 81.595528 4.460457
v -26.357569 82.290382 3.622777
v -25.071718 89.860573 2.605586
v -25.759069 89.815147 1.195104
v -26.832518 82.240356 2.605012
v -22.231985 80.857353 0.669706
v -19.508585 88.609581 -1.214410
v -18.858675 88.439812 0.818277
v -21.764063 80.663567 2.086239
v -21.633509 103.432671 1.387608
v -21.067636 107.638756 1.995666
v -21.786226 107.763405 0.631839
v -22.264029 103.249916 -0.050910
v -19.145857 102.775185 3.040448
v -18.418627 106.958961 3.793255
v -19.953066 107.309105 3.368561
v -20.575644 103.179832 2.683136
v -17.071161 101.537437 -2.241493
v -16.563387 101.481422 -0.599480
v -21.895357 103.054710 -1.391681
v -17.021090 101.862663 1.299539
v -16.214075 106.341286 1.967757
v -17.066393 106.447609 3.440265
v -17.842123 102.305107 2.787217
v -4.235083 112.154106 8.858983
v -2.855181 105.440422 9.834605
v -4.273806 104.216942 10.414433
v -3.405882 104.162239 10.147007
v -11.679956 104.966255 10.258533
v -10.803753 103.881935 10.303808
v -5.941128 102.778969 9.889019
v -4.048100 100.698448 10.494071
v -14.044205 102.181801 5.941285
v -13.985462 101.265862 5.937654
v -13.616571 100.980568 7.150273
v -13.698433 101.829857 7.059863
v -11.343822 99.323784 7.835437
v -11.278374 98.509621 7.882062
v -9.882013 98.604179 9.157847
v -9.971888 99.239342 9.101534
v -14.317690 102.811211 4.583638
v -14.180586 101.898903 4.616138
v -3.267267 108.833305 10.002880
v -3.694315 110.065529 9.790483
v -4.671286 111.415108 9.283652
v -7.246367 112.182350 8.695855
v -7.367371 112.063377 9.105851
v -6.124041 111.786201 9.423282
v -6.007456 112.015907 8.983690
v -8.370358 112.189598 8.472385
v -12.295357 110.275505 9.065191
v -12.597788 109.299309 9.182341
v -2.247126 107.632042 9.855520
v -3.303617 107.484932 10.110257
v -3.780157 105.873497 10.331240
v -13.912210 108.821922 2.746892
v -13.402029 106.825386 8.169352
v -9.375521 102.142464 9.298699
v -9.903017 103.595497 10.469278
v -9.972509 111.850029 8.869964
v -12.253212 107.990852 10.067534
v -12.264160 106.556496 9.955331
v -13.773647 114.060783 3.802102
v -7.325216 105.541618 11.722573
v -7.349371 107.151711 11.885710
v -8.484728 107.024422 12.244380
v -8.343691 105.244591 12.001404
v -9.459242 105.177528 11.822196
v -9.693548 106.839211 12.167085
v -10.498583 106.677376 11.749063
v -10.234589 105.054329 11.451792
v -9.938904 110.719856 9.757160
v -10.678434 110.554024 9.632664
v -10.715258 109.482246 10.641548
v -9.920221 109.679848 10.870933
v -7.373999 110.906960 9.607950
v -8.506937 110.867897 9.653367
v -8.545912 109.885582 10.740867
v -7.313154 109.954430 10.389726
v -5.070147 109.778603 9.926486
v -5.527571 110.501534 9.726253
v -6.006914 110.022560 10.035516
v -5.766298 103.997459 10.593177
v -5.834599 104.143364 11.274852
v -6.660318 103.724144 11.235783
v -6.650532 103.564110 10.555739
v -7.336329 108.692039 11.314864
v -8.557205 108.638054 11.757997
v -6.252192 110.868889 9.519059
v -6.114653 111.213997 9.441873
v -7.130056 111.552391 9.074645
v -7.210146 111.176003 9.229379
v -9.902380 108.411278 11.789118
v -10.655928 108.211967 11.436382
v -11.623320 110.316185 9.437245
v -11.691515 109.294518 10.106144
v -11.578693 108.035072 10.801323
v -11.084055 105.046028 10.953184
v -4.699835 104.828484 10.475788
v -6.281305 105.754890 11.271330
v -6.132116 107.194084 11.154759
v -4.591734 105.890236 10.711637
v -5.352911 105.649055 10.848725
v -6.001413 105.017662 11.022481
v -5.810972 104.501457 10.876761
v -8.508633 111.646477 9.012858
v -8.427111 111.441643 9.000103
v -4.342340 107.247551 10.471568
v -4.891951 107.159203 10.545884
v -6.053591 108.657784 10.701879
v -9.486387 111.842461 8.966219
v -8.476377 112.036980 8.987880
v -4.786535 108.549889 10.247002
v -11.418314 106.559731 11.049593
v -5.224730 110.739693 9.704875
v -4.864119 105.014931 11.194939
v -7.040346 104.435356 11.150391
v -6.719015 103.970482 10.975877
v -4.145882 105.965828 11.094799
v -3.828962 108.787407 10.719231
v -3.816080 107.484367 10.839167
v -8.161047 102.181664 9.393553
v -8.243742 103.588036 10.713088
v -9.196060 103.520699 10.780264
v -4.228363 108.634270 10.202086
v -4.214075 110.086189 10.459785
v -4.535585 109.860649 9.907790
v -5.041689 111.167946 9.984055
v -7.623415 103.761070 10.843163
v -12.704502 103.088844 4.935000
v -12.943680 99.756752 5.061096
v -12.890940 98.891495 5.057836
v -12.383089 98.559036 6.483984
v -12.444620 99.416389 6.416037
v -12.921844 98.128761 5.090981
v -12.524427 97.267174 4.995107
v -11.830744 97.267174 6.575861
v -12.414728 97.861610 6.584127
v -9.190027 98.848595 9.452858
v -9.147993 98.204361 9.452274
v -9.142097 96.964073 9.451678
v -6.193197 90.016884 9.646395
v -7.331882 96.657349 10.334620
v -6.411711 87.703697 10.232939
v -6.014545 87.703697 9.661278
v -3.735020 99.960518 11.124260
v -3.735628 100.275795 10.353446
v -3.289797 99.709389 10.077533
v -3.289188 99.394112 10.623757
v -4.054159 90.040840 9.474485
v -4.438093 90.016884 10.061994
v -3.849478 87.703697 9.309493
v -4.178244 87.703697 9.898690
v -4.986240 99.303200 9.963095
v -5.756454 87.703697 9.722391
v -3.122097 98.632942 9.474523
v -4.794039 98.627693 9.474523
v -1.960632 87.703697 9.311778
v -4.047491 100.383171 11.264885
v -8.815601 97.096626 10.271832
v -7.695414 97.350075 11.026199
v -7.641569 96.741661 10.977433
v -9.998232 96.909828 9.928375
v -10.032770 96.368111 9.889966
v -9.792765 96.215599 9.245279
v -9.216976 99.496513 9.409530
v -12.249443 89.964638 4.634454
v -11.812748 89.964638 6.257479
v -11.397850 93.911453 6.429554
v -11.976963 93.958870 4.831718
v -10.280291 101.419106 8.959501
v -9.330942 101.350731 9.270797
v -13.405462 103.310921 3.704156
v -13.368900 102.964928 3.712826
v -13.095415 102.359505 5.070474
v -12.650164 101.959587 6.189053
v -11.563242 101.665108 7.702132
v -8.204086 101.561012 9.412271
v -13.839737 98.761765 5.928647
v -13.431364 98.429314 7.354797
v -11.232546 100.471321 9.857729
v -12.561357 100.610909 8.614369
v -11.473339 100.740623 7.743475
v -10.164555 100.601051 8.984759
v -10.096783 98.002678 10.425227
v -10.859819 97.838707 10.088191
v -11.145926 99.859070 9.905899
v -10.077927 99.988792 9.035089
v -11.414404 99.993202 7.785146
v -12.502417 99.863472 8.655955
v -9.206049 100.713722 10.460534
v -8.257246 100.963387 9.480247
v -9.152868 101.311348 10.414130
v -13.172083 100.160217 3.908108
v -13.992167 100.048088 4.660802
v -13.892469 99.627022 5.931907
v -9.290541 100.633400 9.294915
v -9.254858 100.027954 9.348623
v -13.231802 102.052605 3.745327
v -13.189047 101.542397 3.755461
v -13.036671 101.395592 5.066844
v -13.146284 101.032173 3.765595
v -12.994299 100.587425 5.064224
v -12.510485 100.213165 6.343308
v -12.568296 101.110298 6.279462
v -10.279734 101.221001 10.163671
v -11.348297 101.289375 9.842963
v -10.239325 100.503670 10.169268
v -13.873482 99.175606 4.688940
v -12.366392 98.379890 8.752873
v -10.950026 98.474457 10.028658
v -12.398903 97.705284 8.849503
v -14.095089 100.902443 4.636406
v -13.943089 100.457695 5.935035
v -12.651253 101.535378 8.575124
v -11.039879 99.109612 9.972345
v -12.431826 99.194061 8.706248
v -10.138809 98.646912 10.425811
v -10.203642 99.802284 10.321576
v -10.165758 99.270844 10.382483
v -13.492880 99.286659 7.286848
v -13.558752 100.083443 7.214120
v -13.778488 98.494194 4.708397
v -13.870634 97.999031 5.961791
v -13.462997 97.731880 7.454937
v -13.300348 102.508766 3.729076
v -13.094843 100.604988 3.777793
v -21.232351 112.404076 -1.262857
v -22.222315 112.592583 0.970765
v -22.454908 109.140953 0.018773
v -21.677233 109.109627 0.264543
v -16.711706 115.166039 4.614489
v -21.265596 111.702370 1.185751
v -20.679132 115.613838 1.356295
v -16.920588 108.237587 -3.348413
v -17.144201 108.268913 -4.465440
v -16.821875 111.025322 -3.946481
v -16.598261 110.993996 -2.829455
v -8.204668 111.937935 -5.549301
v -7.981058 111.906624 -4.432275
v -9.478790 114.067299 -4.694303
v -9.702406 114.098625 -5.811329
v -17.871210 106.712273 -4.330937
v -17.647600 106.680946 -3.213911
v -15.719942 115.088844 -2.762274
v -15.943537 115.120171 -3.879300
v -18.744608 106.600685 -3.008503
v -18.968203 106.632011 -4.125529
v -22.020571 108.341637 -1.190579
v -23.336752 108.597847 -1.896271
v -22.986124 108.367851 -2.508737
v -21.669939 108.111641 -1.803045
v -3.621664 106.431923 -4.634387
v -3.398050 106.400597 -3.517362
v -5.788309 106.955009 -3.677462
v -6.011919 106.986336 -4.794488
v -14.816086 115.001091 -3.794800
v -13.951195 115.613823 -3.855937
v -13.221334 113.977806 -3.646430
v -17.121874 105.806618 -3.069560
v -20.628305 107.334999 -2.256292
v -7.346369 87.703697 -4.514316
v -7.303816 89.397644 -3.867519
v -6.131021 89.718712 -4.031016
v -6.384539 87.703697 -4.826840
v -7.755781 87.703697 -4.413751
v -10.256470 87.703705 -3.499486
v -9.230400 87.703697 -3.968940
v -10.689112 87.703705 -3.327727
v -10.931463 87.703712 8.434465
v -10.654715 87.703712 8.777286
v -11.264727 87.703712 8.021638
v -6.678766 87.703697 10.055307
v -13.638779 87.703712 2.860171
v -13.771791 87.703712 2.287471
v -12.883593 87.703712 5.695900
v -13.228163 87.703712 0.887667
v -11.539806 89.964638 -0.082140
v -10.890812 89.792130 -1.495369
v -11.960531 87.703712 -1.717483
v -11.752853 87.703705 -2.110354
v -16.153471 106.138603 2.382052
v -20.016474 97.991653 2.335426
v -20.387072 90.014938 4.183208
v -19.414454 92.370575 3.566779
v -21.453123 92.490646 4.076323
v -22.061445 90.359772 4.461216
v -23.031149 93.373428 3.376595
v -23.615400 90.833382 3.802162
v -25.682318 91.566978 0.776159
v -25.689837 95.828697 -0.312297
v -25.069098 94.607475 -1.789547
v -25.364916 91.120262 -0.639405
v -23.711645 92.745720 -2.577074
v -24.348444 90.540550 -1.617548
v -21.734488 107.659142 1.030858
v -21.730139 108.985756 0.467060
v -26.440950 73.908195 0.422243
v -25.776491 75.480736 1.098475
v -24.848352 75.008293 1.083651
v -24.778589 73.435753 0.275913
v -24.215754 75.098106 4.653286
v -24.012133 73.525574 5.330788
v -23.681414 73.320488 3.471410
v -24.003241 74.893021 3.363994
v -28.552011 74.412804 5.540923
v -27.316607 75.985336 4.646408
v -24.224993 74.921425 2.082041
v -24.026495 73.348900 1.622616
v -26.867678 75.864021 1.901685
v -28.139063 74.340889 1.362511
v -24.580999 73.744301 6.428794
v -24.581301 75.316833 5.414642
v -23.199648 81.349388 -0.311734
v -20.951704 88.620598 -2.495736
v -25.239058 82.213387 1.106004
v -26.331369 76.259987 2.058398
v -18.112108 89.957237 0.491623
v -16.172426 93.899651 -0.357057
v -17.515814 93.358147 1.836601
v -18.999269 90.041237 2.578405
v -21.362246 98.355400 2.006917
v -24.238733 95.003197 1.260713
v -24.840212 91.289833 2.231813
v -20.019953 92.595444 -2.873363
v -18.848482 97.214851 -3.545238
v -20.502775 89.572990 -3.013731
v -19.524221 91.790688 -3.852284
v -17.397566 92.966515 -2.443135
v -18.921873 89.820480 -1.555903
v -22.337801 90.140968 3.264399
v -20.993788 89.796135 3.325787
v -25.815386 75.889717 4.421078
v -25.083353 75.558556 4.236008
v -25.550512 82.172722 1.778563
v -26.343328 76.074318 2.845774
v -26.006937 82.215126 2.513328
v -24.992125 89.789909 1.191393
v -21.684778 92.190880 -2.548897
v -19.582750 90.057777 2.184558
v -20.153727 88.953331 2.587249
v -22.869165 81.222191 3.218069
v -24.799246 75.518791 4.422808
v -25.838751 82.166634 3.540439
v -24.695398 89.736824 2.490544
v -25.075602 82.158730 4.115606
v -23.772833 89.731972 3.442762
v -19.492956 90.043144 -1.286067
v -20.841887 89.851357 -2.250110
v -23.213900 81.372932 0.099065
v -24.967623 75.518562 1.620879
v -20.942827 101.259804 2.367474
v -19.567881 100.788460 2.698696
v -20.825457 95.669342 4.109999
v -20.417864 97.872658 4.567082
v -17.972857 101.706688 -3.360057
v -21.326475 108.080315 -0.973677
v -21.538687 108.310310 -0.361211
v -13.654856 113.733894 -1.073888
v -7.954611 100.357811 -2.118023
v -10.681047 100.921028 -1.074435
v -5.125454 100.210976 -2.642570
v -5.672964 105.039452 -3.328434
v -3.149958 101.098885 -2.580930
v -3.357111 105.525612 -3.362815
v -7.471888 109.739357 -5.174252
v -7.248278 109.708031 -4.057225
v -2.821218 90.069313 -4.193376
v -4.467978 90.174004 -4.257524
v -11.453300 93.392586 0.536220
v -10.504999 92.981873 -0.941549
v -7.132246 92.643364 -2.805805
v -6.177683 109.739357 -5.296106
v -3.787867 109.983681 -5.261726
v -3.733412 112.079597 -5.563826
v -6.068769 111.963737 -5.784888
v -3.531000 115.548927 -5.925019
v -3.678965 114.175514 -5.910095
v -5.959867 114.188103 -6.123874
v -5.663958 115.567711 -6.324747
v -18.500181 111.597466 -3.908294
v -18.028875 115.565697 -3.669820
v -3.417578 115.613823 -5.909307
v -22.356905 111.945580 -1.968548
v -23.771082 109.397163 -0.686919
v -23.346857 112.134087 -0.008870
v -19.969275 99.752159 4.170407
v -21.344225 100.223518 3.839185
v -21.763643 98.236397 4.238573
v -22.145323 96.088264 3.769079
v -21.810495 91.450081 -3.424892
v -28.738115 73.382286 2.477616
v -28.843962 73.576195 4.001120
v -28.360579 73.428062 1.425235
v -26.662489 72.995384 0.484968
v -25.000120 72.522942 0.338638
v -24.802538 72.831482 6.491518
v -24.233648 72.612755 5.393514
v -23.902937 72.407661 3.534134
v -24.248011 72.436073 1.685340
v -25.864241 72.626106 1.277511
v -26.455828 73.236259 6.570347
v -27.832743 73.610313 6.538474
v -28.773539 73.499992 5.603648
v -27.375483 73.274437 5.808244
v -25.331617 72.606239 2.065688
v -27.288446 73.040459 1.703423
v -24.856890 72.492683 3.638988
v -25.430285 72.816826 5.778684
v -25.130392 72.756584 5.086017
v -23.333708 81.531715 3.501161
v -24.597963 91.095024 -0.425036
v -24.915365 91.541756 0.772449
v -22.347559 80.852333 1.950980
v -19.442175 88.628586 0.708356
v -24.389784 91.094505 1.880679
v -22.704702 81.135719 1.080505
v -19.981302 88.887939 -0.803611
v -23.975103 90.655205 -0.965206
v -24.220190 89.679176 -0.595888
v -23.315584 90.709633 3.092465
v -26.756735 76.192238 4.447859
v -26.564646 76.213081 3.831225
v -24.711821 89.752808 0.017650
v -26.400587 76.153053 4.953309
v -25.403166 75.827309 1.902046
v -21.037802 89.044456 3.241835
v -22.571947 89.475800 3.430727
v -24.447149 81.855629 3.777826
v -24.586740 75.313698 3.133516
v -18.814341 89.973785 0.261145
v -21.048304 88.898956 -2.012306
v -24.697710 75.431702 2.414834
v -2.369345 87.703697 -5.027681
v -4.141060 87.703697 -5.140020
v -4.683710 87.703697 -5.173766
v -8.690420 87.703697 -4.156413
v -5.864428 87.703697 -4.958453
v -24.994970 69.994133 4.541860
v -25.617743 70.537376 2.750098
v -29.123934 70.440788 4.537614
v -27.897703 73.420052 3.924541
v -27.747194 73.240257 2.578955
v -28.801619 70.340538 3.131266
v -28.751799 70.343391 5.865537
v -27.697855 73.349342 5.567969
v -26.398958 73.083549 5.845722
v -28.304293 70.392250 2.047042
v -29.321646 68.626396 4.689969
v -29.107000 68.564995 3.379198
v -25.491796 70.131096 6.337524
v -25.131903 68.905334 6.373041
v -24.611761 68.864967 4.580719
v -29.208345 68.574379 6.097410
v -28.399240 68.637779 2.063906
v -26.924704 70.276192 7.427090
v -28.250837 70.408684 6.854535
v -25.691462 70.152977 6.690080
v -25.822817 70.892265 1.813136
v -26.870668 70.233208 1.720446
v -26.652647 69.161911 4.658479
v -26.848860 70.207466 2.980995
v -27.837500 63.766010 7.156737
v -28.372831 68.660530 6.871683
v -28.338964 63.679867 6.213055
v -26.964655 68.750412 1.746856
v -26.828947 63.855892 2.346657
v -28.174864 63.629086 2.663706
v -26.804388 63.894230 7.074039
v -26.940107 68.788765 7.446754
v -28.583727 63.731869 4.982092
v -28.369062 63.670460 3.700390
v -26.942167 68.728615 3.007542
v -26.897726 68.746376 4.722751
v -25.333414 68.889122 6.724262
v -25.005011 66.623817 6.835503
v -24.859938 66.640030 6.484283
v -25.781836 66.481079 4.833993
v -25.807066 66.487671 6.546645
v -26.932753 68.752968 6.435404
v -24.967363 64.708107 6.555329
v -24.592863 64.667740 4.763007
v -24.485445 66.599670 4.691961
v -25.889257 64.549149 4.905039
v -25.914499 64.555740 6.617692
v -25.812365 66.523453 6.900228
v -26.359140 59.650776 6.279408
v -26.548429 59.702785 5.048444
v -25.173914 59.805019 3.627711
v -26.806444 63.834103 3.517540
v -26.762007 63.851849 4.838397
v -25.139544 59.822773 4.904748
v -26.382421 59.641384 3.807848
v -26.300776 60.472256 2.962202
v -26.280367 60.495007 7.053679
v -26.797045 63.858448 6.087580
v -25.172327 60.623226 6.970984
v -25.166651 59.829365 6.035131
v -25.191309 60.584888 2.645151
v -25.112448 64.691887 6.906549
v -25.919786 64.591522 6.971273
v -12.791992 87.703712 -0.301503
vn -0.9647 -0.0172 -0.2626
vn -0.9686 -0.0836 -0.2342
vn 0.4870 -0.1042 -0.8672
vn 0.5573 -0.0806 -0.8264
vn 0.5186 0.3803 -0.7658
vn 0.6034 0.2845 -0.7450
vn 0.3879 -0.5490 -0.7404
vn 0.8464 0.4336 -0.3092
vn 0.8464 0.4257 -0.3200
vn 0.7410 0.2985 0.6016
vn 0.7677 0.2697 0.5813
vn 0.3235 -0.0202 0.9460
vn 0.1340 0.0810 0.9877
vn 0.4113 0.4276 -0.8050
vn 0.4563 0.4992 -0.7366
vn 0.9706 0.0018 -0.2407
vn 0.9865 -0.1003 -0.1297
vn 0.7932 0.3174 -0.5197
vn 0.8022 0.3470 -0.4859
vn 0.7817 -0.3109 0.5407
vn 0.8443 -0.1011 0.5263
vn 0.7085 -0.0937 0.6995
vn 0.7065 -0.0911 0.7018
vn 0.0357 -0.1256 0.9914
vn -0.0634 -0.2038 0.9770
vn -0.1800 -0.1372 0.9740
vn -0.0826 -0.9847 -0.1536
vn -0.0905 -0.9836 -0.1561
vn 0.1679 -0.8611 0.4800
vn 0.0787 -0.8192 0.5681
vn -0.3524 -0.0572 -0.9341
vn -0.1720 -0.5296 -0.8306
vn -0.1577 -0.5231 -0.8376
vn -0.0683 0.4499 -0.8904
vn -0.1386 0.4127 -0.9003
vn -0.0931 -0.3290 0.9397
vn 0.1151 -0.1000 0.9883
vn -0.8598 0.0830 0.5039
vn -0.8074 0.4045 0.4296
vn -0.9964 0.0622 0.0584
vn -0.9986 -0.0239 0.0467
vn -0.9971 0.0606 0.0452
vn -0.9616 0.1873 0.2006
vn 0.7990 0.0273 0.6007
vn 0.9458 -0.0675 0.3178
vn 0.9860 -0.0938 -0.1381
vn 0.9740 -0.1119 -0.1969
vn 0.1712 -0.2407 0.9554
vn 0.1863 -0.2601 0.9475
vn -0.7818 -0.2602 0.5667
vn -0.9054 -0.0990 0.4130
vn -0.9810 0.0900 -0.1721
vn -0.9684 0.1064 -0.2254
vn 0.2323 -0.6743 -0.7010
vn 0.2151 -0.6829 -0.6982
vn 0.6803 -0.6037 0.4155
vn 0.6777 -0.6717 0.2993
vn 0.7064 -0.6698 -0.2290
vn 0.7474 -0.6375 -0.1868
vn 0.2951 -0.1154 0.9485
vn 0.2482 -0.1529 0.9566
vn 0.2144 -0.3290 0.9196
vn -0.8967 0.0339 0.4413
vn -0.8961 0.0192 0.4434
vn -0.8610 0.0545 0.5057
vn -0.5893 0.7805 0.2087
vn 0.9682 -0.1092 -0.2252
vn 0.9689 -0.1086 -0.2222
vn -0.9679 -0.0989 -0.2311
vn -0.9694 -0.1046 -0.2223
vn -0.8918 -0.1790 0.4154
vn -0.8224 -0.2248 0.5226
vn 0.3771 -0.0776 -0.9229
vn 0.3552 -0.0845 -0.9310
vn 0.3922 -0.0571 0.9181
vn 0.3960 -0.0584 0.9164
vn 0.4500 -0.1036 -0.8870
vn 0.3734 -0.1261 -0.9191
vn 0.0303 -0.2897 0.9566
vn 0.1016 -0.3039 0.9473
vn 0.8296 0.0784 -0.5528
vn 0.8599 0.0496 -0.5081
vn -0.9777 -0.0969 -0.1864
vn -0.9760 -0.0952 -0.1956
vn 0.4750 -0.1169 0.8722
vn 0.6936 -0.2532 0.6744
vn -0.7904 -0.0321 0.6118
vn -0.7778 -0.0364 0.6275
vn -0.8495 -0.0831 0.5210
vn -0.8534 -0.0806 0.5150
vn 0.9129 -0.0596 -0.4037
vn 0.9118 -0.0406 -0.4086
vn -0.9762 -0.0725 -0.2042
vn -0.9740 -0.0594 -0.2187
vn 0.5926 -0.7701 -0.2362
vn 0.1657 -0.0897 0.9821
vn 0.1589 -0.0874 0.9834
vn 0.3473 -0.0318 -0.9372
vn 0.3560 -0.0269 -0.9341
vn -0.8082 0.0948 0.5812
vn -0.9030 0.0532 0.4264
vn -0.8092 0.0985 0.5792
vn -0.7139 0.1162 0.6905
vn -0.8055 0.1159 0.5812
vn -0.1856 -0.1134 0.9761
vn 0.0568 -0.2702 0.9611
vn 0.0377 -0.0693 0.9969
vn -0.9338 0.0788 0.3491
vn -0.9352 0.0600 0.3489
vn -0.8347 0.0576 0.5477
vn -0.9353 0.0601 0.3488
vn -0.0442 -0.1393 0.9893
vn -0.0193 -0.1550 0.9877
vn 0.2294 -0.0958 0.9686
vn -0.0523 0.0111 0.9986
vn -0.0511 0.0133 0.9986
vn -0.0196 -0.0078 0.9998
vn 0.1248 0.0124 0.9921
vn 0.2022 -0.0416 0.9785
vn -0.7280 -0.0098 0.6855
vn 0.2027 -0.0005 0.9792
vn 0.0012 -0.0714 0.9974
vn 0.1237 -0.1558 0.9800
vn 0.0885 -0.1170 0.9892
vn 0.9113 0.3334 0.2416
vn 0.9146 0.3198 0.2475
vn 0.9098 0.3305 0.2512
vn 0.9580 -0.0916 0.2717
vn 0.9327 -0.1706 0.3177
vn -0.7654 -0.0040 -0.6436
vn -0.8427 -0.3464 -0.4121
vn -0.7637 -0.0581 -0.6429
vn -0.7133 0.0046 -0.7008
vn -0.9721 -0.0340 -0.2319
vn -0.9746 -0.0493 -0.2185
vn -0.1742 -0.0206 -0.9845
vn -0.3686 -0.0647 -0.9273
vn 0.0476 -0.1537 -0.9870
vn 0.0143 -0.1614 -0.9868
vn 0.3592 -0.1612 -0.9192
vn 0.3682 -0.1591 -0.9160
vn -0.9991 0.0025 -0.0417
vn -0.9853 0.1654 -0.0435
vn -0.9791 0.0438 -0.1985
vn -0.9146 -0.1757 -0.3642
vn -0.9279 0.0104 -0.3727
vn -0.9603 0.0945 -0.2624
vn 0.1421 0.2841 0.9482
vn 0.1396 0.3885 0.9108
vn 0.2381 0.4466 0.8625
vn -0.4078 0.4594 0.7891
vn -0.2547 0.4197 0.8712
vn -0.2872 0.4381 0.8518
vn 0.5306 -0.1458 -0.8350
vn 0.5286 -0.0043 -0.8489
vn 0.5674 0.0284 -0.8229
vn -0.4226 -0.2085 -0.8820
vn -0.4330 0.1372 -0.8909
vn -0.6100 0.0013 -0.7924
vn 0.9555 -0.0521 0.2904
vn 0.9824 -0.0979 0.1594
vn 0.9416 -0.1356 0.3083
vn 0.9462 -0.1416 0.2911
vn 0.7374 -0.0722 0.6716
vn 0.7696 -0.0875 0.6325
vn 0.8872 -0.0987 -0.4507
vn 0.8840 -0.1003 -0.4566
vn 0.7874 -0.1904 -0.5863
vn 0.8378 -0.1724 -0.5180
vn 0.9589 -0.1856 -0.2148
vn 0.9644 -0.1799 -0.1937
vn -0.1524 -0.1433 0.9779
vn 0.0454 -0.3844 0.9221
vn 0.9434 -0.0276 0.3305
vn 0.9416 -0.0304 0.3352
vn 0.3008 -0.1006 0.9483
vn 0.3266 -0.1276 0.9365
vn -0.9739 0.0031 0.2272
vn -0.9626 -0.0545 0.2655
vn -0.9745 -0.0588 0.2164
vn -0.9763 -0.0529 0.2099
vn -0.8198 -0.0621 0.5693
vn -0.8249 -0.0550 0.5626
vn -0.9057 0.0935 -0.4135
vn -0.8847 0.1060 -0.4539
vn 0.0326 -0.7008 -0.7127
vn 0.0020 -0.7209 -0.6930
vn 0.7395 -0.0363 0.6722
vn 0.3575 -0.0271 -0.9335
vn 0.3221 -0.0349 -0.9461
vn 0.7121 -0.6783 0.1810
vn 0.7170 -0.6676 0.2006
vn 0.9434 -0.1941 0.2688
vn 0.9479 -0.1960 0.2513
vn -0.7280 -0.0560 0.6832
vn -0.7535 -0.0733 0.6534
vn 0.6278 -0.6296 -0.4577
vn 0.5591 -0.6678 -0.4914
vn 0.8279 -0.0865 -0.5542
vn 0.8626 -0.0780 -0.4999
vn 0.9662 -0.1303 -0.2223
vn 0.9660 -0.1304 -0.2231
vn -0.3671 -0.0646 0.9279
vn -0.2977 -0.1259 0.9463
vn -0.2847 -0.1721 0.9431
vn 0.9814 -0.0708 0.1785
vn 0.9814 -0.0707 0.1782
vn 0.3419 -0.1147 0.9327
vn 0.2350 -0.0742 0.9692
vn -0.9765 0.1517 0.1529
vn -0.9989 0.0252 0.0400
vn -0.9792 0.0834 0.1847
vn -0.9731 0.0633 0.2216
vn -0.0955 -0.0266 0.9951
vn -0.7909 -0.0545 0.6095
vn -0.8035 -0.0479 0.5933
vn 0.8256 -0.0876 -0.5575
vn 0.8366 -0.0476 -0.5457
vn 0.8271 -0.0536 -0.5595
vn 0.9699 -0.0730 -0.2324
vn 0.9717 -0.0706 -0.2253
vn -0.7954 -0.0665 -0.6024
vn -0.7404 -0.0226 -0.6718
vn -0.8474 -0.0734 -0.5259
vn -0.8037 -0.0134 -0.5949
vn -0.9682 -0.1215 -0.2188
vn -0.9665 -0.1095 -0.2322
vn -0.9633 -0.1653 0.2117
vn -0.9643 -0.1632 0.2084
vn -0.9609 -0.1869 0.2045
vn -0.9579 -0.1936 0.2121
vn -0.8942 -0.2168 0.3916
vn -0.8802 -0.2303 0.4151
vn -0.9973 0.0008 -0.0728
vn -0.9988 0.0191 -0.0457
vn 0.7388 -0.0450 0.6724
vn 0.7425 -0.0429 0.6685
vn 0.3558 -0.0395 -0.9337
vn 0.3770 -0.0306 -0.9257
vn -0.9895 -0.0004 0.1443
vn -0.9890 0.0011 0.1478
vn -0.2785 0.0197 0.9602
vn -0.3071 0.0268 0.9513
vn 0.2904 0.0251 0.9566
vn 0.3582 0.0050 0.9336
vn -0.0251 -0.1252 -0.9918
vn 0.0330 -0.1089 -0.9935
vn -0.2500 0.1066 -0.9624
vn 0.2932 0.0628 -0.9540
vn 0.4561 0.0795 -0.8863
vn -0.2428 -0.2866 0.9268
vn -0.4039 -0.2457 0.8812
vn -0.4641 -0.2311 0.8551
vn -0.2389 -0.3086 0.9207
vn 0.3835 -0.3195 0.8665
vn 0.0286 -0.2563 0.9662
vn 0.9472 -0.1447 0.2860
vn 0.9511 -0.1483 0.2709
vn 0.9473 -0.0790 0.3104
vn 0.9531 -0.0882 0.2895
vn -0.7285 -0.0573 0.6827
vn -0.7121 -0.0430 0.7008
vn -0.8904 -0.1120 -0.4411
vn -0.8814 -0.1087 -0.4596
vn -0.9331 -0.0551 -0.3554
vn -0.9109 -0.0497 -0.4096
vn -0.9945 -0.0667 -0.0812
vn -0.9854 -0.0558 -0.1610
vn -0.9616 0.0713 0.2650
vn -0.9719 0.0859 0.2190
vn 0.7733 -0.2710 0.5732
vn 0.7648 -0.2644 0.5875
vn 0.9001 -0.2940 0.3215
vn 0.8995 -0.2931 0.3240
vn -0.9587 -0.0591 0.2783
vn -0.9543 -0.0618 0.2923
vn -0.9891 -0.0013 0.1471
vn -0.9709 -0.0135 0.2391
vn -0.7812 0.0217 0.6240
vn -0.8152 0.0302 0.5784
vn 0.7637 -0.2337 -0.6017
vn 0.7417 -0.2361 -0.6278
vn -0.9804 0.0898 0.1753
vn -0.9819 0.0935 0.1645
vn -0.9015 0.1125 -0.4179
vn -0.9054 0.1100 -0.4101
vn -0.9738 -0.0780 0.2135
vn -0.9758 -0.0890 0.1996
vn -0.9668 -0.1479 0.2083
vn -0.9695 -0.1417 0.1998
vn -0.8291 -0.1875 0.5267
vn -0.8365 -0.1831 0.5164
vn 0.9482 -0.0686 0.3102
vn 0.9480 -0.0679 0.3109
vn 0.9404 -0.1171 0.3193
vn 0.9370 -0.0926 0.3368
vn 0.8577 0.0185 -0.5139
vn 0.8930 -0.0172 -0.4497
vn -0.6961 -0.0246 -0.7175
vn -0.7136 -0.0412 -0.6993
vn -0.7369 -0.1141 -0.6663
vn -0.6945 -0.0793 -0.7151
vn -0.9683 -0.1130 -0.2229
vn -0.9706 -0.1263 -0.2048
vn 0.8365 -0.0586 -0.5448
vn 0.8361 -0.0589 -0.5454
vn 0.8640 -0.0784 -0.4973
vn 0.8302 -0.1465 -0.5379
vn 0.0042 0.1051 -0.9945
vn 0.0236 0.0354 -0.9991
vn -0.4613 -0.0740 0.8841
vn -0.3816 -0.1070 0.9181
vn -0.4090 -0.2229 0.8849
vn -0.4405 -0.2127 0.8722
vn 0.0998 -0.1977 0.9752
vn 0.1645 -0.2129 0.9631
vn -0.9973 -0.0167 -0.0717
vn 0.2140 -0.5508 -0.8067
vn -0.1066 -0.3520 -0.9299
vn -0.1383 -0.3161 -0.9386
vn 0.3176 -0.2816 -0.9054
vn 0.3382 -0.2574 -0.9052
vn 0.9442 -0.0314 0.3278
vn 0.9459 -0.0364 0.3225
vn 0.1907 -0.1927 0.9626
vn 0.2703 -0.1261 0.9545
vn 0.1375 -0.1863 0.9728
vn 0.1072 -0.1618 0.9810
vn 0.6140 0.2111 -0.7605
vn 0.6345 0.1851 -0.7504
vn 0.2832 0.1922 -0.9396
vn 0.2358 0.2389 -0.9420
vn 0.2450 0.4184 -0.8746
vn 0.2695 0.3943 -0.8786
vn 0.2692 0.5078 -0.8183
vn 0.2029 0.4760 -0.8557
vn 0.2842 0.3952 -0.8735
vn 0.2221 0.3644 -0.9044
vn 0.2838 0.3955 -0.8735
vn 0.3724 0.4257 -0.8247
vn 0.3389 0.3952 -0.8538
vn 0.3771 0.4227 -0.8241
vn 0.9702 0.0006 -0.2423
vn 0.9982 -0.0593 -0.0122
vn 0.9821 -0.1654 -0.0897
vn 0.9933 -0.0640 -0.0967
vn 0.0954 -0.7327 -0.6738
vn 0.9145 -0.2527 -0.3159
vn 0.9070 -0.2098 -0.3652
vn 0.7434 0.2952 0.6001
vn 0.7413 0.2972 0.6018
vn 0.7413 0.2978 0.6015
vn 0.5331 -0.0487 0.8446
vn 0.8949 0.3844 0.2269
vn 0.8908 0.3722 0.2607
vn 0.8997 0.3648 0.2396
vn 0.8954 0.3783 0.2347
vn 0.2419 0.1148 0.9635
vn 0.3283 0.1942 0.9244
vn 0.2415 0.1156 0.9635
vn 0.2400 0.0954 0.9661
vn 0.0840 0.1806 0.9800
vn 0.0001 -0.8927 0.4507
vn 0.8421 0.4432 -0.3074
vn 0.8081 0.4630 -0.3642
vn 0.8437 0.4307 -0.3204
vn 0.7343 0.4935 -0.4661
vn 0.7339 0.4911 -0.4692
vn 0.7836 0.4630 -0.4142
vn 0.7812 0.4385 -0.4443
vn 0.7789 0.4310 -0.4555
vn 0.8504 -0.2229 0.4765
vn 0.8894 0.0615 0.4531
vn 0.0252 -0.0605 0.9979
vn 0.1296 -0.1546 0.9794
vn -0.9596 -0.0528 0.2763
vn -0.9564 -0.0466 0.2884
vn 0.9725 -0.0971 0.2115
vn 0.8949 -0.3187 0.3124
vn 0.0089 -0.2895 0.9571
vn 0.7785 0.2241 0.5862
vn 0.7720 0.1583 0.6155
vn 0.0752 0.8600 0.5048
vn 0.2655 -0.7481 -0.6082
vn 0.2771 -0.7371 -0.6164
vn 0.4024 -0.2350 -0.8848
vn 0.3016 -0.3316 -0.8939
vn 0.6278 -0.1425 -0.7652
vn 0.5496 -0.2336 -0.8021
vn -0.3329 0.1186 -0.9355
vn -0.4905 0.2073 -0.8464
vn -0.2458 -0.5115 -0.8234
vn -0.2656 -0.5237 -0.8095
vn -0.3168 -0.2136 -0.9241
vn -0.2669 -0.1805 -0.9467
vn -0.4083 -0.3555 -0.8408
vn -0.1868 -0.2376 -0.9533
vn 0.6435 0.0864 -0.7606
vn 0.6249 0.1133 -0.7724
vn 0.4265 0.0569 -0.9027
vn 0.4093 0.0780 -0.9091
vn 0.3805 0.2438 -0.8921
vn 0.4154 0.2076 -0.8856
vn 0.2436 -0.0162 -0.9697
vn 0.1894 0.0463 -0.9808
vn -0.0166 -0.0700 -0.9974
vn -0.0573 -0.0238 -0.9981
vn -0.0925 0.2194 -0.9712
vn -0.0542 0.1880 -0.9807
vn -0.4855 0.7075 -0.5135
vn -0.0577 -0.3772 -0.9243
vn -0.0903 -0.4034 -0.9105
vn 0.1716 -0.3312 -0.9278
vn 0.1053 -0.3851 -0.9168
vn 0.3221 -0.0336 -0.9461
vn 0.3334 -0.0309 -0.9423
vn 0.7878 -0.2795 0.5489
vn 0.7981 -0.2818 0.5325
vn 0.9630 -0.1502 -0.2236
vn 0.9641 -0.1497 -0.2193
vn -0.0815 -0.0065 -0.9967
vn -0.0079 0.0174 -0.9998
vn 0.9412 -0.2271 0.2500
vn 0.9409 -0.2268 0.2517
vn 0.8598 -0.1044 -0.4999
vn 0.8543 -0.1059 -0.5089
vn -0.8336 0.4004 -0.3805
vn -0.8314 0.4032 -0.3824
vn -0.9022 0.3815 -0.2013
vn -0.9147 0.3602 -0.1831
vn -0.9302 0.3126 0.1925
vn -0.9288 0.3227 0.1822
vn -0.8707 0.2773 0.4062
vn -0.8800 0.2948 0.3723
vn -0.5562 0.6505 0.5171
vn -0.0829 0.1701 0.9819
vn -0.0684 0.5275 0.8468
vn -0.6903 0.5618 0.4559
vn -0.0215 0.4199 -0.9073
vn -0.1589 0.3400 -0.9269
vn -0.2538 0.1032 -0.9617
vn -0.2807 0.1231 -0.9519
vn -0.0183 0.3767 -0.9261
vn -0.0635 0.3550 -0.9327
vn -0.0174 0.3760 -0.9264
vn -0.0585 0.3568 -0.9324
vn -0.0580 0.3570 -0.9323
vn -0.0568 0.3555 -0.9329
vn -0.2182 0.1756 -0.9600
vn -0.2387 0.1999 -0.9503
vn -0.2573 0.1984 -0.9457
vn -0.3373 0.2726 -0.9011
vn 0.3351 0.3958 -0.8550
vn 0.3599 0.3712 -0.8560
vn 0.2464 0.3686 -0.8963
vn 0.2995 0.4075 -0.8627
vn 0.2468 0.3684 -0.8963
vn 0.2806 0.5081 -0.8143
vn 0.2299 0.4768 -0.8484
vn 0.1601 0.4761 -0.8647
vn 0.1151 0.4549 -0.8831
vn 0.1670 0.3685 -0.9145
vn 0.2253 0.3953 -0.8905
vn 0.1668 0.3687 -0.9145
vn 0.0050 0.3021 -0.9533
vn -0.1033 0.3966 -0.9121
vn 0.9052 0.3607 -0.2245
vn 0.9050 0.2839 -0.3168
vn 0.1195 0.3859 -0.9148
vn 0.0063 0.4683 -0.8835
vn 0.2027 0.4769 -0.8553
vn 0.2418 0.4481 -0.8607
vn 0.7902 0.3860 -0.4760
vn 0.7920 0.3927 -0.4676
vn 0.2932 0.4495 -0.8438
vn 0.3293 0.4229 -0.8442
vn 0.4686 0.4336 -0.7697
vn 0.5156 0.3929 -0.7615
vn 0.8469 0.4335 -0.3080
vn 0.8469 0.4327 -0.3092
vn 0.7568 0.4245 -0.4970
vn 0.7712 0.4635 -0.4365
vn 0.8314 -0.2107 -0.5142
vn 0.8743 -0.4256 -0.2331
vn 0.7417 0.4132 -0.5283
vn 0.7301 0.3802 -0.5678
vn 0.7637 0.3010 -0.5712
vn 0.7685 0.3151 -0.5570
vn 0.6618 0.4611 -0.5911
vn 0.6835 0.4997 -0.5321
vn 0.7076 0.4313 -0.5597
vn 0.7122 0.4411 -0.5461
vn 0.8177 0.1148 -0.5640
vn 0.8082 0.0949 -0.5812
vn 0.8431 0.4264 -0.3277
vn 0.8431 0.4311 -0.3215
vn 0.9544 -0.1010 -0.2809
vn 0.9654 -0.2229 -0.1352
vn 0.8474 0.4325 -0.3081
vn 0.8478 0.4167 -0.3281
vn 0.8999 0.3458 -0.2659
vn 0.9003 0.3201 -0.2949
vn 0.9621 -0.2727 -0.0087
vn 0.8708 0.3912 -0.2979
vn 0.8717 0.3693 -0.3221
vn 0.9904 0.0064 -0.1380
vn 0.9947 -0.1023 -0.0071
vn 0.9537 -0.1288 -0.2717
vn 0.9141 -0.1622 -0.3717
vn 0.9833 -0.1093 -0.1458
vn 0.9837 -0.1538 -0.0933
vn 0.7976 0.1874 -0.5733
vn 0.7848 0.1620 -0.5982
vn 0.9306 0.2593 0.2582
vn 0.9254 0.2732 0.2626
vn 0.9595 0.1885 0.2095
vn 0.8407 0.1611 -0.5170
vn 0.8251 0.1290 -0.5501
vn 0.9491 -0.3061 -0.0740
vn 0.7346 -0.3251 0.5956
vn 0.6982 -0.3678 0.6141
vn 0.8774 -0.2065 0.4331
vn 0.8439 -0.2708 0.4632
vn 0.8910 0.0176 0.4537
vn 0.8996 0.0532 0.4336
vn 0.8613 -0.0600 0.5045
vn 0.8588 -0.0550 0.5093
vn 0.8713 -0.0866 0.4831
vn 0.8609 -0.0671 0.5044
vn 0.7403 -0.1771 0.6485
vn 0.7048 -0.1312 0.6972
vn -0.0811 -0.0604 0.9949
vn -0.1795 -0.1395 0.9738
vn 0.0716 -0.1114 0.9912
vn 0.0883 -0.0935 0.9917
vn 0.1071 -0.0954 0.9897
vn 0.0735 -0.1304 0.9887
vn 0.1373 -0.4062 0.9034
vn 0.0918 -0.3320 0.9388
vn 0.1318 -0.2407 0.9616
vn 0.2215 -0.1361 0.9656
vn 0.1346 -0.2316 0.9635
vn 0.1268 -0.2404 0.9624
vn 0.0430 -0.4756 0.8786
vn 0.1472 -0.3531 0.9239
vn 0.1185 -0.2633 0.9574
vn 0.0338 -0.1558 0.9872
vn 0.0672 0.0169 0.9976
vn 0.1223 -0.0368 0.9918
vn 0.3263 -0.1326 0.9359
vn 0.1802 0.0133 0.9835
vn -0.8950 -0.0998 0.4348
vn -0.9374 -0.0018 0.3482
vn -0.8541 -0.1361 0.5020
vn -0.9071 -0.0190 0.4204
vn -0.8172 -0.1379 0.5597
vn -0.8173 -0.1377 0.5596
vn 0.8350 -0.1107 0.5391
vn 0.8048 -0.0645 0.5900
vn 0.8226 -0.0906 0.5614
vn 0.8345 -0.1150 0.5388
vn -0.6630 -0.0100 0.7485
vn -0.7121 -0.0439 0.7007
vn -0.8535 -0.2580 0.4528
vn -0.3610 -0.0625 0.9305
vn -0.3236 -0.1031 0.9406
vn 0.8906 -0.1223 0.4381
vn 0.9756 -0.0062 0.2196
vn -0.3613 -0.0585 0.9306
vn -0.3612 -0.0586 0.9307
vn -0.3835 -0.0678 0.9211
vn -0.3587 -0.0891 0.9292
vn 0.9373 -0.1109 0.3303
vn 0.8919 -0.1611 0.4225
vn 0.1295 -0.1185 0.9845
vn 0.0679 -0.0607 0.9958
vn 0.1588 -0.0855 0.9836
vn 0.1292 -0.0640 0.9896
vn 0.3073 -0.0967 0.9467
vn 0.3011 -0.0914 0.9492
vn -0.9663 -0.0540 0.2516
vn -0.9548 -0.0992 0.2801
vn -0.9720 -0.0533 0.2289
vn -0.9614 -0.0991 0.2567
vn -0.9786 -0.0089 0.2057
vn -0.9707 -0.0535 0.2343
vn -0.9738 -0.0529 0.2210
vn -0.9714 -0.0609 0.2295
vn -0.9755 -0.0529 0.2134
vn -0.9733 -0.0608 0.2214
vn -0.9757 -0.0503 0.2134
vn -0.9749 -0.0529 0.2161
vn -0.8641 -0.0550 0.5002
vn -0.8631 -0.0565 0.5018
vn -0.8546 -0.0618 0.5155
vn -0.8646 -0.0472 0.5002
vn -0.8017 -0.0852 0.5916
vn 0.6071 -0.7879 0.1034
vn 0.0005 -0.0319 0.9995
vn 0.9344 -0.1164 0.3366
vn 0.9401 -0.1472 0.3076
vn -0.0234 0.0271 -0.9994
vn -0.0021 0.0160 -0.9999
vn -0.0017 0.0281 -0.9996
vn -0.0008 0.0270 -0.9996
vn 0.9465 -0.0194 0.3220
vn 0.9478 -0.0260 0.3177
vn 0.8282 -0.1445 0.5415
vn 0.8201 -0.1209 0.5592
vn 0.8575 -0.0687 0.5099
vn 0.8468 -0.0277 0.5312
vn 0.6922 -0.1951 0.6949
vn 0.6525 -0.1007 0.7511
vn 0.2618 -0.2920 0.9199
vn 0.3493 -0.2201 0.9108
vn 0.0707 -0.1605 0.9845
vn -0.0923 -0.2873 0.9534
vn 0.0345 -0.2158 0.9758
vn 0.0718 -0.1877 0.9796
vn 0.9855 0.1293 -0.1102
vn 0.9932 0.0766 -0.0872
vn 0.8914 0.3774 0.2509
vn 0.9436 0.0720 0.3232
vn 0.3340 -0.4334 0.8370
vn 0.1523 -0.2830 0.9470
vn -0.0535 -0.0448 0.9976
vn 0.1234 0.0363 0.9917
vn 0.0787 -0.0271 0.9965
vn -0.0182 -0.1916 0.9813
vn 0.0284 -0.1179 0.9926
vn 0.9711 -0.1139 0.2097
vn 0.9779 -0.0883 0.1895
vn 0.9813 -0.0247 0.1907
vn 0.9804 -0.0196 0.1959
vn 0.9825 -0.0097 0.1859
vn 0.9818 -0.0061 0.1896
vn 0.9485 -0.0346 0.3147
vn 0.9446 -0.0221 0.3274
vn 0.9339 -0.1050 0.3418
vn 0.9628 0.0314 0.2686
vn 0.9364 -0.2817 0.2094
vn 0.9389 -0.1059 0.3274
vn 0.2229 -0.3073 0.9252
vn 0.0136 -0.1231 0.9923
vn 0.0224 -0.2000 0.9795
vn -0.1974 -0.0076 0.9803
vn 0.0948 -0.9522 0.2905
vn 0.1790 -0.9593 0.2186
vn 0.1764 -0.9302 0.3220
vn 0.0004 -0.8638 0.5038
vn -0.0842 -0.9854 0.1479
vn 0.1124 -0.9904 0.0799
vn 0.0885 -0.9318 0.3520
vn 0.1779 -0.9461 0.2708
vn 0.3407 0.1325 0.9308
vn 0.3399 0.1361 0.9306
vn 0.9587 0.1278 -0.2539
vn -0.0915 -0.4673 -0.8794
vn -0.1532 -0.5322 -0.8326
vn 0.1063 -0.3771 -0.9201
vn 0.0421 -0.4782 -0.8773
vn 0.5382 -0.3160 -0.7813
vn 0.3025 -0.3224 -0.8969
vn 0.2777 -0.3793 -0.8826
vn 0.8485 0.0938 -0.5208
vn 0.9222 0.3151 -0.2240
vn 0.8588 -0.3382 0.3847
vn 0.9275 -0.1617 0.3369
vn 0.8211 -0.1484 -0.5512
vn 0.9295 -0.2172 -0.2980
vn -0.1630 0.9531 0.2551
vn -0.1266 0.9658 0.2262
vn -0.4236 0.9056 0.0213
vn 0.0297 0.9857 0.1657
vn -0.0069 0.9930 0.1177
vn -0.8711 0.1660 0.4622
vn -0.8830 0.1510 0.4444
vn -0.1077 0.9620 0.2510
vn -0.1321 0.9681 0.2131
vn -0.8842 0.1418 0.4452
vn -0.8817 0.1449 0.4489
vn -0.7073 0.6259 0.3286
vn -0.7081 0.5828 0.3987
vn -0.0623 -0.0869 0.9943
vn 0.0209 -0.1768 0.9840
vn -0.0623 0.9862 -0.1532
vn 0.0753 0.9972 -0.0024
vn -0.0560 0.9791 -0.1957
vn -0.0588 0.9774 -0.2033
vn -0.1450 0.6458 -0.7496
vn -0.2789 0.6984 -0.6592
vn -0.3811 0.7310 -0.5660
vn -0.3848 0.7242 -0.5722
vn -0.5782 0.6427 -0.5027
vn -0.1613 0.9524 -0.2585
vn -0.2506 0.8751 -0.4139
vn -0.2076 0.9383 -0.2767
vn -0.2054 0.9385 -0.2775
vn -0.3843 0.6850 -0.6189
vn -0.3010 0.7223 -0.6227
vn -0.1346 0.7138 -0.6873
vn -0.1249 0.6884 -0.7145
vn -0.0660 0.7255 -0.6851
vn -0.2895 0.7501 -0.5946
vn -0.5099 0.7428 -0.4338
vn -0.2714 -0.3293 0.9044
vn 0.0923 -0.6870 0.7208
vn 0.7870 0.0338 0.6161
vn 0.9864 -0.1627 -0.0238
vn 0.9851 -0.1718 0.0087
vn 0.8846 -0.3671 -0.2876
vn 0.8751 -0.3677 -0.3147
vn 0.3844 -0.4545 -0.8035
vn 0.5389 -0.7065 -0.4588
vn 0.9305 -0.2264 -0.2879
vn 0.9095 -0.2109 -0.3582
vn 0.9545 -0.1544 -0.2550
vn 0.9158 -0.2805 0.2874
vn 0.9383 -0.0447 0.3430
vn 0.9422 -0.0375 0.3331
vn -0.9958 -0.0508 0.0755
vn -0.9906 -0.0536 0.1259
vn -0.9893 -0.0121 0.1452
vn -0.9892 -0.0117 0.1463
vn 0.9379 -0.0388 0.3449
vn 0.9418 -0.0229 0.3355
vn -0.9923 0.0042 -0.1234
vn -0.9961 -0.0245 0.0843
vn 0.1734 -0.3326 0.9270
vn 0.1714 -0.3320 0.9276
vn 0.1718 -0.2671 0.9482
vn 0.2510 -0.2859 0.9248
vn 0.2542 -0.1785 0.9505
vn 0.3027 -0.1927 0.9334
vn 0.7389 0.1764 0.6503
vn 0.1104 0.5297 0.8410
vn 0.3062 -0.0873 0.9480
vn 0.3075 -0.0879 0.9475
vn -0.8515 -0.1710 0.4957
vn -0.7884 -0.2099 0.5782
vn -0.7934 -0.1755 0.5828
vn -0.7455 -0.2013 0.6354
vn -0.8823 -0.1994 0.4263
vn -0.8362 -0.2417 0.4923
vn -0.7579 -0.1081 0.6434
vn -0.8018 -0.0838 0.5917
vn -0.8732 0.2886 0.3929
vn -0.8651 0.2766 0.4185
vn 0.8379 -0.2121 0.5029
vn 0.8811 -0.2206 0.4183
vn 0.8023 -0.1539 0.5767
vn 0.8438 -0.1709 0.5087
vn 0.8728 -0.2577 0.4145
vn 0.8725 -0.2576 0.4151
vn 0.6366 -0.6882 0.3481
vn 0.6355 -0.7054 0.3141
vn 0.8035 -0.0849 0.5891
vn 0.8071 -0.0874 0.5839
vn 0.7285 -0.6658 0.1612
vn 0.7188 -0.6802 0.1437
vn 0.9733 -0.1401 0.1816
vn 0.9742 -0.1417 0.1756
vn 0.9610 -0.2146 0.1745
vn 0.9612 -0.2150 0.1727
vn 0.9760 -0.0847 0.2004
vn 0.9787 -0.0918 0.1838
vn 0.9671 -0.1848 0.1745
vn 0.9670 -0.1847 0.1754
vn 0.0152 -0.0164 0.9998
vn 0.0002 -0.0363 0.9993
vn 0.9382 -0.1002 -0.3313
vn 0.8275 -0.3102 -0.4679
vn 0.4658 -0.2723 -0.8419
vn 0.2976 -0.4459 -0.8442
vn 0.9341 -0.0887 -0.3459
vn 0.9333 -0.0906 -0.3475
vn 0.9578 -0.0293 -0.2860
vn 0.9333 -0.0992 -0.3452
vn 0.8164 -0.3081 -0.4885
vn 0.8349 -0.2810 -0.4732
vn 0.8584 -0.1461 -0.4917
vn 0.7131 -0.3394 -0.6134
vn 0.3197 -0.2567 -0.9121
vn 0.2187 -0.3543 -0.9092
vn 0.2734 -0.4395 -0.8556
vn 0.3035 -0.4063 -0.8619
vn 0.9357 -0.1155 -0.3333
vn 0.9412 -0.1136 -0.3182
vn 0.9364 -0.1000 -0.3365
vn 0.9375 -0.0993 -0.3334
vn 0.7225 -0.6391 -0.2636
vn 0.7441 -0.6211 -0.2460
vn 0.9350 -0.0693 -0.3479
vn 0.9345 -0.0698 -0.3491
vn 0.9349 -0.0635 -0.3493
vn 0.9396 -0.0590 -0.3373
vn 0.9385 -0.1328 -0.3186
vn 0.9382 -0.1329 -0.3194
vn 0.7398 -0.0317 0.6721
vn 0.7752 -0.0860 0.6258
vn 0.7331 -0.1037 0.6721
vn -0.5945 0.0354 -0.8033
vn -0.6198 0.0468 -0.7834
vn 0.5816 -0.6651 -0.4684
vn 0.6342 -0.6301 -0.4480
vn 0.7899 -0.0914 -0.6064
vn 0.7855 -0.0926 -0.6118
vn 1.0000 0.0036 -0.0024
vn 0.2283 -0.0251 -0.9733
vn 0.2313 -0.0237 -0.9726
vn 0.2458 -0.0852 -0.9656
vn 0.2338 -0.0892 -0.9682
vn 0.2347 -0.0333 -0.9715
vn 0.1979 -0.0426 -0.9793
vn 0.2319 -0.0303 -0.9723
vn 0.2445 -0.0251 -0.9693
vn 0.1976 -0.0220 -0.9800
vn 0.2293 -0.0119 -0.9733
vn 0.2059 -0.6833 -0.7005
vn 0.2170 -0.6759 -0.7043
vn -0.3730 -0.0221 -0.9276
vn -0.2945 0.0021 -0.9557
vn -0.4205 -0.0232 -0.9070
vn -0.4206 -0.0232 -0.9069
vn -0.4416 -0.0571 -0.8954
vn -0.4187 -0.0431 -0.9071
vn -0.0143 -0.7237 -0.6899
vn -0.0077 -0.7174 -0.6966
vn -0.2953 0.0095 -0.9554
vn -0.2401 0.0324 -0.9702
vn -0.4131 -0.0828 -0.9069
vn -0.3667 -0.0653 -0.9280
vn -0.5313 -0.4385 -0.7249
vn -0.4164 -0.2945 -0.8602
vn 0.3064 0.3677 -0.8780
vn 0.2812 0.3593 -0.8899
vn 0.8226 0.1688 0.5430
vn 0.8508 0.1473 0.5044
vn 0.9493 0.2528 -0.1869
vn 0.9417 0.2404 -0.2353
vn -0.0352 0.4039 -0.9141
vn -0.0222 0.4076 -0.9129
vn 0.9514 0.1785 0.2508
vn 0.9551 0.1740 0.2397
vn 0.8374 0.2893 -0.4638
vn 0.8086 0.2784 -0.5184
vn -0.5516 -0.7485 -0.3680
vn -0.5379 -0.7753 -0.3309
vn -0.5360 -0.7987 -0.2735
vn -0.6118 -0.7786 -0.1395
vn -0.5925 -0.7965 -0.1204
vn -0.6052 -0.7829 -0.1445
vn -0.6108 -0.7791 0.1408
vn -0.6091 -0.7804 0.1414
vn -0.6571 -0.7462 0.1063
vn -0.5340 -0.8135 0.2303
vn -0.6105 -0.7665 0.1992
vn -0.8658 -0.2324 0.4431
vn -0.4700 -0.7530 0.4606
vn 0.0724 -0.3782 0.9229
vn -0.0162 -0.2588 0.9658
vn -0.2243 -0.2605 0.9391
vn -0.2076 -0.2856 0.9356
vn 0.6932 -0.5999 0.3995
vn 0.7089 -0.3650 0.6034
vn -0.6439 -0.7354 0.2113
vn -0.5173 -0.8174 0.2536
vn 0.8965 0.1473 0.4178
vn 0.8737 0.1664 0.4571
vn 0.9682 0.1785 0.1752
vn 0.9581 0.1922 0.2122
vn 0.9267 0.2475 -0.2828
vn 0.9300 0.2505 -0.2690
vn 0.7700 0.2891 -0.5688
vn 0.7802 0.2920 -0.5532
vn 0.2036 0.3648 -0.9086
vn 0.2433 0.3777 -0.8934
vn -0.2584 0.4198 -0.8700
vn -0.0987 0.4701 -0.8771
vn 0.9820 0.0860 -0.1684
vn 0.9644 0.1341 -0.2278
vn 0.0062 0.2080 0.9781
vn 0.0602 0.1375 0.9887
vn -0.9843 -0.0655 0.1638
vn -0.9873 -0.0781 0.1380
vn -0.9526 -0.0870 0.2915
vn -0.9389 -0.0611 0.3388
vn 0.0502 -0.0346 0.9981
vn 0.0751 -0.0435 0.9962
vn 0.8721 0.3039 -0.3836
vn -0.9359 -0.1046 0.3364
vn -0.9235 -0.0612 0.3786
vn 0.0540 0.1166 0.9917
vn -0.9562 -0.0483 0.2887
vn -0.9384 0.0213 0.3449
vn 0.8832 0.2819 -0.3748
vn 0.9812 0.0907 -0.1705
vn -0.1097 -0.3347 0.9359
vn -0.1826 -0.2778 0.9431
vn -0.7418 -0.4197 0.5231
vn -0.2299 -0.1436 0.9626
vn -0.0112 -0.2881 0.9575
vn 0.0196 -0.1705 0.9852
vn 0.0293 -0.1808 0.9831
vn 0.9760 -0.0209 0.2166
vn 0.9270 -0.1303 0.3517
vn 0.9946 0.0198 0.1024
vn 0.9359 0.3498 -0.0417
vn 0.0870 0.6329 0.7694
vn 0.0598 0.6520 0.7559
vn 0.0248 -0.8228 0.5678
vn 0.0379 -0.8296 0.5570
vn -0.9170 -0.0971 0.3869
vn -0.8727 -0.4470 0.1965
vn 0.9405 0.0611 0.3342
vn 0.9439 0.0712 0.3225
vn -0.9665 -0.0521 0.2513
vn -0.9733 -0.1368 0.1841
vn -0.2796 -0.0515 0.9587
vn -0.2628 -0.0633 0.9628
vn -0.2630 -0.0617 0.9628
vn -0.2087 -0.1295 0.9694
vn -0.2976 -0.0583 0.9529
vn -0.2777 -0.0702 0.9581
vn -0.2745 -0.1073 0.9556
vn -0.2846 -0.0974 0.9537
vn -0.2702 -0.0873 0.9588
vn -0.2968 -0.0784 0.9517
vn -0.3152 -0.2791 0.9071
vn -0.3129 -0.2798 0.9076
vn -0.3244 -0.2100 0.9223
vn -0.2601 -0.2283 0.9382
vn -0.2958 0.0211 0.9550
vn -0.3499 0.0336 0.9362
vn -0.9971 -0.0122 -0.0757
vn -0.9913 -0.0254 -0.1295
vn -0.2046 -0.5450 0.8131
vn -0.1614 -0.5811 0.7977
vn -0.9896 0.0054 0.1435
vn -0.9906 0.0029 0.1366
vn 0.9431 -0.0241 0.3315
vn 0.9411 -0.0262 0.3372
vn 0.9669 0.1524 0.2045
vn 0.9458 0.1112 0.3050
vn -0.1500 0.5912 0.7925
vn -0.1991 0.6322 0.7488
vn -0.9902 -0.0157 0.1384
vn -0.9894 -0.0150 0.1442
vn 0.9363 -0.0666 0.3447
vn 0.9431 -0.0586 0.3272
vn -0.9959 -0.0553 -0.0721
vn -0.9925 0.1202 -0.0202
vn -0.9898 0.0011 0.1421
vn -0.9884 0.0046 0.1516
vn 0.7308 -0.1418 0.6677
vn 0.8000 -0.1543 0.5798
vn 0.6641 -0.0686 0.7445
vn 0.6647 -0.0690 0.7439
vn 0.7850 -0.2435 0.5696
vn 0.8644 -0.2425 0.4405
vn 0.6606 -0.0975 0.7444
vn 0.7329 -0.1224 0.6692
vn 0.6151 -0.1770 0.7684
vn 0.6392 -0.2156 0.7382
vn 0.6546 -0.1310 0.7445
vn 0.6554 -0.1320 0.7437
vn 0.8941 -0.0058 -0.4479
vn 0.9210 -0.0633 -0.3844
vn 0.8588 0.0324 -0.5113
vn 0.9214 -0.0271 -0.3878
vn 0.9239 -0.0390 -0.3807
vn 0.4519 -0.8663 0.2130
vn 0.4343 -0.8500 0.2981
vn -0.7144 -0.1675 0.6794
vn -0.6327 -0.1654 0.7565
vn 0.5084 0.7021 0.4986
vn 0.4617 0.7297 0.5044
vn -0.7146 -0.1032 0.6918
vn -0.6647 -0.0299 0.7465
vn -0.7122 -0.0456 0.7005
vn -0.1951 -0.0513 -0.9794
vn -0.0890 -0.0212 -0.9958
vn -0.2493 -0.0947 -0.9638
vn -0.1906 -0.0775 -0.9786
vn -0.2742 -0.0268 -0.9613
vn -0.2604 -0.0218 -0.9653
vn -0.1338 0.0642 -0.9889
vn -0.2743 -0.0190 -0.9615
vn 0.7653 -0.0849 -0.6380
vn 0.7724 -0.0826 -0.6298
vn 0.7588 0.1121 -0.6416
vn 0.7700 0.1203 -0.6266
vn 0.7740 -0.0512 -0.6311
vn 0.7661 -0.0544 -0.6404
vn 0.7723 -0.0844 -0.6297
vn 0.8282 -0.0708 -0.5559
vn -0.5959 0.0133 -0.8029
vn -0.0403 0.7343 -0.6776
vn -0.0450 0.7319 -0.6799
vn 0.5033 0.7320 -0.4592
vn 0.5019 0.7246 -0.4723
vn 0.4073 -0.8410 -0.3562
vn 0.4295 -0.8344 -0.3454
vn 0.9997 -0.0260 -0.0005
vn 0.9959 0.0109 -0.0900
vn -0.5935 0.0493 -0.8033
vn -0.5472 0.0188 -0.8368
vn -0.5973 -0.0141 -0.8019
vn 1.0000 -0.0059 -0.0018
vn 1.0000 -0.0048 -0.0053
vn 0.9999 0.0120 -0.0029
vn -0.9963 -0.0512 -0.0695
vn -0.9963 -0.0512 -0.0694
vn -0.9953 -0.0295 -0.0917
vn -0.9972 -0.0231 -0.0713
vn 0.0392 -0.8386 -0.5433
vn 0.0355 -0.8400 -0.5415
vn 0.9546 -0.1150 -0.2749
vn 0.9563 -0.1107 -0.2706
vn 0.9541 -0.1761 -0.2422
vn 0.9673 -0.0579 -0.2470
vn 0.9559 -0.0960 -0.2777
vn 0.9675 -0.1592 0.1966
vn 0.9675 -0.1595 0.1965
vn 0.9739 -0.1478 0.1724
vn 0.9728 -0.1204 0.1978
vn 0.9832 -0.0883 0.1600
vn 0.9825 -0.0692 0.1730
vn 0.9771 -0.0800 0.1970
vn 0.9558 -0.2446 0.1630
vn 0.9669 -0.0804 -0.2421
vn 0.9652 -0.0909 -0.2451
vn -0.0004 -0.0457 0.9990
vn 0.5892 0.7985 -0.1238
vn 0.5892 0.7985 -0.1237
vn -0.0976 -0.1356 0.9859
vn 0.0001 -0.0388 0.9992
vn 0.5914 0.8007 0.0951
vn 0.9557 0.2448 0.1636
vn 0.9571 0.2428 0.1578
vn 0.9116 0.1908 -0.3642
vn 0.9390 0.2907 -0.1836
vn 0.8928 0.3783 -0.2444
vn 0.8321 0.2277 -0.5058
vn -0.9235 0.3444 -0.1690
vn -0.9776 0.1953 0.0788
vn -0.9548 0.2204 0.1992
vn -0.9339 0.1786 0.3099
vn -0.9786 0.2027 -0.0346
vn -0.9418 0.2521 -0.2224
vn -0.9156 0.3072 -0.2595
vn -0.9511 0.2570 -0.1715
vn -0.9993 -0.0102 -0.0350
vn 0.8835 -0.1016 -0.4573
vn 0.8844 -0.0101 -0.4665
vn 0.8642 -0.0302 -0.5022
vn 0.9879 -0.0161 -0.1541
vn 0.9801 0.0977 -0.1727
vn 0.9429 -0.0071 -0.3329
vn 0.9642 0.0675 0.2566
vn 0.9608 0.1044 0.2567
vn 0.9733 0.1678 0.1565
vn 0.8786 0.1512 0.4530
vn 0.8765 0.1633 0.4528
vn 0.9343 0.3133 0.1704
vn -0.9840 -0.0097 -0.1778
vn 0.0025 -1.0000 0.0014
vn 0.2580 0.0007 0.9661
vn 0.9930 0.0104 -0.1177
vn 0.0160 0.0022 -0.9999
vn 0.0017 -1.0000 0.0004
vn 0.0009 -1.0000 0.0015
vn 0.9542 0.0091 0.2989
vn 0.8954 0.4088 0.1765
vn 0.9624 0.2566 -0.0891
vn -0.3310 0.3115 -0.8907
vn -0.5999 0.1183 -0.7913
vn 0.5299 0.3573 -0.7691
vn 0.3599 0.1822 -0.9150
vn -0.9385 0.3428 -0.0404
vn -0.9333 0.3581 -0.0258
vn 0.2308 0.4377 0.8690
vn 0.4127 0.3198 0.8529
vn -0.4664 0.4562 0.7578
vn -0.2703 0.3045 0.9134
vn -0.1543 0.9611 0.2290
vn -0.2751 0.9497 0.1499
vn 0.8353 0.4566 0.3063
vn 0.8364 0.4811 0.2625
vn -0.0071 0.0020 -1.0000
vn 0.1506 0.9886 -0.0068
vn 0.1873 0.9819 0.0292
vn 0.3663 0.0056 -0.9305
vn 0.3663 0.0057 -0.9305
vn -0.8853 0.3938 0.2471
vn -0.9075 0.3600 0.2163
vn -0.2079 0.9781 -0.0033
vn -0.1571 0.9870 0.0343
vn 0.9069 0.4155 -0.0701
vn 0.8939 0.4356 -0.1057
vn -0.3481 -0.0016 -0.9375
vn 0.3357 0.8965 0.2891
vn 0.1928 0.9677 0.1623
vn 0.0004 -1.0000 -0.0003
vn 0.0001 -1.0000 -0.0005
vn 0.0007 -1.0000 0.0000
vn 0.0008 -1.0000 -0.0001
vn 0.0007 -1.0000 0.0006
vn 0.0008 -1.0000 0.0008
vn 0.0007 -1.0000 -0.0002
vn 0.0007 -1.0000 -0.0001
vn 0.0010 -1.0000 -0.0002
vn 0.0012 -1.0000 -0.0000
vn 0.0004 -1.0000 -0.0002
vn 0.0010 -1.0000 -0.0003
vn -0.2835 -0.0049 0.9590
vn 0.0128 -0.0019 0.9999
vn -0.9490 -0.0104 0.3150
vn -0.9996 -0.0102 -0.0279
vn -0.9727 -0.0104 0.2317
vn 0.9645 0.0104 -0.2640
vn 0.9815 0.0104 -0.1912
vn 0.9857 0.0097 0.1685
vn 0.3704 -0.0812 -0.9253
vn 0.4872 -0.0406 -0.8723
vn 0.2669 -0.0918 -0.9593
vn 0.3691 -0.0658 -0.9271
vn 0.3650 -0.1265 -0.9224
vn 0.4864 -0.0932 -0.8688
vn 0.8743 -0.0487 0.4829
vn 0.8353 -0.0215 0.5493
vn 0.8491 -0.0516 0.5258
vn 0.8732 -0.0678 0.4826
vn 0.7743 -0.0296 0.6322
vn 0.7987 -0.0417 0.6003
vn 0.9655 -0.1148 -0.2336
vn 0.9920 -0.0709 -0.1043
vn 0.9442 -0.1302 -0.3025
vn 0.9659 -0.1102 -0.2342
vn 0.9708 -0.1360 -0.1975
vn 0.9838 -0.1175 -0.1352
vn -0.9626 0.1071 -0.2487
vn -0.9782 0.0884 -0.1880
vn 0.0972 0.0591 -0.9935
vn -0.2790 0.5674 0.7748
vn -0.4417 0.5988 0.6681
vn -0.9895 0.0005 0.1442
vn -0.9904 -0.0019 0.1380
vn 0.3624 -0.0354 0.9314
vn 0.3917 -0.0449 0.9190
vn 0.9921 -0.0555 0.1127
vn 0.1626 0.7840 -0.5991
vn 0.4644 -0.0251 -0.8853
vn 0.4493 -0.0296 -0.8929
vn -0.9570 -0.1008 -0.2721
vn -0.9532 -0.0984 -0.2858
vn -0.9643 -0.1058 -0.2428
vn -0.9568 -0.1018 -0.2722
vn -0.9812 -0.1043 -0.1624
vn -0.9773 -0.1006 -0.1866
vn 0.9282 -0.2902 -0.2330
vn 0.9323 -0.2879 -0.2190
vn -0.0085 0.2232 -0.9747
vn 0.7636 -0.1256 0.6334
vn 0.4810 -0.0112 0.8766
vn -0.8590 -0.0410 0.5104
vn -0.8475 -0.0452 0.5289
vn -0.8743 -0.0323 0.4843
vn -0.8596 -0.0367 0.5096
vn -0.8078 -0.0207 0.5891
vn -0.7915 -0.0254 0.6107
vn -0.9763 0.1154 -0.1829
vn -0.9793 0.1110 -0.1692
vn -0.9568 0.1146 -0.2673
vn -0.9625 0.1087 -0.2484
vn -0.3355 -0.0670 -0.9396
vn -0.4783 -0.1014 -0.8723
vn -0.1337 -0.0917 -0.9868
vn -0.3291 -0.1278 -0.9356
vn 0.0001 -0.0553 -0.9985
vn -0.1677 -0.0900 -0.9817
vn -0.0869 -0.1605 -0.9832
vn -0.1224 -0.1686 -0.9781
vn -0.0880 -0.1502 -0.9847
vn -0.0883 -0.1503 -0.9847
vn 0.0370 -0.1535 -0.9874
vn 0.0472 -0.1508 -0.9874
vn 0.2979 -0.6753 -0.6747
vn 0.9972 -0.0622 0.0416
vn 0.9888 -0.0926 0.1167
vn 0.3736 -0.1515 -0.9151
vn 0.3589 -0.1552 -0.9204
vn 0.9723 -0.0916 0.2151
vn 0.9466 -0.0478 0.3188
vn 0.9746 -0.1024 0.1991
vn 0.9718 -0.0965 0.2151
vn 0.9529 -0.0923 0.2888
vn 0.9525 -0.0917 0.2904
vn 0.9665 -0.1500 0.2083
vn 0.9676 -0.1523 0.2016
vn 0.9645 -0.1524 0.2158
vn 0.9657 -0.1550 0.2085
vn 0.9358 -0.1388 0.3240
vn 0.9402 -0.1444 0.3086
vn 0.8131 -0.0941 0.5745
vn 0.8420 -0.1121 0.5277
vn 0.7914 -0.1028 0.6026
vn 0.8106 -0.1146 0.5742
vn 0.7154 -0.0857 0.6934
vn 0.7354 -0.0955 0.6708
vn 0.8111 -0.1098 -0.5746
vn 0.8754 -0.0768 -0.4772
vn 0.7636 -0.1236 -0.6338
vn 0.8114 -0.1053 -0.5750
vn 0.8440 -0.1300 -0.5203
vn 0.8863 -0.1102 -0.4499
vn 0.7029 -0.1776 -0.6887
vn 0.7595 -0.1602 -0.6305
vn 0.6627 -0.1701 -0.7293
vn 0.7052 -0.1579 -0.6912
vn 0.7498 -0.1834 -0.6357
vn 0.7904 -0.1705 -0.5884
vn 0.9243 -0.1876 -0.3325
vn 0.9376 -0.1783 -0.2986
vn 0.9165 -0.1845 -0.3549
vn 0.9258 -0.1785 -0.3332
vn 0.9567 -0.1826 -0.2267
vn 0.9599 -0.1795 -0.2152
vn -0.8204 0.1058 -0.5619
vn -0.8601 0.0893 -0.5023
vn -0.8284 0.1125 -0.5487
vn -0.8169 0.1179 -0.5646
vn -0.8870 -0.1235 -0.4450
vn -0.8838 -0.1208 -0.4520
vn 0.0426 0.9910 0.1270
vn -0.9415 -0.1530 0.3003
vn -0.9448 -0.1505 0.2909
vn -0.9684 -0.1404 -0.2062
vn -0.9679 -0.1395 -0.2089
vn -0.3874 -0.0514 0.9205
vn -0.3024 -0.0813 0.9497
vn -0.4412 -0.0560 0.8957
vn -0.3840 -0.0761 0.9202
vn 0.9739 -0.0761 0.2137
vn 0.9826 -0.0595 0.1762
vn 0.3207 -0.7339 0.5988
vn 0.2405 -0.7350 0.6340
vn -0.9915 -0.0023 0.1298
vn -0.9905 0.0007 0.1378
vn 0.3958 -0.1118 0.9115
vn 0.3420 -0.0915 0.9352
vn -0.9826 0.0849 0.1653
vn -0.9723 0.0654 0.2245
vn 0.0386 0.9854 0.1661
vn -0.0971 -0.0580 0.9936
vn 0.0656 0.9911 -0.1158
vn -0.9638 -0.1745 0.2015
vn -0.9636 -0.1747 0.2025
vn -0.9353 -0.1729 0.3087
vn -0.9377 -0.1715 0.3023
vn -0.6504 -0.0556 0.7576
vn -0.9017 0.1155 0.4167
vn -0.8466 -0.0511 0.5298
vn -0.6391 -0.1342 0.7573
vn -0.7734 -0.0627 0.6308
vn -0.7909 -0.0547 0.6095
vn -0.4498 -0.0257 0.8928
vn -0.4457 -0.0269 0.8948
vn -0.4382 -0.0145 0.8987
vn -0.4518 -0.0111 0.8920
vn 0.9745 -0.0693 0.2133
vn 0.9616 -0.0918 0.2588
vn -0.4055 0.0274 0.9137
vn -0.4443 0.0362 0.8952
vn -0.1325 0.0331 0.9906
vn -0.4118 0.0947 0.9064
vn -0.4356 0.0763 0.8969
vn -0.2800 0.0344 0.9594
vn 0.1355 0.0199 0.9906
vn 0.2065 0.0011 0.9785
vn 0.3034 0.0173 0.9527
vn 0.1314 0.0633 0.9893
vn 0.0265 0.0961 0.9950
vn 0.2910 0.0182 0.9566
vn -0.2182 -0.1007 -0.9707
vn -0.0981 -0.0673 -0.9929
vn -0.2432 0.0112 -0.9699
vn -0.2301 0.0152 -0.9730
vn -0.0328 0.0144 -0.9994
vn -0.0364 0.0132 -0.9992
vn -0.0004 0.1043 -0.9945
vn -0.0457 0.1002 -0.9939
vn -0.8011 -0.1214 -0.5862
vn -0.7861 -0.1178 -0.6067
vn -0.8207 -0.1274 -0.5570
vn -0.8005 -0.1240 -0.5863
vn -0.9026 -0.1169 -0.4143
vn -0.8902 -0.1135 -0.4413
vn -0.8585 -0.0640 -0.5089
vn -0.8309 -0.0602 -0.5532
vn -0.8891 -0.0451 -0.4554
vn -0.8602 -0.0406 -0.5083
vn -0.9560 -0.0377 -0.2910
vn -0.9345 -0.0303 -0.3546
vn -0.9888 -0.0535 -0.1394
vn -0.9701 -0.0411 -0.2391
vn -0.9993 -0.0320 -0.0203
vn -0.9902 -0.0185 -0.1383
vn -0.9971 -0.0418 -0.0637
vn -0.9960 -0.0388 -0.0807
vn 0.9288 -0.2989 0.2192
vn 0.9287 -0.2988 0.2195
vn 0.0297 0.1648 0.9859
vn 0.8977 -0.2405 -0.3691
vn 0.9011 -0.2395 -0.3616
vn -0.9810 -0.0692 0.1815
vn -0.9795 -0.0704 0.1886
vn -0.9849 -0.0706 0.1584
vn -0.9805 -0.0738 0.1821
vn -0.9676 -0.0556 0.2462
vn -0.9585 -0.0605 0.2785
vn -0.9970 -0.0309 0.0704
vn -0.9871 -0.0418 0.1547
vn -0.9986 -0.0246 0.0471
vn -0.9971 -0.0279 0.0702
vn -0.9983 0.0012 0.0586
vn -0.9888 -0.0138 0.1484
vn -0.8656 0.0244 0.5002
vn -0.8820 0.0289 0.4704
vn -0.8439 0.0373 0.5353
vn -0.8669 0.0431 0.4966
vn -0.8642 0.0681 0.4986
vn -0.7835 0.0439 0.6199
vn 0.4536 -0.1620 -0.8764
vn 0.6672 -0.1114 -0.7365
vn 0.7351 0.0893 -0.6720
vn 0.4621 -0.0249 -0.8865
vn 0.0555 0.9956 0.0754
vn 0.8180 0.0259 -0.5746
vn 0.7606 0.0444 -0.6478
vn 0.7361 0.0557 -0.6746
vn 0.7342 0.0574 -0.6765
vn 0.2925 0.0934 -0.9517
vn 0.2524 0.0897 -0.9635
vn -0.0326 0.0989 -0.9946
vn -0.3791 0.0722 -0.9225
vn 0.9802 0.0023 0.1981
vn 0.9617 -0.0271 0.2727
vn 1.0000 0.0096 0.0000
vn 0.9678 -0.0134 0.2515
vn 0.9494 0.0257 -0.3130
vn 0.9703 -0.0000 -0.2421
vn 0.9520 0.0375 -0.3037
vn 0.8202 -0.0437 0.5705
vn 0.8168 -0.0842 0.5707
vn 0.7657 -0.0326 0.6424
vn 0.9510 0.0251 0.3083
vn 0.9752 0.0005 0.2214
vn 0.7995 -0.0464 0.5989
vn 0.7903 0.0353 -0.6118
vn 0.9520 0.0361 -0.3039
vn 0.9730 0.0325 -0.2286
vn 0.9161 0.0992 -0.3885
vn -0.9680 -0.1509 0.2004
vn -0.9690 -0.1499 0.1966
vn -0.0188 0.0425 -0.9989
vn 0.9336 -0.2566 -0.2500
vn 0.9381 -0.2542 -0.2352
vn 0.9324 -0.2687 0.2416
vn 0.9359 -0.2756 0.2194
vn 0.9168 -0.2769 0.2877
vn 0.9086 -0.2651 0.3227
vn 0.7711 -0.1986 -0.6050
vn 0.7700 -0.1986 -0.6064
vn 0.0522 0.9954 -0.0800
vn 0.8922 -0.2744 -0.3587
vn 0.8974 -0.2727 -0.3468
vn 0.0176 -0.0637 0.9978
vn 0.7631 -0.2446 0.5982
vn 0.7770 -0.2550 0.5755
vn 0.0340 0.9771 0.2100
vn 0.0624 0.9948 -0.0802
vn -0.9644 -0.1733 -0.1997
vn -0.9631 -0.1708 -0.2080
vn -0.9462 -0.1351 -0.2940
vn -0.9445 -0.1329 -0.3005
vn -0.9418 -0.1677 -0.2914
vn -0.9404 -0.1661 -0.2966
vn -0.5698 0.1203 -0.8129
vn -0.8253 0.0222 -0.5643
vn -0.7781 -0.1552 -0.6087
vn -0.5594 -0.0553 -0.8270
vn -0.8717 -0.1582 -0.4638
vn -0.8788 -0.1634 -0.4483
vn 0.0950 0.0159 -0.9954
vn 0.3163 -0.1246 -0.9404
vn 0.2851 -0.1340 -0.9491
vn 0.2525 -0.0262 -0.9672
vn 0.3125 -0.0046 -0.9499
vn 0.2802 -0.2803 -0.9181
vn 0.2891 -0.2765 -0.9165
vn 0.2857 -0.1535 -0.9459
vn 0.2728 -0.1571 -0.9492
vn -0.9973 0.0579 -0.0462
vn -0.9938 0.0221 -0.1089
vn 0.9922 -0.0537 0.1125
vn -0.9880 0.0512 -0.1460
vn -0.9912 0.0676 -0.1140
vn -0.9934 0.0315 -0.1100
vn 0.9848 -0.0689 0.1596
vn 0.9923 -0.0523 0.1123
vn -0.9938 0.0230 -0.1090
vn -0.3428 -0.0884 0.9353
vn -0.3240 -0.0988 0.9409
vn -0.4172 -0.0277 0.9084
vn -0.4141 -0.0286 0.9098
vn 0.3281 -0.0508 0.9433
vn 0.3350 -0.0524 0.9408
vn 0.2872 -0.0447 0.9568
vn 0.3287 -0.0562 0.9428
vn -0.4117 -0.0419 0.9103
vn -0.3471 -0.0608 0.9358
vn 0.2747 -0.1304 0.9527
vn 0.2741 -0.1301 0.9529
vn 0.3365 -0.0844 0.9379
vn 0.2723 -0.0680 0.9598
vn -0.3980 -0.0271 0.9170
vn -0.4184 -0.0211 0.9080
vn 0.3632 0.5186 0.7740
vn 0.0717 0.6882 0.7220
vn -0.9888 0.0034 0.1493
vn -0.9891 0.0024 0.1476
vn -0.1015 -0.7675 0.6329
vn -0.1463 -0.7528 0.6417
vn 0.9728 -0.0744 0.2192
vn 0.9595 -0.1096 0.2595
vn -0.4426 -0.3271 0.8349
vn -0.8890 0.0620 0.4536
vn 0.3306 -0.3286 0.8847
vn 0.0747 -0.2606 0.9626
vn -0.1159 0.9925 0.0387
vn -0.9367 0.0653 0.3440
vn -0.7193 0.3253 0.6138
vn 0.8825 0.1756 0.4363
vn 0.8972 0.1891 0.3991
vn 0.8218 -0.0337 0.5687
vn -0.4097 -0.7364 0.5384
vn -0.4224 -0.7593 0.4950
vn -0.4988 -0.7860 0.3652
vn 0.2914 -0.8105 0.5081
vn 0.3254 -0.8645 0.3832
vn 0.0000 -0.8951 -0.4458
vn -0.9474 -0.2380 0.2139
vn -0.9459 -0.2476 0.2096
vn 0.8889 -0.3930 0.2354
vn 0.8886 -0.3917 0.2388
vn 0.4593 -0.0335 0.8877
vn 0.8504 -0.1919 0.4899
vn -0.5322 -0.1952 0.8238
vn -0.2171 -0.3579 0.9082
vn 0.0052 0.0002 1.0000
vn 0.0052 0.0001 1.0000
vn 0.0329 -0.0583 0.9978
vn 0.0042 -1.0000 -0.0007
vn 0.0042 -1.0000 -0.0008
vn -0.0196 0.0524 0.9984
vn -0.1016 0.2794 -0.9548
vn 0.0051 0.0337 0.9994
vn -0.0019 0.0263 0.9997
vn 0.8581 0.4005 0.3215
vn 0.8636 0.4095 0.2940
vn 0.1838 0.9413 0.2832
vn 0.1415 0.9744 0.1744
vn 0.9479 0.0071 0.3186
vn 0.9479 0.0071 0.3184
vn 0.9920 0.0081 -0.1261
vn 0.9919 0.0079 -0.1266
vn 0.1857 0.9826 -0.0103
vn 0.2097 0.9773 0.0312
vn 0.9275 0.3657 -0.0769
vn 0.9204 0.3736 -0.1157
vn 0.0042 -1.0000 0.0009
vn 0.0042 -1.0000 0.0010
vn 0.0322 0.0018 -0.9995
vn 0.0315 0.0024 -0.9995
vn 0.0432 -0.0234 -0.9988
vn 0.0383 -0.0228 -0.9990
vn 0.0050 0.0010 1.0000
vn 0.0049 0.0008 1.0000
vn 0.0322 0.0019 -0.9995
vn -0.4273 0.8920 0.1476
vn -0.4234 0.8954 0.1380
vn 0.0463 -0.0536 -0.9975
vn 0.0580 -0.0548 -0.9968
vn -0.4288 0.9026 0.0385
vn -0.4277 0.9032 0.0354
vn -0.0201 0.0970 0.9951
vn -0.0323 0.0793 0.9963
vn 0.0368 -0.0099 -0.9993
vn 0.6599 0.4667 -0.5888
vn 0.6905 0.4503 -0.5661
vn 0.6596 0.4651 -0.5904
vn 0.8363 0.4545 -0.3067
vn 0.8342 0.4674 -0.2927
vn 0.7756 0.4907 -0.3971
vn 0.3625 0.4468 -0.8179
vn 0.3933 0.4960 -0.7742
vn -0.1672 0.1774 -0.9698
vn -0.2151 0.2320 -0.9486
vn -0.1277 0.2375 -0.9629
vn -0.2499 0.3361 -0.9081
vn 0.0267 -0.9553 -0.2946
vn -0.1042 -0.9280 -0.3577
vn -0.0214 -0.9837 0.1787
vn 0.0667 -0.9893 0.1298
vn 0.1077 -0.9839 0.1429
vn -0.2341 -0.8984 -0.3715
vn -0.0967 -0.9543 -0.2829
vn -0.0828 -0.9844 -0.1554
vn -0.0231 -0.9910 -0.1316
vn 0.9647 -0.0172 -0.2626
vn 0.9686 -0.0836 -0.2342
vn -0.5573 -0.0806 -0.8264
vn -0.4870 -0.1042 -0.8672
vn -0.6034 0.2845 -0.7450
vn -0.5186 0.3803 -0.7658
vn -0.3878 -0.5490 -0.7404
vn -0.8464 0.4257 -0.3200
vn -0.8464 0.4336 -0.3092
vn -0.7677 0.2697 0.5813
vn -0.7410 0.2985 0.6016
vn -0.1340 0.0810 0.9877
vn -0.3235 -0.0202 0.9460
vn -0.4563 0.4992 -0.7366
vn -0.4113 0.4276 -0.8050
vn -0.9865 -0.1003 -0.1297
vn -0.9706 0.0018 -0.2407
vn -0.8022 0.3470 -0.4859
vn -0.7932 0.3174 -0.5197
vn -0.8443 -0.1011 0.5263
vn -0.7817 -0.3109 0.5407
vn -0.7065 -0.0911 0.7018
vn -0.7085 -0.0937 0.6995
vn 0.0634 -0.2038 0.9770
vn -0.0357 -0.1256 0.9914
vn 0.1800 -0.1372 0.9740
vn 0.0905 -0.9836 -0.1561
vn 0.0826 -0.9847 -0.1536
vn -0.0787 -0.8192 0.5681
vn -0.1679 -0.8611 0.4800
vn 0.3524 -0.0572 -0.9341
vn 0.1577 -0.5231 -0.8376
vn 0.1720 -0.5296 -0.8306
vn 0.1386 0.4127 -0.9003
vn 0.0683 0.4499 -0.8904
vn -0.1151 -0.1000 0.9883
vn 0.0931 -0.3290 0.9397
vn 0.8598 0.0830 0.5039
vn 0.8074 0.4045 0.4296
vn 0.9964 0.0622 0.0584
vn 0.9986 -0.0239 0.0467
vn 0.9971 0.0606 0.0452
vn 0.9616 0.1873 0.2006
vn -0.9458 -0.0675 0.3178
vn -0.7990 0.0273 0.6007
vn -0.9740 -0.1119 -0.1969
vn -0.9860 -0.0938 -0.1381
vn -0.1863 -0.2601 0.9475
vn -0.1712 -0.2407 0.9554
vn 0.9054 -0.0990 0.4129
vn 0.7818 -0.2602 0.5667
vn 0.9684 0.1064 -0.2254
vn 0.9810 0.0900 -0.1721
vn -0.2151 -0.6829 -0.6982
vn -0.2323 -0.6743 -0.7010
vn -0.6777 -0.6717 0.2993
vn -0.6803 -0.6038 0.4155
vn -0.7474 -0.6375 -0.1868
vn -0.7064 -0.6698 -0.2290
vn -0.2951 -0.1154 0.9485
vn -0.2482 -0.1529 0.9566
vn -0.2144 -0.3290 0.9197
vn 0.8967 0.0339 0.4413
vn 0.8961 0.0192 0.4434
vn 0.8610 0.0545 0.5057
vn 0.5894 0.7805 0.2087
vn -0.9689 -0.1086 -0.2222
vn -0.9682 -0.1092 -0.2252
vn 0.9694 -0.1046 -0.2223
vn 0.9679 -0.0989 -0.2311
vn 0.8224 -0.2248 0.5226
vn 0.8918 -0.1790 0.4154
vn -0.3552 -0.0845 -0.9310
vn -0.3771 -0.0776 -0.9229
vn -0.3960 -0.0584 0.9164
vn -0.3922 -0.0571 0.9181
vn -0.3734 -0.1261 -0.9191
vn -0.4500 -0.1036 -0.8870
vn -0.1016 -0.3039 0.9473
vn -0.0303 -0.2897 0.9566
vn -0.8599 0.0496 -0.5081
vn -0.8296 0.0784 -0.5528
vn 0.9760 -0.0952 -0.1956
vn 0.9777 -0.0969 -0.1864
vn -0.6936 -0.2532 0.6744
vn -0.4750 -0.1169 0.8722
vn 0.7778 -0.0364 0.6275
vn 0.7904 -0.0321 0.6118
vn 0.8534 -0.0806 0.5150
vn 0.8495 -0.0831 0.5210
vn -0.9118 -0.0406 -0.4086
vn -0.9129 -0.0596 -0.4037
vn 0.9740 -0.0594 -0.2187
vn 0.9762 -0.0725 -0.2042
vn -0.5925 -0.7701 -0.2362
vn -0.5926 -0.7701 -0.2362
vn -0.1589 -0.0874 0.9834
vn -0.1657 -0.0897 0.9821
vn -0.3560 -0.0269 -0.9341
vn -0.3473 -0.0318 -0.9372
vn 0.8113 0.0664 0.5808
vn 0.8857 0.0366 0.4628
vn 0.8068 0.0533 0.5884
vn 0.8055 0.1159 0.5812
vn 0.7139 0.1162 0.6905
vn -0.0568 -0.2702 0.9611
vn 0.1856 -0.1134 0.9761
vn -0.0377 -0.0693 0.9969
vn 0.9338 0.0788 0.3491
vn 0.9354 0.0573 0.3489
vn 0.8411 0.0553 0.5380
vn 0.9252 0.0531 0.3757
vn 0.0193 -0.1550 0.9877
vn 0.0442 -0.1393 0.9893
vn -0.2304 -0.0068 0.9731
vn -0.1122 -0.0832 0.9902
vn -0.1106 -0.0913 0.9897
vn 0.0196 -0.0078 0.9998
vn -0.2022 -0.0416 0.9785
vn -0.1248 0.0124 0.9921
vn 0.7281 -0.0098 0.6854
vn -0.2027 0.0005 0.9792
vn -0.0012 -0.0714 0.9975
vn -0.0885 -0.1170 0.9892
vn -0.1237 -0.1558 0.9800
vn -0.9113 0.3334 0.2416
vn -0.9146 0.3198 0.2475
vn -0.9098 0.3305 0.2512
vn -0.9327 -0.1706 0.3177
vn -0.9580 -0.0916 0.2717
vn 0.8427 -0.3464 -0.4121
vn 0.7654 -0.0040 -0.6436
vn 0.7637 -0.0581 -0.6429
vn 0.7133 0.0046 -0.7008
vn 0.9721 -0.0340 -0.2319
vn 0.9746 -0.0493 -0.2185
vn 0.3686 -0.0647 -0.9273
vn 0.1742 -0.0206 -0.9845
vn -0.0143 -0.1614 -0.9868
vn -0.0476 -0.1537 -0.9870
vn -0.3682 -0.1591 -0.9160
vn -0.3592 -0.1612 -0.9192
vn 0.9991 0.0025 -0.0417
vn 0.9853 0.1654 -0.0435
vn 0.9791 0.0438 -0.1985
vn 0.9146 -0.1758 -0.3642
vn 0.9279 0.0104 -0.3727
vn 0.9603 0.0945 -0.2624
vn -0.1421 0.2841 0.9482
vn -0.1396 0.3885 0.9108
vn -0.2381 0.4466 0.8625
vn 0.4078 0.4594 0.7891
vn 0.2547 0.4197 0.8712
vn 0.2872 0.4381 0.8518
vn -0.5306 -0.1458 -0.8350
vn -0.5286 -0.0043 -0.8489
vn -0.5674 0.0284 -0.8229
vn 0.4226 -0.2085 -0.8820
vn 0.4330 0.1372 -0.8909
vn 0.6100 0.0013 -0.7924
vn -0.9823 -0.0979 0.1594
vn -0.9555 -0.0521 0.2904
vn -0.9462 -0.1416 0.2911
vn -0.9416 -0.1356 0.3083
vn -0.7696 -0.0875 0.6325
vn -0.7374 -0.0722 0.6716
vn -0.8840 -0.1003 -0.4566
vn -0.8872 -0.0987 -0.4507
vn -0.8378 -0.1724 -0.5180
vn -0.7874 -0.1904 -0.5863
vn -0.9644 -0.1799 -0.1937
vn -0.9589 -0.1856 -0.2148
vn -0.0454 -0.3844 0.9221
vn 0.1524 -0.1433 0.9779
vn -0.9416 -0.0304 0.3352
vn -0.9434 -0.0276 0.3305
vn -0.3266 -0.1276 0.9365
vn -0.3008 -0.1006 0.9483
vn 0.9626 -0.0545 0.2654
vn 0.9739 0.0031 0.2272
vn 0.9763 -0.0529 0.2099
vn 0.9745 -0.0588 0.2164
vn 0.8249 -0.0550 0.5625
vn 0.8198 -0.0621 0.5693
vn 0.8847 0.1060 -0.4539
vn 0.9057 0.0935 -0.4135
vn -0.0020 -0.7209 -0.6930
vn -0.0326 -0.7008 -0.7127
vn -0.7395 -0.0363 0.6722
vn -0.3221 -0.0349 -0.9461
vn -0.3575 -0.0271 -0.9335
vn -0.7170 -0.6676 0.2006
vn -0.7121 -0.6783 0.1810
vn -0.9479 -0.1960 0.2513
vn -0.9434 -0.1941 0.2688
vn 0.7535 -0.0733 0.6534
vn 0.7280 -0.0560 0.6832
vn -0.5591 -0.6678 -0.4914
vn -0.6278 -0.6296 -0.4577
vn -0.8626 -0.0780 -0.4999
vn -0.8279 -0.0865 -0.5542
vn -0.9660 -0.1304 -0.2231
vn -0.9662 -0.1303 -0.2222
vn 0.3671 -0.0646 0.9279
vn 0.2977 -0.1259 0.9463
vn 0.2847 -0.1721 0.9430
vn -0.9814 -0.0707 0.1782
vn -0.9814 -0.0708 0.1785
vn -0.2350 -0.0742 0.9692
vn -0.3419 -0.1147 0.9327
vn 0.9765 0.1517 0.1529
vn 0.9989 0.0252 0.0400
vn 0.9792 0.0834 0.1847
vn 0.9731 0.0633 0.2216
vn 0.0955 -0.0266 0.9951
vn 0.8035 -0.0479 0.5933
vn 0.7909 -0.0545 0.6095
vn -0.8256 -0.0876 -0.5575
vn -0.8271 -0.0536 -0.5595
vn -0.8366 -0.0476 -0.5457
vn -0.9717 -0.0706 -0.2253
vn -0.9699 -0.0730 -0.2324
vn 0.7404 -0.0226 -0.6718
vn 0.7954 -0.0665 -0.6024
vn 0.8037 -0.0134 -0.5949
vn 0.8474 -0.0734 -0.5259
vn 0.9665 -0.1095 -0.2322
vn 0.9682 -0.1215 -0.2188
vn 0.9643 -0.1632 0.2084
vn 0.9633 -0.1653 0.2117
vn 0.9579 -0.1936 0.2121
vn 0.9609 -0.1869 0.2045
vn 0.8802 -0.2303 0.4151
vn 0.8942 -0.2168 0.3916
vn 0.9988 0.0191 -0.0457
vn 0.9973 0.0008 -0.0728
vn -0.7425 -0.0429 0.6685
vn -0.7389 -0.0450 0.6724
vn -0.3770 -0.0306 -0.9257
vn -0.3558 -0.0395 -0.9337
vn 0.9890 0.0011 0.1478
vn 0.9895 -0.0004 0.1443
vn 0.3071 0.0268 0.9513
vn 0.2785 0.0197 0.9602
vn -0.3582 0.0050 0.9336
vn -0.2904 0.0251 0.9566
vn -0.0330 -0.1089 -0.9935
vn 0.0251 -0.1252 -0.9918
vn 0.2500 0.1066 -0.9624
vn -0.4561 0.0795 -0.8863
vn -0.2932 0.0628 -0.9540
vn 0.4039 -0.2457 0.8812
vn 0.2428 -0.2866 0.9268
vn 0.2389 -0.3086 0.9207
vn 0.4641 -0.2311 0.8551
vn -0.0286 -0.2563 0.9662
vn -0.3835 -0.3195 0.8665
vn -0.9511 -0.1483 0.2709
vn -0.9472 -0.1447 0.2860
vn -0.9531 -0.0882 0.2895
vn -0.9473 -0.0790 0.3104
vn 0.7121 -0.0430 0.7008
vn 0.7285 -0.0573 0.6827
vn 0.8814 -0.1087 -0.4596
vn 0.8904 -0.1120 -0.4411
vn 0.9109 -0.0497 -0.4096
vn 0.9331 -0.0551 -0.3554
vn 0.9854 -0.0558 -0.1610
vn 0.9945 -0.0667 -0.0812
vn 0.9719 0.0859 0.2190
vn 0.9616 0.0713 0.2650
vn -0.7648 -0.2644 0.5875
vn -0.7733 -0.2710 0.5732
vn -0.8995 -0.2931 0.3240
vn -0.9001 -0.2940 0.3215
vn 0.9543 -0.0618 0.2923
vn 0.9587 -0.0591 0.2783
vn 0.9709 -0.0135 0.2391
vn 0.9891 -0.0013 0.1471
vn 0.8152 0.0302 0.5784
vn 0.7812 0.0217 0.6240
vn -0.7417 -0.2361 -0.6278
vn -0.7637 -0.2337 -0.6017
vn 0.9819 0.0935 0.1645
vn 0.9804 0.0898 0.1753
vn 0.9054 0.1100 -0.4101
vn 0.9015 0.1125 -0.4179
vn 0.9738 -0.0780 0.2135
vn 0.9758 -0.0890 0.1996
vn 0.9695 -0.1417 0.1998
vn 0.9668 -0.1479 0.2083
vn 0.8365 -0.1831 0.5164
vn 0.8291 -0.1875 0.5267
vn -0.9480 -0.0679 0.3109
vn -0.9482 -0.0686 0.3102
vn -0.9370 -0.0926 0.3368
vn -0.9404 -0.1171 0.3193
vn -0.8930 -0.0172 -0.4497
vn -0.8577 0.0185 -0.5139
vn 0.7136 -0.0412 -0.6993
vn 0.6961 -0.0246 -0.7175
vn 0.6945 -0.0793 -0.7151
vn 0.7369 -0.1141 -0.6663
vn 0.9706 -0.1263 -0.2048
vn 0.9683 -0.1130 -0.2229
vn -0.8361 -0.0589 -0.5454
vn -0.8365 -0.0586 -0.5448
vn -0.8302 -0.1465 -0.5379
vn -0.8640 -0.0784 -0.4973
vn -0.0236 0.0354 -0.9991
vn -0.0042 0.1051 -0.9945
vn 0.3816 -0.1070 0.9181
vn 0.4613 -0.0740 0.8841
vn 0.4405 -0.2127 0.8722
vn 0.4090 -0.2229 0.8849
vn -0.1645 -0.2129 0.9631
vn -0.0998 -0.1977 0.9752
vn 0.9973 -0.0167 -0.0717
vn -0.2140 -0.5508 -0.8067
vn 0.1066 -0.3520 -0.9299
vn 0.1383 -0.3161 -0.9386
vn -0.3382 -0.2574 -0.9052
vn -0.3176 -0.2816 -0.9054
vn -0.9459 -0.0364 0.3225
vn -0.9442 -0.0314 0.3278
vn -0.2703 -0.1261 0.9545
vn -0.1907 -0.1927 0.9626
vn -0.1072 -0.1618 0.9810
vn -0.1375 -0.1863 0.9728
vn -0.6345 0.1851 -0.7504
vn -0.6140 0.2111 -0.7605
vn -0.2358 0.2389 -0.9420
vn -0.2832 0.1922 -0.9396
vn -0.2695 0.3943 -0.8786
vn -0.2450 0.4184 -0.8746
vn -0.2029 0.4760 -0.8557
vn -0.2692 0.5078 -0.8183
vn -0.2837 0.3993 -0.8718
vn -0.2218 0.3676 -0.9031
vn -0.2833 0.3996 -0.8718
vn -0.3694 0.4322 -0.8227
vn -0.3378 0.4025 -0.8508
vn -0.3760 0.4280 -0.8218
vn -0.9702 0.0006 -0.2423
vn -0.9821 -0.1654 -0.0897
vn -0.9982 -0.0593 -0.0122
vn -0.9933 -0.0640 -0.0967
vn -0.0954 -0.7327 -0.6738
vn -0.9070 -0.2098 -0.3652
vn -0.9145 -0.2527 -0.3159
vn -0.7403 0.3077 0.5977
vn -0.7379 0.3099 0.5996
vn -0.7378 0.2879 0.6106
vn -0.5533 -0.0428 0.8319
vn -0.8853 0.4170 0.2056
vn -0.9091 0.3715 0.1884
vn -0.8896 0.3900 0.2378
vn -0.8885 0.3932 0.2366
vn -0.2416 0.1112 0.9640
vn -0.3486 0.2061 0.9143
vn -0.2400 0.0954 0.9661
vn -0.0840 0.1806 0.9800
vn 0.0000 -0.8914 0.4532
vn -0.8480 0.4311 -0.3082
vn -0.7734 0.4686 -0.4270
vn -0.8436 0.4613 -0.2748
vn -0.7301 0.5049 -0.4605
vn -0.7252 0.4789 -0.4947
vn -0.7772 0.4766 -0.4109
vn -0.7789 0.4310 -0.4555
vn -0.7812 0.4385 -0.4443
vn -0.8894 0.0615 0.4531
vn -0.8504 -0.2229 0.4765
vn -0.1296 -0.1546 0.9794
vn -0.0252 -0.0605 0.9979
vn 0.9564 -0.0466 0.2884
vn 0.9596 -0.0528 0.2763
vn -0.8949 -0.3187 0.3124
vn -0.9725 -0.0971 0.2115
vn -0.0089 -0.2895 0.9571
vn -0.7720 0.1583 0.6155
vn -0.7785 0.2242 0.5862
vn -0.0752 0.8600 0.5048
vn -0.2771 -0.7371 -0.6164
vn -0.2655 -0.7481 -0.6082
vn -0.3016 -0.3316 -0.8939
vn -0.4024 -0.2350 -0.8848
vn -0.5496 -0.2336 -0.8021
vn -0.6278 -0.1425 -0.7652
vn 0.4905 0.2073 -0.8464
vn 0.3329 0.1186 -0.9355
vn 0.2656 -0.5237 -0.8095
vn 0.2458 -0.5115 -0.8234
vn 0.2669 -0.1805 -0.9467
vn 0.3168 -0.2136 -0.9241
vn 0.1868 -0.2376 -0.9533
vn 0.4083 -0.3555 -0.8408
vn -0.6249 0.1133 -0.7724
vn -0.6435 0.0864 -0.7606
vn -0.4093 0.0780 -0.9091
vn -0.4265 0.0569 -0.9027
vn -0.4154 0.2076 -0.8856
vn -0.3805 0.2438 -0.8921
vn -0.1894 0.0463 -0.9808
vn -0.2436 -0.0162 -0.9697
vn 0.0573 -0.0238 -0.9981
vn 0.0166 -0.0700 -0.9974
vn 0.0542 0.1880 -0.9807
vn 0.0925 0.2194 -0.9712
vn 0.4855 0.7075 -0.5135
vn 0.0903 -0.4034 -0.9105
vn 0.0577 -0.3772 -0.9243
vn -0.1053 -0.3851 -0.9168
vn -0.1716 -0.3312 -0.9278
vn -0.3334 -0.0309 -0.9423
vn -0.3221 -0.0336 -0.9461
vn -0.7981 -0.2818 0.5325
vn -0.7878 -0.2795 0.5489
vn -0.9641 -0.1497 -0.2193
vn -0.9630 -0.1502 -0.2236
vn 0.0079 0.0174 -0.9998
vn 0.0815 -0.0065 -0.9967
vn -0.9409 -0.2268 0.2517
vn -0.9412 -0.2271 0.2500
vn -0.8543 -0.1059 -0.5089
vn -0.8598 -0.1043 -0.4998
vn 0.8314 0.4032 -0.3824
vn 0.8336 0.4004 -0.3805
vn 0.9147 0.3602 -0.1831
vn 0.9022 0.3815 -0.2013
vn 0.9288 0.3227 0.1822
vn 0.9302 0.3126 0.1925
vn 0.8800 0.2948 0.3723
vn 0.8707 0.2773 0.4062
vn 0.0829 0.1701 0.9819
vn 0.5562 0.6505 0.5171
vn 0.6903 0.5618 0.4559
vn 0.0684 0.5275 0.8468
vn 0.1589 0.3400 -0.9269
vn 0.0215 0.4199 -0.9073
vn 0.2807 0.1231 -0.9519
vn 0.2538 0.1032 -0.9617
vn 0.0183 0.3765 -0.9262
vn 0.0905 0.3404 -0.9359
vn 0.0174 0.3758 -0.9265
vn 0.0584 0.3559 -0.9327
vn 0.0580 0.3561 -0.9326
vn 0.0422 0.3445 -0.9378
vn 0.2387 0.1999 -0.9503
vn 0.2182 0.1756 -0.9600
vn 0.3373 0.2726 -0.9011
vn 0.2573 0.1984 -0.9457
vn -0.3599 0.3712 -0.8560
vn -0.3351 0.3958 -0.8550
vn -0.2460 0.3722 -0.8950
vn -0.2989 0.4118 -0.8609
vn -0.2464 0.3719 -0.8950
vn -0.2806 0.5081 -0.8143
vn -0.2299 0.4768 -0.8484
vn -0.1151 0.4549 -0.8831
vn -0.1601 0.4761 -0.8647
vn -0.1669 0.3709 -0.9135
vn -0.2250 0.3985 -0.8891
vn -0.1666 0.3712 -0.9135
vn 0.1033 0.3966 -0.9121
vn -0.0050 0.3021 -0.9533
vn -0.9050 0.2839 -0.3168
vn -0.9052 0.3607 -0.2245
vn -0.0063 0.4683 -0.8835
vn -0.1195 0.3859 -0.9148
vn -0.2418 0.4481 -0.8607
vn -0.2027 0.4769 -0.8553
vn -0.7920 0.3927 -0.4676
vn -0.7902 0.3860 -0.4760
vn -0.3293 0.4229 -0.8442
vn -0.2932 0.4495 -0.8438
vn -0.5156 0.3928 -0.7615
vn -0.4686 0.4336 -0.7697
vn -0.8469 0.4327 -0.3092
vn -0.8469 0.4335 -0.3080
vn -0.7712 0.4635 -0.4365
vn -0.7568 0.4245 -0.4970
vn -0.8743 -0.4256 -0.2331
vn -0.8314 -0.2107 -0.5142
vn -0.7301 0.3802 -0.5678
vn -0.7417 0.4132 -0.5283
vn -0.7684 0.3151 -0.5570
vn -0.7637 0.3010 -0.5712
vn -0.6835 0.4997 -0.5321
vn -0.6618 0.4611 -0.5911
vn -0.7122 0.4411 -0.5461
vn -0.7076 0.4313 -0.5597
vn -0.8082 0.0949 -0.5812
vn -0.8177 0.1148 -0.5640
vn -0.8431 0.4311 -0.3215
vn -0.8431 0.4264 -0.3277
vn -0.9654 -0.2229 -0.1352
vn -0.9544 -0.1010 -0.2809
vn -0.8478 0.4167 -0.3281
vn -0.8474 0.4325 -0.3081
vn -0.9003 0.3201 -0.2949
vn -0.8999 0.3458 -0.2659
vn -0.9621 -0.2727 -0.0087
vn -0.8717 0.3693 -0.3221
vn -0.8708 0.3912 -0.2979
vn -0.9947 -0.1023 -0.0071
vn -0.9904 0.0064 -0.1380
vn -0.9537 -0.1288 -0.2717
vn -0.9141 -0.1622 -0.3717
vn -0.9837 -0.1538 -0.0933
vn -0.9833 -0.1093 -0.1458
vn -0.7848 0.1620 -0.5982
vn -0.7976 0.1874 -0.5733
vn -0.9306 0.2593 0.2582
vn -0.9254 0.2732 0.2626
vn -0.9595 0.1885 0.2095
vn -0.8251 0.1290 -0.5501
vn -0.8407 0.1611 -0.5170
vn -0.9491 -0.3061 -0.0740
vn -0.6982 -0.3678 0.6141
vn -0.7346 -0.3251 0.5956
vn -0.8439 -0.2708 0.4632
vn -0.8774 -0.2065 0.4331
vn -0.8996 0.0532 0.4336
vn -0.8910 0.0176 0.4537
vn -0.8588 -0.0550 0.5093
vn -0.8613 -0.0600 0.5045
vn -0.8609 -0.0671 0.5044
vn -0.8713 -0.0866 0.4831
vn -0.7048 -0.1312 0.6972
vn -0.7403 -0.1771 0.6485
vn 0.1795 -0.1395 0.9738
vn 0.0811 -0.0604 0.9949
vn -0.0883 -0.0935 0.9917
vn -0.0716 -0.1114 0.9912
vn -0.0735 -0.1304 0.9887
vn -0.1071 -0.0954 0.9897
vn -0.0918 -0.3320 0.9388
vn -0.1373 -0.4062 0.9034
vn -0.2215 -0.1361 0.9656
vn -0.1318 -0.2407 0.9616
vn -0.1268 -0.2404 0.9624
vn -0.1346 -0.2316 0.9635
vn -0.1472 -0.3531 0.9239
vn -0.0430 -0.4756 0.8786
vn -0.0338 -0.1558 0.9872
vn -0.1185 -0.2633 0.9574
vn -0.1223 -0.0368 0.9918
vn -0.0672 0.0169 0.9976
vn -0.1802 0.0133 0.9835
vn -0.3263 -0.1326 0.9359
vn 0.9374 -0.0018 0.3482
vn 0.8950 -0.0998 0.4348
vn 0.9071 -0.0191 0.4204
vn 0.8541 -0.1361 0.5020
vn 0.8173 -0.1377 0.5596
vn 0.8172 -0.1379 0.5597
vn -0.8048 -0.0644 0.5900
vn -0.8350 -0.1107 0.5391
vn -0.8345 -0.1150 0.5388
vn -0.8226 -0.0906 0.5614
vn 0.7121 -0.0439 0.7007
vn 0.6630 -0.0100 0.7485
vn 0.8535 -0.2580 0.4528
vn 0.3236 -0.1031 0.9406
vn 0.3610 -0.0625 0.9305
vn -0.9756 -0.0062 0.2196
vn -0.8906 -0.1223 0.4381
vn 0.3612 -0.0586 0.9307
vn 0.3613 -0.0585 0.9306
vn 0.3587 -0.0891 0.9292
vn 0.3835 -0.0678 0.9211
vn -0.8919 -0.1611 0.4225
vn -0.9373 -0.1109 0.3303
vn -0.0679 -0.0607 0.9958
vn -0.1295 -0.1185 0.9845
vn -0.1292 -0.0640 0.9895
vn -0.1588 -0.0855 0.9836
vn -0.3011 -0.0913 0.9492
vn -0.3073 -0.0967 0.9467
vn 0.9548 -0.0992 0.2801
vn 0.9663 -0.0540 0.2516
vn 0.9614 -0.0991 0.2567
vn 0.9720 -0.0533 0.2289
vn 0.9707 -0.0535 0.2343
vn 0.9786 -0.0089 0.2057
vn 0.9714 -0.0609 0.2295
vn 0.9738 -0.0529 0.2210
vn 0.9733 -0.0608 0.2214
vn 0.9755 -0.0529 0.2134
vn 0.9749 -0.0529 0.2161
vn 0.9757 -0.0503 0.2134
vn 0.8631 -0.0565 0.5018
vn 0.8641 -0.0550 0.5002
vn 0.8646 -0.0472 0.5002
vn 0.8547 -0.0618 0.5155
vn 0.8017 -0.0852 0.5916
vn -0.6071 -0.7879 0.1034
vn -0.0005 -0.0319 0.9995
vn -0.9401 -0.1472 0.3076
vn -0.9344 -0.1164 0.3366
vn 0.0021 0.0160 -0.9999
vn 0.0234 0.0271 -0.9994
vn 0.0008 0.0270 -0.9996
vn 0.0017 0.0281 -0.9996
vn -0.9478 -0.0260 0.3177
vn -0.9465 -0.0194 0.3220
vn -0.8201 -0.1209 0.5592
vn -0.8282 -0.1445 0.5415
vn -0.8468 -0.0277 0.5312
vn -0.8575 -0.0687 0.5099
vn -0.6525 -0.1007 0.7510
vn -0.6922 -0.1951 0.6949
vn -0.3493 -0.2201 0.9108
vn -0.2618 -0.2920 0.9199
vn 0.0923 -0.2873 0.9534
vn -0.0707 -0.1605 0.9845
vn -0.0718 -0.1877 0.9796
vn -0.0345 -0.2158 0.9758
vn -0.9932 0.0766 -0.0872
vn -0.9855 0.1293 -0.1101
vn -0.9436 0.0720 0.3232
vn -0.8914 0.3774 0.2509
vn -0.1523 -0.2830 0.9470
vn -0.3340 -0.4334 0.8370
vn 0.0535 -0.0448 0.9976
vn -0.1234 0.0364 0.9917
vn -0.0787 -0.0271 0.9965
vn -0.0284 -0.1179 0.9926
vn 0.0182 -0.1916 0.9813
vn -0.9779 -0.0883 0.1895
vn -0.9711 -0.1139 0.2097
vn -0.9804 -0.0196 0.1959
vn -0.9813 -0.0247 0.1907
vn -0.9818 -0.0061 0.1896
vn -0.9825 -0.0097 0.1859
vn -0.9446 -0.0221 0.3274
vn -0.9485 -0.0346 0.3147
vn -0.9628 0.0314 0.2686
vn -0.9339 -0.1050 0.3418
vn -0.9389 -0.1059 0.3274
vn -0.9364 -0.2817 0.2094
vn -0.0136 -0.1231 0.9923
vn -0.2229 -0.3073 0.9252
vn 0.1974 -0.0076 0.9803
vn -0.0224 -0.2000 0.9795
vn -0.1790 -0.9593 0.2186
vn -0.0948 -0.9522 0.2905
vn -0.0004 -0.8638 0.5038
vn -0.1764 -0.9302 0.3220
vn -0.1124 -0.9904 0.0799
vn 0.0842 -0.9854 0.1479
vn -0.1779 -0.9461 0.2708
vn -0.0885 -0.9318 0.3520
vn -0.3403 0.1281 0.9316
vn -0.3337 0.1566 0.9296
vn -0.9587 0.1278 -0.2539
vn 0.1532 -0.5322 -0.8326
vn 0.0915 -0.4673 -0.8794
vn -0.0421 -0.4782 -0.8773
vn -0.1063 -0.3771 -0.9201
vn -0.5382 -0.3160 -0.7813
vn -0.2777 -0.3793 -0.8826
vn -0.3025 -0.3225 -0.8969
vn -0.8485 0.0938 -0.5208
vn -0.9222 0.3151 -0.2240
vn -0.9275 -0.1617 0.3369
vn -0.8588 -0.3382 0.3847
vn -0.8211 -0.1484 -0.5512
vn -0.9295 -0.2172 -0.2980
vn 0.1630 0.9531 0.2551
vn 0.4236 0.9056 0.0213
vn 0.1266 0.9658 0.2262
vn 0.0069 0.9930 0.1177
vn -0.0297 0.9857 0.1657
vn 0.8830 0.1510 0.4444
vn 0.8711 0.1660 0.4622
vn 0.1321 0.9681 0.2131
vn 0.1077 0.9620 0.2510
vn 0.8817 0.1449 0.4489
vn 0.8842 0.1418 0.4452
vn 0.7081 0.5828 0.3987
vn 0.7073 0.6259 0.3286
vn -0.0209 -0.1768 0.9840
vn 0.0623 -0.0869 0.9943
vn -0.0753 0.9972 -0.0024
vn 0.0623 0.9862 -0.1532
vn 0.0588 0.9774 -0.2033
vn 0.0560 0.9791 -0.1958
vn 0.2789 0.6983 -0.6592
vn 0.1450 0.6458 -0.7496
vn 0.3811 0.7310 -0.5660
vn 0.5782 0.6427 -0.5027
vn 0.3848 0.7242 -0.5722
vn 0.2506 0.8751 -0.4139
vn 0.1613 0.9524 -0.2585
vn 0.2054 0.9385 -0.2775
vn 0.2076 0.9383 -0.2767
vn 0.3010 0.7223 -0.6227
vn 0.3843 0.6850 -0.6189
vn 0.1346 0.7138 -0.6873
vn 0.0660 0.7255 -0.6851
vn 0.1249 0.6884 -0.7145
vn 0.2895 0.7501 -0.5946
vn 0.5099 0.7428 -0.4338
vn -0.0923 -0.6870 0.7208
vn 0.2714 -0.3293 0.9044
vn -0.7870 0.0338 0.6161
vn -0.9851 -0.1718 0.0087
vn -0.9864 -0.1627 -0.0238
vn -0.8751 -0.3676 -0.3147
vn -0.8846 -0.3671 -0.2876
vn -0.5389 -0.7065 -0.4588
vn -0.3844 -0.4545 -0.8035
vn -0.9095 -0.2109 -0.3582
vn -0.9305 -0.2264 -0.2879
vn -0.9158 -0.2805 0.2874
vn -0.9545 -0.1544 -0.2550
vn -0.9422 -0.0375 0.3331
vn -0.9383 -0.0447 0.3430
vn 0.9906 -0.0536 0.1259
vn 0.9958 -0.0508 0.0755
vn 0.9892 -0.0117 0.1463
vn 0.9893 -0.0121 0.1452
vn -0.9418 -0.0229 0.3355
vn -0.9379 -0.0388 0.3449
vn 0.9961 -0.0245 0.0843
vn 0.9923 0.0042 -0.1234
vn -0.1714 -0.3320 0.9276
vn -0.1734 -0.3326 0.9270
vn -0.2510 -0.2859 0.9248
vn -0.1718 -0.2671 0.9482
vn -0.3027 -0.1927 0.9334
vn -0.2542 -0.1785 0.9505
vn -0.1104 0.5297 0.8410
vn -0.7389 0.1764 0.6503
vn -0.3075 -0.0879 0.9475
vn -0.3062 -0.0873 0.9480
vn 0.7884 -0.2099 0.5782
vn 0.8515 -0.1710 0.4957
vn 0.7455 -0.2013 0.6354
vn 0.7934 -0.1755 0.5828
vn 0.8362 -0.2417 0.4923
vn 0.8823 -0.1994 0.4263
vn 0.8018 -0.0838 0.5917
vn 0.7579 -0.1081 0.6434
vn 0.8651 0.2766 0.4185
vn 0.8732 0.2886 0.3929
vn -0.8811 -0.2206 0.4183
vn -0.8379 -0.2121 0.5029
vn -0.8438 -0.1709 0.5087
vn -0.8023 -0.1539 0.5767
vn -0.8725 -0.2576 0.4151
vn -0.8728 -0.2577 0.4145
vn -0.6355 -0.7054 0.3141
vn -0.6366 -0.6882 0.3481
vn -0.8071 -0.0874 0.5839
vn -0.8035 -0.0849 0.5891
vn -0.7188 -0.6802 0.1437
vn -0.7285 -0.6658 0.1612
vn -0.9742 -0.1417 0.1756
vn -0.9733 -0.1402 0.1816
vn -0.9612 -0.2150 0.1727
vn -0.9610 -0.2146 0.1745
vn -0.9787 -0.0918 0.1838
vn -0.9760 -0.0847 0.2004
vn -0.9670 -0.1847 0.1754
vn -0.9671 -0.1848 0.1745
vn -0.0002 -0.0363 0.9993
vn -0.0152 -0.0164 0.9998
vn -0.8275 -0.3102 -0.4679
vn -0.9382 -0.1002 -0.3313
vn -0.2976 -0.4459 -0.8442
vn -0.4658 -0.2723 -0.8419
vn -0.9333 -0.0906 -0.3475
vn -0.9341 -0.0887 -0.3459
vn -0.9333 -0.0992 -0.3452
vn -0.9578 -0.0293 -0.2860
vn -0.8349 -0.2811 -0.4732
vn -0.8164 -0.3081 -0.4885
vn -0.7131 -0.3394 -0.6135
vn -0.8584 -0.1461 -0.4917
vn -0.2187 -0.3543 -0.9092
vn -0.3197 -0.2568 -0.9121
vn -0.3035 -0.4063 -0.8619
vn -0.2734 -0.4395 -0.8556
vn -0.9412 -0.1136 -0.3182
vn -0.9357 -0.1155 -0.3333
vn -0.9375 -0.0993 -0.3334
vn -0.9364 -0.1000 -0.3365
vn -0.7441 -0.6211 -0.2460
vn -0.7225 -0.6391 -0.2636
vn -0.9345 -0.0698 -0.3491
vn -0.9350 -0.0693 -0.3479
vn -0.9396 -0.0590 -0.3373
vn -0.9349 -0.0635 -0.3493
vn -0.9382 -0.1329 -0.3194
vn -0.9385 -0.1328 -0.3186
vn -0.7398 -0.0317 0.6721
vn -0.7331 -0.1037 0.6721
vn -0.7752 -0.0860 0.6258
vn 0.6198 0.0468 -0.7834
vn 0.5945 0.0354 -0.8033
vn -0.6342 -0.6301 -0.4480
vn -0.5816 -0.6651 -0.4684
vn -0.7855 -0.0926 -0.6118
vn -0.7899 -0.0914 -0.6064
vn -1.0000 0.0036 -0.0024
vn -0.2313 -0.0237 -0.9726
vn -0.2283 -0.0251 -0.9733
vn -0.2338 -0.0892 -0.9682
vn -0.2458 -0.0852 -0.9656
vn -0.1979 -0.0426 -0.9793
vn -0.2347 -0.0333 -0.9715
vn -0.2445 -0.0251 -0.9693
vn -0.2319 -0.0303 -0.9723
vn -0.2293 -0.0119 -0.9733
vn -0.1976 -0.0220 -0.9800
vn -0.2170 -0.6759 -0.7043
vn -0.2059 -0.6833 -0.7005
vn 0.2945 0.0021 -0.9557
vn 0.3730 -0.0221 -0.9276
vn 0.4206 -0.0232 -0.9069
vn 0.4205 -0.0232 -0.9070
vn 0.4187 -0.0431 -0.9071
vn 0.4416 -0.0571 -0.8954
vn 0.0077 -0.7174 -0.6966
vn 0.0143 -0.7237 -0.6899
vn 0.2401 0.0324 -0.9702
vn 0.2953 0.0095 -0.9554
vn 0.3667 -0.0653 -0.9280
vn 0.4131 -0.0828 -0.9069
vn 0.4164 -0.2945 -0.8602
vn 0.5313 -0.4385 -0.7249
vn -0.2812 0.3593 -0.8899
vn -0.3064 0.3677 -0.8780
vn -0.8508 0.1473 0.5044
vn -0.8226 0.1688 0.5430
vn -0.9417 0.2404 -0.2353
vn -0.9493 0.2528 -0.1869
vn 0.0222 0.4076 -0.9129
vn 0.0352 0.4039 -0.9141
vn -0.9551 0.1740 0.2397
vn -0.9514 0.1785 0.2509
vn -0.8086 0.2784 -0.5184
vn -0.8374 0.2893 -0.4638
vn 0.5516 -0.7485 -0.3680
vn 0.5379 -0.7753 -0.3309
vn 0.5360 -0.7987 -0.2735
vn 0.6118 -0.7786 -0.1395
vn 0.5925 -0.7965 -0.1204
vn 0.6052 -0.7829 -0.1445
vn 0.6108 -0.7791 0.1408
vn 0.6091 -0.7804 0.1414
vn 0.6571 -0.7462 0.1063
vn 0.6105 -0.7665 0.1992
vn 0.5340 -0.8135 0.2303
vn 0.4700 -0.7530 0.4606
vn 0.8658 -0.2324 0.4431
vn 0.0162 -0.2588 0.9658
vn -0.0724 -0.3782 0.9229
vn 0.2076 -0.2856 0.9356
vn 0.2243 -0.2605 0.9391
vn -0.7089 -0.3650 0.6034
vn -0.6932 -0.5999 0.3995
vn 0.5173 -0.8174 0.2536
vn 0.6439 -0.7354 0.2113
vn -0.8737 0.1664 0.4571
vn -0.8965 0.1473 0.4178
vn -0.9581 0.1922 0.2122
vn -0.9682 0.1785 0.1751
vn -0.9300 0.2505 -0.2690
vn -0.9267 0.2475 -0.2828
vn -0.7802 0.2920 -0.5532
vn -0.7700 0.2891 -0.5688
vn -0.2433 0.3777 -0.8934
vn -0.2036 0.3648 -0.9086
vn 0.0987 0.4701 -0.8771
vn 0.2584 0.4198 -0.8700
vn -0.9644 0.1341 -0.2278
vn -0.9820 0.0860 -0.1684
vn -0.0602 0.1375 0.9887
vn -0.0062 0.2080 0.9781
vn 0.9873 -0.0781 0.1380
vn 0.9843 -0.0655 0.1638
vn 0.9389 -0.0611 0.3388
vn 0.9526 -0.0870 0.2915
vn -0.0751 -0.0435 0.9962
vn -0.0502 -0.0346 0.9981
vn -0.8721 0.3039 -0.3836
vn 0.9235 -0.0612 0.3786
vn 0.9359 -0.1046 0.3364
vn -0.0540 0.1166 0.9917
vn 0.9384 0.0213 0.3449
vn 0.9562 -0.0483 0.2887
vn -0.9812 0.0908 -0.1705
vn -0.8832 0.2819 -0.3748
vn 0.1826 -0.2778 0.9431
vn 0.1097 -0.3347 0.9359
vn 0.7418 -0.4197 0.5231
vn 0.0112 -0.2881 0.9575
vn 0.2299 -0.1436 0.9626
vn -0.0293 -0.1808 0.9831
vn -0.0196 -0.1705 0.9852
vn -0.9270 -0.1303 0.3517
vn -0.9760 -0.0209 0.2166
vn -0.9359 0.3498 -0.0417
vn -0.9946 0.0197 0.1024
vn -0.0598 0.6520 0.7559
vn -0.0870 0.6329 0.7694
vn -0.0379 -0.8296 0.5570
vn -0.0248 -0.8228 0.5677
vn 0.8727 -0.4470 0.1965
vn 0.9170 -0.0971 0.3869
vn -0.9439 0.0712 0.3226
vn -0.9405 0.0611 0.3342
vn 0.9733 -0.1368 0.1842
vn 0.9665 -0.0521 0.2513
vn 0.2628 -0.0633 0.9628
vn 0.2796 -0.0515 0.9587
vn 0.2087 -0.1295 0.9694
vn 0.2630 -0.0617 0.9628
vn 0.2777 -0.0702 0.9581
vn 0.2976 -0.0583 0.9529
vn 0.2846 -0.0974 0.9537
vn 0.2745 -0.1073 0.9556
vn 0.2968 -0.0784 0.9517
vn 0.2702 -0.0873 0.9588
vn 0.3129 -0.2798 0.9076
vn 0.3152 -0.2791 0.9071
vn 0.2601 -0.2283 0.9382
vn 0.3244 -0.2100 0.9223
vn 0.3499 0.0336 0.9362
vn 0.2958 0.0211 0.9550
vn 0.9913 -0.0254 -0.1295
vn 0.9971 -0.0122 -0.0757
vn 0.1614 -0.5811 0.7977
vn 0.2046 -0.5450 0.8131
vn 0.9906 0.0029 0.1366
vn 0.9896 0.0054 0.1435
vn -0.9411 -0.0262 0.3372
vn -0.9431 -0.0241 0.3315
vn -0.9458 0.1112 0.3051
vn -0.9669 0.1524 0.2045
vn 0.1991 0.6322 0.7488
vn 0.1500 0.5912 0.7925
vn 0.9894 -0.0150 0.1442
vn 0.9902 -0.0157 0.1384
vn -0.9431 -0.0586 0.3272
vn -0.9363 -0.0666 0.3447
vn 0.9925 0.1202 -0.0202
vn 0.9959 -0.0553 -0.0721
vn 0.9884 0.0046 0.1516
vn 0.9899 0.0011 0.1421
vn -0.8000 -0.1543 0.5798
vn -0.7308 -0.1418 0.6677
vn -0.6647 -0.0690 0.7439
vn -0.6641 -0.0686 0.7445
vn -0.8644 -0.2425 0.4405
vn -0.7850 -0.2435 0.5696
vn -0.7329 -0.1224 0.6692
vn -0.6606 -0.0975 0.7444
vn -0.6392 -0.2156 0.7382
vn -0.6151 -0.1770 0.7684
vn -0.6554 -0.1320 0.7437
vn -0.6546 -0.1310 0.7445
vn -0.9210 -0.0633 -0.3844
vn -0.8941 -0.0058 -0.4479
vn -0.8588 0.0324 -0.5113
vn -0.9239 -0.0390 -0.3807
vn -0.9214 -0.0271 -0.3878
vn -0.4343 -0.8500 0.2981
vn -0.4519 -0.8663 0.2130
vn 0.6327 -0.1654 0.7565
vn 0.7144 -0.1675 0.6794
vn -0.4617 0.7297 0.5044
vn -0.5084 0.7021 0.4986
vn 0.7146 -0.1032 0.6918
vn 0.7122 -0.0456 0.7005
vn 0.6647 -0.0299 0.7465
vn 0.0890 -0.0212 -0.9958
vn 0.1951 -0.0513 -0.9794
vn 0.1906 -0.0775 -0.9786
vn 0.2493 -0.0947 -0.9638
vn 0.2604 -0.0218 -0.9653
vn 0.2742 -0.0268 -0.9613
vn 0.2743 -0.0190 -0.9615
vn 0.1338 0.0642 -0.9889
vn -0.7724 -0.0826 -0.6298
vn -0.7653 -0.0849 -0.6380
vn -0.7700 0.1203 -0.6267
vn -0.7588 0.1121 -0.6416
vn -0.7661 -0.0544 -0.6404
vn -0.7740 -0.0512 -0.6311
vn -0.8282 -0.0708 -0.5559
vn -0.7723 -0.0844 -0.6297
vn 0.5959 0.0133 -0.8029
vn 0.0450 0.7319 -0.6799
vn 0.0403 0.7343 -0.6776
vn -0.5019 0.7246 -0.4723
vn -0.5033 0.7320 -0.4592
vn -0.4295 -0.8344 -0.3454
vn -0.4073 -0.8410 -0.3562
vn -0.9959 0.0109 -0.0900
vn -0.9997 -0.0261 -0.0005
vn 0.5472 0.0188 -0.8368
vn 0.5935 0.0493 -0.8033
vn 0.5973 -0.0141 -0.8019
vn -1.0000 -0.0048 -0.0053
vn -1.0000 -0.0059 -0.0018
vn -0.9999 0.0120 -0.0029
vn 0.9963 -0.0512 -0.0694
vn 0.9963 -0.0512 -0.0695
vn 0.9972 -0.0231 -0.0713
vn 0.9953 -0.0295 -0.0917
vn -0.0355 -0.8400 -0.5415
vn -0.0392 -0.8386 -0.5433
vn -0.9546 -0.1150 -0.2749
vn -0.9563 -0.1107 -0.2706
vn -0.9541 -0.1761 -0.2421
vn -0.9559 -0.0959 -0.2777
vn -0.9673 -0.0579 -0.2470
vn -0.9675 -0.1595 0.1965
vn -0.9675 -0.1592 0.1966
vn -0.9728 -0.1204 0.1978
vn -0.9739 -0.1478 0.1724
vn -0.9825 -0.0692 0.1730
vn -0.9832 -0.0883 0.1600
vn -0.9558 -0.2446 0.1629
vn -0.9771 -0.0800 0.1970
vn -0.9652 -0.0909 -0.2451
vn -0.9669 -0.0804 -0.2421
vn 0.0004 -0.0457 0.9990
vn -0.5892 0.7985 -0.1238
vn -0.5892 0.7985 -0.1237
vn -0.0001 -0.0388 0.9992
vn 0.0976 -0.1356 0.9859
vn -0.5914 0.8007 0.0951
vn -0.9571 0.2428 0.1578
vn -0.9557 0.2448 0.1635
vn -0.9390 0.2907 -0.1836
vn -0.9116 0.1908 -0.3642
vn -0.8321 0.2277 -0.5058
vn -0.8928 0.3783 -0.2444
vn 0.9776 0.1953 0.0788
vn 0.9235 0.3444 -0.1690
vn 0.9339 0.1786 0.3099
vn 0.9548 0.2204 0.1992
vn 0.9418 0.2521 -0.2224
vn 0.9786 0.2027 -0.0346
vn 0.9511 0.2570 -0.1715
vn 0.9156 0.3072 -0.2595
vn 0.9993 -0.0102 -0.0350
vn -0.8835 -0.1015 -0.4573
vn -0.8845 -0.0101 -0.4665
vn -0.8642 -0.0302 -0.5022
vn -0.9879 -0.0161 -0.1541
vn -0.9801 0.0977 -0.1727
vn -0.9429 -0.0071 -0.3329
vn -0.9642 0.0675 0.2566
vn -0.9608 0.1044 0.2567
vn -0.9733 0.1678 0.1565
vn -0.8786 0.1512 0.4530
vn -0.8765 0.1633 0.4528
vn -0.9342 0.3133 0.1704
vn 0.9840 -0.0097 -0.1778
vn -0.0025 -1.0000 0.0014
vn -0.2580 0.0007 0.9661
vn -0.9930 0.0104 -0.1177
vn -0.0160 0.0022 -0.9999
vn -0.0017 -1.0000 0.0004
vn -0.0009 -1.0000 0.0015
vn -0.9542 0.0091 0.2989
vn -0.9624 0.2566 -0.0891
vn -0.8954 0.4088 0.1765
vn 0.5999 0.1183 -0.7913
vn 0.3310 0.3115 -0.8907
vn -0.3599 0.1822 -0.9150
vn -0.5299 0.3573 -0.7691
vn 0.9333 0.3581 -0.0258
vn 0.9385 0.3428 -0.0404
vn -0.4127 0.3198 0.8529
vn -0.2308 0.4377 0.8690
vn 0.2703 0.3045 0.9134
vn 0.4664 0.4562 0.7578
vn 0.1543 0.9611 0.2290
vn 0.2751 0.9497 0.1499
vn -0.8364 0.4811 0.2625
vn -0.8353 0.4566 0.3063
vn 0.0071 0.0020 -1.0000
vn -0.1873 0.9819 0.0292
vn -0.1506 0.9886 -0.0068
vn -0.3663 0.0056 -0.9305
vn -0.3663 0.0057 -0.9305
vn 0.9075 0.3600 0.2163
vn 0.8853 0.3938 0.2471
vn 0.2079 0.9781 -0.0033
vn 0.1571 0.9870 0.0343
vn -0.8939 0.4356 -0.1057
vn -0.9069 0.4155 -0.0701
vn 0.3481 -0.0016 -0.9375
vn -0.1928 0.9677 0.1623
vn -0.3357 0.8965 0.2891
vn -0.0004 -1.0000 -0.0003
vn -0.0001 -1.0000 -0.0005
vn -0.0007 -1.0000 0.0000
vn -0.0008 -1.0000 -0.0001
vn -0.0008 -1.0000 0.0008
vn -0.0007 -1.0000 0.0006
vn -0.0007 -1.0000 -0.0001
vn -0.0007 -1.0000 -0.0002
vn -0.0010 -1.0000 -0.0002
vn -0.0012 -1.0000 -0.0000
vn -0.0004 -1.0000 -0.0002
vn -0.0010 -1.0000 -0.0003
vn 0.2835 -0.0049 0.9590
vn -0.0128 -0.0019 0.9999
vn 0.9490 -0.0104 0.3150
vn 0.9996 -0.0102 -0.0279
vn 0.9727 -0.0104 0.2317
vn -0.9645 0.0104 -0.2640
vn -0.9815 0.0104 -0.1912
vn -0.9857 0.0097 0.1685
vn -0.4872 -0.0406 -0.8723
vn -0.3704 -0.0812 -0.9253
vn -0.3691 -0.0658 -0.9271
vn -0.2669 -0.0918 -0.9593
vn -0.4864 -0.0932 -0.8688
vn -0.3650 -0.1265 -0.9224
vn -0.8353 -0.0215 0.5493
vn -0.8743 -0.0487 0.4829
vn -0.8732 -0.0678 0.4826
vn -0.8491 -0.0516 0.5258
vn -0.7987 -0.0417 0.6003
vn -0.7743 -0.0296 0.6322
vn -0.9920 -0.0709 -0.1044
vn -0.9655 -0.1148 -0.2336
vn -0.9659 -0.1102 -0.2342
vn -0.9442 -0.1302 -0.3025
vn -0.9838 -0.1175 -0.1352
vn -0.9708 -0.1360 -0.1975
vn 0.9782 0.0884 -0.1880
vn 0.9626 0.1071 -0.2487
vn -0.0972 0.0591 -0.9935
vn 0.4417 0.5988 0.6681
vn 0.2790 0.5674 0.7748
vn 0.9904 -0.0019 0.1380
vn 0.9895 0.0005 0.1442
vn -0.3917 -0.0449 0.9190
vn -0.3624 -0.0354 0.9314
vn -0.9921 -0.0555 0.1127
vn -0.1626 0.7840 -0.5991
vn -0.4493 -0.0296 -0.8929
vn -0.4644 -0.0251 -0.8853
vn 0.9532 -0.0984 -0.2858
vn 0.9570 -0.1008 -0.2721
vn 0.9568 -0.1018 -0.2722
vn 0.9643 -0.1058 -0.2428
vn 0.9773 -0.1006 -0.1866
vn 0.9812 -0.1043 -0.1624
vn -0.9323 -0.2879 -0.2190
vn -0.9282 -0.2902 -0.2330
vn 0.0085 0.2232 -0.9747
vn -0.4810 -0.0112 0.8766
vn -0.7636 -0.1256 0.6334
vn 0.8475 -0.0452 0.5289
vn 0.8590 -0.0410 0.5104
vn 0.8596 -0.0367 0.5096
vn 0.8743 -0.0323 0.4843
vn 0.7915 -0.0254 0.6107
vn 0.8078 -0.0207 0.5891
vn 0.9793 0.1110 -0.1692
vn 0.9763 0.1154 -0.1829
vn 0.9625 0.1086 -0.2484
vn 0.9568 0.1146 -0.2673
vn 0.4783 -0.1014 -0.8723
vn 0.3355 -0.0670 -0.9396
vn 0.3292 -0.1278 -0.9356
vn 0.1337 -0.0917 -0.9868
vn 0.1677 -0.0900 -0.9817
vn -0.0001 -0.0553 -0.9985
vn 0.1224 -0.1686 -0.9781
vn 0.0869 -0.1605 -0.9832
vn 0.0883 -0.1503 -0.9847
vn 0.0880 -0.1502 -0.9847
vn -0.0472 -0.1508 -0.9874
vn -0.0370 -0.1535 -0.9874
vn -0.2979 -0.6753 -0.6747
vn -0.9888 -0.0926 0.1167
vn -0.9972 -0.0622 0.0416
vn -0.3589 -0.1552 -0.9204
vn -0.3736 -0.1515 -0.9151
vn -0.9466 -0.0478 0.3189
vn -0.9723 -0.0916 0.2151
vn -0.9718 -0.0965 0.2151
vn -0.9746 -0.1024 0.1991
vn -0.9525 -0.0917 0.2904
vn -0.9529 -0.0923 0.2888
vn -0.9676 -0.1523 0.2015
vn -0.9665 -0.1500 0.2083
vn -0.9657 -0.1550 0.2085
vn -0.9645 -0.1524 0.2158
vn -0.9402 -0.1444 0.3086
vn -0.9358 -0.1388 0.3240
vn -0.8420 -0.1121 0.5277
vn -0.8131 -0.0941 0.5745
vn -0.8106 -0.1146 0.5743
vn -0.7914 -0.1028 0.6026
vn -0.7354 -0.0955 0.6708
vn -0.7154 -0.0857 0.6934
vn -0.8754 -0.0768 -0.4772
vn -0.8111 -0.1098 -0.5745
vn -0.8114 -0.1052 -0.5749
vn -0.7636 -0.1236 -0.6338
vn -0.8863 -0.1102 -0.4499
vn -0.8440 -0.1300 -0.5203
vn -0.7595 -0.1602 -0.6305
vn -0.7029 -0.1776 -0.6887
vn -0.7052 -0.1579 -0.6912
vn -0.6627 -0.1701 -0.7293
vn -0.7904 -0.1705 -0.5884
vn -0.7498 -0.1834 -0.6357
vn -0.9376 -0.1783 -0.2986
vn -0.9243 -0.1876 -0.3324
vn -0.9258 -0.1785 -0.3332
vn -0.9165 -0.1845 -0.3549
vn -0.9599 -0.1795 -0.2152
vn -0.9567 -0.1826 -0.2267
vn 0.8601 0.0893 -0.5023
vn 0.8204 0.1058 -0.5619
vn 0.8169 0.1179 -0.5646
vn 0.8284 0.1125 -0.5487
vn 0.8838 -0.1208 -0.4520
vn 0.8870 -0.1235 -0.4450
vn -0.0426 0.9910 0.1270
vn 0.9448 -0.1505 0.2909
vn 0.9415 -0.1530 0.3003
vn 0.9679 -0.1395 -0.2089
vn 0.9684 -0.1404 -0.2062
vn 0.3024 -0.0813 0.9497
vn 0.3874 -0.0514 0.9205
vn 0.3840 -0.0761 0.9202
vn 0.4412 -0.0560 0.8957
vn -0.9826 -0.0595 0.1762
vn -0.9739 -0.0761 0.2137
vn -0.2405 -0.7350 0.6340
vn -0.3207 -0.7339 0.5988
vn 0.9905 0.0007 0.1378
vn 0.9915 -0.0023 0.1298
vn -0.3420 -0.0915 0.9352
vn -0.3958 -0.1118 0.9115
vn 0.9723 0.0654 0.2245
vn 0.9826 0.0849 0.1653
vn -0.0386 0.9854 0.1661
vn 0.0971 -0.0580 0.9936
vn -0.0656 0.9911 -0.1158
vn 0.9636 -0.1747 0.2025
vn 0.9638 -0.1745 0.2015
vn 0.9377 -0.1715 0.3023
vn 0.9353 -0.1729 0.3087
vn 0.9017 0.1155 0.4167
vn 0.6504 -0.0556 0.7576
vn 0.6391 -0.1342 0.7573
vn 0.8466 -0.0511 0.5298
vn 0.7909 -0.0547 0.6095
vn 0.7734 -0.0627 0.6308
vn 0.4457 -0.0269 0.8948
vn 0.4498 -0.0257 0.8928
vn 0.4518 -0.0111 0.8920
vn 0.4382 -0.0145 0.8987
vn -0.9616 -0.0918 0.2588
vn -0.9745 -0.0693 0.2133
vn 0.4443 0.0362 0.8952
vn 0.4055 0.0274 0.9137
vn 0.4118 0.0947 0.9064
vn 0.1325 0.0331 0.9906
vn 0.2800 0.0344 0.9594
vn 0.4356 0.0763 0.8969
vn -0.2065 0.0011 0.9785
vn -0.1355 0.0199 0.9906
vn -0.1314 0.0633 0.9893
vn -0.3034 0.0173 0.9527
vn -0.2910 0.0182 0.9566
vn -0.0265 0.0961 0.9950
vn 0.0981 -0.0673 -0.9929
vn 0.2182 -0.1007 -0.9707
vn 0.2301 0.0152 -0.9730
vn 0.2432 0.0112 -0.9699
vn 0.0364 0.0132 -0.9992
vn 0.0328 0.0144 -0.9994
vn 0.0457 0.1002 -0.9939
vn 0.0004 0.1043 -0.9945
vn 0.7861 -0.1178 -0.6067
vn 0.8011 -0.1214 -0.5862
vn 0.8005 -0.1240 -0.5863
vn 0.8207 -0.1274 -0.5570
vn 0.8902 -0.1135 -0.4413
vn 0.9026 -0.1169 -0.4143
vn 0.8309 -0.0602 -0.5532
vn 0.8584 -0.0640 -0.5089
vn 0.8602 -0.0406 -0.5083
vn 0.8891 -0.0451 -0.4554
vn 0.9345 -0.0303 -0.3546
vn 0.9560 -0.0377 -0.2910
vn 0.9701 -0.0410 -0.2391
vn 0.9888 -0.0535 -0.1394
vn 0.9902 -0.0185 -0.1383
vn 0.9993 -0.0320 -0.0203
vn 0.9960 -0.0388 -0.0807
vn 0.9971 -0.0418 -0.0637
vn -0.9287 -0.2988 0.2195
vn -0.9288 -0.2989 0.2192
vn -0.0297 0.1648 0.9859
vn -0.9011 -0.2395 -0.3616
vn -0.8977 -0.2405 -0.3691
vn 0.9795 -0.0704 0.1886
vn 0.9810 -0.0692 0.1815
vn 0.9805 -0.0738 0.1821
vn 0.9849 -0.0706 0.1584
vn 0.9585 -0.0605 0.2785
vn 0.9676 -0.0556 0.2462
vn 0.9871 -0.0418 0.1547
vn 0.9970 -0.0309 0.0704
vn 0.9971 -0.0279 0.0702
vn 0.9986 -0.0246 0.0471
vn 0.9888 -0.0138 0.1484
vn 0.9983 0.0012 0.0586
vn 0.8820 0.0289 0.4704
vn 0.8656 0.0244 0.5002
vn 0.8669 0.0431 0.4966
vn 0.8439 0.0373 0.5353
vn 0.7835 0.0439 0.6199
vn 0.8641 0.0681 0.4986
vn -0.6672 -0.1114 -0.7365
vn -0.4536 -0.1620 -0.8764
vn -0.4621 -0.0249 -0.8865
vn -0.7351 0.0893 -0.6720
vn -0.0555 0.9956 0.0754
vn -0.8180 0.0259 -0.5746
vn -0.7606 0.0444 -0.6478
vn -0.7361 0.0557 -0.6746
vn -0.7342 0.0574 -0.6765
vn -0.2524 0.0897 -0.9635
vn -0.2925 0.0934 -0.9517
vn 0.3791 0.0722 -0.9225
vn 0.0326 0.0989 -0.9946
vn -0.9802 0.0023 0.1981
vn -0.9617 -0.0271 0.2727
vn -1.0000 0.0096 -0.0000
vn -0.9678 -0.0134 0.2515
vn -0.9494 0.0257 -0.3130
vn -0.9703 -0.0000 -0.2421
vn -0.9520 0.0375 -0.3037
vn -0.8202 -0.0437 0.5705
vn -0.8168 -0.0842 0.5707
vn -0.7657 -0.0326 0.6424
vn -0.9510 0.0251 0.3083
vn -0.9752 0.0005 0.2214
vn -0.7995 -0.0464 0.5989
vn -0.7903 0.0353 -0.6118
vn -0.9520 0.0361 -0.3039
vn -0.9730 0.0325 -0.2286
vn -0.9161 0.0992 -0.3885
vn 0.9690 -0.1499 0.1966
vn 0.9680 -0.1509 0.2003
vn 0.0188 0.0425 -0.9989
vn -0.9381 -0.2542 -0.2352
vn -0.9336 -0.2566 -0.2500
vn -0.9359 -0.2756 0.2194
vn -0.9324 -0.2687 0.2416
vn -0.9086 -0.2651 0.3227
vn -0.9168 -0.2769 0.2877
vn -0.7700 -0.1986 -0.6064
vn -0.7711 -0.1986 -0.6050
vn -0.0522 0.9954 -0.0800
vn -0.8974 -0.2727 -0.3468
vn -0.8922 -0.2744 -0.3587
vn -0.0176 -0.0637 0.9978
vn -0.7770 -0.2550 0.5755
vn -0.7631 -0.2446 0.5982
vn -0.0340 0.9771 0.2100
vn -0.0624 0.9948 -0.0802
vn 0.9631 -0.1708 -0.2080
vn 0.9644 -0.1733 -0.1997
vn 0.9445 -0.1329 -0.3005
vn 0.9462 -0.1351 -0.2940
vn 0.9404 -0.1661 -0.2966
vn 0.9418 -0.1677 -0.2914
vn 0.8253 0.0222 -0.5643
vn 0.5698 0.1203 -0.8129
vn 0.5594 -0.0553 -0.8270
vn 0.7781 -0.1552 -0.6087
vn 0.8788 -0.1634 -0.4482
vn 0.8717 -0.1581 -0.4638
vn -0.0950 0.0159 -0.9954
vn -0.2851 -0.1340 -0.9491
vn -0.3163 -0.1246 -0.9404
vn -0.3125 -0.0046 -0.9499
vn -0.2525 -0.0262 -0.9672
vn -0.2891 -0.2765 -0.9165
vn -0.2802 -0.2803 -0.9181
vn -0.2728 -0.1571 -0.9492
vn -0.2857 -0.1535 -0.9459
vn 0.9938 0.0221 -0.1089
vn 0.9973 0.0579 -0.0462
vn -0.9922 -0.0537 0.1125
vn 0.9912 0.0676 -0.1140
vn 0.9880 0.0512 -0.1460
vn 0.9934 0.0315 -0.1100
vn -0.9923 -0.0523 0.1123
vn -0.9848 -0.0689 0.1596
vn 0.9938 0.0230 -0.1090
vn 0.3240 -0.0988 0.9409
vn 0.3428 -0.0884 0.9353
vn 0.4141 -0.0286 0.9098
vn 0.4172 -0.0277 0.9084
vn -0.3350 -0.0524 0.9408
vn -0.3281 -0.0508 0.9433
vn -0.3287 -0.0562 0.9428
vn -0.2872 -0.0447 0.9568
vn 0.3471 -0.0608 0.9358
vn 0.4117 -0.0419 0.9103
vn -0.2741 -0.1301 0.9529
vn -0.2747 -0.1304 0.9527
vn -0.2723 -0.0680 0.9598
vn -0.3365 -0.0844 0.9379
vn 0.4184 -0.0211 0.9080
vn 0.3980 -0.0271 0.9170
vn -0.0717 0.6882 0.7220
vn -0.3632 0.5186 0.7740
vn 0.9891 0.0024 0.1476
vn 0.9888 0.0034 0.1493
vn 0.1464 -0.7528 0.6417
vn 0.1015 -0.7675 0.6329
vn -0.9595 -0.1096 0.2595
vn -0.9728 -0.0744 0.2192
vn 0.8890 0.0620 0.4536
vn 0.4426 -0.3271 0.8349
vn -0.0747 -0.2606 0.9626
vn -0.3306 -0.3286 0.8847
vn 0.1159 0.9925 0.0387
vn 0.9367 0.0653 0.3440
vn 0.7193 0.3253 0.6138
vn -0.8825 0.1756 0.4363
vn -0.8972 0.1891 0.3991
vn -0.8218 -0.0337 0.5687
vn 0.4097 -0.7364 0.5384
vn 0.4224 -0.7593 0.4950
vn 0.4988 -0.7860 0.3652
vn -0.2914 -0.8105 0.5081
vn -0.3254 -0.8645 0.3832
vn 0.9459 -0.2476 0.2096
vn 0.9474 -0.2380 0.2139
vn -0.8886 -0.3917 0.2388
vn -0.8889 -0.3930 0.2354
vn -0.8504 -0.1919 0.4899
vn -0.4593 -0.0335 0.8877
vn 0.2171 -0.3579 0.9082
vn 0.5322 -0.1952 0.8238
vn -0.0052 0.0001 1.0000
vn -0.0052 0.0002 1.0000
vn -0.0329 -0.0583 0.9978
vn -0.0042 -1.0000 -0.0008
vn -0.0042 -1.0000 -0.0007
vn 0.0196 0.0524 0.9984
vn 0.1016 0.2794 -0.9548
vn 0.0019 0.0263 0.9997
vn -0.0051 0.0337 0.9994
vn -0.8636 0.4095 0.2940
vn -0.8581 0.4005 0.3215
vn -0.1415 0.9744 0.1744
vn -0.1838 0.9413 0.2832
vn -0.9479 0.0071 0.3184
vn -0.9479 0.0071 0.3186
vn -0.9919 0.0079 -0.1267
vn -0.9920 0.0081 -0.1261
vn -0.2097 0.9773 0.0312
vn -0.1857 0.9826 -0.0103
vn -0.9204 0.3736 -0.1157
vn -0.9275 0.3657 -0.0769
vn -0.0042 -1.0000 0.0010
vn -0.0042 -1.0000 0.0009
vn -0.0315 0.0024 -0.9995
vn -0.0322 0.0018 -0.9995
vn -0.0383 -0.0228 -0.9990
vn -0.0432 -0.0234 -0.9988
vn -0.0049 0.0008 1.0000
vn -0.0050 0.0010 1.0000
vn -0.0322 0.0019 -0.9995
vn 0.4234 0.8954 0.1380
vn 0.4273 0.8920 0.1476
vn -0.0580 -0.0548 -0.9968
vn -0.0463 -0.0536 -0.9975
vn 0.4277 0.9032 0.0354
vn 0.4288 0.9026 0.0385
vn 0.0323 0.0793 0.9963
vn 0.0201 0.0970 0.9951
vn -0.0368 -0.0099 -0.9993
vn -0.6654 0.4500 -0.5956
vn -0.6719 0.4778 -0.5659
vn -0.6418 0.4612 -0.6126
vn -0.8242 0.4770 -0.3051
vn -0.8237 0.4798 -0.3021
vn -0.8289 0.4737 -0.2975
vn -0.3933 0.4960 -0.7742
vn -0.3625 0.4468 -0.8179
vn 0.2151 0.2320 -0.9486
vn 0.1672 0.1774 -0.9698
vn 0.2499 0.3361 -0.9081
vn 0.1277 0.2375 -0.9629
vn 0.1042 -0.9280 -0.3577
vn -0.0267 -0.9553 -0.2946
vn 0.0214 -0.9837 0.1787
vn -0.0667 -0.9893 0.1298
vn -0.1077 -0.9839 0.1429
vn 0.0967 -0.9543 -0.2829
vn 0.2341 -0.8984 -0.3715
vn 0.0231 -0.9910 -0.1316
vn 0.0828 -0.9844 -0.1554
vn -0.0000 -1.0000 0.0000
vn -0.0799 -0.9966 -0.0198
vn 0.0124 -0.9999 0.0048
vn -0.0188 -0.9998 -0.0073
vn 0.0037 -1.0000 0.0040
vn 0.0303 -0.9758 0.2167
vn 0.0193 -0.9980 0.0595
vn -0.5928 -0.7262 -0.3481
vn 0.0224 -0.9997 -0.0062
vn -0.4950 -0.8092 0.3165
vn 0.3540 -0.9193 -0.1723
vn 0.1789 0.9731 0.1452
vn 0.0527 -0.9985 0.0145
vn 0.1621 -0.9830 0.0858
vn -0.2114 -0.9562 -0.2022
vn 0.1244 -0.9871 -0.1005
vn -0.0192 -0.9969 0.0765
vn -0.4295 -0.8986 -0.0894
vn -0.0377 -0.9993 0.0078
vn -0.2226 -0.9625 0.1549
vn 0.0574 -0.9625 0.2650
vn 0.0862 -0.9724 0.2170
vn 0.1244 -0.9871 -0.1004
vn 0.2395 -0.9703 -0.0350
vn 0.0869 -0.9960 -0.0202
vn -0.1118 0.9757 -0.1884
vn -0.0164 -0.9995 -0.0276
vn 0.0137 -0.9923 -0.1230
vn -0.0947 0.9076 -0.4089
vn -0.2284 0.9110 0.3434
vn 0.2176 0.1344 0.9667
vn 0.0231 0.2122 0.9770
vn 0.1572 -0.0380 0.9868
vn 0.1052 -0.0745 0.9917
vn -0.0998 0.5315 0.8412
vn -0.2051 0.5713 0.7947
vn -0.1452 0.5111 0.8472
vn 0.2942 0.5197 0.8021
vn 0.1894 0.6071 0.7717
vn -0.7111 0.3572 0.6056
vn -0.4719 0.4783 0.7407
vn 0.4657 0.7869 0.4047
vn 0.2592 0.8102 0.5258
vn -0.0868 0.6130 0.7853
vn -0.0200 0.6316 0.7751
vn -0.1123 0.5849 0.8033
vn 0.0744 0.7043 0.7060
vn -0.0313 0.5594 0.8283
vn -0.3426 -0.0865 0.9355
vn -0.2319 0.0672 0.9704
vn 0.1333 -0.0766 -0.9881
vn -0.0326 0.3415 0.9393
vn -0.0295 0.3463 0.9377
vn -0.0398 0.3510 0.9355
vn -0.2139 0.1799 0.9601
vn -0.3234 0.1207 0.9385
vn 0.2846 0.8208 0.4952
vn 0.2955 0.7633 0.5746
vn -0.0588 0.0822 0.9949
vn -0.0644 0.0738 0.9952
vn 0.7071 0.1505 0.6909
vn 0.7038 0.1521 0.6939
vn 0.1708 0.4315 0.8858
vn 0.5141 -0.0742 0.8545
vn -0.1304 0.8573 0.4980
vn -0.0070 0.8953 0.4453
vn -0.1521 0.6094 0.7782
vn -0.1687 0.5899 0.7897
vn -0.1625 -0.1032 0.9813
vn -0.0756 0.0789 0.9940
vn 0.0491 0.2786 0.9592
vn 0.0607 0.1678 0.9839
vn -0.0007 0.9090 0.4168
vn -0.1747 0.8537 0.4906
vn 0.0400 -0.2157 0.9757
vn 0.1216 -0.0502 0.9913
vn 0.1589 -0.0395 0.9865
vn 0.2272 0.0258 0.9735
vn 0.3844 -0.0592 0.9213
vn 0.7860 -0.0472 0.6165
vn 0.7611 -0.0975 0.6413
vn -0.0279 0.0575 -0.9980
vn 0.0023 0.0851 -0.9964
vn -0.0249 0.0337 -0.9991
vn -0.0266 0.0363 -0.9990
vn 0.6844 -0.0982 -0.7225
vn 0.5020 -0.3365 -0.7967
vn 0.3098 -0.7170 -0.6244
vn 0.6721 -0.7402 -0.0175
vn 0.7509 -0.5745 0.3258
vn 0.8975 0.2301 -0.3762
vn 0.9003 -0.4140 -0.1342
vn 0.5043 0.8009 0.3229
vn 0.6950 0.6292 0.3480
vn 0.1440 -0.9896 -0.0039
vn 0.1401 -0.9901 -0.0019
vn 0.5653 -0.5501 -0.6147
vn 0.6343 -0.2740 -0.7229
vn 0.3869 0.5184 -0.7626
vn 0.3346 0.3862 -0.8596
vn 0.2500 -0.0865 0.9644
vn -0.0045 -0.0475 0.9989
vn -0.0374 -0.0363 0.9986
vn 0.0640 -0.2946 0.9535
vn 0.3711 -0.4304 0.8228
vn -0.7040 0.3988 0.5876
vn -0.0348 0.1897 -0.9812
vn 0.0311 0.3399 -0.9399
vn 0.0597 0.2866 -0.9562
vn 0.7560 -0.4445 -0.4806
vn 0.7022 -0.4081 -0.5834
vn 0.6011 -0.1847 -0.7775
vn 0.3633 0.7588 -0.5406
vn 0.5581 0.1815 -0.8097
vn 0.5867 0.2368 -0.7744
vn 0.5505 0.1306 -0.8246
vn 0.5459 0.1689 -0.8206
vn 0.4743 0.0083 -0.8803
vn 0.3586 0.5986 -0.7163
vn 0.4763 0.7452 0.4667
vn 0.4241 0.7443 0.5159
vn 0.7391 0.6119 0.2817
vn 0.7365 0.6126 0.2870
vn 0.8310 0.2221 0.5101
vn 0.8163 0.2463 0.5224
vn 0.9535 -0.1944 0.2304
vn 0.9474 -0.3036 0.1016
vn 0.8858 -0.3940 -0.2450
vn 0.8963 -0.3168 -0.3102
vn 0.3943 0.1655 0.9040
vn 0.2578 0.2795 0.9249
vn 0.0706 -0.4813 -0.8737
vn 0.1029 -0.4601 -0.8819
vn 0.6850 -0.7273 0.0423
vn 0.6831 -0.7296 0.0320
vn 0.8901 -0.3407 0.3028
vn 0.8968 -0.3742 0.2360
vn 0.9600 0.2135 0.1812
vn 0.9667 0.1904 0.1710
vn 0.9837 -0.0950 0.1524
vn 0.9701 -0.0181 0.2420
vn 0.9687 -0.0044 0.2480
vn 0.9667 0.0229 0.2551
vn 0.9718 0.0276 0.2340
vn 0.6122 0.0190 0.7905
vn 0.8431 -0.3176 0.4340
vn 0.6090 -0.3133 -0.7287
vn 0.6261 -0.2891 -0.7241
vn 0.6261 -0.3306 -0.7061
vn 0.6103 -0.3304 -0.7200
vn 0.6042 -0.3373 -0.7219
vn 0.6837 -0.2875 -0.6708
vn 0.6555 -0.3210 -0.6836
vn 0.8520 -0.5001 0.1549
vn 0.9470 -0.3211 0.0115
vn 0.7656 -0.6405 -0.0603
vn 0.8078 -0.5875 0.0477
vn 0.9466 -0.0173 -0.3220
vn 0.8379 0.2219 -0.4986
vn 0.7657 0.4392 -0.4698
vn 0.6902 -0.4521 -0.5650
vn 0.8900 -0.2588 -0.3754
vn 0.9334 -0.2224 -0.2814
vn 0.7434 -0.4428 -0.5012
vn 0.1412 -0.9884 0.0551
vn 0.2371 -0.9715 -0.0069
vn 0.2663 -0.9549 0.1315
vn 0.4668 -0.8840 0.0271
vn 0.3014 -0.9487 0.0957
vn 0.0632 -0.2886 0.9554
vn 0.1398 -0.2889 0.9471
vn 0.9473 0.0536 0.3159
vn 0.9599 0.0996 0.2622
vn 0.5284 0.7322 0.4297
vn 0.5717 0.7280 0.3783
vn 0.6859 0.3624 0.6310
vn 0.6292 0.4256 0.6504
vn 0.7620 0.2295 0.6056
vn 0.7580 0.2345 0.6086
vn 0.8308 0.2166 0.5127
vn 0.8311 0.2161 0.5124
vn 0.9365 -0.3379 0.0941
vn 0.9532 -0.2979 0.0522
vn -0.0674 -0.9892 -0.1299
vn 0.0259 -0.9964 -0.0813
vn 0.9145 -0.3069 0.2636
vn 0.0525 -0.0025 -0.9986
vn -0.0340 0.0940 -0.9950
vn 0.5238 0.1379 0.8406
vn 0.4868 0.1767 0.8554
vn 0.6848 -0.1741 0.7076
vn 0.0443 0.1487 0.9879
vn -0.1058 0.2362 0.9659
vn 0.1676 -0.4550 -0.8746
vn 0.2109 -0.4229 -0.8813
vn 0.0031 -0.5057 -0.8627
vn 0.1706 -0.3732 -0.9119
vn 0.0553 -0.5140 -0.8560
vn 0.0706 -0.5025 -0.8617
vn 0.6779 -0.7343 0.0352
vn 0.6773 -0.7342 0.0474
vn 0.6155 -0.7881 0.0049
vn 0.6255 -0.7801 -0.0147
vn 0.6333 -0.7733 0.0289
vn 0.6364 -0.7713 -0.0046
vn -0.0095 -0.9999 0.0073
vn -0.0095 -0.9999 0.0074
vn 0.7917 -0.3536 0.4982
vn 0.7742 -0.3202 0.5460
vn 0.8722 -0.2224 0.4357
vn 0.8996 -0.1239 0.4188
vn 0.8916 -0.1879 0.4121
vn 0.9198 -0.2138 0.3290
vn 0.9183 -0.2041 0.3393
vn 0.0211 -0.2625 0.9647
vn 0.1135 -0.3592 0.9263
vn 0.1995 0.0701 0.9774
vn 0.9711 0.1647 0.1728
vn 0.9714 0.1636 0.1722
vn 0.0402 -0.4306 0.9016
vn -0.0078 -0.3605 0.9327
vn -0.0055 -0.9999 0.0155
vn -0.0079 -0.9999 0.0095
vn 0.9865 -0.0446 0.1573
vn 0.0211 -0.9943 -0.1048
vn -0.0745 -0.4456 0.8921
vn -0.1087 -0.3271 0.9387
vn 0.0171 -0.9963 -0.0846
vn 0.0210 -0.9958 -0.0885
vn 0.0211 -0.9958 -0.0886
vn 0.4252 -0.0183 0.9049
vn 0.5085 -0.0655 0.8585
vn 0.5521 0.7644 0.3329
vn 0.5521 0.7644 0.3328
vn 0.5521 0.7644 0.3330
vn 0.5030 0.7421 0.4429
vn 0.9299 0.2623 0.2579
vn 0.9472 0.2340 0.2193
vn 0.5405 0.2382 0.8069
vn 0.5496 0.2301 0.8031
vn 0.5307 0.3797 0.7577
vn 0.5032 0.4042 0.7638
vn 0.5167 -0.7258 0.4541
vn 0.3703 -0.7054 0.6043
vn 0.5659 -0.7952 0.2177
vn -0.7675 0.1883 -0.6128
vn 0.7206 -0.0411 0.6921
vn 0.7957 -0.0951 0.5982
vn 0.9126 -0.0308 0.4077
vn 0.8969 -0.0161 0.4419
vn -0.2117 -0.1933 0.9580
vn -0.1637 -0.0747 0.9837
vn 0.3047 -0.4944 0.8141
vn 0.1249 -0.3643 0.9229
vn -0.0267 -0.9995 -0.0164
vn -0.0267 -0.9995 -0.0163
vn -0.0235 -0.9991 -0.0348
vn -0.0281 -0.9982 -0.0533
vn -0.0249 -0.9985 -0.0496
vn -0.1595 -0.0893 0.9831
vn -0.1492 -0.0088 0.9888
vn -0.1264 -0.0832 0.9885
vn -0.1177 -0.0027 0.9931
vn -0.0801 -0.1347 0.9876
vn -0.0604 0.0023 0.9982
vn 0.0181 -0.1298 0.9914
vn -0.2058 -0.3031 0.9305
vn -0.2222 -0.1801 0.9582
vn 0.0008 -0.9998 0.0177
vn 0.0050 -0.9997 0.0249
vn -0.0058 -0.0001 1.0000
vn -0.0054 0.0007 1.0000
vn 0.7684 0.0653 0.6366
vn 0.4491 0.6564 0.6062
vn 0.4172 0.7783 0.4692
vn 0.5710 0.7390 0.3576
vn 0.6666 -0.0536 0.7435
vn 0.3003 0.1263 0.9454
vn 0.3210 0.1996 0.9258
vn 0.2854 0.2320 0.9299
vn -0.0055 -0.0438 0.9990
vn -0.0131 -0.0584 0.9982
vn 0.4236 0.2737 0.8635
vn 0.2344 0.4316 0.8711
vn 0.9447 0.3194 0.0746
vn 0.9484 0.2414 0.2056
vn 0.1976 0.0368 0.9796
vn 0.1460 0.0180 0.9891
vn 0.1995 0.0641 0.9778
vn 0.9684 0.0787 0.2366
vn 0.9906 0.0097 0.1365
vn 0.9795 0.0838 0.1831
vn 0.9820 0.0638 0.1776
vn 0.9672 0.0283 0.2525
vn 0.9460 0.0233 0.3235
vn 0.9732 0.0489 0.2245
vn 0.9658 0.0394 0.2564
vn 0.9042 0.1181 0.4105
vn 0.9559 0.1036 0.2747
vn 0.4704 0.0651 0.8800
vn 0.3815 0.1195 0.9166
vn 0.2242 0.3626 0.9046
vn 0.2845 0.3276 0.9009
vn -0.0331 -0.3177 0.9476
vn 0.1450 -0.4426 0.8849
vn 0.1468 0.9203 0.3626
vn 0.1704 0.9223 0.3468
vn 0.4339 0.1234 0.8925
vn 0.3467 0.1660 0.9232
vn 0.1772 0.5505 0.8158
vn 0.1606 0.5616 0.8117
vn 0.3919 0.0241 0.9197
vn 0.5837 -0.1007 0.8057
vn 0.3512 0.1367 0.9263
vn 0.4670 0.0886 0.8798
vn 0.2944 0.2564 0.9207
vn 0.4245 0.1835 0.8866
vn 0.1688 0.4466 0.8787
vn 0.2190 0.4168 0.8822
vn 0.1365 0.8272 0.5450
vn 0.1683 0.8360 0.5224
vn 0.1578 0.9509 0.2663
vn 0.1768 0.9517 0.2510
vn 0.9409 0.3060 0.1448
vn 0.9367 0.3152 0.1528
vn 0.9400 0.3147 0.1322
vn 0.9106 0.3736 0.1765
vn 0.7263 0.4569 0.5135
vn 0.6573 0.5375 0.5282
vn 0.2869 0.2161 0.9333
vn 0.3059 0.2295 0.9240
vn 0.2898 0.2210 0.9312
vn 0.9397 0.0092 0.3419
vn 0.8598 0.2473 0.4467
vn 0.4449 0.5113 0.7352
vn 0.0894 0.7585 0.6456
vn 0.3330 0.0211 0.9427
vn 0.7254 -0.3499 0.5927
vn 0.5787 -0.2852 0.7641
vn 0.7708 -0.4454 0.4556
vn 0.2877 -0.6114 0.7372
vn 0.5806 0.5253 0.6220
vn 0.6281 0.6013 0.4939
vn -0.0167 0.8694 0.4939
vn -0.0150 0.8693 0.4940
vn 0.8720 -0.0620 0.4855
vn -0.0383 0.6592 0.7510
vn 0.4618 0.8204 0.3371
vn 0.4618 0.8205 0.3370
vn 0.4618 0.8204 0.3372
vn 0.4506 0.8145 0.3654
vn 0.5390 -0.6335 0.5551
vn 0.5326 -0.6354 0.5590
vn 0.5348 -0.6351 0.5573
vn 0.5375 -0.6352 0.5547
vn 0.5136 -0.6296 0.5830
vn 0.5858 -0.5964 0.5488
vn 0.4601 -0.5687 0.6819
vn -0.7394 -0.0768 -0.6689
vn 0.4118 0.8424 0.3476
vn 0.4067 0.8436 0.3507
vn 0.4087 0.8457 0.3430
vn 0.4089 0.8424 0.3509
vn 0.3246 0.8336 0.4469
vn 0.3146 0.8346 0.4522
vn 0.3067 0.8321 0.4621
vn 0.3069 0.8325 0.4612
vn 0.2912 0.8811 0.3726
vn 0.5929 0.6905 0.4144
vn 0.5133 -0.3668 0.7758
vn 0.7650 -0.4083 0.4980
vn 0.5632 -0.2175 0.7972
vn 0.6980 -0.3046 0.6481
vn 0.9779 -0.1370 0.1578
vn 0.9870 0.0076 0.1607
vn 0.9898 -0.0447 0.1351
vn 0.9758 0.0853 0.2013
vn 0.7835 0.1770 0.5956
vn 0.7746 0.1878 0.6039
vn 0.2537 -0.6708 0.6969
vn 0.2725 -0.6798 0.6809
vn 0.9745 0.0799 0.2097
vn 0.9632 0.1195 0.2409
vn 0.3813 -0.3208 0.8670
vn 0.8988 0.2326 0.3716
vn 0.9375 -0.0314 0.3465
vn 0.9179 0.2294 0.3237
vn 0.1865 -0.3318 0.9247
vn 0.2640 -0.4754 0.8393
vn 0.6083 -0.0164 0.7936
vn 0.6081 -0.0146 0.7937
vn 0.6086 -0.0164 0.7933
vn 0.6057 0.1869 0.7734
vn 0.6109 0.1819 0.7705
vn 0.4673 -0.7000 0.5400
vn 0.4477 -0.6884 0.5707
vn 0.5839 -0.6804 0.4428
vn 0.5890 -0.6862 0.4268
vn 0.2458 -0.6993 0.6712
vn 0.2545 -0.7029 0.6642
vn 0.3713 -0.1000 0.9231
vn 0.3768 -0.1055 0.9203
vn 0.3491 -0.1112 0.9305
vn 0.3347 -0.0983 0.9372
vn 0.9115 0.1686 0.3752
vn 0.9014 0.1867 0.3907
vn 0.7209 -0.6103 0.3282
vn 0.7296 -0.6320 0.2610
vn 0.8275 -0.4730 0.3026
vn 0.8319 -0.5167 0.2025
vn 0.9272 0.2229 0.3009
vn 0.9641 0.0937 0.2483
vn 0.8330 -0.3950 0.3875
vn 0.8405 -0.4512 0.3001
vn 0.9596 -0.0369 0.2789
vn 0.8597 -0.3880 0.3321
vn 0.8603 -0.3865 0.3325
vn 0.0757 -0.5708 0.8176
vn 0.1435 -0.6339 0.7600
vn 0.1115 -0.1033 0.9884
vn 0.1431 -0.1372 0.9801
vn 0.0865 -0.0465 0.9952
vn -0.9993 0.0366 0.0002
vn 0.0030 0.5492 0.8357
vn -0.1820 0.6609 0.7281
vn 0.5050 0.7874 0.3535
vn 0.4934 0.7934 0.3564
vn 0.7848 0.5692 0.2453
vn 0.6828 0.6773 0.2741
vn 0.8670 0.2382 0.4377
vn 0.8670 0.2383 0.4376
vn 0.9092 -0.0333 0.4150
vn 0.2592 0.6903 0.6755
vn 0.1693 0.7285 0.6638
vn 0.9012 0.2296 0.3675
vn 0.7926 0.4800 0.3759
vn -0.0020 0.7511 0.6602
vn 0.1283 0.7027 0.6998
vn 0.4018 0.8160 0.4156
vn 0.4753 0.7815 0.4041
vn 0.2513 0.7401 0.6238
vn 0.2169 0.7539 0.6202
vn 0.6219 0.7355 0.2688
vn 0.6055 0.7472 0.2740
vn 0.4317 0.2014 0.8793
vn -0.0490 0.5511 0.8330
vn 0.5975 0.5531 0.5806
vn 0.4540 0.6915 0.5618
vn 0.8830 0.2447 0.4005
vn 0.7750 0.4454 0.4484
vn 0.5247 -0.6965 0.4895
vn 0.4905 -0.6024 0.6298
vn 0.0321 -0.7038 0.7096
vn 0.2665 -0.7800 0.5662
vn 0.7462 -0.1405 0.6508
vn 0.8007 -0.0495 0.5971
vn 0.5121 -0.7510 0.4167
vn 0.4808 -0.6031 0.6365
vn 0.5587 0.2804 0.7805
vn 0.6438 0.1546 0.7495
vn 0.5705 -0.3254 0.7541
vn 0.5657 -0.3307 0.7554
vn 0.3386 -0.5227 0.7824
vn 0.1807 -0.2974 0.9375
vn 0.5108 -0.1043 0.8533
vn 0.3991 -0.2796 0.8732
vn 0.4367 -0.3515 0.8281
vn 0.2511 -0.7833 0.5687
vn 0.2619 -0.7893 0.5554
vn 0.3834 0.2663 0.8844
vn 0.4959 0.1420 0.8567
vn 0.7552 -0.2699 0.5974
vn 0.5558 0.1652 0.8147
vn 0.5201 -0.5913 0.6163
vn 0.8417 0.1077 0.5291
vn 0.5707 -0.1826 0.8006
vn 0.6072 -0.1382 0.7824
vn 0.7409 0.1123 0.6622
vn 0.1501 0.4861 0.8609
vn 0.1568 0.4787 0.8638
vn 0.4830 0.4276 0.7641
vn 0.6487 0.1339 0.7492
vn 0.5882 -0.1617 0.7924
vn 0.5985 -0.1387 0.7891
vn 0.5918 -0.2431 0.7685
vn 0.6515 -0.1504 0.7436
vn 0.1295 -0.0790 0.9884
vn 0.3314 -0.1068 0.9374
vn 0.6294 -0.0783 0.7731
vn 0.6051 -0.0519 0.7945
vn 0.1291 -0.9165 0.3787
vn 0.0784 -0.8780 0.4722
vn 0.5875 -0.0531 0.8074
vn 0.4218 0.0681 0.9041
vn 0.5496 -0.0547 0.8337
vn 0.3575 -0.1544 0.9211
vn 0.0459 0.0240 0.9987
vn 0.5300 -0.2531 0.8093
vn 0.5925 -0.1978 0.7809
vn 0.5853 0.7646 0.2699
vn 0.6158 0.7642 0.1918
vn 0.2740 0.9281 0.2522
vn 0.2738 0.9281 0.2525
vn 0.2956 0.9013 0.3166
vn 0.5916 0.7818 0.1969
vn 0.7328 0.6447 0.2176
vn 0.6668 0.6892 -0.2833
vn 0.5833 0.7241 -0.3680
vn 0.2710 0.8981 -0.3463
vn 0.2228 0.8948 -0.3870
vn 0.9399 0.3340 -0.0708
vn 0.9480 0.3067 -0.0856
vn 0.8142 -0.3665 -0.4503
vn 0.8419 -0.3307 -0.4265
vn 0.1510 0.0840 -0.9850
vn 0.1658 0.0973 -0.9813
vn 0.7289 -0.3115 -0.6097
vn 0.8180 -0.1907 -0.5427
vn 0.0985 -0.2670 -0.9586
vn 0.1035 -0.2625 -0.9594
vn 0.8207 0.1823 -0.5415
vn 0.8271 0.1936 -0.5277
vn 0.9072 -0.3602 -0.2173
vn 0.9444 -0.2691 -0.1892
vn 0.9738 0.2008 -0.1072
vn 0.9759 0.1643 -0.1434
vn 0.3823 0.9229 0.0459
vn 0.3502 0.9337 0.0738
vn 0.7888 0.6067 -0.0989
vn 0.5559 0.8304 0.0384
vn 0.6812 0.6319 -0.3697
vn 0.7409 0.5977 -0.3063
vn 0.6742 0.7223 -0.1539
vn 0.6779 0.7195 -0.1505
vn 0.7807 0.6191 -0.0852
vn 0.7429 0.6584 -0.1211
vn 0.9367 0.3490 0.0274
vn 0.9405 0.3393 0.0147
vn 0.9422 0.3005 -0.1483
vn 0.9507 0.2680 -0.1563
vn 0.3473 0.9260 -0.1478
vn 0.3360 0.9286 -0.1574
vn 0.7540 0.6563 0.0276
vn 0.8083 0.5877 -0.0368
vn 0.6733 0.7366 0.0639
vn 0.6868 0.7253 0.0474
vn 0.1595 0.6816 -0.7141
vn 0.2202 0.6999 -0.6795
vn 0.2176 0.3323 -0.9177
vn 0.2714 0.3609 -0.8922
vn 0.2269 0.3035 -0.9254
vn 0.2064 0.2877 -0.9352
vn 0.6428 -0.2943 -0.7073
vn 0.6134 -0.3168 -0.7235
vn 0.6083 -0.2865 -0.7402
vn 0.6238 -0.2745 -0.7318
vn 0.8126 -0.2942 -0.5031
vn 0.8224 -0.2823 -0.4940
vn 0.7429 -0.3738 -0.5554
vn 0.7435 -0.3834 -0.5479
vn 0.7542 -0.3731 -0.5404
vn 0.9027 -0.1950 -0.3836
vn 0.7767 -0.2966 -0.5557
vn 0.2629 0.1351 -0.9553
vn 0.2295 0.1105 -0.9670
vn 0.2908 -0.0285 -0.9564
vn 0.2849 -0.0328 -0.9580
vn 0.1195 -0.0118 -0.9928
vn 0.1088 -0.0208 -0.9938
vn 0.5838 -0.1175 -0.8034
vn 0.6165 -0.0918 -0.7820
vn 0.5670 -0.0210 -0.8235
vn 0.7360 -0.0222 -0.6766
vn 0.7118 -0.0644 -0.6994
vn 0.9736 0.1806 0.1398
vn 0.9742 0.1785 0.1379
vn 0.9796 0.1908 0.0634
vn 0.9634 0.2368 0.1257
vn 0.9363 -0.3277 0.1265
vn 0.9241 -0.3669 0.1068
vn 0.2647 0.9634 -0.0419
vn 0.2626 0.9638 -0.0451
vn 0.2604 0.9646 -0.0410
vn 0.2761 -0.2406 -0.9305
vn 0.2767 -0.2401 -0.9305
vn 0.2146 -0.4018 -0.8902
vn 0.2554 -0.3704 -0.8931
vn 0.1122 -0.4078 -0.9061
vn 0.1078 -0.4122 -0.9047
vn 0.6069 0.2604 -0.7509
vn 0.6172 0.2666 -0.7403
vn 0.6730 0.4732 -0.5685
vn 0.6699 0.4729 -0.5723
vn 0.7140 0.3398 -0.6122
vn 0.7541 0.3925 -0.5266
vn 0.9127 -0.2327 -0.3357
vn 0.9191 -0.1641 -0.3582
vn 0.9039 -0.2387 -0.3549
vn -0.0232 0.0035 0.9997
vn -0.0250 0.0005 0.9997
vn 0.5509 -0.0176 -0.8344
vn 0.5516 -0.0369 -0.8333
vn 0.5594 -0.0178 -0.8287
vn 0.9253 0.1418 -0.3518
vn 0.9274 0.1482 -0.3435
vn 0.9034 0.3297 -0.2742
vn 0.9003 0.3050 -0.3104
vn 0.9504 0.3041 -0.0650
vn 0.9482 0.3134 -0.0528
vn 0.4945 0.8689 -0.0229
vn 0.8657 0.3497 -0.3580
vn 0.8784 0.3218 -0.3534
vn 0.9370 0.3486 -0.0225
vn 0.9489 0.3054 -0.0790
vn 0.9400 0.3360 -0.0594
vn 0.1090 0.6554 -0.7474
vn 0.0724 0.6401 -0.7649
vn 0.0904 0.8635 -0.4962
vn 0.0325 0.8471 -0.5305
vn 0.0765 0.9824 -0.1705
vn 0.0771 0.9824 -0.1701
vn 0.1721 0.9789 -0.1098
vn 0.0742 0.9831 -0.1674
vn 0.1646 0.9847 -0.0575
vn 0.1004 0.9910 0.0884
vn 0.1628 0.9862 0.0312
vn 0.0423 -0.1311 0.9905
vn 0.0317 -0.1204 0.9922
vn 0.2866 0.2898 -0.9132
vn 0.2842 0.2863 -0.9150
vn 0.9916 0.0379 0.1235
vn 0.9961 0.0047 0.0884
vn 0.9860 0.0252 -0.1650
vn 0.9777 -0.0416 -0.2061
vn 0.9369 -0.0410 -0.3471
vn 0.9504 0.0102 -0.3107
vn 0.9862 -0.0286 0.1628
vn 0.9864 -0.0313 0.1615
vn 0.7053 -0.0249 -0.7085
vn 0.7001 -0.0446 -0.7126
vn 0.9782 -0.0282 -0.2059
vn 0.9774 -0.0355 -0.2086
vn 0.1004 -0.9908 -0.0912
vn 0.1237 -0.9893 -0.0773
vn 0.2448 0.9324 0.2658
vn 0.1582 0.9828 0.0950
vn 0.0387 0.9658 0.2565
vn 0.2536 -0.9399 -0.2288
vn 0.1013 -0.9641 -0.2453
vn 0.5942 0.7801 -0.1956
vn 0.4001 0.8230 -0.4032
vn 0.2649 0.9602 -0.0883
vn 0.1236 -0.9901 -0.0662
vn 0.1500 -0.9879 -0.0386
vn 0.7862 0.1537 -0.5985
vn 0.7338 0.0705 -0.6758
vn 0.1954 0.9735 0.1187
vn 0.1869 0.9747 0.1223
vn 0.1843 0.9817 0.0477
vn 0.1874 0.9813 0.0441
vn 0.5988 0.0624 -0.7984
vn 0.9143 -0.3337 0.2294
vn 0.9198 -0.3244 -0.2205
vn 0.9131 -0.3288 -0.2411
vn 0.9752 -0.0746 -0.2084
vn 0.9920 -0.1005 -0.0760
vn 0.9765 -0.0440 -0.2109
vn 0.9870 -0.0574 0.1504
vn 0.9826 -0.1379 0.1248
vn 0.9792 -0.0024 -0.2031
vn 0.9482 -0.1843 -0.2587
vn 0.1860 -0.9805 -0.0639
vn 0.1458 -0.9844 -0.0985
vn 0.8329 -0.3541 -0.4254
vn 0.8476 -0.4303 -0.3105
vn 0.8528 -0.2251 -0.4712
vn 0.9896 -0.0656 0.1279
vn 0.9893 -0.1060 0.1008
vn 0.9655 0.0433 -0.2567
vn 0.9094 -0.0587 -0.4118
vn 0.0461 -0.0297 0.9985
vn -0.0922 -0.9824 -0.1627
vn -0.0410 -0.9896 -0.1379
vn 0.0897 -0.1275 -0.9878
vn 0.0407 -0.0659 -0.9970
vn 0.0264 -0.1341 0.9906
vn 0.1705 -0.2927 0.9409
vn 0.0544 -0.0995 0.9935
vn 0.8830 -0.4654 0.0616
vn 0.8893 -0.4522 0.0675
vn 0.9193 -0.3786 0.1076
vn 0.8814 -0.4671 0.0705
vn 0.6290 -0.3319 -0.7029
vn 0.6139 -0.1616 -0.7726
vn -0.1167 -0.0637 0.9911
vn -0.1432 -0.1084 0.9837
vn 0.0848 0.9909 0.1044
vn 0.1601 0.9838 0.0809
vn 0.6975 -0.3178 0.6422
vn 0.7506 -0.3990 0.5266
vn 0.4949 -0.7240 0.4805
vn 0.3691 -0.5379 0.7579
vn 0.6595 -0.3308 0.6750
vn 0.5530 -0.4893 0.6744
vn 0.2507 -0.8178 0.5181
vn 0.2403 -0.8078 0.5382
vn 0.7147 -0.5026 0.4864
vn 0.1113 -0.1171 0.9869
vn 0.1303 -0.1057 0.9858
vn 0.1561 -0.9866 0.0479
vn 0.1522 -0.9871 0.0502
vn 0.0120 -0.9160 -0.4009
vn -0.6239 0.2869 0.7270
vn -0.7233 0.2289 0.6515
vn 0.8637 -0.0112 0.5038
vn 0.7552 0.0260 0.6550
vn 0.3048 0.2131 0.9283
vn -0.7642 0.4115 0.4967
vn 0.9594 -0.0797 0.2704
vn 0.9673 -0.0941 0.2356
vn 0.7076 0.5208 0.4776
vn 0.7855 0.5320 0.3161
vn 0.7337 0.4265 0.5289
vn 0.8199 0.4406 0.3654
vn 0.4791 0.1744 0.8603
vn 0.1381 0.3788 0.9151
vn 0.4387 0.7804 0.4454
vn 0.2881 0.6327 0.7188
vn 0.2308 0.4526 0.8613
vn 0.4421 0.4501 0.7759
vn 0.3841 -0.2581 -0.8865
vn 0.7610 -0.3961 -0.5137
vn 0.6949 -0.6079 0.3842
vn 0.4950 0.2790 0.8229
vn 0.9563 0.1038 0.2733
vn 0.4983 0.2658 0.8252
vn 0.7969 -0.0033 0.6041
vn 0.9583 -0.0010 0.2857
vn 0.9679 -0.0253 0.2499
vn 0.0902 0.2101 0.9735
vn 0.1243 0.1824 0.9753
vn 0.9789 -0.0395 0.2004
vn 0.9529 0.0626 0.2967
vn 0.8545 0.4392 0.2774
vn 0.9907 0.1137 0.0750
vn 0.7208 -0.2724 -0.6374
vn 0.6642 -0.2350 -0.7096
vn -0.7336 0.3092 0.6051
vn -0.5475 0.3733 0.7489
vn 0.7816 -0.3243 -0.5329
vn 0.7215 -0.2623 -0.6408
vn 0.1231 0.1757 0.9767
vn 0.5967 -0.4974 0.6297
vn 0.7093 -0.3686 -0.6008
vn 0.7642 -0.4033 -0.5033
vn 0.8305 -0.5564 -0.0265
vn 0.6750 0.2223 0.7036
vn -0.1490 0.9692 0.1961
vn -0.2298 0.9669 0.1111
vn -0.5461 0.8191 0.1756
vn -0.1113 0.8118 0.5733
vn 0.4088 0.3319 0.8501
vn -0.2397 0.8532 0.4632
vn -0.1321 0.8093 0.5723
vn -0.3466 -0.0697 0.9354
vn -0.4590 -0.0331 0.8878
vn -0.3577 0.1798 0.9164
vn -0.8863 0.1764 0.4283
vn 0.0888 -0.4836 0.8708
vn -0.4246 -0.2894 0.8579
vn -0.0316 0.3289 0.9438
vn -0.4806 0.8530 0.2036
vn 0.2966 0.5079 0.8087
vn 0.1736 0.3666 0.9140
vn -0.0568 0.6491 0.7586
vn -0.0207 0.6639 0.7476
vn -0.1471 0.5223 0.8400
vn 0.1414 0.6947 0.7053
vn -0.0492 0.8786 0.4751
vn -0.0501 0.8540 0.5179
vn -0.0844 0.3829 0.9199
vn 0.2423 0.9485 -0.2040
vn 0.2082 0.9654 -0.1570
vn 0.6149 0.7178 -0.3266
vn 0.6485 0.6347 -0.4202
vn 0.8928 -0.0287 -0.4496
vn 0.8322 0.1842 -0.5230
vn 0.8982 0.1318 -0.4195
vn 0.9717 -0.1772 -0.1564
vn 0.9538 0.0820 -0.2890
vn 0.9506 0.1273 -0.2831
vn 0.9159 0.2213 -0.3350
vn 0.9114 0.2401 -0.3343
vn 0.1608 0.9207 -0.3555
vn 0.2383 0.8781 -0.4150
vn 0.9235 0.1704 -0.3438
vn 0.9025 0.1289 -0.4109
vn 0.9234 0.1704 -0.3438
vn -0.2439 0.9583 -0.1487
vn -0.0968 0.9601 -0.2624
vn 0.2957 0.8826 0.3655
vn 0.2360 0.8727 0.4275
vn 0.3446 0.7099 0.6142
vn 0.5533 0.7505 0.3615
vn 0.4587 0.8225 0.3363
vn 0.4012 0.8260 0.3960
vn 0.3532 0.7211 0.5960
vn 0.3547 0.6928 0.6279
vn 0.4426 0.6794 0.5852
vn 0.4316 0.7583 0.4886
vn 0.2431 0.8190 0.5198
vn 0.2472 0.7998 0.5470
vn 0.8309 0.1860 0.5245
vn 0.7975 0.2042 0.5677
vn 0.7061 0.4746 0.5255
vn 0.7552 0.4427 0.4834
vn 0.5625 0.4373 0.7017
vn 0.5827 0.4256 0.6923
vn -0.0240 0.8693 0.4937
vn 0.0122 0.8795 0.4758
vn -0.1375 0.8940 0.4265
vn -0.2119 0.8616 0.4612
vn -0.1552 0.8536 0.4973
vn -0.1507 0.8556 0.4952
vn -0.1190 0.4906 0.8632
vn -0.1058 0.5085 0.8545
vn 0.0231 0.5303 0.8475
vn 0.0256 0.5375 0.8428
vn -0.1044 0.5696 0.8153
vn -0.0538 0.6414 0.7653
vn 0.1663 -0.0129 0.9860
vn 0.0107 -0.1802 0.9836
vn 0.3343 0.0482 0.9412
vn 0.3099 0.0193 0.9506
vn 0.2007 0.2689 0.9420
vn 0.2161 0.3843 0.8976
vn -0.1627 0.9107 0.3797
vn -0.2048 0.8873 0.4132
vn -0.0665 0.9205 0.3850
vn -0.0753 0.9167 0.3925
vn -0.0652 0.9138 0.4009
vn -0.0680 0.9125 0.4034
vn 0.0344 -0.0384 0.9987
vn 0.2694 -0.0573 0.9613
vn 0.4589 -0.8860 0.0670
vn 0.7398 0.1255 -0.6610
vn 0.4002 -0.2899 -0.8694
vn -0.0119 -0.1218 -0.9925
vn 0.3499 0.0372 -0.9360
vn 0.0386 0.7562 -0.6532
vn -0.0044 0.6717 -0.7408
vn 0.1902 0.6092 -0.7698
vn 0.1245 0.4002 -0.9079
vn 0.1894 0.7463 -0.6381
vn 0.1563 0.5879 -0.7937
vn 0.3105 0.3797 -0.8714
vn 0.2721 0.3073 -0.9119
vn 0.3787 0.3431 -0.8596
vn 0.3320 0.2671 -0.9047
vn 0.4632 0.4165 -0.7823
vn 0.4381 0.3539 -0.8263
vn 0.1936 0.9536 -0.2308
vn 0.2300 0.9111 -0.3420
vn 0.3699 0.8954 -0.2478
vn 0.3779 0.8762 -0.2990
vn 0.4562 0.7977 -0.3944
vn 0.3791 0.9001 -0.2147
vn 0.6983 0.6427 -0.3152
vn 0.6996 0.6067 -0.3775
vn 0.8116 0.5533 -0.1875
vn 0.8100 0.4627 -0.3602
vn 0.7674 0.5185 -0.3771
vn 0.7556 0.5608 -0.3384
vn 0.2113 0.9210 -0.3272
vn 0.0565 0.9637 -0.2608
vn -0.0643 0.9640 -0.2580
vn 0.0945 0.9300 -0.3552
vn 0.4633 0.8289 -0.3135
vn 0.5486 0.7129 -0.4368
vn 0.6522 0.7439 -0.1459
vn 0.7385 0.5873 -0.3311
vn -0.6682 -0.7279 -0.1542
vn 0.6149 0.4295 -0.6614
vn 0.3318 0.5170 -0.7891
vn 0.1101 0.5632 -0.8190
vn 0.1154 0.5616 -0.8193
vn -0.0837 0.9441 -0.3189
vn -0.0140 0.9266 -0.3757
vn -0.1211 0.9836 -0.1339
vn -0.1065 0.9833 -0.1478
vn 0.8990 0.2949 -0.3238
vn 0.9390 0.2311 -0.2547
vn 0.7001 -0.7038 0.1204
vn 0.5756 0.0604 -0.8155
vn 0.3298 0.2082 -0.9208
vn 0.8144 0.1281 0.5660
vn 0.8585 0.1068 0.5016
vn 0.8138 0.0544 0.5786
vn 0.7122 0.1067 0.6938
vn 0.8758 0.4118 -0.2518
vn 0.9360 0.3146 -0.1582
vn -0.1217 -0.9912 -0.0522
vn 0.2135 0.5911 -0.7779
vn 0.1601 0.6018 -0.7824
vn 0.0210 -0.3763 -0.9262
vn 0.2544 -0.2622 -0.9309
vn -0.0697 0.9226 -0.3794
vn -0.0348 0.9156 -0.4006
vn 0.0236 0.5476 -0.8364
vn 0.1625 0.6911 -0.7042
vn 0.0545 0.3873 -0.9203
vn 0.0560 0.8208 -0.5684
vn 0.0313 0.7531 -0.6571
vn 0.0086 0.0846 -0.9964
vn -0.3408 0.3181 -0.8847
vn -0.1660 0.0226 -0.9859
vn 0.0027 -0.9985 -0.0547
vn 0.5758 0.7684 -0.2793
vn 0.5998 0.7260 -0.3365
vn 0.1128 0.5058 -0.8552
vn 0.0482 0.5382 -0.8415
vn 0.3930 0.0002 -0.9196
vn 0.4650 -0.0321 -0.8847
vn 0.1046 0.9173 -0.3841
vn 0.0238 0.9350 -0.3537
vn 0.8603 0.2176 -0.4609
vn 0.9610 0.0791 -0.2648
vn 0.2794 0.6652 -0.6924
vn 0.4800 0.6311 -0.6094
vn 0.3599 0.1877 -0.9139
vn 0.3314 0.1982 -0.9224
vn 0.1238 0.1487 -0.9811
vn 0.0980 0.1660 -0.9813
vn 0.0404 0.0435 -0.9982
vn -0.0036 0.0900 -0.9959
vn 0.0381 0.4332 -0.9005
vn -0.0077 0.4652 -0.8852
vn 0.4089 0.0206 -0.9123
vn 0.3970 0.0273 -0.9174
vn 0.4351 -0.2215 -0.8727
vn 0.1080 -0.0169 -0.9940
vn 0.4325 -0.0379 -0.9008
vn 0.3538 0.0134 -0.9352
vn 0.2645 0.1911 -0.9453
vn 0.3207 0.1714 -0.9316
vn 0.1873 0.2038 -0.9609
vn 0.2456 0.1835 -0.9518
vn 0.0761 0.5479 -0.8330
vn 0.0683 0.5503 -0.8322
vn 0.3773 0.0858 -0.9221
vn 0.9095 0.3053 -0.2823
vn 0.8887 0.3332 -0.3150
vn 0.5341 0.7764 -0.3345
vn 0.4608 0.8507 -0.2531
vn 0.8801 0.1290 -0.4569
vn 0.8717 0.1182 -0.4756
vn -0.1547 -0.0313 -0.9875
vn -0.1628 -0.0460 -0.9856
vn -0.1772 -0.0229 -0.9839
vn -0.1824 -0.0319 -0.9827
vn 0.1167 -0.1240 -0.9854
vn 0.0260 -0.1317 -0.9910
vn 0.1306 0.0275 -0.9910
vn 0.3067 0.0137 -0.9517
vn 0.3433 -0.0173 -0.9391
vn 0.5248 -0.2036 -0.8265
vn 0.0101 -0.0431 0.9990
vn -0.0490 -0.1209 0.9915
vn -0.0837 0.0793 0.9933
vn -0.1493 -0.0818 0.9854
vn -0.2475 0.0710 0.9663
vn -0.2336 0.0823 0.9688
vn -0.1051 0.1390 0.9847
vn -0.1460 0.1283 0.9809
vn 0.0374 -0.0495 0.9981
vn 0.0159 -0.0657 0.9977
vn 0.6182 0.6965 -0.3642
vn 0.5935 0.7055 -0.3874
vn 0.6646 0.6915 -0.2829
vn 0.6238 0.7142 -0.3176
vn 0.7244 0.6505 -0.2281
vn 0.6669 0.6894 -0.2829
vn 0.3065 0.8732 -0.3790
vn 0.2458 0.8693 -0.4289
vn 0.3178 0.9031 -0.2887
vn 0.3137 0.9033 -0.2926
vn 0.3274 0.9124 -0.2458
vn 0.2760 0.9159 -0.2915
vn 0.9481 0.3106 -0.0681
vn 0.9557 0.2824 -0.0828
vn 0.9549 0.2899 -0.0640
vn 0.9557 0.2871 -0.0654
vn 0.9493 0.3095 -0.0543
vn 0.9549 0.2895 -0.0657
vn 0.8086 -0.3386 -0.4813
vn 0.8603 -0.2680 -0.4337
vn 0.7948 -0.3324 -0.5077
vn 0.8206 -0.2998 -0.4866
vn 0.7930 -0.3694 -0.4844
vn 0.8282 -0.3258 -0.4561
vn 0.1652 0.0973 -0.9814
vn 0.2103 0.1372 -0.9680
vn 0.1591 0.0795 -0.9841
vn 0.1648 0.0845 -0.9827
vn 0.1105 0.0436 -0.9929
vn 0.1509 0.0797 -0.9853
vn 0.7442 -0.2007 -0.6371
vn 0.8113 -0.1172 -0.5728
vn 0.6837 -0.1835 -0.7063
vn 0.7669 -0.0939 -0.6349
vn 0.6209 -0.3350 -0.7087
vn 0.7700 -0.1752 -0.6135
vn 0.1372 -0.2621 -0.9552
vn 0.1589 -0.2426 -0.9570
vn 0.1170 -0.3136 -0.9423
vn 0.1365 -0.2960 -0.9454
vn 0.1042 -0.3083 -0.9456
vn 0.0981 -0.3139 -0.9444
vn 0.7863 0.2037 -0.5833
vn 0.7927 0.2130 -0.5712
vn 0.7560 0.2478 -0.6058
vn 0.7774 0.2728 -0.5668
vn 0.7950 0.2026 -0.5718
vn 0.8141 0.2327 -0.5320
vn 0.9710 0.1659 -0.1720
vn 0.9692 0.1330 -0.2072
vn 0.9700 0.2042 -0.1318
vn 0.9701 0.1722 -0.1710
vn 0.9691 0.2371 -0.0676
vn 0.9734 0.2026 -0.1070
vn 0.3486 0.9359 0.0511
vn 0.3277 0.9419 0.0730
vn 0.3469 0.9374 0.0295
vn 0.3268 0.9435 0.0545
vn 0.3792 0.9251 0.0184
vn 0.6404 0.6917 -0.3338
vn 0.6958 0.6627 -0.2767
vn 0.6052 0.7490 -0.2698
vn 0.6637 0.7167 -0.2141
vn 0.6442 0.6966 -0.3160
vn 0.7073 0.6587 -0.2567
vn 0.6189 0.7706 -0.1521
vn 0.6266 0.7656 -0.1455
vn 0.7022 0.7038 -0.1081
vn 0.6132 0.7686 -0.1823
vn 0.6884 0.7180 -0.1028
vn 0.6821 0.7232 -0.1084
vn 0.7271 0.6759 -0.1202
vn 0.6886 0.7086 -0.1537
vn 0.7535 0.6525 -0.0813
vn 0.7298 0.6758 -0.1031
vn 0.8036 0.5922 -0.0598
vn 0.7810 0.6190 -0.0829
vn 0.9522 0.2737 -0.1355
vn 0.9538 0.2670 -0.1375
vn 0.9007 0.4266 -0.0815
vn 0.9541 0.2684 -0.1330
vn 0.8969 0.3970 -0.1949
vn 0.8965 0.3979 -0.1946
vn 0.3075 0.9385 -0.1573
vn 0.3301 0.9338 -0.1377
vn 0.3107 0.9406 -0.1365
vn 0.3094 0.9409 -0.1376
vn 0.3065 0.9364 -0.1709
vn 0.3484 0.9272 -0.1371
vn 0.8122 0.5833 0.0105
vn 0.8105 0.5857 0.0129
vn 0.7670 0.6416 0.0102
vn 0.7647 0.6442 0.0130
vn 0.7546 0.6548 0.0425
vn 0.7681 0.6398 0.0269
vn 0.6860 0.7265 0.0393
vn 0.7057 0.7083 0.0147
vn 0.6891 0.7203 0.0796
vn 0.7233 0.6895 0.0382
vn 0.6743 0.7342 0.0796
vn 0.6880 0.7229 0.0634
vn 0.2175 0.7003 -0.6799
vn 0.1914 0.6923 -0.6958
vn 0.2500 0.6285 -0.7365
vn 0.2102 0.6147 -0.7602
vn 0.2681 0.6785 -0.6839
vn 0.1580 0.6392 -0.7526
vn 0.2571 0.3623 -0.8959
vn 0.2345 0.3507 -0.9066
vn 0.2759 0.2858 -0.9177
vn 0.2526 0.2725 -0.9284
vn 0.2344 0.3008 -0.9244
vn 0.2164 0.2904 -0.9321
vn 0.2272 0.2863 -0.9308
vn 0.2831 0.3265 -0.9018
vn 0.2075 0.2876 -0.9350
vn 0.2269 0.3015 -0.9261
vn 0.1677 0.2429 -0.9555
vn 0.5348 -0.3242 -0.7803
vn 0.6256 -0.2540 -0.7376
vn 0.5254 -0.3181 -0.7892
vn 0.5381 -0.3086 -0.7843
vn 0.6103 -0.3307 -0.7198
vn 0.6397 -0.3072 -0.7045
vn 0.5223 -0.2807 -0.8052
vn 0.5348 -0.2716 -0.8002
vn 0.5155 -0.2475 -0.8204
vn 0.5288 -0.2375 -0.8148
vn 0.6007 -0.2557 -0.7575
vn 0.6161 -0.2434 -0.7491
vn 0.7973 -0.2859 -0.5316
vn 0.8144 -0.2650 -0.5163
vn 0.7840 -0.2698 -0.5590
vn 0.8085 -0.2397 -0.5374
vn 0.7960 -0.2955 -0.5283
vn 0.8203 -0.2651 -0.5068
vn 0.2808 0.1079 -0.9537
vn 0.2695 0.1012 -0.9577
vn 0.3408 0.0545 -0.9386
vn 0.2758 0.0083 -0.9612
vn 0.2901 0.0809 -0.9536
vn 0.2600 0.0582 -0.9639
vn 0.3419 -0.0344 -0.9391
vn 0.3353 -0.0389 -0.9413
vn 0.3412 -0.0724 -0.9372
vn 0.3395 -0.0736 -0.9377
vn 0.2893 -0.0707 -0.9546
vn 0.2884 -0.0714 -0.9548
vn 0.1611 -0.0213 -0.9867
vn 0.1552 -0.0261 -0.9875
vn 0.1639 -0.0657 -0.9843
vn 0.1597 -0.0692 -0.9847
vn 0.1084 -0.0739 -0.9914
vn 0.1184 -0.0655 -0.9908
vn 0.5126 -0.0893 -0.8540
vn 0.5284 -0.0782 -0.8454
vn 0.4881 -0.0639 -0.8705
vn 0.5158 -0.0456 -0.8555
vn 0.5626 -0.0902 -0.8218
vn 0.5891 -0.0675 -0.8052
vn 0.7289 -0.0645 -0.6815
vn 0.7099 -0.0946 -0.6979
vn 0.7457 0.0006 -0.6662
vn 0.7366 -0.0178 -0.6761
vn 0.7279 -0.0220 -0.6854
vn 0.7392 0.0011 -0.6735
vn 0.9778 0.1814 0.1052
vn 0.9764 0.1860 0.1095
vn 0.9731 0.2101 0.0946
vn 0.9686 0.2236 0.1085
vn 0.9760 0.1824 0.1188
vn 0.9684 0.2055 0.1415
vn 0.9679 0.2466 0.0481
vn 0.9514 0.2904 0.1024
vn 0.9561 0.2930 0.0042
vn 0.9405 0.3356 0.0535
vn 0.9785 0.2046 -0.0265
vn 0.9560 0.2853 0.0683
vn 0.3326 -0.2392 -0.9122
vn 0.3275 -0.2431 -0.9131
vn 0.3237 -0.2841 -0.9025
vn 0.3282 -0.2807 -0.9020
vn 0.2623 -0.2932 -0.9194
vn 0.2721 -0.2855 -0.9189
vn 0.2564 -0.3704 -0.8928
vn 0.3191 -0.3241 -0.8906
vn 0.1279 -0.3877 -0.9129
vn 0.2643 -0.2907 -0.9196
vn 0.1237 -0.4496 -0.8846
vn 0.2161 -0.3865 -0.8966
vn 0.1121 -0.4121 -0.9042
vn 0.1165 -0.4080 -0.9055
vn 0.1346 -0.4289 -0.8933
vn 0.1111 -0.4499 -0.8862
vn 0.1360 -0.4066 -0.9034
vn 0.1116 -0.4297 -0.8960
vn 0.5189 0.2863 -0.8055
vn 0.4551 0.2508 -0.8544
vn 0.5527 0.3191 -0.7699
vn 0.5228 0.3088 -0.7945
vn 0.6391 0.3164 -0.7011
vn 0.6125 0.3049 -0.7293
vn 0.6044 0.5035 -0.6174
vn 0.6053 0.5035 -0.6165
vn 0.6113 0.5534 -0.5657
vn 0.6264 0.5515 -0.5509
vn 0.6763 0.5122 -0.5295
vn 0.6874 0.5108 -0.5163
vn 0.6647 0.4259 -0.6137
vn 0.7110 0.4552 -0.5360
vn 0.5891 0.5123 -0.6250
vn 0.6479 0.5270 -0.5500
vn 0.5902 0.4083 -0.6964
vn 0.6861 0.4731 -0.5526
vn 0.8985 0.1538 -0.4113
vn 0.9039 0.1661 -0.3942
vn 0.8936 0.1838 -0.4094
vn 0.8949 0.1865 -0.4054
vn 0.9229 0.1836 -0.3386
vn 0.9213 0.1789 -0.3453
vn 0.8804 0.3109 -0.3581
vn 0.8751 0.2923 -0.3856
vn 0.8790 0.3743 -0.2955
vn 0.8742 0.3322 -0.3542
vn 0.8882 0.3908 -0.2415
vn 0.8890 0.3717 -0.2674
vn 0.9424 0.3174 -0.1059
vn 0.9427 0.3158 -0.1081
vn 0.9228 0.3695 -0.1088
vn 0.9201 0.3798 -0.0958
vn 0.9347 0.3460 -0.0809
vn 0.9290 0.3658 -0.0561
vn 0.8872 0.3248 -0.3277
vn 0.8572 0.3880 -0.3387
vn 0.8688 0.2979 -0.3955
vn 0.8257 0.3901 -0.4074
vn 0.9175 0.2588 -0.3020
vn 0.8973 0.3121 -0.3122
vn 0.0901 0.6393 -0.7637
vn 0.0344 0.6147 -0.7880
vn 0.1027 0.5789 -0.8089
vn 0.0858 0.5710 -0.8164
vn 0.1203 0.5847 -0.8023
vn 0.1077 0.5787 -0.8084
vn 0.1082 0.8426 -0.5276
vn 0.0736 0.8332 -0.5481
vn 0.0978 0.8938 -0.4376
vn 0.1089 0.8959 -0.4307
vn 0.0699 0.8900 -0.4506
vn 0.0907 0.8945 -0.4379
vn 0.1357 0.9762 -0.1694
vn 0.0991 0.9763 -0.1925
vn 0.1732 0.9766 -0.1272
vn 0.1351 0.9791 -0.1519
vn 0.0713 0.9890 -0.1299
vn 0.0743 0.9890 -0.1281
vn 0.1199 0.2662 -0.9564
vn 0.1994 0.3577 -0.9123
vn 0.1158 0.4436 -0.8887
vn 0.1243 0.4505 -0.8841
vn 0.0645 0.2189 -0.9736
vn 0.2803 0.4505 -0.8476
vn 0.9970 0.0056 0.0769
vn 0.9953 0.0243 0.0935
vn 0.9946 0.0327 0.0986
vn 0.9970 0.0059 0.0769
vn 0.9910 0.0372 0.1283
vn 0.9920 0.0307 0.1224
vn 0.9778 -0.0416 -0.2052
vn 0.9776 -0.0430 -0.2061
vn 0.9760 -0.0024 -0.2178
vn 0.9790 0.0179 -0.2033
vn 0.9878 0.0128 -0.1551
vn 0.9860 -0.0035 -0.1665
vn 0.9383 0.0164 -0.3454
vn 0.9489 0.0570 -0.3103
vn 0.9113 0.0516 -0.4084
vn 0.9332 0.1172 -0.3397
vn 0.9341 0.0282 -0.3559
vn 0.9379 0.0411 -0.3444
vn 0.7888 0.0586 -0.6119
vn 0.7456 -0.0010 -0.6664
vn 0.7992 0.0861 -0.5949
vn 0.7889 0.0689 -0.6107
vn 0.8297 0.1661 -0.5330
vn 0.7888 0.0886 -0.6083
vn 0.5663 0.0476 -0.8229
vn 0.5839 0.0630 -0.8094
vn 0.5855 0.0128 -0.8106
vn 0.5882 0.0169 -0.8086
vn 0.5937 -0.0092 -0.8046
vn 0.5832 -0.0795 -0.8084
vn 0.4637 0.0262 -0.8856
vn 0.4566 0.0194 -0.8895
vn 0.4811 -0.0837 -0.8727
vn 0.4788 0.0754 -0.8747
vn 0.4624 0.0645 -0.8843
vn 0.5770 -0.5710 0.5840
vn 0.5813 -0.5705 0.5801
vn 0.5873 -0.5733 0.5713
vn 0.6120 -0.5983 0.5172
vn 0.5423 -0.6202 0.5668
vn 0.5570 -0.6185 0.5543
vn 0.5733 -0.6246 0.5303
vn 0.5678 -0.6203 0.5412
vn 0.7239 0.1834 0.6651
vn 0.7217 0.1859 0.6668
vn 0.7271 -0.1858 0.6609
vn 0.7208 -0.1755 0.6705
vn 0.7858 -0.1830 0.5908
vn 0.7812 -0.1750 0.5992
vn 0.2238 -0.6838 0.6945
vn 0.2582 -0.6982 0.6677
vn 0.2213 -0.6403 0.7356
vn 0.2430 -0.6508 0.7193
vn 0.2190 -0.6092 0.7622
vn 0.2731 -0.6371 0.7208
vn 0.9654 0.1203 0.2314
vn 0.9434 0.1771 0.2805
vn 0.9648 -0.0730 0.2526
vn 0.9669 -0.0824 0.2415
vn 0.9707 -0.0524 0.2347
vn 0.9732 -0.0654 0.2204
vn 0.1197 -0.4769 0.8708
vn 0.1926 -0.5738 0.7960
vn -0.0197 -0.4688 0.8831
vn 0.0710 -0.5705 0.8182
vn 0.0174 -0.3304 0.9437
vn 0.5692 0.1845 0.8012
vn 0.5790 0.1752 0.7963
vn 0.5903 -0.1588 0.7914
vn 0.5627 -0.1266 0.8169
vn 0.6188 -0.1831 0.7639
vn 0.5994 -0.1590 0.7845
vn 0.5061 -0.6775 0.5338
vn 0.4402 -0.6436 0.6261
vn 0.5690 -0.6786 0.4645
vn 0.5150 -0.6634 0.5428
vn 0.5255 -0.7278 0.4406
vn 0.4636 -0.7058 0.5357
vn 0.5527 -0.6942 0.4610
vn 0.5430 -0.6858 0.4847
vn 0.5265 -0.7266 0.4414
vn 0.5278 -0.7272 0.4388
vn 0.5412 -0.7139 0.4443
vn 0.5522 -0.7218 0.4172
vn 0.2546 -0.7029 0.6642
vn 0.2859 -0.6598 0.6949
vn 0.2812 -0.6574 0.6992
vn 0.2483 -0.6505 0.7177
vn 0.2682 -0.6608 0.7010
vn 0.4128 -0.1084 0.9043
vn 0.4222 -0.1176 0.8988
vn 0.4270 0.1780 0.8865
vn 0.4108 0.1916 0.8914
vn 0.3866 0.1681 0.9068
vn 0.3686 0.1837 0.9113
vn 0.3530 -0.0992 0.9303
vn 0.3524 -0.0986 0.9306
vn 0.3679 0.1549 0.9169
vn 0.3469 0.1723 0.9219
vn 0.3651 0.1363 0.9209
vn 0.3400 0.1573 0.9272
vn 0.8783 0.1813 0.4425
vn 0.8696 0.1944 0.4539
vn 0.8837 -0.1444 0.4452
vn 0.8846 -0.1463 0.4428
vn 0.9160 -0.1164 0.3839
vn 0.9195 -0.1259 0.3724
vn 0.6916 -0.6475 0.3200
vn 0.6938 -0.6507 0.3085
vn 0.6537 -0.6809 0.3303
vn 0.6623 -0.6885 0.2954
vn 0.6675 -0.6579 0.3486
vn 0.6791 -0.6730 0.2929
vn 0.7867 -0.5435 0.2928
vn 0.7924 -0.5756 0.2018
vn 0.7073 -0.6076 0.3615
vn 0.7247 -0.6400 0.2554
vn 0.7482 -0.5406 0.3846
vn 0.7655 -0.5858 0.2660
vn 0.9594 0.0926 0.2663
vn 0.9636 0.0765 0.2561
vn 0.9141 0.0783 0.3980
vn 0.9598 -0.0611 0.2741
vn 0.8826 0.2399 0.4044
vn 0.9458 0.0845 0.3136
vn 0.8248 -0.4586 0.3308
vn 0.8284 -0.4724 0.3009
vn 0.7780 -0.4787 0.4069
vn 0.8015 -0.5174 0.2997
vn 0.7833 -0.4017 0.4743
vn 0.8111 -0.4674 0.3517
vn 0.0455 -0.6296 0.7756
vn 0.1077 -0.6741 0.7308
vn 0.0234 -0.5825 0.8125
vn 0.0576 -0.6065 0.7930
vn 0.0476 -0.5688 0.8211
vn 0.0681 -0.5858 0.8076
vn 0.1477 -0.1373 0.9794
vn 0.1115 -0.1038 0.9883
vn 0.2034 0.0981 0.9742
vn 0.1443 0.1464 0.9786
vn 0.3267 -0.1073 0.9390
vn 0.1099 0.1005 0.9888
vn 0.0345 -0.0446 0.9984
vn 0.0736 -0.1021 0.9920
vn -0.0176 -0.0425 0.9989
vn 0.0350 -0.1008 0.9943
vn -0.0460 0.0739 0.9962
vn 0.0301 0.5482 0.8358
vn 0.2849 0.2786 0.9172
vn -0.0654 0.6753 0.7346
vn -0.1953 0.7234 0.6622
vn 0.0705 0.6804 0.7295
vn -0.1048 0.7400 0.6644
vn 0.1919 0.5340 0.8234
vn 0.4891 0.7947 0.3596
vn 0.4968 0.7906 0.3580
vn 0.5020 0.7580 0.4165
vn 0.5378 0.7370 0.4093
vn 0.5508 0.7409 0.3843
vn 0.5395 0.7476 0.3873
vn 0.7343 0.6444 0.2133
vn 0.6456 0.7241 0.2425
vn 0.7832 0.5945 0.1821
vn 0.7297 0.6508 0.2097
vn 0.8666 0.4714 0.1637
vn 0.7572 0.6143 0.2217
vn 0.2289 0.7254 0.6492
vn 0.1816 0.7441 0.6429
vn 0.2556 0.7724 0.5815
vn 0.1760 0.7996 0.5741
vn 0.2791 0.7458 0.6049
vn 0.1978 0.7774 0.5971
vn 0.8745 0.4184 0.2454
vn 0.7683 0.5822 0.2658
vn 0.8948 0.4080 0.1814
vn 0.8451 0.4941 0.2043
vn 0.9517 0.2090 0.2249
vn 0.8540 0.4489 0.2629
vn 0.0322 0.7007 0.7127
vn 0.0502 0.6946 0.7176
vn -0.0018 0.7514 0.6598
vn -0.0024 0.7516 0.6596
vn -0.0015 0.7512 0.6601
vn -0.0022 0.7514 0.6598
vn 0.4362 0.7924 0.4263
vn 0.4928 0.7633 0.4178
vn 0.4016 0.7606 0.5102
vn 0.5003 0.7079 0.4986
vn 0.4229 0.7657 0.4846
vn 0.4551 0.7497 0.4805
vn 0.2480 0.7522 0.6105
vn 0.2592 0.7479 0.6111
vn 0.2265 0.8043 0.5494
vn 0.2033 0.8109 0.5487
vn 0.2332 0.7963 0.5581
vn 0.2051 0.8053 0.5563
vn 0.6104 0.7450 0.2691
vn 0.5978 0.7537 0.2731
vn 0.6367 0.7122 0.2955
vn 0.6426 0.7078 0.2933
vn 0.6850 0.6769 0.2694
vn 0.6456 0.7083 0.2854
vn 0.8821 -0.3779 0.2813
vn 0.8766 -0.3545 0.3254
vn 0.8920 -0.3378 0.3003
vn 0.8925 -0.3397 0.2966
vn 0.8914 -0.3405 0.2993
vn 0.8907 -0.3381 0.3039
vn 0.8094 -0.3198 0.4926
vn 0.7159 -0.1859 0.6730
vn 0.8585 -0.2732 0.4340
vn 0.8250 -0.2244 0.5186
vn 0.8450 -0.3463 0.4074
vn 0.8073 -0.2779 0.5206
vn -0.3927 0.0000 0.9197
vn 0.9756 -0.0648 0.2099
vn 0.9351 -0.0975 0.3406
vn 0.8656 -0.0340 0.4996
vn 0.7956 -0.0338 0.6049
vn 0.7955 -0.0338 0.6050
vn 0.4976 -0.0650 0.8650
vn 0.5751 -0.1065 0.8111
vn 0.6338 -0.2336 0.7374
vn 0.5750 -0.1208 0.8092
vn 0.6337 -0.1861 0.7509
vn 0.8643 -0.2250 0.4498
vn 0.8727 -0.2049 0.4431
vn 0.9141 -0.2164 0.3428
vn 0.9334 -0.2069 0.2930
vn 0.9330 -0.3111 0.1810
vn 0.4018 0.8027 0.4407
vn 0.3180 0.8027 0.5046
vn 0.3896 0.8281 0.4031
vn 0.3114 0.8325 0.4583
vn 0.5376 0.7588 0.3677
vn 0.4149 0.7706 0.4838
vn 0.5683 0.7353 0.3692
vn 0.6427 0.7148 0.2757
vn 0.5885 0.6868 0.4266
vn 0.6589 0.6721 0.3378
vn 0.5166 0.7044 0.4867
vn 0.5832 0.7008 0.4108
vn 0.6361 0.4230 0.6453
vn 0.5897 0.4695 0.6571
vn 0.6863 0.3402 0.6428
vn 0.6438 0.3866 0.6603
vn 0.7461 0.2701 0.6085
vn 0.6902 0.3390 0.6394
vn 0.5461 0.3934 0.7396
vn 0.5108 0.4250 0.7473
vn 0.5558 0.4656 0.6887
vn 0.5299 0.4895 0.6925
vn 0.6498 0.3424 0.6787
vn 0.5164 0.4783 0.7104
vn 0.4703 0.2154 0.8558
vn 0.4132 0.2556 0.8740
vn 0.6584 0.2461 0.7113
vn 0.6931 0.2077 0.6903
vn 0.8866 0.1868 0.4231
vn 0.8760 0.2096 0.4345
vn 0.8561 0.2684 0.4417
vn 0.8875 0.2123 0.4090
vn 0.8115 0.2836 0.5109
vn 0.7915 0.3161 0.5231
vn 0.8813 0.1614 0.4440
vn 0.8259 0.2771 0.4909
vn 0.5266 0.2082 0.8242
vn 0.4593 0.2619 0.8488
vn 0.5381 0.2503 0.8048
vn 0.5380 0.2504 0.8049
vn 0.7602 0.2210 0.6110
vn 0.7517 0.2325 0.6172
vn 0.2457 0.2916 0.9244
vn 0.3202 0.2296 0.9191
vn 0.6866 0.2437 0.6849
vn 0.7058 0.2209 0.6731
vn 0.8912 0.1884 0.4127
vn 0.8842 0.2027 0.4208
vn 0.8320 0.2093 0.5137
vn 0.8329 0.2079 0.5129
vn 0.9696 0.1732 0.1727
vn 0.9648 0.1903 0.1814
vn 0.9753 0.1655 0.1462
vn 0.9750 0.0990 0.1989
vn 0.9679 0.1816 0.1738
vn 0.7068 0.6250 0.3313
vn 0.7348 0.6162 0.2834
vn 0.5473 0.7845 0.2915
vn 0.3108 0.8543 0.4167
vn 0.4859 0.3544 0.7989
vn 0.4350 0.4021 0.8057
vn 0.7168 0.6558 0.2367
vn 0.7309 0.6497 0.2090
vn 0.7225 0.6440 0.2514
vn 0.7359 0.6362 0.2318
vn -0.0231 0.2122 0.9770
vn -0.2176 0.1344 0.9667
vn -0.1052 -0.0745 0.9917
vn -0.1572 -0.0380 0.9868
vn 0.0999 0.5315 0.8412
vn 0.2051 0.5713 0.7947
vn 0.1452 0.5111 0.8472
vn -0.1894 0.6071 0.7717
vn -0.2942 0.5197 0.8021
vn 0.4719 0.4783 0.7407
vn 0.7111 0.3572 0.6056
vn -0.2592 0.8102 0.5258
vn -0.4657 0.7869 0.4047
vn 0.0868 0.6130 0.7853
vn 0.0200 0.6316 0.7751
vn 0.1123 0.5849 0.8033
vn -0.0744 0.7043 0.7060
vn 0.0313 0.5594 0.8283
vn 0.2319 0.0672 0.9704
vn 0.3426 -0.0865 0.9355
vn -0.1333 -0.0766 -0.9881
vn 0.0326 0.3416 0.9393
vn 0.0296 0.3461 0.9377
vn 0.0396 0.3507 0.9356
vn 0.3234 0.1207 0.9385
vn 0.2139 0.1799 0.9601
vn -0.2955 0.7633 0.5746
vn -0.2846 0.8208 0.4953
vn 0.0644 0.0738 0.9952
vn 0.0588 0.0822 0.9949
vn -0.7041 0.1522 0.6936
vn -0.7070 0.1507 0.6909
vn -0.1708 0.4315 0.8858
vn -0.1707 0.4315 0.8858
vn -0.5141 -0.0742 0.8545
vn 0.0070 0.8953 0.4453
vn 0.1304 0.8573 0.4980
vn 0.1687 0.5899 0.7897
vn 0.1521 0.6094 0.7782
vn 0.0756 0.0789 0.9940
vn 0.1625 -0.1032 0.9813
vn -0.0607 0.1678 0.9839
vn -0.0491 0.2786 0.9592
vn 0.1747 0.8537 0.4906
vn 0.0007 0.9090 0.4168
vn -0.0400 -0.2157 0.9756
vn -0.1216 -0.0502 0.9913
vn -0.1589 -0.0395 0.9865
vn -0.2272 0.0258 0.9735
vn -0.3844 -0.0592 0.9213
vn -0.7860 -0.0472 0.6165
vn -0.7611 -0.0975 0.6413
vn 0.0279 0.0575 -0.9980
vn -0.0023 0.0851 -0.9964
vn 0.0249 0.0337 -0.9991
vn 0.0266 0.0363 -0.9990
vn -0.6844 -0.0982 -0.7225
vn -0.5020 -0.3365 -0.7967
vn -0.3099 -0.7171 -0.6242
vn -0.7509 -0.5745 0.3258
vn -0.6721 -0.7402 -0.0175
vn -0.8975 0.2301 -0.3762
vn -0.9003 -0.4140 -0.1342
vn -0.5043 0.8009 0.3229
vn -0.6950 0.6293 0.3479
vn -0.1401 -0.9901 -0.0019
vn -0.1440 -0.9896 -0.0039
vn -0.6343 -0.2740 -0.7229
vn -0.5653 -0.5501 -0.6147
vn -0.3346 0.3862 -0.8596
vn -0.3869 0.5184 -0.7626
vn -0.2500 -0.0865 0.9644
vn 0.0045 -0.0475 0.9989
vn 0.0374 -0.0363 0.9986
vn -0.3711 -0.4304 0.8228
vn -0.0640 -0.2946 0.9535
vn 0.7040 0.3988 0.5876
vn 0.0348 0.1897 -0.9812
vn -0.0311 0.3399 -0.9399
vn -0.0597 0.2866 -0.9562
vn -0.7022 -0.4081 -0.5834
vn -0.7560 -0.4445 -0.4806
vn -0.6011 -0.1847 -0.7775
vn -0.3633 0.7588 -0.5406
vn -0.5581 0.1815 -0.8097
vn -0.5867 0.2369 -0.7744
vn -0.5505 0.1306 -0.8246
vn -0.5459 0.1689 -0.8206
vn -0.4743 0.0083 -0.8803
vn -0.3586 0.5986 -0.7163
vn -0.4241 0.7443 0.5159
vn -0.4763 0.7452 0.4666
vn -0.7365 0.6126 0.2870
vn -0.7391 0.6119 0.2817
vn -0.8163 0.2463 0.5224
vn -0.8310 0.2221 0.5101
vn -0.9474 -0.3036 0.1016
vn -0.9535 -0.1944 0.2304
vn -0.8858 -0.3940 -0.2450
vn -0.8963 -0.3168 -0.3102
vn -0.2578 0.2795 0.9249
vn -0.3943 0.1655 0.9040
vn -0.1029 -0.4601 -0.8819
vn -0.0706 -0.4813 -0.8737
vn -0.6831 -0.7296 0.0320
vn -0.6850 -0.7273 0.0423
vn -0.8968 -0.3742 0.2360
vn -0.8901 -0.3407 0.3028
vn -0.9667 0.1904 0.1710
vn -0.9600 0.2135 0.1812
vn -0.9701 -0.0181 0.2420
vn -0.9837 -0.0950 0.1524
vn -0.9687 -0.0044 0.2480
vn -0.9718 0.0276 0.2340
vn -0.9667 0.0229 0.2551
vn -0.8431 -0.3176 0.4340
vn -0.6122 0.0190 0.7905
vn -0.6090 -0.3133 -0.7287
vn -0.6261 -0.2891 -0.7241
vn -0.6262 -0.3307 -0.7061
vn -0.6042 -0.3373 -0.7219
vn -0.6103 -0.3304 -0.7200
vn -0.6555 -0.3210 -0.6836
vn -0.6837 -0.2875 -0.6708
vn -0.8520 -0.5001 0.1549
vn -0.9470 -0.3211 0.0115
vn -0.8078 -0.5875 0.0477
vn -0.7656 -0.6405 -0.0603
vn -0.9466 -0.0173 -0.3220
vn -0.8379 0.2219 -0.4986
vn -0.7656 0.4393 -0.4700
vn -0.8900 -0.2588 -0.3754
vn -0.6902 -0.4521 -0.5650
vn -0.7434 -0.4428 -0.5012
vn -0.9334 -0.2224 -0.2814
vn -0.1412 -0.9884 0.0551
vn -0.2371 -0.9715 -0.0069
vn -0.2663 -0.9549 0.1315
vn -0.3014 -0.9487 0.0957
vn -0.4668 -0.8840 0.0271
vn -0.1398 -0.2889 0.9471
vn -0.0632 -0.2886 0.9554
vn -0.9599 0.0996 0.2622
vn -0.9473 0.0535 0.3159
vn -0.5717 0.7280 0.3783
vn -0.5284 0.7322 0.4297
vn -0.6292 0.4256 0.6504
vn -0.6859 0.3624 0.6310
vn -0.7580 0.2345 0.6086
vn -0.7620 0.2295 0.6056
vn -0.8311 0.2162 0.5124
vn -0.8308 0.2166 0.5127
vn -0.9365 -0.3379 0.0941
vn -0.9532 -0.2979 0.0522
vn -0.0259 -0.9964 -0.0813
vn 0.0674 -0.9892 -0.1298
vn -0.9145 -0.3069 0.2636
vn 0.0340 0.0940 -0.9950
vn -0.0525 -0.0025 -0.9986
vn -0.4868 0.1767 0.8554
vn -0.5238 0.1379 0.8406
vn -0.6848 -0.1741 0.7076
vn 0.1058 0.2362 0.9659
vn -0.0443 0.1487 0.9879
vn -0.2109 -0.4229 -0.8813
vn -0.1676 -0.4550 -0.8746
vn -0.1706 -0.3732 -0.9119
vn -0.0031 -0.5058 -0.8627
vn -0.0706 -0.5025 -0.8617
vn -0.0553 -0.5140 -0.8560
vn -0.6773 -0.7342 0.0474
vn -0.6779 -0.7343 0.0352
vn -0.6255 -0.7801 -0.0147
vn -0.6155 -0.7881 0.0049
vn -0.6364 -0.7713 -0.0046
vn -0.6333 -0.7733 0.0289
vn 0.0095 -0.9999 0.0073
vn 0.0095 -0.9999 0.0074
vn -0.7742 -0.3202 0.5460
vn -0.7917 -0.3536 0.4982
vn -0.8722 -0.2224 0.4357
vn -0.8996 -0.1238 0.4188
vn -0.8916 -0.1879 0.4121
vn -0.9183 -0.2041 0.3393
vn -0.9198 -0.2138 0.3290
vn -0.1135 -0.3592 0.9263
vn -0.0211 -0.2625 0.9647
vn -0.1995 0.0701 0.9774
vn -0.9714 0.1636 0.1722
vn -0.9711 0.1647 0.1728
vn -0.0402 -0.4306 0.9016
vn 0.0078 -0.3605 0.9327
vn 0.0055 -0.9999 0.0155
vn 0.0079 -0.9999 0.0095
vn -0.9865 -0.0446 0.1574
vn -0.0211 -0.9943 -0.1048
vn 0.0745 -0.4456 0.8921
vn 0.1087 -0.3271 0.9387
vn -0.0171 -0.9963 -0.0846
vn -0.0210 -0.9959 -0.0885
vn -0.0211 -0.9958 -0.0886
vn -0.5085 -0.0655 0.8585
vn -0.4252 -0.0183 0.9049
vn -0.5521 0.7644 0.3330
vn -0.5521 0.7644 0.3329
vn -0.5030 0.7421 0.4429
vn -0.9472 0.2340 0.2193
vn -0.9299 0.2623 0.2579
vn -0.5496 0.2301 0.8031
vn -0.5405 0.2382 0.8069
vn -0.5032 0.4042 0.7638
vn -0.5307 0.3797 0.7577
vn -0.5167 -0.7258 0.4541
vn -0.3704 -0.7054 0.6043
vn -0.5659 -0.7952 0.2177
vn 0.7676 0.1878 -0.6128
vn -0.7957 -0.0951 0.5982
vn -0.7206 -0.0411 0.6921
vn -0.8969 -0.0161 0.4419
vn -0.9126 -0.0308 0.4077
vn 0.2117 -0.1933 0.9580
vn 0.1637 -0.0747 0.9837
vn -0.1249 -0.3643 0.9229
vn -0.3047 -0.4944 0.8141
vn 0.0267 -0.9995 -0.0164
vn 0.0267 -0.9995 -0.0163
vn 0.0235 -0.9991 -0.0348
vn 0.0249 -0.9985 -0.0495
vn 0.0281 -0.9982 -0.0533
vn 0.1595 -0.0894 0.9831
vn 0.1492 -0.0088 0.9888
vn 0.1264 -0.0833 0.9885
vn 0.1177 -0.0027 0.9931
vn 0.0801 -0.1347 0.9876
vn 0.0604 0.0023 0.9982
vn -0.0181 -0.1298 0.9914
vn 0.2058 -0.3031 0.9305
vn 0.2222 -0.1801 0.9582
vn -0.0008 -0.9998 0.0176
vn -0.0008 -0.9998 0.0177
vn -0.0050 -0.9997 0.0249
vn 0.0054 0.0007 1.0000
vn 0.0058 -0.0001 1.0000
vn -0.4491 0.6564 0.6062
vn -0.7684 0.0653 0.6366
vn -0.5710 0.7390 0.3576
vn -0.4172 0.7783 0.4692
vn -0.6666 -0.0536 0.7435
vn -0.3003 0.1263 0.9454
vn -0.2854 0.2320 0.9299
vn -0.3210 0.1996 0.9258
vn 0.0131 -0.0584 0.9982
vn 0.0055 -0.0438 0.9990
vn -0.2344 0.4316 0.8711
vn -0.4236 0.2737 0.8635
vn -0.9484 0.2414 0.2056
vn -0.9447 0.3194 0.0746
vn -0.1976 0.0368 0.9796
vn -0.1460 0.0180 0.9891
vn -0.1995 0.0641 0.9778
vn -0.9684 0.0787 0.2366
vn -0.9906 0.0097 0.1365
vn -0.9795 0.0838 0.1831
vn -0.9820 0.0638 0.1776
vn -0.9460 0.0233 0.3234
vn -0.9672 0.0283 0.2525
vn -0.9658 0.0394 0.2564
vn -0.9732 0.0489 0.2245
vn -0.9559 0.1036 0.2747
vn -0.9042 0.1181 0.4105
vn -0.3815 0.1195 0.9166
vn -0.4705 0.0651 0.8800
vn -0.2845 0.3276 0.9009
vn -0.2242 0.3626 0.9046
vn -0.1450 -0.4426 0.8849
vn 0.0331 -0.3177 0.9476
vn -0.1704 0.9223 0.3468
vn -0.1468 0.9203 0.3626
vn -0.3467 0.1660 0.9232
vn -0.4339 0.1234 0.8925
vn -0.1606 0.5616 0.8117
vn -0.1772 0.5505 0.8158
vn -0.5837 -0.1007 0.8057
vn -0.3919 0.0241 0.9197
vn -0.4670 0.0886 0.8798
vn -0.3512 0.1367 0.9263
vn -0.4245 0.1835 0.8866
vn -0.2944 0.2564 0.9207
vn -0.2190 0.4168 0.8822
vn -0.1688 0.4466 0.8787
vn -0.1683 0.8360 0.5224
vn -0.1365 0.8272 0.5450
vn -0.1768 0.9517 0.2510
vn -0.1578 0.9509 0.2663
vn -0.9367 0.3152 0.1528
vn -0.9409 0.3060 0.1448
vn -0.9106 0.3736 0.1765
vn -0.9400 0.3147 0.1322
vn -0.6573 0.5375 0.5282
vn -0.7263 0.4569 0.5135
vn -0.2869 0.2161 0.9333
vn -0.2898 0.2210 0.9312
vn -0.3059 0.2295 0.9240
vn -0.8598 0.2473 0.4467
vn -0.9397 0.0092 0.3419
vn -0.0894 0.7585 0.6456
vn -0.4449 0.5113 0.7352
vn -0.3330 0.0211 0.9427
vn -0.7254 -0.3499 0.5927
vn -0.5787 -0.2852 0.7641
vn -0.7708 -0.4454 0.4556
vn -0.2877 -0.6114 0.7372
vn -0.5806 0.5253 0.6220
vn -0.6281 0.6013 0.4939
vn 0.0167 0.8694 0.4938
vn 0.0150 0.8693 0.4940
vn 0.0383 0.6592 0.7510
vn -0.8720 -0.0620 0.4855
vn -0.4618 0.8204 0.3371
vn -0.4618 0.8205 0.3370
vn -0.4618 0.8204 0.3372
vn -0.4506 0.8145 0.3654
vn -0.5390 -0.6335 0.5551
vn -0.5326 -0.6354 0.5590
vn -0.5348 -0.6351 0.5573
vn -0.5375 -0.6352 0.5547
vn -0.5136 -0.6296 0.5830
vn -0.5858 -0.5964 0.5488
vn -0.4601 -0.5687 0.6819
vn 0.7398 -0.0772 -0.6684
vn -0.4118 0.8424 0.3476
vn -0.4067 0.8436 0.3507
vn -0.4067 0.8435 0.3508
vn -0.4087 0.8458 0.3430
vn -0.4089 0.8424 0.3509
vn -0.3246 0.8336 0.4469
vn -0.3146 0.8346 0.4522
vn -0.3067 0.8321 0.4621
vn -0.3069 0.8325 0.4612
vn -0.2912 0.8811 0.3726
vn -0.5929 0.6905 0.4144
vn -0.4491 0.6563 0.6062
vn -0.7650 -0.4083 0.4980
vn -0.5133 -0.3668 0.7758
vn -0.6980 -0.3046 0.6481
vn -0.5632 -0.2175 0.7972
vn -0.9779 -0.1370 0.1578
vn -0.9898 -0.0447 0.1351
vn -0.9870 0.0076 0.1607
vn -0.9758 0.0853 0.2013
vn -0.7746 0.1878 0.6039
vn -0.7835 0.1770 0.5956
vn -0.2725 -0.6797 0.6809
vn -0.2537 -0.6708 0.6969
vn -0.9632 0.1195 0.2409
vn -0.9745 0.0799 0.2098
vn -0.3813 -0.3209 0.8670
vn -0.3813 -0.3208 0.8670
vn -0.8988 0.2326 0.3717
vn -0.9375 -0.0314 0.3465
vn -0.9179 0.2294 0.3237
vn -0.2640 -0.4754 0.8393
vn -0.1865 -0.3318 0.9247
vn -0.6082 -0.0164 0.7936
vn -0.6081 -0.0146 0.7937
vn -0.6086 -0.0164 0.7933
vn -0.6109 0.1819 0.7705
vn -0.6058 0.1869 0.7734
vn -0.4477 -0.6884 0.5707
vn -0.4674 -0.7000 0.5400
vn -0.5890 -0.6862 0.4268
vn -0.5839 -0.6804 0.4428
vn -0.2545 -0.7029 0.6642
vn -0.2458 -0.6993 0.6712
vn -0.3768 -0.1055 0.9203
vn -0.3713 -0.1000 0.9231
vn -0.3347 -0.0983 0.9372
vn -0.3491 -0.1112 0.9305
vn -0.9014 0.1867 0.3907
vn -0.9115 0.1686 0.3752
vn -0.7296 -0.6321 0.2610
vn -0.7209 -0.6103 0.3282
vn -0.8319 -0.5167 0.2026
vn -0.8275 -0.4730 0.3026
vn -0.9641 0.0937 0.2484
vn -0.9272 0.2229 0.3009
vn -0.8405 -0.4512 0.3001
vn -0.8330 -0.3950 0.3875
vn -0.9596 -0.0369 0.2789
vn -0.8597 -0.3880 0.3321
vn -0.8603 -0.3865 0.3325
vn -0.1435 -0.6339 0.7600
vn -0.0757 -0.5708 0.8176
vn -0.1431 -0.1372 0.9801
vn -0.1115 -0.1033 0.9884
vn -0.0864 -0.0465 0.9952
vn 0.9993 0.0366 0.0001
vn 0.1820 0.6609 0.7280
vn -0.0030 0.5491 0.8357
vn -0.4934 0.7934 0.3564
vn -0.5050 0.7874 0.3536
vn -0.6828 0.6773 0.2741
vn -0.7848 0.5692 0.2452
vn -0.8670 0.2382 0.4377
vn -0.8670 0.2383 0.4376
vn -0.9092 -0.0332 0.4150
vn -0.1693 0.7285 0.6638
vn -0.2592 0.6903 0.6755
vn -0.7926 0.4800 0.3759
vn -0.9012 0.2297 0.3675
vn -0.1283 0.7027 0.6998
vn 0.0020 0.7512 0.6601
vn -0.4753 0.7815 0.4041
vn -0.4018 0.8160 0.4156
vn -0.2169 0.7538 0.6202
vn -0.2513 0.7401 0.6238
vn -0.6055 0.7472 0.2740
vn -0.6219 0.7355 0.2688
vn 0.0490 0.5510 0.8330
vn -0.4317 0.2014 0.8793
vn -0.4540 0.6915 0.5618
vn -0.5975 0.5531 0.5806
vn -0.7750 0.4454 0.4484
vn -0.8830 0.2447 0.4005
vn -0.4905 -0.6024 0.6298
vn -0.5247 -0.6965 0.4895
vn -0.2665 -0.7800 0.5662
vn -0.0321 -0.7038 0.7097
vn -0.8007 -0.0495 0.5970
vn -0.7462 -0.1405 0.6508
vn -0.4808 -0.6032 0.6364
vn -0.5121 -0.7510 0.4168
vn -0.6437 0.1546 0.7495
vn -0.5587 0.2804 0.7805
vn -0.5657 -0.3307 0.7554
vn -0.5705 -0.3254 0.7541
vn -0.1807 -0.2974 0.9375
vn -0.3386 -0.5227 0.7824
vn -0.5108 -0.1043 0.8533
vn -0.4367 -0.3515 0.8281
vn -0.3991 -0.2796 0.8733
vn -0.2619 -0.7893 0.5554
vn -0.2511 -0.7833 0.5687
vn -0.4959 0.1420 0.8567
vn -0.3834 0.2663 0.8844
vn -0.7552 -0.2699 0.5974
vn -0.5558 0.1652 0.8147
vn -0.5201 -0.5913 0.6163
vn -0.5707 -0.1826 0.8006
vn -0.8417 0.1077 0.5291
vn -0.7409 0.1123 0.6622
vn -0.6072 -0.1382 0.7824
vn -0.1569 0.4787 0.8638
vn -0.1501 0.4861 0.8609
vn -0.6487 0.1339 0.7492
vn -0.4830 0.4276 0.7641
vn -0.5985 -0.1387 0.7891
vn -0.5882 -0.1617 0.7924
vn -0.6515 -0.1504 0.7436
vn -0.5918 -0.2431 0.7685
vn -0.3314 -0.1068 0.9374
vn -0.1295 -0.0790 0.9884
vn -0.6051 -0.0519 0.7945
vn -0.6294 -0.0783 0.7731
vn -0.0784 -0.8780 0.4722
vn -0.1291 -0.9165 0.3787
vn -0.5875 -0.0531 0.8074
vn -0.5496 -0.0547 0.8337
vn -0.4218 0.0681 0.9041
vn -0.0459 0.0240 0.9987
vn -0.3575 -0.1544 0.9211
vn -0.5925 -0.1978 0.7809
vn -0.5300 -0.2531 0.8093
vn -0.5853 0.7646 0.2699
vn -0.6158 0.7642 0.1918
vn -0.2740 0.9281 0.2522
vn -0.2738 0.9280 0.2525
vn -0.2738 0.9281 0.2525
vn -0.5916 0.7818 0.1969
vn -0.2956 0.9013 0.3166
vn -0.7328 0.6447 0.2176
vn -0.5833 0.7241 -0.3680
vn -0.6669 0.6892 -0.2833
vn -0.2228 0.8948 -0.3870
vn -0.2710 0.8981 -0.3463
vn -0.9480 0.3067 -0.0856
vn -0.9399 0.3340 -0.0708
vn -0.8419 -0.3307 -0.4265
vn -0.8142 -0.3665 -0.4503
vn -0.1658 0.0973 -0.9813
vn -0.1510 0.0840 -0.9850
vn -0.8180 -0.1907 -0.5427
vn -0.7289 -0.3115 -0.6097
vn -0.1035 -0.2625 -0.9594
vn -0.0985 -0.2670 -0.9586
vn -0.8271 0.1936 -0.5277
vn -0.8207 0.1823 -0.5415
vn -0.9444 -0.2690 -0.1892
vn -0.9072 -0.3602 -0.2173
vn -0.9759 0.1643 -0.1434
vn -0.9738 0.2008 -0.1072
vn -0.3502 0.9337 0.0738
vn -0.3823 0.9229 0.0458
vn -0.5559 0.8304 0.0384
vn -0.7888 0.6067 -0.0989
vn -0.7409 0.5977 -0.3063
vn -0.6812 0.6319 -0.3697
vn -0.6779 0.7195 -0.1505
vn -0.6742 0.7223 -0.1538
vn -0.7429 0.6584 -0.1211
vn -0.7807 0.6191 -0.0852
vn -0.9405 0.3393 0.0147
vn -0.9367 0.3490 0.0274
vn -0.9507 0.2680 -0.1563
vn -0.9422 0.3005 -0.1483
vn -0.3360 0.9286 -0.1574
vn -0.3473 0.9260 -0.1478
vn -0.8082 0.5877 -0.0368
vn -0.7540 0.6563 0.0276
vn -0.6868 0.7253 0.0474
vn -0.6733 0.7366 0.0639
vn -0.2202 0.6999 -0.6795
vn -0.1595 0.6816 -0.7141
vn -0.2714 0.3609 -0.8922
vn -0.2176 0.3323 -0.9177
vn -0.2064 0.2877 -0.9352
vn -0.2269 0.3035 -0.9254
vn -0.6134 -0.3168 -0.7235
vn -0.6428 -0.2943 -0.7073
vn -0.6238 -0.2745 -0.7318
vn -0.6083 -0.2865 -0.7402
vn -0.8224 -0.2823 -0.4940
vn -0.8126 -0.2942 -0.5031
vn -0.7428 -0.3738 -0.5554
vn -0.7435 -0.3834 -0.5479
vn -0.7542 -0.3731 -0.5404
vn -0.9027 -0.1950 -0.3836
vn -0.7767 -0.2966 -0.5557
vn -0.2295 0.1105 -0.9670
vn -0.2629 0.1351 -0.9553
vn -0.2849 -0.0328 -0.9580
vn -0.2908 -0.0285 -0.9564
vn -0.1088 -0.0208 -0.9938
vn -0.1195 -0.0118 -0.9928
vn -0.6165 -0.0918 -0.7820
vn -0.5838 -0.1175 -0.8034
vn -0.5670 -0.0210 -0.8235
vn -0.7118 -0.0644 -0.6994
vn -0.7360 -0.0222 -0.6766
vn -0.9742 0.1785 0.1379
vn -0.9736 0.1806 0.1398
vn -0.9634 0.2368 0.1257
vn -0.9796 0.1908 0.0633
vn -0.9241 -0.3669 0.1068
vn -0.9363 -0.3277 0.1265
vn -0.2647 0.9634 -0.0419
vn -0.2626 0.9638 -0.0451
vn -0.2604 0.9646 -0.0410
vn -0.2767 -0.2401 -0.9305
vn -0.2761 -0.2406 -0.9305
vn -0.2554 -0.3704 -0.8931
vn -0.2146 -0.4018 -0.8902
vn -0.1078 -0.4122 -0.9047
vn -0.1122 -0.4078 -0.9061
vn -0.6172 0.2666 -0.7403
vn -0.6069 0.2604 -0.7509
vn -0.6699 0.4729 -0.5723
vn -0.6730 0.4732 -0.5685
vn -0.7541 0.3925 -0.5266
vn -0.7140 0.3398 -0.6122
vn -0.9127 -0.2327 -0.3357
vn -0.9191 -0.1641 -0.3582
vn -0.9039 -0.2387 -0.3549
vn 0.0250 0.0005 0.9997
vn 0.0232 0.0035 0.9997
vn -0.5509 -0.0176 -0.8344
vn -0.5516 -0.0369 -0.8333
vn -0.5594 -0.0179 -0.8287
vn -0.9274 0.1482 -0.3435
vn -0.9253 0.1418 -0.3518
vn -0.9003 0.3050 -0.3104
vn -0.9034 0.3297 -0.2742
vn -0.9482 0.3133 -0.0528
vn -0.9504 0.3041 -0.0650
vn -0.4945 0.8689 -0.0229
vn -0.8784 0.3218 -0.3534
vn -0.8657 0.3497 -0.3580
vn -0.9370 0.3486 -0.0225
vn -0.9489 0.3054 -0.0790
vn -0.9400 0.3360 -0.0594
vn -0.0724 0.6401 -0.7649
vn -0.1090 0.6554 -0.7474
vn -0.0325 0.8471 -0.5305
vn -0.0904 0.8635 -0.4962
vn -0.0771 0.9824 -0.1701
vn -0.0765 0.9824 -0.1704
vn -0.1721 0.9789 -0.1098
vn -0.0742 0.9831 -0.1674
vn -0.1646 0.9847 -0.0575
vn -0.1628 0.9862 0.0312
vn -0.1004 0.9910 0.0884
vn -0.0317 -0.1204 0.9922
vn -0.0423 -0.1311 0.9905
vn -0.2842 0.2863 -0.9150
vn -0.2865 0.2898 -0.9132
vn -0.9961 0.0047 0.0884
vn -0.9916 0.0379 0.1235
vn -0.9777 -0.0416 -0.2061
vn -0.9860 0.0252 -0.1650
vn -0.9504 0.0102 -0.3107
vn -0.9369 -0.0410 -0.3471
vn -0.9864 -0.0313 0.1615
vn -0.9862 -0.0287 0.1628
vn -0.7002 -0.0446 -0.7126
vn -0.7053 -0.0249 -0.7085
vn -0.9774 -0.0355 -0.2086
vn -0.9782 -0.0282 -0.2059
vn -0.1237 -0.9893 -0.0774
vn -0.1004 -0.9908 -0.0912
vn -0.2448 0.9324 0.2658
vn -0.1582 0.9828 0.0950
vn -0.0387 0.9658 0.2565
vn -0.1013 -0.9641 -0.2453
vn -0.2536 -0.9399 -0.2288
vn -0.5942 0.7801 -0.1956
vn -0.4001 0.8230 -0.4033
vn -0.2649 0.9602 -0.0882
vn -0.1500 -0.9879 -0.0386
vn -0.1236 -0.9901 -0.0662
vn -0.7338 0.0705 -0.6757
vn -0.7862 0.1537 -0.5985
vn -0.1869 0.9747 0.1223
vn -0.1954 0.9735 0.1187
vn -0.1874 0.9813 0.0441
vn -0.1843 0.9817 0.0477
vn -0.8289 0.0863 -0.5526
vn -0.9143 -0.3337 0.2294
vn -0.9131 -0.3288 -0.2411
vn -0.9198 -0.3244 -0.2205
vn -0.9752 -0.0746 -0.2084
vn -0.9920 -0.1005 -0.0760
vn -0.9765 -0.0440 -0.2109
vn -0.9826 -0.1379 0.1248
vn -0.9870 -0.0574 0.1504
vn -0.9482 -0.1843 -0.2587
vn -0.9792 -0.0024 -0.2031
vn -0.1458 -0.9844 -0.0985
vn -0.1860 -0.9805 -0.0639
vn -0.8329 -0.3541 -0.4254
vn -0.8476 -0.4303 -0.3106
vn -0.8528 -0.2251 -0.4712
vn -0.9893 -0.1060 0.1008
vn -0.9896 -0.0656 0.1279
vn -0.9094 -0.0587 -0.4118
vn -0.9655 0.0433 -0.2567
vn -0.0461 -0.0297 0.9985
vn 0.0410 -0.9896 -0.1379
vn 0.0922 -0.9824 -0.1627
vn -0.0407 -0.0659 -0.9970
vn -0.0897 -0.1275 -0.9878
vn -0.0264 -0.1341 0.9906
vn -0.1705 -0.2927 0.9409
vn -0.0544 -0.0995 0.9935
vn -0.8893 -0.4522 0.0675
vn -0.8830 -0.4654 0.0616
vn -0.8814 -0.4671 0.0705
vn -0.9193 -0.3786 0.1076
vn -0.6140 -0.1616 -0.7726
vn -0.6291 -0.3319 -0.7029
vn 0.1432 -0.1084 0.9837
vn 0.1167 -0.0637 0.9911
vn -0.1601 0.9838 0.0809
vn -0.0848 0.9909 0.1044
vn -0.7506 -0.3990 0.5266
vn -0.6975 -0.3178 0.6422
vn -0.3691 -0.5379 0.7579
vn -0.4949 -0.7240 0.4805
vn -0.5530 -0.4893 0.6744
vn -0.6595 -0.3308 0.6750
vn -0.2403 -0.8078 0.5382
vn -0.2507 -0.8178 0.5180
vn -0.7146 -0.5026 0.4864
vn -0.1303 -0.1057 0.9858
vn -0.1113 -0.1171 0.9869
vn -0.1561 -0.9866 0.0479
vn -0.1522 -0.9871 0.0502
vn -0.0120 -0.9160 -0.4009
vn 0.7233 0.2289 0.6515
vn 0.6239 0.2869 0.7270
vn -0.8637 -0.0112 0.5038
vn -0.7552 0.0260 0.6550
vn 0.7641 0.4115 0.4967
vn -0.3048 0.2131 0.9283
vn -0.9673 -0.0941 0.2356
vn -0.9594 -0.0797 0.2704
vn -0.7076 0.5208 0.4776
vn -0.7855 0.5320 0.3161
vn -0.7337 0.4265 0.5289
vn -0.8199 0.4407 0.3654
vn -0.4791 0.1744 0.8603
vn -0.1381 0.3788 0.9151
vn -0.4387 0.7804 0.4454
vn -0.2882 0.6327 0.7188
vn -0.2308 0.4526 0.8613
vn -0.4421 0.4501 0.7759
vn -0.7610 -0.3961 -0.5137
vn -0.3841 -0.2581 -0.8865
vn -0.6949 -0.6079 0.3842
vn -0.4950 0.2790 0.8228
vn -0.9563 0.1038 0.2733
vn -0.7969 -0.0033 0.6041
vn -0.4983 0.2658 0.8252
vn -0.9680 -0.0253 0.2499
vn -0.9583 -0.0010 0.2857
vn -0.1243 0.1824 0.9753
vn -0.0902 0.2101 0.9735
vn -0.9529 0.0626 0.2967
vn -0.9789 -0.0395 0.2004
vn -0.9907 0.1137 0.0750
vn -0.8545 0.4392 0.2774
vn -0.6642 -0.2350 -0.7096
vn -0.7208 -0.2724 -0.6374
vn 0.5475 0.3733 0.7489
vn 0.7336 0.3091 0.6051
vn -0.7215 -0.2623 -0.6408
vn -0.7816 -0.3242 -0.5330
vn -0.5967 -0.4974 0.6297
vn -0.1231 0.1757 0.9767
vn -0.7642 -0.4033 -0.5033
vn -0.7093 -0.3686 -0.6008
vn -0.6750 0.2223 0.7036
vn -0.8305 -0.5564 -0.0265
vn 0.2298 0.9669 0.1111
vn 0.1490 0.9692 0.1961
vn 0.5461 0.8191 0.1756
vn -0.4088 0.3319 0.8501
vn 0.1113 0.8118 0.5732
vn 0.1321 0.8093 0.5723
vn 0.2397 0.8532 0.4632
vn 0.3466 -0.0697 0.9354
vn 0.4590 -0.0331 0.8878
vn 0.8863 0.1764 0.4283
vn 0.3577 0.1798 0.9164
vn 0.4246 -0.2894 0.8579
vn -0.0888 -0.4836 0.8708
vn 0.4806 0.8530 0.2036
vn 0.0316 0.3289 0.9438
vn -0.1747 0.3680 0.9133
vn -0.2966 0.5079 0.8087
vn 0.0568 0.6491 0.7586
vn 0.0207 0.6639 0.7475
vn 0.1471 0.5223 0.8400
vn 0.0492 0.8786 0.4751
vn -0.1414 0.6947 0.7053
vn 0.0844 0.3829 0.9199
vn 0.0501 0.8540 0.5179
vn -0.2082 0.9654 -0.1570
vn -0.2423 0.9485 -0.2040
vn -0.6485 0.6347 -0.4202
vn -0.6149 0.7178 -0.3266
vn -0.8928 -0.0286 -0.4496
vn -0.8322 0.1842 -0.5230
vn -0.8982 0.1318 -0.4195
vn -0.9717 -0.1772 -0.1564
vn -0.9538 0.0819 -0.2890
vn -0.9506 0.1273 -0.2831
vn -0.9159 0.2213 -0.3350
vn -0.9114 0.2401 -0.3343
vn -0.2383 0.8781 -0.4150
vn -0.1608 0.9207 -0.3555
vn -0.9235 0.1704 -0.3438
vn -0.9025 0.1289 -0.4109
vn 0.0968 0.9601 -0.2624
vn 0.2439 0.9583 -0.1488
vn -0.2360 0.8727 0.4275
vn -0.2957 0.8826 0.3656
vn -0.5533 0.7505 0.3615
vn -0.3446 0.7099 0.6142
vn -0.4012 0.8260 0.3960
vn -0.4587 0.8225 0.3363
vn -0.3547 0.6928 0.6278
vn -0.3532 0.7211 0.5960
vn -0.4316 0.7583 0.4886
vn -0.4426 0.6794 0.5852
vn -0.2472 0.7998 0.5470
vn -0.2431 0.8189 0.5198
vn -0.7975 0.2042 0.5677
vn -0.8309 0.1860 0.5244
vn -0.7552 0.4427 0.4834
vn -0.7061 0.4746 0.5255
vn -0.5827 0.4256 0.6923
vn -0.5625 0.4373 0.7017
vn -0.0122 0.8795 0.4758
vn 0.0240 0.8693 0.4937
vn 0.2119 0.8616 0.4612
vn 0.1375 0.8940 0.4265
vn 0.1507 0.8556 0.4952
vn 0.1552 0.8536 0.4973
vn 0.1058 0.5085 0.8545
vn 0.1190 0.4906 0.8632
vn -0.0256 0.5376 0.8428
vn -0.0231 0.5303 0.8475
vn 0.0538 0.6414 0.7653
vn 0.1044 0.5696 0.8153
vn -0.1663 -0.0129 0.9860
vn -0.0107 -0.1802 0.9836
vn -0.3099 0.0193 0.9506
vn -0.3343 0.0482 0.9412
vn -0.2161 0.3843 0.8976
vn -0.2007 0.2689 0.9420
vn 0.2048 0.8873 0.4132
vn 0.1627 0.9107 0.3798
vn 0.0753 0.9167 0.3924
vn 0.0665 0.9205 0.3850
vn 0.0680 0.9125 0.4034
vn 0.0652 0.9138 0.4009
vn -0.0344 -0.0384 0.9987
vn -0.2694 -0.0573 0.9613
vn -0.0338 -0.0397 0.9986
vn -0.4589 -0.8860 0.0670
vn -0.7409 0.1277 -0.6594
vn -0.4005 -0.2933 -0.8681
vn 0.0185 -0.1213 -0.9924
vn -0.4030 -0.2890 -0.8684
vn -0.3499 0.0372 -0.9360
vn 0.0044 0.6717 -0.7408
vn -0.0386 0.7562 -0.6532
vn -0.1245 0.4002 -0.9079
vn -0.1902 0.6092 -0.7698
vn -0.1563 0.5879 -0.7937
vn -0.1894 0.7463 -0.6381
vn -0.2721 0.3073 -0.9119
vn -0.3105 0.3797 -0.8714
vn -0.3320 0.2671 -0.9047
vn -0.3788 0.3431 -0.8596
vn -0.4381 0.3539 -0.8263
vn -0.4632 0.4165 -0.7823
vn -0.2300 0.9111 -0.3420
vn -0.1936 0.9536 -0.2308
vn -0.3779 0.8762 -0.2991
vn -0.3699 0.8954 -0.2478
vn -0.3791 0.9001 -0.2147
vn -0.4562 0.7977 -0.3944
vn -0.6996 0.6067 -0.3775
vn -0.6983 0.6427 -0.3152
vn -0.8100 0.4627 -0.3602
vn -0.8116 0.5533 -0.1875
vn -0.7556 0.5608 -0.3384
vn -0.7674 0.5185 -0.3771
vn -0.0565 0.9637 -0.2608
vn -0.2113 0.9210 -0.3272
vn -0.0945 0.9300 -0.3552
vn 0.0643 0.9640 -0.2579
vn -0.5486 0.7129 -0.4368
vn -0.4633 0.8289 -0.3135
vn -0.7385 0.5873 -0.3311
vn -0.6522 0.7439 -0.1459
vn 0.6682 -0.7279 -0.1542
vn -0.3318 0.5170 -0.7891
vn -0.6149 0.4295 -0.6614
vn -0.1154 0.5616 -0.8193
vn -0.1101 0.5632 -0.8190
vn 0.0140 0.9266 -0.3757
vn 0.0837 0.9441 -0.3189
vn 0.1065 0.9833 -0.1478
vn 0.1211 0.9836 -0.1339
vn -0.9390 0.2311 -0.2547
vn -0.8990 0.2949 -0.3238
vn -0.7001 -0.7038 0.1204
vn -0.3299 0.2082 -0.9208
vn -0.5756 0.0604 -0.8155
vn -0.8144 0.1281 0.5660
vn -0.8379 0.1172 0.5331
vn -0.7122 0.1087 0.6935
vn -0.9360 0.3146 -0.1582
vn -0.8758 0.4118 -0.2518
vn 0.1217 -0.9912 -0.0522
vn -0.1601 0.6018 -0.7824
vn -0.2135 0.5911 -0.7779
vn -0.0210 -0.3763 -0.9262
vn -0.2544 -0.2622 -0.9309
vn 0.0348 0.9156 -0.4006
vn 0.0697 0.9226 -0.3794
vn -0.0236 0.5476 -0.8364
vn -0.1625 0.6911 -0.7042
vn -0.0545 0.3873 -0.9203
vn -0.0313 0.7531 -0.6571
vn -0.0560 0.8208 -0.5684
vn -0.0086 0.0846 -0.9964
vn 0.3408 0.3181 -0.8847
vn 0.1660 0.0226 -0.9859
vn -0.0027 -0.9985 -0.0541
vn -0.5998 0.7260 -0.3365
vn -0.5758 0.7684 -0.2793
vn -0.0482 0.5382 -0.8415
vn -0.1128 0.5058 -0.8552
vn -0.4650 -0.0322 -0.8847
vn -0.3930 0.0002 -0.9196
vn -0.0238 0.9350 -0.3537
vn -0.1046 0.9173 -0.3841
vn -0.9610 0.0792 -0.2648
vn -0.8603 0.2176 -0.4609
vn -0.4800 0.6311 -0.6094
vn -0.2794 0.6652 -0.6924
vn -0.3314 0.1982 -0.9224
vn -0.3599 0.1877 -0.9139
vn -0.0980 0.1660 -0.9813
vn -0.1238 0.1487 -0.9811
vn 0.0036 0.0900 -0.9959
vn -0.0404 0.0435 -0.9982
vn 0.0077 0.4652 -0.8852
vn -0.0381 0.4332 -0.9005
vn -0.4087 0.0211 -0.9124
vn -0.4172 0.0226 -0.9085
vn -0.3970 0.0273 -0.9174
vn -0.4351 -0.2215 -0.8727
vn -0.1027 -0.0136 -0.9946
vn -0.3538 0.0134 -0.9352
vn -0.4325 -0.0379 -0.9008
vn -0.3207 0.1714 -0.9316
vn -0.2645 0.1912 -0.9453
vn -0.2456 0.1835 -0.9518
vn -0.1873 0.2038 -0.9609
vn -0.0683 0.5503 -0.8322
vn -0.0761 0.5479 -0.8330
vn -0.3762 0.0857 -0.9225
vn -0.8887 0.3332 -0.3150
vn -0.9095 0.3053 -0.2823
vn -0.4608 0.8507 -0.2531
vn -0.5341 0.7764 -0.3345
vn -0.8801 0.1290 -0.4569
vn -0.8717 0.1182 -0.4756
vn 0.1547 -0.0325 -0.9874
vn 0.1628 -0.0474 -0.9855
vn 0.1553 -0.0325 -0.9873
vn 0.1772 -0.0240 -0.9839
vn 0.1838 -0.0356 -0.9823
vn -0.1167 -0.1240 -0.9854
vn -0.0260 -0.1317 -0.9910
vn -0.1432 0.0471 -0.9886
vn -0.3433 -0.0173 -0.9391
vn -0.3066 0.0137 -0.9517
vn -0.5248 -0.2036 -0.8265
vn 0.0490 -0.1209 0.9915
vn -0.0101 -0.0431 0.9990
vn 0.1493 -0.0818 0.9854
vn 0.0837 0.0793 0.9933
vn 0.2336 0.0823 0.9688
vn 0.2475 0.0710 0.9663
vn 0.1460 0.1283 0.9809
vn 0.1051 0.1390 0.9847
vn -0.0159 -0.0657 0.9977
vn -0.0374 -0.0495 0.9981
vn -0.5935 0.7055 -0.3874
vn -0.6182 0.6965 -0.3642
vn -0.6238 0.7142 -0.3176
vn -0.6646 0.6915 -0.2829
vn -0.6669 0.6894 -0.2829
vn -0.7244 0.6505 -0.2281
vn -0.2458 0.8693 -0.4289
vn -0.3065 0.8731 -0.3790
vn -0.3137 0.9033 -0.2926
vn -0.3178 0.9031 -0.2888
vn -0.2760 0.9159 -0.2915
vn -0.3274 0.9124 -0.2458
vn -0.9557 0.2824 -0.0828
vn -0.9481 0.3106 -0.0681
vn -0.9557 0.2871 -0.0654
vn -0.9549 0.2899 -0.0640
vn -0.9549 0.2895 -0.0657
vn -0.9493 0.3095 -0.0543
vn -0.8603 -0.2680 -0.4337
vn -0.8086 -0.3386 -0.4813
vn -0.8206 -0.2998 -0.4866
vn -0.7948 -0.3324 -0.5077
vn -0.8282 -0.3258 -0.4560
vn -0.7930 -0.3694 -0.4844
vn -0.2103 0.1372 -0.9680
vn -0.1652 0.0973 -0.9814
vn -0.1648 0.0845 -0.9827
vn -0.1591 0.0795 -0.9841
vn -0.1509 0.0797 -0.9853
vn -0.1105 0.0436 -0.9929
vn -0.8113 -0.1172 -0.5727
vn -0.7442 -0.2007 -0.6371
vn -0.7669 -0.0939 -0.6349
vn -0.6837 -0.1835 -0.7063
vn -0.7700 -0.1752 -0.6135
vn -0.6209 -0.3350 -0.7087
vn -0.1589 -0.2426 -0.9570
vn -0.1372 -0.2621 -0.9552
vn -0.1365 -0.2960 -0.9454
vn -0.1170 -0.3136 -0.9423
vn -0.0981 -0.3139 -0.9444
vn -0.1042 -0.3083 -0.9456
vn -0.7927 0.2130 -0.5712
vn -0.7863 0.2037 -0.5833
vn -0.7774 0.2728 -0.5668
vn -0.7560 0.2478 -0.6058
vn -0.8141 0.2327 -0.5320
vn -0.7950 0.2026 -0.5718
vn -0.9692 0.1330 -0.2073
vn -0.9710 0.1659 -0.1720
vn -0.9701 0.1722 -0.1710
vn -0.9700 0.2043 -0.1318
vn -0.9734 0.2026 -0.1070
vn -0.9691 0.2371 -0.0676
vn -0.3277 0.9419 0.0730
vn -0.3486 0.9359 0.0511
vn -0.3268 0.9435 0.0545
vn -0.3469 0.9374 0.0295
vn -0.3792 0.9251 0.0184
vn -0.6958 0.6627 -0.2767
vn -0.6404 0.6917 -0.3338
vn -0.6637 0.7167 -0.2141
vn -0.6052 0.7490 -0.2698
vn -0.7073 0.6587 -0.2567
vn -0.6442 0.6966 -0.3160
vn -0.6266 0.7656 -0.1455
vn -0.6189 0.7706 -0.1521
vn -0.6132 0.7686 -0.1823
vn -0.7022 0.7038 -0.1081
vn -0.6821 0.7232 -0.1084
vn -0.6884 0.7180 -0.1028
vn -0.6886 0.7086 -0.1537
vn -0.7271 0.6759 -0.1203
vn -0.7298 0.6758 -0.1031
vn -0.7535 0.6525 -0.0813
vn -0.7810 0.6190 -0.0829
vn -0.8036 0.5922 -0.0598
vn -0.9538 0.2670 -0.1375
vn -0.9522 0.2737 -0.1355
vn -0.9541 0.2684 -0.1330
vn -0.9007 0.4266 -0.0815
vn -0.8965 0.3979 -0.1946
vn -0.8969 0.3970 -0.1949
vn -0.3301 0.9338 -0.1377
vn -0.3075 0.9385 -0.1573
vn -0.3094 0.9409 -0.1376
vn -0.3107 0.9406 -0.1365
vn -0.3484 0.9272 -0.1371
vn -0.3065 0.9364 -0.1709
vn -0.8104 0.5857 0.0129
vn -0.8122 0.5833 0.0105
vn -0.7647 0.6442 0.0130
vn -0.7670 0.6416 0.0102
vn -0.7681 0.6398 0.0269
vn -0.7546 0.6548 0.0425
vn -0.7057 0.7083 0.0147
vn -0.6860 0.7265 0.0393
vn -0.7233 0.6895 0.0382
vn -0.6891 0.7203 0.0796
vn -0.6880 0.7229 0.0634
vn -0.6743 0.7342 0.0796
vn -0.1914 0.6923 -0.6958
vn -0.2175 0.7003 -0.6799
vn -0.2102 0.6148 -0.7602
vn -0.2500 0.6285 -0.7365
vn -0.1580 0.6392 -0.7526
vn -0.2681 0.6785 -0.6839
vn -0.2345 0.3507 -0.9066
vn -0.2571 0.3623 -0.8959
vn -0.2526 0.2725 -0.9284
vn -0.2759 0.2858 -0.9177
vn -0.2164 0.2904 -0.9321
vn -0.2344 0.3008 -0.9244
vn -0.2831 0.3265 -0.9018
vn -0.2272 0.2863 -0.9308
vn -0.2269 0.3015 -0.9261
vn -0.2075 0.2876 -0.9350
vn -0.1677 0.2429 -0.9555
vn -0.6256 -0.2540 -0.7376
vn -0.5348 -0.3242 -0.7803
vn -0.5381 -0.3086 -0.7843
vn -0.5254 -0.3181 -0.7892
vn -0.6397 -0.3072 -0.7045
vn -0.6103 -0.3307 -0.7198
vn -0.5348 -0.2716 -0.8002
vn -0.5223 -0.2807 -0.8052
vn -0.5288 -0.2375 -0.8148
vn -0.5155 -0.2475 -0.8204
vn -0.6161 -0.2434 -0.7491
vn -0.6007 -0.2557 -0.7575
vn -0.8144 -0.2650 -0.5163
vn -0.7973 -0.2859 -0.5316
vn -0.8085 -0.2397 -0.5374
vn -0.7840 -0.2698 -0.5590
vn -0.8203 -0.2651 -0.5068
vn -0.7960 -0.2955 -0.5283
vn -0.2695 0.1012 -0.9577
vn -0.2808 0.1079 -0.9537
vn -0.2758 0.0083 -0.9612
vn -0.3408 0.0545 -0.9386
vn -0.2600 0.0582 -0.9639
vn -0.2901 0.0809 -0.9536
vn -0.3353 -0.0389 -0.9413
vn -0.3419 -0.0344 -0.9391
vn -0.3395 -0.0736 -0.9377
vn -0.3412 -0.0724 -0.9372
vn -0.2884 -0.0714 -0.9548
vn -0.2893 -0.0707 -0.9546
vn -0.1552 -0.0261 -0.9875
vn -0.1611 -0.0213 -0.9867
vn -0.1597 -0.0692 -0.9847
vn -0.1639 -0.0657 -0.9843
vn -0.1184 -0.0655 -0.9908
vn -0.1084 -0.0739 -0.9914
vn -0.5284 -0.0782 -0.8454
vn -0.5126 -0.0893 -0.8540
vn -0.5158 -0.0456 -0.8555
vn -0.4881 -0.0639 -0.8705
vn -0.5891 -0.0675 -0.8053
vn -0.5625 -0.0902 -0.8218
vn -0.7099 -0.0946 -0.6979
vn -0.7289 -0.0645 -0.6815
vn -0.7366 -0.0178 -0.6761
vn -0.7457 0.0006 -0.6662
vn -0.7392 0.0011 -0.6735
vn -0.7279 -0.0220 -0.6854
vn -0.9764 0.1860 0.1095
vn -0.9778 0.1814 0.1052
vn -0.9686 0.2236 0.1085
vn -0.9731 0.2101 0.0946
vn -0.9684 0.2055 0.1415
vn -0.9760 0.1823 0.1188
vn -0.9514 0.2904 0.1024
vn -0.9679 0.2466 0.0481
vn -0.9405 0.3356 0.0535
vn -0.9561 0.2930 0.0042
vn -0.9560 0.2853 0.0683
vn -0.9785 0.2046 -0.0265
vn -0.3274 -0.2431 -0.9131
vn -0.3326 -0.2392 -0.9122
vn -0.3282 -0.2807 -0.9020
vn -0.3237 -0.2841 -0.9025
vn -0.2721 -0.2855 -0.9189
vn -0.2623 -0.2932 -0.9194
vn -0.3191 -0.3241 -0.8906
vn -0.2564 -0.3704 -0.8928
vn -0.2643 -0.2907 -0.9196
vn -0.1279 -0.3877 -0.9129
vn -0.2161 -0.3865 -0.8966
vn -0.1237 -0.4496 -0.8846
vn -0.1165 -0.4080 -0.9055
vn -0.1121 -0.4121 -0.9042
vn -0.1111 -0.4499 -0.8862
vn -0.1346 -0.4289 -0.8933
vn -0.1116 -0.4297 -0.8960
vn -0.1360 -0.4066 -0.9034
vn -0.4551 0.2508 -0.8544
vn -0.5188 0.2863 -0.8055
vn -0.5228 0.3088 -0.7945
vn -0.5527 0.3191 -0.7699
vn -0.6125 0.3049 -0.7293
vn -0.6391 0.3164 -0.7011
vn -0.6053 0.5035 -0.6165
vn -0.6044 0.5035 -0.6174
vn -0.6264 0.5515 -0.5509
vn -0.6113 0.5534 -0.5657
vn -0.6874 0.5108 -0.5163
vn -0.6763 0.5122 -0.5295
vn -0.7110 0.4552 -0.5360
vn -0.6647 0.4259 -0.6138
vn -0.6479 0.5270 -0.5500
vn -0.5891 0.5123 -0.6250
vn -0.6862 0.4731 -0.5526
vn -0.5902 0.4083 -0.6964
vn -0.9039 0.1661 -0.3942
vn -0.8985 0.1538 -0.4113
vn -0.8949 0.1865 -0.4054
vn -0.8936 0.1838 -0.4094
vn -0.9213 0.1789 -0.3454
vn -0.9229 0.1836 -0.3386
vn -0.8751 0.2923 -0.3856
vn -0.8804 0.3109 -0.3581
vn -0.8742 0.3322 -0.3542
vn -0.8790 0.3743 -0.2955
vn -0.8890 0.3717 -0.2674
vn -0.8882 0.3907 -0.2415
vn -0.9427 0.3158 -0.1081
vn -0.9424 0.3174 -0.1059
vn -0.9201 0.3798 -0.0958
vn -0.9228 0.3695 -0.1088
vn -0.9290 0.3657 -0.0561
vn -0.9347 0.3460 -0.0809
vn -0.8571 0.3880 -0.3387
vn -0.8872 0.3248 -0.3277
vn -0.8258 0.3901 -0.4074
vn -0.8688 0.2979 -0.3955
vn -0.8973 0.3121 -0.3122
vn -0.9175 0.2588 -0.3020
vn -0.0344 0.6147 -0.7880
vn -0.0901 0.6393 -0.7637
vn -0.0858 0.5710 -0.8164
vn -0.1027 0.5789 -0.8089
vn -0.1077 0.5787 -0.8084
vn -0.1203 0.5847 -0.8023
vn -0.0736 0.8331 -0.5481
vn -0.1082 0.8426 -0.5276
vn -0.1089 0.8959 -0.4307
vn -0.0978 0.8938 -0.4376
vn -0.0907 0.8944 -0.4379
vn -0.0699 0.8900 -0.4506
vn -0.0991 0.9763 -0.1925
vn -0.1357 0.9762 -0.1694
vn -0.1351 0.9791 -0.1519
vn -0.1732 0.9766 -0.1272
vn -0.0743 0.9890 -0.1281
vn -0.0713 0.9890 -0.1299
vn -0.1994 0.3577 -0.9123
vn -0.1199 0.2662 -0.9564
vn -0.1243 0.4505 -0.8841
vn -0.1158 0.4436 -0.8887
vn -0.2803 0.4505 -0.8476
vn -0.0645 0.2189 -0.9736
vn -0.9953 0.0243 0.0935
vn -0.9970 0.0056 0.0769
vn -0.9970 0.0059 0.0769
vn -0.9946 0.0327 0.0986
vn -0.9920 0.0307 0.1224
vn -0.9910 0.0372 0.1283
vn -0.9776 -0.0430 -0.2061
vn -0.9778 -0.0416 -0.2052
vn -0.9790 0.0179 -0.2033
vn -0.9760 -0.0024 -0.2178
vn -0.9860 -0.0035 -0.1665
vn -0.9878 0.0128 -0.1551
vn -0.9489 0.0570 -0.3103
vn -0.9383 0.0164 -0.3454
vn -0.9332 0.1172 -0.3397
vn -0.9113 0.0516 -0.4084
vn -0.9379 0.0411 -0.3444
vn -0.9341 0.0282 -0.3558
vn -0.7456 -0.0011 -0.6664
vn -0.7888 0.0585 -0.6118
vn -0.7889 0.0689 -0.6107
vn -0.7992 0.0861 -0.5949
vn -0.7888 0.0886 -0.6082
vn -0.8297 0.1661 -0.5330
vn -0.5839 0.0630 -0.8094
vn -0.5663 0.0476 -0.8229
vn -0.5882 0.0169 -0.8086
vn -0.5855 0.0128 -0.8106
vn -0.5833 -0.0795 -0.8084
vn -0.5937 -0.0092 -0.8047
vn -0.4566 0.0194 -0.8895
vn -0.4637 0.0262 -0.8856
vn -0.4811 -0.0837 -0.8727
vn -0.4624 0.0645 -0.8843
vn -0.4788 0.0754 -0.8747
vn -0.5770 -0.5710 0.5840
vn -0.5813 -0.5705 0.5802
vn -0.5873 -0.5733 0.5714
vn -0.6120 -0.5983 0.5172
vn -0.5423 -0.6202 0.5668
vn -0.5570 -0.6185 0.5543
vn -0.5733 -0.6246 0.5303
vn -0.5678 -0.6203 0.5412
vn -0.7217 0.1859 0.6668
vn -0.7239 0.1834 0.6651
vn -0.7208 -0.1755 0.6705
vn -0.7271 -0.1858 0.6609
vn -0.7812 -0.1750 0.5992
vn -0.7858 -0.1830 0.5908
vn -0.2582 -0.6982 0.6677
vn -0.2238 -0.6838 0.6945
vn -0.2430 -0.6508 0.7193
vn -0.2213 -0.6403 0.7356
vn -0.2731 -0.6371 0.7208
vn -0.2190 -0.6092 0.7622
vn -0.9434 0.1771 0.2805
vn -0.9654 0.1203 0.2314
vn -0.9669 -0.0824 0.2415
vn -0.9648 -0.0730 0.2526
vn -0.9732 -0.0654 0.2204
vn -0.9707 -0.0523 0.2347
vn -0.1926 -0.5738 0.7960
vn -0.1197 -0.4769 0.8707
vn -0.0710 -0.5705 0.8183
vn 0.0197 -0.4688 0.8831
vn -0.0174 -0.3304 0.9437
vn -0.5790 0.1752 0.7963
vn -0.5692 0.1845 0.8012
vn -0.5627 -0.1266 0.8169
vn -0.5903 -0.1588 0.7914
vn -0.5995 -0.1590 0.7845
vn -0.6188 -0.1831 0.7639
vn -0.4402 -0.6436 0.6261
vn -0.5061 -0.6775 0.5338
vn -0.5150 -0.6634 0.5428
vn -0.5690 -0.6786 0.4645
vn -0.4636 -0.7058 0.5357
vn -0.5255 -0.7278 0.4406
vn -0.5430 -0.6858 0.4847
vn -0.5527 -0.6943 0.4610
vn -0.5278 -0.7272 0.4388
vn -0.5265 -0.7266 0.4414
vn -0.5522 -0.7218 0.4172
vn -0.5412 -0.7139 0.4443
vn -0.2546 -0.7029 0.6642
vn -0.2812 -0.6574 0.6992
vn -0.2859 -0.6598 0.6949
vn -0.2682 -0.6608 0.7010
vn -0.2483 -0.6506 0.7177
vn -0.4222 -0.1176 0.8989
vn -0.4129 -0.1084 0.9043
vn -0.4108 0.1916 0.8914
vn -0.4270 0.1780 0.8865
vn -0.3686 0.1837 0.9113
vn -0.3866 0.1681 0.9068
vn -0.3524 -0.0986 0.9306
vn -0.3530 -0.0992 0.9303
vn -0.3469 0.1723 0.9219
vn -0.3679 0.1549 0.9169
vn -0.3400 0.1573 0.9272
vn -0.3651 0.1363 0.9209
vn -0.8696 0.1944 0.4539
vn -0.8783 0.1813 0.4425
vn -0.8846 -0.1463 0.4428
vn -0.8837 -0.1444 0.4451
vn -0.9195 -0.1259 0.3724
vn -0.9160 -0.1164 0.3839
vn -0.6938 -0.6507 0.3085
vn -0.6916 -0.6475 0.3200
vn -0.6623 -0.6885 0.2954
vn -0.6537 -0.6809 0.3303
vn -0.6791 -0.6730 0.2929
vn -0.6675 -0.6579 0.3486
vn -0.7924 -0.5756 0.2018
vn -0.7867 -0.5435 0.2928
vn -0.7247 -0.6400 0.2554
vn -0.7073 -0.6076 0.3615
vn -0.7655 -0.5858 0.2661
vn -0.7482 -0.5406 0.3846
vn -0.9636 0.0765 0.2562
vn -0.9594 0.0926 0.2663
vn -0.9598 -0.0610 0.2741
vn -0.9140 0.0783 0.3980
vn -0.9458 0.0845 0.3135
vn -0.8826 0.2399 0.4044
vn -0.8284 -0.4724 0.3009
vn -0.8247 -0.4586 0.3309
vn -0.8015 -0.5174 0.2997
vn -0.7780 -0.4787 0.4069
vn -0.8111 -0.4674 0.3517
vn -0.7833 -0.4017 0.4743
vn -0.1077 -0.6740 0.7308
vn -0.0455 -0.6296 0.7756
vn -0.0576 -0.6065 0.7930
vn -0.0234 -0.5825 0.8125
vn -0.0681 -0.5858 0.8076
vn -0.0476 -0.5688 0.8211
vn -0.1115 -0.1038 0.9883
vn -0.1477 -0.1373 0.9794
vn -0.1443 0.1464 0.9786
vn -0.2034 0.0981 0.9742
vn -0.1099 0.1005 0.9888
vn -0.3267 -0.1073 0.9390
vn -0.0736 -0.1021 0.9920
vn -0.0345 -0.0446 0.9984
vn -0.0350 -0.1008 0.9943
vn 0.0176 -0.0425 0.9989
vn -0.0865 -0.0465 0.9952
vn 0.0460 0.0739 0.9962
vn -0.0301 0.5482 0.8358
vn -0.2849 0.2785 0.9172
vn 0.1953 0.7234 0.6622
vn 0.0654 0.6753 0.7346
vn 0.1048 0.7400 0.6644
vn -0.0705 0.6804 0.7295
vn -0.1919 0.5340 0.8234
vn -0.4968 0.7906 0.3580
vn -0.4891 0.7947 0.3596
vn -0.5378 0.7370 0.4093
vn -0.5020 0.7580 0.4165
vn -0.5395 0.7476 0.3873
vn -0.5508 0.7409 0.3844
vn -0.6456 0.7241 0.2426
vn -0.7343 0.6444 0.2133
vn -0.7297 0.6508 0.2097
vn -0.7832 0.5945 0.1821
vn -0.7572 0.6143 0.2217
vn -0.8666 0.4714 0.1637
vn -0.1816 0.7441 0.6429
vn -0.2289 0.7254 0.6492
vn -0.1760 0.7997 0.5741
vn -0.2556 0.7724 0.5815
vn -0.1978 0.7774 0.5971
vn -0.2791 0.7458 0.6049
vn -0.7683 0.5822 0.2658
vn -0.8745 0.4184 0.2454
vn -0.8451 0.4941 0.2043
vn -0.8948 0.4080 0.1814
vn -0.8540 0.4489 0.2630
vn -0.9517 0.2090 0.2249
vn -0.0502 0.6946 0.7176
vn -0.0322 0.7007 0.7127
vn 0.0024 0.7516 0.6597
vn 0.0018 0.7514 0.6598
vn 0.0022 0.7514 0.6598
vn 0.0015 0.7512 0.6601
vn -0.4928 0.7633 0.4178
vn -0.4362 0.7924 0.4263
vn -0.5003 0.7079 0.4986
vn -0.4016 0.7606 0.5101
vn -0.4551 0.7497 0.4805
vn -0.4229 0.7657 0.4846
vn -0.2592 0.7479 0.6111
vn -0.2480 0.7522 0.6105
vn -0.2033 0.8109 0.5487
vn -0.2265 0.8043 0.5494
vn -0.2050 0.8053 0.5563
vn -0.2332 0.7963 0.5581
vn -0.5977 0.7537 0.2731
vn -0.6104 0.7450 0.2691
vn -0.6426 0.7078 0.2933
vn -0.6367 0.7122 0.2955
vn -0.6456 0.7083 0.2854
vn -0.6850 0.6769 0.2694
vn -0.8766 -0.3545 0.3254
vn -0.8821 -0.3779 0.2813
vn -0.8925 -0.3397 0.2966
vn -0.8920 -0.3378 0.3003
vn -0.8907 -0.3381 0.3039
vn -0.8914 -0.3405 0.2993
vn -0.7159 -0.1859 0.6730
vn -0.8094 -0.3198 0.4926
vn -0.8251 -0.2244 0.5186
vn -0.8585 -0.2732 0.4340
vn -0.8073 -0.2779 0.5206
vn -0.8450 -0.3463 0.4074
vn 0.3927 0.0000 0.9197
vn -0.9756 -0.0648 0.2099
vn -0.8656 -0.0340 0.4996
vn -0.9351 -0.0975 0.3406
vn -0.7955 -0.0338 0.6050
vn -0.7956 -0.0338 0.6049
vn -0.5751 -0.1065 0.8111
vn -0.4976 -0.0650 0.8650
vn -0.6338 -0.2336 0.7374
vn -0.6337 -0.1861 0.7509
vn -0.5750 -0.1208 0.8092
vn -0.8643 -0.2250 0.4498
vn -0.8727 -0.2049 0.4431
vn -0.9141 -0.2164 0.3428
vn -0.9330 -0.3111 0.1810
vn -0.9334 -0.2069 0.2930
vn -0.3180 0.8027 0.5045
vn -0.4018 0.8027 0.4407
vn -0.3114 0.8325 0.4583
vn -0.3896 0.8281 0.4031
vn -0.4149 0.7706 0.4838
vn -0.5376 0.7588 0.3677
vn -0.6427 0.7148 0.2757
vn -0.5683 0.7353 0.3692
vn -0.6589 0.6721 0.3378
vn -0.5885 0.6868 0.4265
vn -0.5832 0.7008 0.4108
vn -0.5166 0.7044 0.4867
vn -0.5897 0.4695 0.6571
vn -0.6361 0.4230 0.6453
vn -0.6438 0.3866 0.6603
vn -0.6863 0.3402 0.6428
vn -0.6902 0.3390 0.6394
vn -0.7461 0.2701 0.6085
vn -0.5108 0.4250 0.7473
vn -0.5461 0.3934 0.7396
vn -0.5299 0.4895 0.6925
vn -0.5558 0.4656 0.6887
vn -0.5164 0.4783 0.7104
vn -0.6498 0.3424 0.6787
vn -0.4132 0.2556 0.8740
vn -0.4703 0.2154 0.8558
vn -0.6931 0.2077 0.6903
vn -0.6584 0.2461 0.7113
vn -0.8760 0.2096 0.4345
vn -0.8866 0.1868 0.4231
vn -0.8875 0.2123 0.4090
vn -0.8561 0.2684 0.4417
vn -0.7915 0.3161 0.5231
vn -0.8115 0.2836 0.5109
vn -0.8259 0.2771 0.4909
vn -0.8813 0.1614 0.4441
vn -0.4593 0.2619 0.8488
vn -0.5266 0.2082 0.8242
vn -0.5380 0.2504 0.8049
vn -0.5381 0.2503 0.8048
vn -0.7517 0.2325 0.6172
vn -0.7602 0.2210 0.6110
vn -0.3202 0.2296 0.9191
vn -0.2457 0.2916 0.9244
vn -0.7058 0.2209 0.6731
vn -0.6866 0.2437 0.6849
vn -0.8842 0.2027 0.4208
vn -0.8912 0.1884 0.4127
vn -0.8329 0.2079 0.5129
vn -0.8320 0.2093 0.5137
vn -0.9648 0.1903 0.1814
vn -0.9696 0.1732 0.1727
vn -0.9753 0.1655 0.1462
vn -0.9750 0.0990 0.1989
vn -0.9679 0.1816 0.1738
vn -0.7348 0.6162 0.2834
vn -0.7068 0.6250 0.3313
vn -0.3108 0.8543 0.4167
vn -0.5473 0.7845 0.2915
vn -0.4350 0.4021 0.8057
vn -0.4859 0.3544 0.7990
vn -0.7309 0.6497 0.2090
vn -0.7169 0.6558 0.2367
vn -0.7359 0.6362 0.2318
vn -0.7225 0.6440 0.2514
vn 0.1629 -0.0460 -0.9856
vn -0.0275 0.9996 0.0000
vn 0.0000 1.0000 0.0000
vn 0.0022 1.0000 -0.0011
vn 0.0084 1.0000 0.0000
vn -0.0072 0.9992 0.0401
vn -0.0017 1.0000 -0.0048
vn 0.0007 1.0000 -0.0036
vn 0.0112 0.9995 0.0312
vn 0.0044 1.0000 0.0020
vn 0.0064 1.0000 0.0018
vn -0.4529 0.8074 0.3783
vn 0.0108 0.9995 0.0287
vn -0.1145 0.9888 -0.0957
vn 0.0072 0.9992 0.0400
vn 0.0127 0.9997 -0.0209
vn 0.0000 1.0000 -0.0001
vn 0.0510 0.9906 0.1272
vn 0.0000 1.0000 0.0001
vn 0.0054 0.9954 -0.0960
vn -0.0054 0.9953 -0.0962
vn 0.0000 1.0000 0.0002
vn -0.0010 0.9991 -0.0431
vn -0.0204 0.9998 -0.0055
vn -0.0148 0.9999 -0.0067
vn -0.0270 0.9993 -0.0240
vn -0.0265 0.9983 0.0517
vn -0.0744 0.8021 -0.5925
vn -0.0045 1.0000 -0.0075
vn 0.9320 -0.0519 -0.3588
vn 0.9617 -0.2523 -0.1069
vn 0.9905 0.0695 0.1184
vn 0.9892 0.0861 0.1186
vn 0.9880 0.1083 0.1104
vn 0.1025 0.5536 0.8264
vn 0.1318 0.6302 0.7651
vn 0.9203 0.1245 -0.3710
vn 0.9443 0.1460 -0.2950
vn 0.7520 0.0314 0.6584
vn 0.7770 0.0525 0.6273
vn 0.5512 -0.0972 0.8287
vn 0.4939 -0.0666 0.8669
vn 0.3372 -0.2277 -0.9135
vn 0.2645 -0.1603 -0.9510
vn 0.2668 -0.0653 -0.9615
vn 0.3158 -0.0199 -0.9486
vn 0.9089 -0.1364 -0.3941
vn 0.9088 -0.1379 -0.3938
vn 0.9141 -0.1025 -0.3923
vn 0.9175 -0.1193 -0.3793
vn 0.9575 -0.1283 -0.2584
vn 0.9422 -0.2120 -0.2595
vn 0.9151 -0.1452 -0.3761
vn 0.9209 -0.1641 -0.3535
vn 0.8446 -0.3695 0.3874
vn 0.8509 -0.5093 0.1287
vn 0.7656 -0.5669 0.3039
vn 0.6397 0.0271 0.7682
vn 0.7223 -0.5246 0.4508
vn 0.2361 0.2778 -0.9312
vn 0.3780 0.2139 -0.9007
vn 0.5765 0.1127 0.8093
vn 0.4099 -0.0003 0.9121
vn 0.2916 0.4621 0.8375
vn 0.2548 0.4322 0.8650
vn 0.2760 0.6845 0.6747
vn 0.2392 -0.3053 -0.9217
vn 0.3460 -0.1688 -0.9229
vn -0.1149 0.3856 0.9155
vn -0.0809 0.3975 0.9140
vn -0.0123 -0.1833 0.9830
vn -0.0006 -0.0834 0.9965
vn -0.0019 0.0412 -0.9992
vn -0.0309 0.0284 -0.9991
vn 0.0701 0.2460 -0.9667
vn 0.0140 0.2866 -0.9580
vn -0.8772 -0.3171 0.3604
vn -0.1886 0.0194 0.9819
vn -0.1719 0.3372 0.9256
vn -0.1197 0.2761 0.9537
vn 0.7688 0.0712 0.6355
vn 0.7251 0.0898 0.6828
vn 0.4894 0.3299 0.8072
vn -0.0296 0.3416 0.9394
vn -0.0365 0.3508 0.9357
vn -0.0398 0.3463 0.9373
vn -0.0135 0.9999 -0.0001
vn -0.0135 0.9999 0.0000
vn -0.8705 -0.2653 0.4145
vn -0.9801 -0.1553 0.1240
vn 0.1670 0.4712 0.8661
vn 0.5128 -0.0785 0.8549
vn 0.5127 -0.1033 0.8523
vn 0.6061 0.5110 0.6095
vn 0.0308 -0.8544 0.5187
vn 0.1223 -0.9916 0.0428
vn -0.4469 -0.8693 -0.2112
vn 0.3468 -0.8736 0.3414
vn -0.1404 -0.9618 0.2351
vn 0.1647 0.1759 0.9705
vn 0.1961 0.1684 0.9660
vn 0.6214 0.0155 -0.7833
vn 0.8084 0.2524 -0.5317
vn 0.3605 0.0981 -0.9276
vn 0.3880 0.1160 -0.9143
vn -0.9539 -0.0561 -0.2948
vn -0.9732 -0.1091 -0.2022
vn -0.4725 -0.0003 -0.8813
vn -0.4727 -0.0003 -0.8812
vn -0.2105 -0.1106 0.9713
vn -0.1968 -0.1127 0.9739
vn 0.8021 0.4912 -0.3396
vn 0.7578 0.6409 -0.1228
vn -0.1230 0.5244 0.8425
vn -0.0973 0.5227 0.8470
vn 0.8994 0.3313 0.2853
vn 0.8563 0.2646 0.4436
vn -0.7265 -0.1243 0.6758
vn -0.8547 -0.0825 0.5125
vn 0.8216 0.3469 0.4523
vn 0.8881 0.3081 0.3412
vn -0.9380 -0.3104 -0.1542
vn -0.9179 -0.2631 -0.2972
vn 0.1273 0.1281 0.9836
vn 0.3584 0.1303 0.9244
vn 0.8450 -0.0064 -0.5347
vn 0.7697 -0.0624 -0.6353
vn 0.9044 0.3125 0.2905
vn 0.8706 0.3188 0.3747
vn -0.8017 -0.2308 0.5513
vn -0.7784 -0.2292 0.5844
vn 0.8913 0.2019 0.4060
vn 0.8821 0.2067 0.4232
vn -0.8628 -0.3772 -0.3366
vn -0.8708 -0.3813 -0.3103
vn 0.9170 0.0370 0.3972
vn 0.8816 0.0508 0.4692
vn 0.2720 -0.1175 0.9551
vn 0.2902 -0.1204 0.9494
vn -0.9469 -0.1228 -0.2970
vn -0.9482 -0.1257 -0.2917
vn 0.9433 0.1458 -0.2983
vn 0.9475 0.1498 -0.2824
vn -0.8195 -0.2358 0.5224
vn -0.8361 -0.2253 0.5002
vn -0.3152 0.4137 0.8541
vn 0.0145 0.5510 0.8344
vn -0.2988 0.1031 0.9487
vn 0.6842 -0.5321 0.4988
vn 0.7250 -0.5264 0.4442
vn -0.0371 0.6641 0.7467
vn -0.0569 0.6460 0.7612
vn 0.1919 0.1196 0.9741
vn 0.1726 0.1344 0.9758
vn 0.1765 0.1234 0.9765
vn 0.1712 0.1283 0.9768
vn 0.0895 0.1614 0.9828
vn 0.9589 -0.0630 0.2766
vn 0.9588 -0.0626 0.2770
vn 0.6789 -0.0310 0.7336
vn 0.6740 -0.0119 0.7386
vn 0.9836 -0.0638 0.1686
vn 0.9864 -0.1455 0.0759
vn 0.1697 0.3662 0.9149
vn 0.1738 0.3626 0.9156
vn 0.2957 0.5124 0.8062
vn -0.4255 0.2949 0.8555
vn -0.3073 0.3645 0.8790
vn -0.3784 0.4570 0.8050
vn -0.1351 0.4325 0.8914
vn -0.0108 0.8851 0.4653
vn -0.1303 0.9413 0.3115
vn 0.1085 0.5297 0.8412
vn 0.1073 0.5880 0.8017
vn 0.1450 0.6451 0.7502
vn 0.6588 0.0529 0.7504
vn 0.7960 0.2570 0.5481
vn 0.7950 0.3089 0.5220
vn -0.4229 -0.1259 0.8974
vn -0.2251 0.0667 0.9721
vn 0.9935 -0.0706 0.0889
vn 0.9961 -0.0297 0.0828
vn 0.9950 -0.0748 0.0661
vn 0.2100 -0.6127 0.7619
vn 0.3338 -0.6619 0.6712
vn 0.2726 0.4007 0.8747
vn 0.4497 0.4870 0.7488
vn 0.2975 0.8079 -0.5087
vn -0.0070 0.4316 0.9020
vn 0.8541 0.0664 0.5158
vn 0.8756 0.0904 0.4745
vn 0.8453 -0.0353 0.5332
vn 0.9999 0.0000 0.0104
vn 0.9831 -0.1774 0.0454
vn -0.2914 -0.1067 0.9506
vn -0.3093 -0.0913 0.9466
vn 0.3902 -0.2269 0.8923
vn 0.4088 -0.2404 0.8804
vn 0.3542 0.6805 0.6414
vn 0.2666 0.6655 0.6972
vn -0.1797 0.6309 0.7547
vn -0.0013 0.7421 0.6703
vn -0.2038 0.3789 0.9027
vn -0.4226 -0.8808 0.2134
vn -0.4319 -0.8721 0.2299
vn -0.2460 0.6111 0.7523
vn -0.1936 0.5776 0.7930
vn 0.1444 0.4024 0.9040
vn 0.2344 0.3002 0.9246
vn 0.4735 0.4512 0.7565
vn 0.3546 0.5449 0.7598
vn 0.6355 0.4521 0.6258
vn 0.4805 0.2498 0.8407
vn 0.7206 0.2482 0.6474
vn 0.6785 0.3075 0.6672
vn 0.3113 -0.5190 0.7961
vn 0.4112 -0.5717 0.7100
vn -0.2938 0.1094 0.9496
vn -0.3830 -0.2127 0.8989
vn 0.9040 -0.4174 0.0927
vn 0.9737 -0.0454 0.2231
vn 0.4434 -0.8963 0.0000
vn 0.8663 -0.2341 0.4414
vn 0.8310 -0.2639 0.4897
vn -0.0566 0.6546 0.7538
vn -0.0564 0.6548 0.7537
vn -0.0517 0.6763 0.7348
vn -0.0205 0.6695 0.7426
vn -0.1413 0.5734 0.8070
vn 0.0224 0.5080 0.8611
vn -0.0537 0.5391 0.8405
vn -0.0148 0.5513 0.8342
vn -0.0059 0.5580 0.8298
vn -0.2152 -0.5455 0.8100
vn -0.1759 -0.5114 0.8412
vn -0.1211 -0.0152 0.9925
vn -0.4100 -0.0858 0.9080
vn -0.5143 0.0161 0.8574
vn 0.1418 -0.2203 0.9651
vn 0.0421 -0.1384 0.9895
vn -0.3027 -0.1539 0.9406
vn -0.1353 0.1313 0.9821
vn 0.2137 -0.1452 0.9660
vn 0.0153 0.3830 0.9236
vn 0.2610 0.5913 0.7631
vn 0.3579 0.6107 0.7064
vn 0.0302 0.7528 0.6575
vn -0.0971 0.6163 0.7815
vn 0.0478 0.7421 0.6686
vn 0.0261 0.7304 0.6825
vn 0.0050 0.8161 0.5779
vn -0.0386 0.7485 0.6621
vn -0.0745 0.7974 0.5989
vn -0.1915 0.5511 0.8122
vn -0.0824 0.6354 0.7678
vn -0.1062 0.1642 0.9807
vn -0.1291 0.1497 0.9803
vn -0.3736 0.5438 0.7514
vn -0.2166 0.4223 0.8802
vn -0.4833 0.3006 0.8222
vn -0.4232 0.2470 0.8717
vn -0.2587 0.2894 0.9216
vn -0.3094 0.3281 0.8925
vn 0.1396 0.9569 0.2546
vn 0.1396 0.6406 0.7551
vn -0.3458 0.2604 0.9015
vn -0.4388 0.1569 0.8848
vn -0.2126 0.4228 0.8809
vn -0.3445 0.3106 0.8859
vn 0.0797 0.5837 0.8080
vn 0.0213 0.6319 0.7748
vn 0.0959 0.2206 0.9706
vn 0.0263 0.2874 0.9574
vn 0.4772 0.1282 0.8694
vn 0.4516 0.1514 0.8793
vn 0.4330 0.5379 0.7233
vn 0.3606 0.4900 0.7937
vn 0.3056 0.6208 0.7220
vn 0.2111 0.5789 0.7876
vn 0.4669 0.6146 0.6358
vn 0.2983 0.5367 0.7893
vn 0.5752 0.3552 0.7369
vn 0.4950 0.4442 0.7468
vn 0.6094 0.0667 0.7901
vn 0.5774 0.1057 0.8096
vn 0.7904 -0.0418 0.6111
vn 0.7368 0.0335 0.6753
vn -0.4412 0.0269 0.8970
vn -0.4188 0.0540 0.9065
vn 0.6343 -0.4875 0.6001
vn 0.1369 0.2679 0.9537
vn 0.1408 0.2647 0.9540
vn -0.6463 -0.6897 0.3265
vn -0.6143 -0.7568 0.2235
vn 0.4981 -0.1642 0.8514
vn 0.5688 -0.2368 0.7877
vn 0.7792 -0.1713 0.6029
vn 0.7315 -0.2030 0.6509
vn -0.0233 0.5257 0.8504
vn -0.2231 -0.2036 0.9533
vn -0.2230 -0.1878 0.9566
vn -0.7322 -0.5997 0.3227
vn -0.7450 -0.5186 0.4195
vn -0.8178 0.0237 0.5750
vn -0.7833 0.0647 0.6183
vn -0.0210 -0.6834 0.7297
vn 0.2746 -0.5793 0.7675
vn 0.3871 -0.5341 0.7516
vn -0.0985 -0.6072 0.7884
vn 0.1016 -0.5411 0.8348
vn 0.0397 -0.6356 0.7710
vn 0.1091 -0.6835 0.7217
vn -0.0437 -0.9442 -0.3265
vn -0.2429 -0.2262 0.9433
vn -0.4304 -0.3248 0.8422
vn -0.3945 -0.1559 0.9056
vn -0.3665 -0.5573 0.7450
vn -0.0006 -0.4593 0.8883
vn -0.0689 -0.6088 0.7903
vn -0.2155 -0.5116 0.8318
vn 0.0342 0.0666 0.9972
vn 0.6270 0.2459 0.7392
vn 0.6542 0.2615 0.7097
vn 0.8454 -0.0853 0.5273
vn 0.7721 -0.1037 0.6270
vn 0.3326 0.0252 0.9427
vn 0.2822 -0.1885 0.9407
vn 0.0503 -0.0842 0.9952
vn 0.1072 0.0723 0.9916
vn 0.7014 -0.4163 0.5786
vn 0.6631 -0.1888 0.7243
vn 0.8036 0.1765 0.5684
vn 0.5917 0.0681 0.8033
vn 0.6178 0.6025 0.5053
vn 0.4204 0.5353 0.7326
vn 0.6055 0.5207 0.6018
vn 0.4338 -0.3546 0.8283
vn 0.4502 0.0216 0.8927
vn 0.3830 0.6980 0.6051
vn 0.3076 0.6549 0.6902
vn 0.2575 0.6716 0.6947
vn -0.1030 0.1816 0.9780
vn -0.0474 0.2064 0.9773
vn 0.0963 0.7953 -0.5986
vn 0.0613 -0.3876 0.9198
vn -0.8154 -0.0806 0.5732
vn -0.8745 -0.1979 0.4428
vn 0.1834 -0.4090 0.8939
vn 0.0650 -0.0878 0.9940
vn -0.0572 -0.7227 0.6888
vn 0.1289 -0.9657 0.2254
vn -0.6246 0.6270 0.4656
vn -0.5514 0.6512 0.5214
vn 0.0004 0.2246 0.9744
vn 0.0957 0.2090 0.9732
vn -0.0413 0.2429 0.9692
vn 0.0047 0.2514 0.9679
vn 0.0520 0.9604 0.2737
vn 0.0466 0.9630 0.2656
vn -0.7489 0.3361 0.5712
vn -0.7251 0.3532 0.5912
vn -0.2216 0.8389 0.4971
vn -0.2810 0.8487 0.4481
vn -0.3829 0.0631 0.9216
vn -0.2037 0.1975 0.9589
vn -0.1067 0.1996 0.9741
vn -0.1779 0.2417 0.9539
vn -0.0394 -0.0205 0.9990
vn 0.2605 0.2498 0.9326
vn 0.2198 0.3200 0.9216
vn -0.0617 0.5299 0.8458
vn 0.9699 -0.0491 0.2383
vn 0.8879 -0.3712 0.2718
vn 0.8574 0.0181 0.5143
vn 0.8644 -0.0270 0.5020
vn 0.9409 -0.0409 0.3363
vn 0.9447 -0.0588 0.3227
vn 0.7078 -0.6969 0.1157
vn 0.8297 -0.4232 0.3641
vn 0.2762 -0.0104 0.9611
vn 0.3002 -0.0205 0.9537
vn 0.2699 -0.0017 0.9629
vn -0.7943 0.0680 0.6037
vn -0.3092 -0.0454 0.9499
vn -0.7942 0.0737 0.6032
vn -0.8518 0.1037 0.5134
vn -0.8575 0.0489 0.5122
vn -0.8113 0.0664 0.5808
vn 0.8567 -0.4472 -0.2571
vn 0.8157 -0.5356 -0.2184
vn -0.8348 0.0551 0.5478
vn -0.9354 0.0573 0.3489
vn -0.1154 -0.4008 0.9089
vn -0.1138 -0.3996 0.9096
vn 0.2294 -0.0942 0.9688
vn -0.0511 0.0104 0.9986
vn 0.2304 -0.0153 0.9730
vn 0.1827 -0.0003 0.9832
vn -0.0572 -0.7796 0.6237
vn 0.0013 -0.8338 0.5521
vn -0.0562 -0.4813 0.8748
vn -0.0018 -0.5857 0.8105
vn 0.0012 -0.0705 0.9975
vn 0.2027 0.0000 0.9792
vn 0.9909 -0.1171 -0.0665
vn -0.8336 0.0718 0.5477
vn -0.9542 0.0594 0.2932
vn 0.0807 -0.3679 0.9264
vn 0.0263 -0.0789 0.9965
vn -0.0376 -0.4135 0.9097
vn -0.0413 -0.4174 0.9078
vn -0.0190 -0.7482 0.6632
vn -0.0110 -0.3083 0.9512
vn -0.0102 -0.5281 0.8491
vn -0.0793 -0.6243 0.7772
vn 0.2102 0.9049 0.3701
vn 0.2102 0.9048 0.3702
vn 0.8181 -0.5325 -0.2172
vn 0.8181 -0.5326 -0.2172
vn 0.0000 0.0000 1.0000
vn 0.2171 0.9740 -0.0643
vn 0.1527 0.9828 -0.1035
vn 0.5369 -0.1145 0.8358
vn 0.3126 0.5313 0.7874
vn 0.4087 -0.0386 0.9119
vn -0.0620 -0.9659 0.2516
vn -0.0779 -0.9830 0.1664
vn 0.1319 0.9833 -0.1251
vn 0.1369 0.9815 -0.1342
vn 0.1292 0.9873 -0.0922
vn -0.8984 0.0445 0.4368
vn -0.9022 0.0365 0.4298
vn 0.9489 0.0285 -0.3144
vn 0.9270 0.0850 -0.3652
vn 0.2531 -0.0017 0.9674
vn 0.3448 0.0455 0.9376
vn 0.4050 0.0442 0.9133
vn 0.3856 0.0272 0.9223
vn 0.6833 -0.5008 0.5313
vn 0.6420 -0.6367 0.4271
vn 0.7908 -0.0285 0.6114
vn 0.7847 -0.0072 0.6198
vn 0.9905 -0.1337 0.0334
vn 0.9976 -0.0609 0.0328
vn 0.9906 -0.1353 -0.0182
vn 0.9853 -0.1211 -0.1203
vn 0.9088 -0.4118 -0.0665
vn 0.9855 -0.1152 0.1249
vn 0.9387 0.0472 0.3416
vn 0.9618 0.0898 0.2588
vn 0.8037 0.0587 0.5921
vn 0.7776 0.0356 0.6277
vn 0.9801 0.0456 0.1933
vn 0.9832 0.0585 0.1727
vn 0.3145 -0.0511 0.9479
vn 0.2935 -0.0796 0.9526
vn 0.8723 -0.0801 0.4823
vn 0.7853 0.4910 0.3771
vn 0.6522 0.5490 0.5227
vn 0.7401 0.4835 0.4674
vn 0.8726 -0.1421 0.4672
vn 0.5957 0.4135 0.6887
vn 0.7303 0.4422 0.5208
vn 0.6290 0.5420 0.5573
vn 0.1316 0.0390 0.9905
vn 0.0765 -0.0394 0.9963
vn -0.0527 0.9765 0.2089
vn -0.0597 0.9758 0.2104
vn -0.0157 -0.9916 -0.1281
vn -0.2695 -0.9457 0.1815
vn -0.2094 -0.9778 0.0015
vn 0.0620 0.9956 0.0708
vn 0.0631 0.9955 0.0710
vn -0.7274 -0.0115 0.6861
vn -0.7165 0.0156 0.6974
vn 0.6208 -0.7701 -0.1465
vn 0.1471 -0.9423 -0.3006
vn 0.3579 0.0616 0.9317
vn 0.3353 0.0300 0.9416
vn 0.9911 -0.0809 0.1061
vn 0.9938 -0.0524 0.0984
vn 0.9350 -0.0351 0.3529
vn 0.9389 -0.0503 0.3404
vn 0.6898 -0.0382 0.7230
vn 0.6830 -0.0132 0.7303
vn 0.8041 -0.0303 0.5937
vn 0.7967 -0.0083 0.6044
vn 0.2990 -0.0094 0.9542
vn 0.2888 -0.0236 0.9571
vn -0.1553 0.9383 0.3090
vn -0.2009 0.9036 0.3784
vn -0.1709 0.9122 0.3724
vn 0.0956 0.9949 0.0309
vn 0.0941 0.9951 0.0307
vn 0.2293 -0.8847 -0.4060
vn 0.2372 -0.8893 -0.3910
vn -0.1040 -0.9944 -0.0182
vn -0.1046 -0.9942 -0.0229
vn 0.0575 0.9952 0.0790
vn 0.0555 0.9953 0.0790
vn -0.1508 0.9405 0.3044
vn -0.0236 0.9843 0.1750
vn -0.0231 0.9843 0.1750
vn -0.0350 -0.9939 -0.1043
vn -0.0352 -0.9939 -0.1049
vn 0.1752 0.9821 -0.0686
vn 0.2965 0.9506 -0.0921
vn 0.2691 0.2231 0.9369
vn 0.5406 0.0628 0.8389
vn 0.4517 0.1404 0.8811
vn 0.2698 0.3384 0.9015
vn 0.3847 0.0590 0.9211
vn 0.3824 0.0783 0.9207
vn 0.3577 -0.1198 0.9261
vn 0.2968 0.0514 0.9536
vn 0.7031 -0.0867 0.7058
vn 0.6848 -0.0357 0.7279
vn 0.8264 -0.0566 0.5602
vn 0.8131 -0.0164 0.5819
vn 0.2887 0.0996 0.9522
vn 0.2166 -0.0046 0.9762
vn 0.4345 0.0719 0.8978
vn 0.4023 0.0242 0.9152
vn 0.9606 -0.0545 0.2727
vn 0.9614 -0.0596 0.2686
vn 0.6774 -0.0307 0.7350
vn 0.6733 -0.0155 0.7392
vn 0.8090 -0.0412 0.5864
vn 0.8013 -0.0116 0.5982
vn 0.9936 -0.0609 0.0954
vn 0.9922 -0.1184 0.0386
vn 0.9983 0.0422 0.0413
vn 0.9818 -0.1405 -0.1277
vn 0.6681 -0.0252 0.7436
vn 0.6281 0.1399 0.7654
vn 0.7872 0.1245 0.6040
vn 0.7879 0.1224 0.6035
vn 0.3991 -0.0269 0.9165
vn 0.4432 0.0210 0.8962
vn 0.9524 0.0852 0.2926
vn 0.9611 0.0507 0.2715
vn 0.0682 -0.9733 -0.2194
vn 0.0663 -0.9722 -0.2246
vn -0.0197 0.9851 0.1709
vn -0.0216 0.9851 0.1707
vn 0.0035 0.9897 0.1432
vn 0.0977 0.9862 0.1334
vn 0.2185 -0.9020 -0.3724
vn -0.0623 -0.9955 -0.0717
vn -0.0587 -0.9947 -0.0839
vn -0.2747 -0.9486 0.1573
vn -0.2110 -0.9765 -0.0444
vn -0.0144 0.9866 0.1623
vn -0.0178 0.9866 0.1623
vn -0.0421 -0.9943 -0.0975
vn -0.0417 -0.9945 -0.0960
vn 0.0905 0.9947 0.0484
vn 0.1908 0.9796 0.0634
vn -0.7104 0.0457 0.7023
vn -0.0995 0.9627 0.2518
vn -0.0876 0.9645 0.2491
vn 0.6597 -0.1255 -0.7410
vn -0.0648 -0.9954 -0.0703
vn -0.0643 -0.9956 -0.0680
vn -0.6945 0.1306 0.7075
vn 0.0571 -0.9765 -0.2077
vn 0.0558 -0.9756 -0.2125
vn -0.2547 -0.9519 0.1706
vn -0.1971 -0.9797 -0.0350
vn -0.0757 0.9576 0.2779
vn -0.1235 0.9490 0.2901
vn 0.6633 -0.1136 -0.7396
vn 0.6633 -0.1136 -0.7397
vn -0.0018 0.9888 0.1495
vn 0.0206 -0.9854 -0.1693
vn 0.0200 -0.9851 -0.1708
vn 0.6652 -0.1013 -0.7398
vn 0.6652 -0.1012 -0.7398
vn 0.6641 -0.1038 -0.7404
vn -0.6632 0.1141 0.7397
vn 0.0518 -0.9768 -0.2079
vn 0.0513 -0.9765 -0.2096
vn 0.9026 0.1282 -0.4109
vn 0.9235 0.1698 -0.3438
vn 0.3015 -0.2346 0.9242
vn 0.0129 -0.1857 0.9825
vn 0.1663 -0.0156 0.9859
vn 0.0107 -0.1834 0.9830
vn 0.3099 0.0162 0.9506
vn 0.2700 -0.0580 0.9611
vn 0.0344 -0.0386 0.9987
vn 0.2694 -0.0582 0.9613
vn -0.9772 -0.0770 -0.1978
vn 0.8211 -0.5511 0.1489
vn -0.8834 -0.4289 -0.1889
vn -0.9591 -0.2025 -0.1977
vn -0.0653 -0.9970 -0.0410
vn 0.2847 -0.9396 0.1898
vn 0.2847 -0.9396 0.1899
vn 0.2271 -0.9737 0.0182
vn 0.2271 -0.9737 0.0181
vn 0.7413 0.1247 -0.6595
vn 0.7397 0.1272 -0.6608
vn -0.0139 -0.1223 -0.9924
vn 0.3996 -0.2942 -0.8682
vn -0.0120 -0.1195 -0.9928
vn -0.0729 -0.1196 -0.9901
vn 0.3478 -0.9366 0.0434
vn 0.3478 -0.9366 0.0433
vn -0.6583 -0.7372 -0.1525
vn -0.6579 -0.7376 -0.1518
vn 0.6947 -0.7094 0.1192
vn 0.6945 -0.7095 0.1195
vn 0.9823 -0.1402 0.1245
vn 0.9676 -0.1694 0.1872
vn 0.3960 -0.0545 0.9166
vn 0.4960 -0.1832 0.8488
vn 0.7761 -0.1456 0.6136
vn 0.9110 -0.0147 0.4122
vn 0.7454 -0.1995 0.6361
vn 0.8255 -0.1304 0.5492
vn 0.8022 -0.1472 0.5786
vn 0.9026 -0.1689 0.3961
vn 0.9328 -0.1349 0.3341
vn 0.2232 0.3526 -0.9088
vn 0.2855 0.3829 -0.8786
vn 0.3417 0.3772 -0.8608
vn 0.3795 0.4101 -0.8294
vn 0.7450 0.2887 0.6014
vn 0.7431 0.2904 0.6029
vn 0.5531 -0.0498 0.8316
vn 0.2251 -0.0800 0.9711
vn 0.8977 0.3881 0.2085
vn 0.8933 0.3880 0.2269
vn 0.8973 0.3695 0.2414
vn 0.8945 0.3633 0.2607
vn 0.8996 0.3676 0.2360
vn 0.3286 0.1883 0.9255
vn 0.2416 0.1112 0.9640
vn 0.8140 0.4505 -0.3668
vn 0.8416 0.4351 -0.3199
vn 0.7899 0.4490 -0.4176
vn 0.7394 0.4795 -0.4727
vn -0.9819 -0.1552 0.1083
vn -0.9812 -0.1574 0.1119
vn -0.9771 -0.1464 0.1542
vn -0.9862 -0.1199 0.1140
vn -0.8415 -0.1972 0.5030
vn -0.8980 -0.1586 0.4104
vn -0.0926 0.0797 0.9925
vn -0.1126 0.0644 0.9915
vn -0.1378 0.0727 0.9878
vn -0.1871 0.1226 0.9747
vn -0.2480 0.1481 0.9574
vn 0.3205 0.2278 0.9194
vn 0.2744 0.2462 0.9295
vn 0.9062 0.3141 -0.2832
vn 0.9049 0.3047 -0.2972
vn 0.9751 0.0096 -0.2217
vn 0.9417 -0.0848 -0.3256
vn 0.7175 -0.0932 -0.6903
vn 0.6677 -0.1815 -0.7220
vn 0.9665 0.1031 0.2351
vn -0.0521 0.4581 -0.8874
vn -0.1552 0.3342 -0.9296
vn -0.9700 0.2072 0.1269
vn -0.9699 0.1908 0.1515
vn 0.8333 0.5508 0.0471
vn 0.6947 0.6797 0.2355
vn -0.8234 0.2877 -0.4891
vn -0.8536 0.2425 -0.4611
vn 0.7075 0.6701 -0.2247
vn 0.6990 0.6155 -0.3642
vn -0.2423 0.5259 0.8153
vn -0.1630 0.5003 0.8504
vn 0.1610 -0.1632 -0.9734
vn 0.1103 -0.1861 -0.9763
vn 0.2170 -0.2119 -0.9529
vn 0.1772 -0.2325 -0.9563
vn -0.4415 -0.2578 -0.8594
vn -0.7175 -0.2365 -0.6552
vn -0.9547 -0.1558 0.2535
vn -0.9388 -0.1712 0.2988
vn -0.8721 -0.3044 0.3830
vn -0.8411 -0.3199 0.4361
vn -0.7500 -0.1406 0.6463
vn -0.7097 -0.1642 0.6851
vn 0.7161 0.2620 0.6469
vn 0.6891 0.2306 0.6870
vn 0.6831 0.2940 0.6686
vn 0.7146 0.2830 0.6397
vn 0.7299 0.2729 0.6268
vn 0.8473 0.1300 0.5149
vn 0.6223 0.2908 0.7267
vn -0.7069 -0.2986 -0.6412
vn -0.6541 -0.2687 -0.7070
vn -0.6345 -0.4786 -0.6069
vn -0.6532 -0.5024 -0.5665
vn -0.8300 -0.4722 -0.2967
vn -0.8329 -0.4808 -0.2741
vn 0.1365 -0.9324 0.3345
vn 0.2517 -0.9401 0.2300
vn -0.4143 0.9101 0.0102
vn -0.3586 0.9291 0.0903
vn -0.0004 0.1100 0.9939
vn 0.1319 0.1128 0.9848
vn 0.3428 0.2050 0.9168
vn 0.2588 0.1867 0.9477
vn 0.0104 -0.1706 -0.9853
vn 0.1139 -0.1662 -0.9795
vn 0.8863 0.0691 -0.4579
vn 0.8426 0.0338 -0.5374
vn 0.2625 -0.3330 -0.9056
vn 0.2477 -0.3702 -0.8953
vn 0.0696 -0.1561 -0.9853
vn 0.1668 -0.1004 -0.9809
vn 0.4301 -0.0562 -0.9010
vn 0.4456 -0.0432 -0.8942
vn -0.2611 -0.4470 -0.8556
vn -0.5056 -0.3974 -0.7658
vn -0.1848 -0.2626 -0.9471
vn -0.2745 -0.2762 -0.9211
vn -0.8677 -0.1726 0.4662
vn -0.8323 -0.1631 0.5298
vn -0.3137 0.0739 0.9466
vn -0.1810 0.1082 0.9775
vn 0.9748 0.1533 -0.1619
vn 0.8400 0.1245 -0.5281
vn 0.9521 0.1589 0.2613
vn 0.8914 0.2015 0.4061
vn 0.1209 -0.9487 0.2921
vn 0.1604 -0.9007 0.4037
vn -0.9202 -0.1607 0.3569
vn -0.9602 -0.2749 0.0491
vn -0.9065 -0.3884 -0.1654
vn -0.8656 -0.3707 -0.3366
vn 0.7733 0.0124 0.6339
vn 0.7749 0.0119 0.6320
vn 0.7700 0.0413 0.6368
vn 0.7726 0.0436 0.6334
vn 0.7611 0.0295 0.6479
vn 0.9165 0.0903 0.3897
vn 0.9163 0.0904 0.3901
vn -0.1185 -0.1958 0.9735
vn -0.1816 -0.1862 0.9656
vn -0.1196 -0.1929 0.9739
vn -0.0573 -0.1230 0.9908
vn -0.0199 -0.1319 0.9911
vn -0.9638 -0.2119 0.1620
vn -0.9638 -0.2140 0.1593
vn -0.7730 -0.0576 -0.6318
vn -0.8614 -0.1443 -0.4869
vn -0.7096 -0.0806 -0.7000
vn -0.7635 -0.1227 -0.6340
vn -0.9433 -0.1560 -0.2931
vn -0.9424 -0.1542 -0.2967
vn 0.9670 0.1427 0.2113
vn -0.9713 -0.1830 0.1523
vn -0.9263 -0.2576 0.2750
vn -0.9274 -0.2161 0.3052
vn -0.9424 -0.2007 0.2674
vn -0.8145 -0.2255 0.5346
vn -0.8248 -0.2204 0.5207
vn -0.8653 -0.0068 -0.5012
vn -0.8961 -0.0747 -0.4376
vn -0.8615 -0.1277 -0.4914
vn -0.8627 -0.0388 -0.5042
vn -0.9346 -0.1956 -0.2971
vn -0.9740 -0.1029 -0.2020
vn -0.9715 -0.0887 -0.2199
vn 0.3302 0.1130 -0.9371
vn 0.3584 0.1048 -0.9277
vn 0.1601 -0.2537 -0.9539
vn 0.0062 0.0641 -0.9979
vn 0.0243 0.0757 -0.9968
vn 0.0302 0.0559 -0.9980
vn 0.0065 0.0425 -0.9991
vn 0.8316 0.1522 -0.5342
vn 0.8186 0.1436 -0.5561
vn 0.8219 0.1313 -0.5543
vn 0.8337 0.1388 -0.5345
vn 0.9703 0.0204 -0.2409
vn 0.9829 -0.0693 -0.1707
vn 0.5835 0.7640 0.2753
vn 0.9512 -0.0999 -0.2921
vn 0.9597 0.1294 -0.2493
vn 0.9488 0.1431 -0.2817
vn 0.2690 -0.0028 0.9631
vn 0.3000 -0.0092 0.9539
vn 0.8780 0.0838 0.4713
vn 0.8598 0.0947 0.5017
vn 0.8586 0.1062 0.5016
vn 0.8086 0.1302 0.5738
vn -0.2152 -0.0643 0.9745
vn -0.0257 -0.0872 0.9959
vn 0.7225 0.1107 0.6824
vn 0.7114 0.1152 0.6932
vn 0.2867 0.0447 0.9570
vn 0.3045 0.0404 0.9517
vn 0.9902 -0.0651 -0.1235
vn 0.9858 -0.0129 -0.1673
vn 0.9980 -0.0467 -0.0422
vn 0.9835 0.1198 -0.1357
vn 0.9917 0.0032 -0.1287
vn 0.9905 0.0109 -0.1368
vn 0.2638 -0.2194 -0.9393
vn 0.3960 -0.3270 -0.8581
vn 0.1108 -0.1521 -0.9821
vn 0.1888 -0.2097 -0.9594
vn 0.2164 -0.0019 -0.9763
vn 0.2297 0.0105 -0.9732
vn 0.1843 -0.0428 -0.9819
vn 0.2166 -0.0105 -0.9762
vn 0.3524 0.0272 -0.9354
vn 0.2667 -0.0567 -0.9621
vn 0.2627 -0.1579 -0.9519
vn 0.2485 -0.1818 -0.9514
vn -0.0217 -0.1729 -0.9847
vn -0.0893 -0.1301 -0.9875
vn -0.0541 -0.1840 -0.9814
vn -0.0774 -0.1699 -0.9824
vn 0.9419 -0.2831 0.1806
vn -0.0083 0.0270 -0.9996
vn -0.0381 0.0127 -0.9992
vn 0.0106 0.0258 -0.9996
vn -0.0148 0.0127 -0.9998
vn -0.0220 0.0204 -0.9995
vn 0.0057 0.2467 -0.9691
vn -0.0553 0.2828 -0.9576
vn -0.0007 0.2162 -0.9764
vn -0.0590 0.2463 -0.9674
vn 0.0560 0.2158 -0.9748
vn 0.4711 -0.8670 0.1624
vn 0.3330 -0.9295 0.1584
vn 0.4741 -0.8651 0.1637
vn 0.6297 -0.7697 0.1045
vn 0.1900 -0.8491 0.4930
vn 0.7707 -0.4702 0.4300
vn 0.8996 0.0994 -0.4253
vn 0.7998 0.1953 -0.5675
vn 0.8178 -0.0975 -0.5671
vn 0.8750 -0.2151 -0.4338
vn 0.8510 -0.3406 -0.3996
vn 0.9340 -0.2142 -0.2859
vn 0.9342 -0.2117 -0.2873
vn 0.9186 -0.2409 -0.3134
vn 0.9862 -0.1075 -0.1255
vn 0.9609 -0.2210 -0.1668
vn 0.8716 -0.1290 -0.4729
vn 0.8423 -0.0816 -0.5328
vn 0.9163 -0.1065 -0.3860
vn 0.9163 -0.1509 -0.3710
vn 0.9179 -0.1394 -0.3716
vn 0.9013 -0.0840 -0.4250
vn 0.9082 -0.1209 -0.4007
vn 0.9086 -0.1241 -0.3989
vn 0.9140 -0.0567 -0.4018
vn 0.9549 0.0835 -0.2851
vn 0.2833 0.2949 -0.9126
vn 0.2383 0.2454 -0.9397
vn 0.7696 0.1422 -0.6225
vn 0.7926 0.2183 -0.5693
vn 0.2206 0.2793 -0.9345
vn 0.2541 0.2449 -0.9357
vn 0.2037 0.2770 -0.9390
vn 0.2070 0.2787 -0.9378
vn 0.2488 0.3130 -0.9166
vn 0.3383 -0.9153 -0.2184
vn 0.1965 -0.9272 -0.3190
vn 0.4904 -0.8706 -0.0389
vn 0.8119 -0.5776 0.0851
vn 0.5214 -0.8368 -0.1672
vn 0.4976 -0.8480 -0.1825
vn -0.4439 -0.8943 -0.0566
vn 0.1480 -0.9867 0.0671
vn 0.2135 -0.9645 0.1556
vn 0.6965 -0.6734 0.2479
vn 0.8414 -0.5222 0.1390
vn 0.0360 -0.9961 -0.0804
vn 0.0919 -0.1956 -0.9764
vn 0.1060 -0.1908 -0.9759
vn 0.1101 -0.1846 -0.9766
vn -0.0259 -0.1727 -0.9846
vn -0.0227 -0.1779 -0.9838
vn 0.1055 -0.1872 -0.9766
vn 0.0919 -0.1971 -0.9761
vn 0.1053 -0.1914 -0.9759
vn 0.2540 -0.2659 -0.9299
vn 0.0209 -0.3802 -0.9247
vn 0.2541 -0.2660 -0.9299
vn -0.0508 -0.1714 -0.9839
vn 0.1250 -0.9921 -0.0028
vn 0.1355 -0.9904 -0.0278
vn 0.8807 -0.4444 0.1638
vn -0.0318 -0.1724 -0.9845
vn -0.0247 -0.1778 -0.9838
vn -0.1027 -0.2183 -0.9705
vn -0.0289 -0.1433 -0.9893
vn -0.1796 -0.1763 -0.9678
vn -0.0932 -0.0162 -0.9955
vn 0.3966 0.1051 -0.9120
vn 0.3450 0.0735 -0.9357
vn 0.0801 -0.1114 -0.9905
vn 0.1080 -0.0188 -0.9940
vn 0.4338 -0.2346 -0.8700
vn 0.0876 0.0718 -0.9936
vn 0.0160 0.0198 -0.9997
vn 0.3773 0.0857 -0.9221
vn 0.3979 0.1011 -0.9118
vn 0.8718 0.1175 -0.4756
vn 0.8802 0.1282 -0.4570
vn 0.0076 0.0444 -0.9990
vn 0.3605 0.2131 -0.9081
vn 0.1841 0.0011 -0.9829
vn 0.0921 -0.1839 -0.9786
vn 0.1050 -0.2011 -0.9739
vn 0.0917 -0.2094 -0.9735
vn 0.0779 -0.1730 -0.9818
vn 0.1068 -0.1447 -0.9837
vn -0.0271 -0.1842 -0.9825
vn -0.0462 -0.1717 -0.9841
vn -0.0876 -0.1443 -0.9856
vn -0.0156 -0.0598 -0.9981
vn -0.1694 -0.1649 -0.9716
vn -0.0845 -0.0596 -0.9946
vn -0.0914 -0.1544 -0.9838
vn -0.1010 -0.1647 -0.9811
vn -0.1628 -0.0288 -0.9862
vn -0.1722 -0.0457 -0.9840
vn 0.1167 -0.1259 -0.9852
vn 0.1306 0.0274 -0.9911
vn 0.0260 -0.1334 -0.9907
vn 0.5233 -0.2171 -0.8241
vn 0.9495 -0.0875 -0.3015
vn 0.3704 -0.1779 0.9117
vn 0.8400 0.1663 -0.5165
vn 0.8772 0.2188 -0.4273
vn 0.8555 0.2455 -0.4558
vn 0.8435 0.2222 -0.4890
vn 0.6613 0.4943 -0.5642
vn 0.2464 0.9438 -0.2204
vn 0.3045 0.8875 -0.3458
vn 0.4930 -0.2003 0.8467
vn 0.6323 -0.0925 0.7692
vn 0.2304 0.9558 -0.1828
vn 0.2490 0.9440 -0.2166
vn 0.3813 -0.8283 0.4105
vn 0.3194 -0.9097 0.2654
vn -0.3776 -0.8827 -0.2796
vn 0.5486 -0.7530 0.3633
vn -0.0851 -0.9890 0.1207
vn 0.7139 -0.6645 -0.2207
vn 0.2658 -0.9141 0.3062
vn 0.3319 -0.9202 0.2077
vn 0.3138 -0.8413 0.4402
vn 0.3336 -0.8886 0.3148
vn 0.6419 -0.6780 0.3583
vn 0.6699 -0.6112 0.4215
vn 0.2672 -0.1064 0.9578
vn 0.2695 -0.1074 0.9570
vn -0.1290 0.7939 0.5942
vn 0.1720 0.2289 0.9581
vn 0.1495 0.2382 0.9596
vn 0.2927 -0.1542 0.9437
vn 0.2719 -0.1470 0.9510
vn 0.3636 -0.8656 0.3441
vn -0.9703 -0.1771 0.1651
vn -0.9711 -0.2066 0.1194
vn 0.9642 0.2099 -0.1622
vn 0.9661 0.2057 -0.1560
vn 0.9711 0.1717 -0.1655
vn 0.9751 0.1599 -0.1534
vn -0.0265 0.7992 0.6005
vn -0.3801 0.7687 0.5144
vn 0.0645 0.8579 0.5097
vn 0.0186 0.8537 0.5204
vn -0.0170 0.8602 0.5097
vn -0.0827 0.7588 0.6460
vn -0.2583 0.8400 0.4773
vn -0.6969 0.7144 0.0625
vn -0.0787 0.9936 0.0806
vn 0.0928 0.8218 0.5621
vn 0.0692 0.7544 -0.6527
vn 0.0098 0.8130 -0.5822
vn -0.2143 0.5089 -0.8337
vn -0.1478 0.3949 -0.9067
vn -0.1607 0.5454 -0.8226
vn -0.2093 0.7316 -0.6488
vn 0.2974 0.7496 -0.5913
vn 0.2310 0.6910 -0.6850
vn -0.0630 0.7174 -0.6938
vn 0.0831 0.7488 -0.6576
vn -0.2432 0.8965 0.3702
vn -0.2256 0.9107 0.3459
vn -0.1656 0.8603 -0.4821
vn -0.2660 0.8551 -0.4451
vn 0.9708 0.2174 -0.1018
vn 0.9688 0.2285 -0.0964
vn 0.9246 0.2022 -0.3229
vn 0.1000 -0.0440 -0.9940
vn 0.4731 0.0544 -0.8794
vn -0.8594 -0.1756 0.4802
vn -0.9563 -0.2187 0.1942
vn -0.9527 -0.2437 -0.1816
vn -0.8415 -0.2376 -0.4853
vn -0.9664 0.1857 -0.1775
vn -0.9715 0.1706 -0.1643
vn 0.4618 0.7276 0.5072
vn 0.5461 0.6950 0.4676
vn -0.8776 0.2600 0.4029
vn -0.8962 0.2683 0.3533
vn 0.3541 0.5606 -0.7486
vn 0.3252 0.4862 -0.8111
vn 0.2653 -0.9603 0.0862
vn 0.0000 -0.9064 -0.4223
vn 0.1812 -0.9686 0.1701
vn 0.2523 -0.8982 0.3600
vn 0.1326 -0.9891 0.0647
vn 0.2836 -0.9526 -0.1105
vn 0.3246 -0.9327 -0.1570
vn 0.1507 -0.9885 0.0129
vn 0.0934 -0.9947 -0.0436
vn 0.1634 -0.9864 0.0151
vn 0.1256 -0.9834 0.1308
vn 0.2225 -0.9508 0.2155
vn 0.0779 -0.9924 0.0956
vn 0.2029 -0.9694 0.1384
vn 0.9683 0.2439 0.0541
vn 0.9697 0.2389 0.0514
vn 0.7008 0.2168 0.6797
vn -0.0607 0.0538 0.9967
vn 0.0042 0.0696 0.9976
vn 0.5151 -0.2125 -0.8303
vn 0.4942 -0.2658 -0.8277
vn 0.8525 0.3038 0.4254
vn 0.8485 0.3020 0.4345
vn 0.3337 0.2299 0.9142
vn 0.3109 0.2542 0.9158
vn 0.0300 -0.9551 0.2947
vn 0.1201 -0.9402 0.3189
vn 0.7689 -0.0482 -0.6375
vn 0.7299 -0.1575 -0.6652
vn 0.1186 0.1997 0.9726
vn 0.1541 0.2148 0.9644
vn -0.8172 -0.0699 0.5722
vn -0.7442 -0.1896 0.6405
vn -0.3697 0.3102 0.8758
vn -0.6377 0.0966 0.7642
vn 0.8916 0.1419 0.4299
vn 0.8111 0.2674 0.5202
vn 0.6421 0.0395 -0.7656
vn -0.8273 -0.4725 -0.3040
vn -0.8250 -0.4826 -0.2940
vn 0.1007 -0.4422 -0.8912
vn 0.2536 -0.2422 -0.9365
vn -0.8341 -0.3657 -0.4130
vn -0.8340 -0.3657 -0.4130
vn 0.1758 -0.9475 0.2671
vn 0.4682 -0.1352 -0.8732
vn 0.4365 -0.1542 -0.8864
vn 0.0123 -0.2321 -0.9726
vn 0.3607 -0.9326 0.0102
vn 0.3734 -0.9269 0.0366
vn -0.3003 0.0980 0.9488
vn -0.1856 0.1299 0.9740
vn 0.6478 0.4287 0.6298
vn 0.5635 0.4994 0.6581
vn -0.8627 -0.2214 -0.4548
vn -0.7151 -0.2694 -0.6451
vn 0.9694 0.0858 -0.2298
vn 0.8498 -0.0365 -0.5258
vn 0.2450 0.3224 0.9144
vn 0.5887 0.1976 0.7838
vn 0.7057 0.1822 0.6847
vn 0.1242 0.9783 -0.1657
vn 0.1596 0.9630 -0.2173
vn 0.9726 0.0058 -0.2325
vn 0.9681 -0.0174 -0.2501
vn 0.7917 0.2088 0.5740
vn 0.5832 0.2370 0.7770
vn 0.9103 0.2852 0.2999
vn 0.8787 0.2834 0.3842
vn 0.9698 0.1433 -0.1972
vn 0.8423 0.1123 -0.5271
vn 0.2535 0.2454 0.9357
vn 0.8498 -0.0282 -0.5263
vn 0.9682 0.0889 -0.2340
vn 0.9662 0.1937 -0.1704
vn 0.8725 0.2598 -0.4139
vn 0.4151 -0.0690 -0.9072
vn 0.2358 -0.1594 -0.9586
vn 0.3504 0.8819 0.3153
vn 0.2348 0.9243 0.3010
vn -0.1671 -0.1894 -0.9676
vn 0.1142 -0.2029 -0.9725
vn 0.4847 -0.2005 -0.8514
vn 0.4800 -0.2212 -0.8489
vn -0.0092 0.3572 -0.9340
vn -0.0230 0.9141 -0.4049
vn -0.2372 -0.0141 0.9713
vn -0.1214 -0.0028 0.9926
vn -0.2633 0.0435 0.9637
vn -0.2531 0.0447 0.9664
vn -0.1704 0.1822 0.9684
vn 0.0726 -0.1065 0.9917
vn -0.9514 -0.2391 -0.1942
vn -0.9474 -0.2424 -0.2090
vn 0.8708 0.2801 0.4041
vn 0.8559 0.2708 0.4406
vn -0.9093 -0.3684 -0.1933
vn -0.9406 -0.2979 -0.1627
vn 0.8883 0.1900 0.4181
vn 0.8141 -0.0172 0.5805
vn -0.9473 -0.2426 -0.2090
vn -0.8612 -0.2672 0.4325
vn -0.8843 -0.2694 0.3814
vn -0.9403 -0.2762 0.1989
vn -0.8647 -0.2575 0.4312
vn -0.8701 -0.3101 0.3831
vn -0.8840 -0.2910 0.3659
vn 0.0985 0.2555 0.9618
vn 0.2747 0.4163 0.8667
vn -0.3671 -0.1977 -0.9090
vn -0.3088 -0.1846 -0.9330
vn 0.0322 -0.9991 0.0265
vn 0.0455 -0.9986 0.0254
vn 0.1738 0.2767 0.9451
vn 0.1376 0.2597 0.9558
vn -0.5924 0.8051 -0.0304
vn -0.5924 0.8050 -0.0304
vn -0.7741 -0.3926 -0.4965
vn -0.6940 -0.3725 -0.6161
vn -0.8624 -0.3796 -0.3347
vn -0.7874 -0.3650 -0.4968
vn -0.6424 -0.5103 -0.5717
vn -0.5812 -0.3135 -0.7509
vn -0.9110 -0.2516 0.3269
vn -0.8983 -0.0871 0.4307
vn -0.9371 -0.1869 0.2949
vn -0.9583 -0.2814 0.0494
vn 0.5704 0.0072 -0.8213
vn 0.6440 0.0344 -0.7643
vn -0.8572 0.4548 -0.2417
vn -0.5916 0.7466 -0.3044
vn 0.6657 -0.0300 -0.7457
vn 0.4396 -0.0401 -0.8973
vn -0.0638 0.3427 -0.9373
vn -0.0174 0.3647 -0.9310
vn -0.0583 0.3427 -0.9376
vn -0.0571 0.3433 -0.9375
vn 0.3013 0.3947 -0.8680
vn 0.2480 0.3566 -0.9007
vn 0.2267 0.3823 -0.8958
vn 0.1677 0.3557 -0.9194
vn 0.3343 -0.0456 0.9414
vn 0.4953 -0.1025 0.8626
vn 0.3403 0.1281 0.9316
vn -0.9279 -0.2263 -0.2963
vn -0.9096 -0.1848 -0.3722
vn 0.9273 0.2927 -0.2334
vn 0.9247 0.3497 -0.1502
vn 0.3115 -0.9420 -0.1252
vn 0.8683 0.4137 0.2737
vn 0.9319 0.3394 0.1279
vn 0.1415 -0.9830 -0.1166
vn 0.1546 -0.9777 0.1421
vn 0.1645 -0.9861 -0.0224
vn 0.1399 -0.9893 -0.0409
vn 0.1524 -0.9817 0.1141
vn 0.1527 -0.9816 0.1143
vn 0.2494 -0.9513 0.1809
vn 0.1954 -0.9626 0.1875
vn 0.8761 0.2857 -0.3883
vn 0.8445 0.2135 -0.4912
vn 0.9754 0.1445 -0.1665
vn 0.9697 0.0865 -0.2284
vn -0.9191 0.3199 0.2299
vn -0.9239 0.2789 0.2619
vn 0.9898 0.1149 0.0839
vn 0.9206 0.2740 0.2781
vn 0.8808 0.0431 -0.4716
vn 0.9063 0.0985 -0.4110
vn 0.3265 0.4106 0.8513
vn -0.0605 0.4813 0.8745
vn -0.9179 0.0606 0.3921
vn -0.8694 0.0815 0.4873
vn -0.2577 -0.2796 -0.9249
vn -0.8171 -0.1522 -0.5560
vn -0.9308 -0.2242 -0.2887
vn 0.8484 0.3378 0.4075
vn 0.4749 0.4262 0.7700
vn -0.9829 0.0120 0.1836
vn -0.9637 -0.0054 0.2670
vn -0.1826 -0.9215 -0.3429
vn -0.3523 -0.7752 -0.5244
vn -0.5131 -0.7595 -0.4000
vn -0.2545 -0.9668 -0.0241
vn 0.8685 -0.1431 0.4746
vn 0.6776 -0.0313 0.7347
vn 0.2047 -0.1254 -0.9708
vn 0.2075 -0.1247 -0.9702
vn -0.0715 0.0658 0.9953
vn 0.3650 -0.0808 0.9275
vn 0.9752 -0.1572 -0.1558
vn 0.9759 -0.1562 -0.1525
vn -0.8601 -0.5099 -0.0170
vn -0.9857 -0.0650 -0.1558
vn 0.3750 0.0353 0.9264
vn 0.3950 0.0162 0.9186
vn -0.9978 -0.0633 -0.0189
vn -0.9978 -0.0636 -0.0186
vn 0.2218 0.0026 -0.9751
vn 0.2155 -0.0037 -0.9765
vn 0.0591 -0.0544 -0.9968
vn -0.0102 -0.1587 -0.9873
vn 0.6701 0.2639 0.6938
vn 0.8919 0.0666 0.4474
vn -0.8466 0.2620 0.4632
vn -0.8349 0.2498 0.4905
vn -0.8577 0.1274 0.4980
vn -0.9112 0.1509 0.3833
vn 0.8951 -0.4456 -0.0166
vn 0.8968 -0.4423 -0.0115
vn -0.9776 -0.0468 0.2053
vn 0.9984 0.0550 -0.0149
vn 0.1038 -0.0546 -0.9931
vn 0.0578 -0.0774 -0.9953
vn -0.4026 0.1030 0.9096
vn -0.1014 -0.1853 0.9774
vn 0.8943 -0.4475 0.0093
vn 0.8957 -0.4436 0.0315
vn -0.9586 0.0670 0.2767
vn -0.9716 0.1265 0.2002
vn 0.8872 -0.4462 0.1176
vn 0.8872 -0.4334 0.1581
vn -0.9274 0.3729 -0.0301
vn -0.9265 0.3744 -0.0362
vn 0.7065 -0.4695 -0.5295
vn 0.8854 -0.4405 -0.1483
vn 0.7848 -0.3775 0.4915
vn 0.7964 -0.3936 0.4591
vn 0.9813 -0.0657 -0.1812
vn 0.8653 -0.1616 -0.4745
vn -0.9993 0.0257 0.0279
vn -0.9994 0.0282 0.0203
vn -0.9991 0.0269 -0.0340
vn -0.9993 0.0250 -0.0262
vn 0.9728 -0.1355 0.1877
vn 0.9823 -0.1728 0.0727
vn -0.9996 0.0272 0.0065
vn -0.9996 0.0273 0.0063
vn -0.9995 0.0258 -0.0187
vn -0.9995 0.0256 -0.0174
vn -0.1357 -0.9907 0.0101
vn -0.0909 -0.9940 0.0614
vn -0.2396 -0.7397 0.6289
vn -0.1324 -0.6766 0.7243
vn -0.0857 -0.9963 0.0079
vn -0.1353 -0.9888 -0.0626
vn 0.0973 -0.7804 -0.6177
vn 0.0080 -0.7129 -0.7012
vn -0.8882 0.3674 0.2759
vn -0.8945 0.4470 -0.0089
vn 0.8916 -0.4422 -0.0974
vn 0.8846 -0.4489 -0.1266
vn -0.0740 0.0038 0.9973
vn -0.0788 0.0079 0.9969
vn -0.9269 0.3748 0.0200
vn -0.9272 0.3738 0.0240
vn 0.1917 -0.2045 -0.9599
vn 0.2488 -0.2108 -0.9453
vn -0.8315 0.4261 -0.3564
vn -0.9269 0.3752 -0.0067
vn -0.0956 -0.9945 0.0424
vn -0.1592 -0.9872 0.0061
vn -0.1601 -0.9869 0.0205
vn -0.1308 -0.9862 0.1018
vn -0.0759 0.0324 0.9966
vn -0.9242 -0.0374 0.3800
vn 0.1061 -0.0307 -0.9939
vn 0.9983 0.0548 -0.0205
vn -0.4097 0.0078 0.9122
vn -0.5180 0.1694 0.8384
vn -0.5061 0.3494 0.7885
vn -0.1496 0.3069 0.9399
vn 0.2899 -0.0129 -0.9570
vn 0.2301 -0.0827 -0.9697
vn 0.7722 0.1982 -0.6037
vn 0.8069 0.1710 -0.5653
vn 0.6967 0.4339 -0.5712
vn 0.6654 0.4500 -0.5956
vn 0.7961 0.4837 -0.3636
vn 0.8401 0.4550 -0.2954
vn 0.7820 0.4793 -0.3984
vn 0.9251 0.0899 -0.3689
vn 0.9509 0.1099 -0.2894
vn 0.2333 0.3134 -0.9205
vn 0.3248 0.2801 -0.9034
vn -0.9617 -0.2523 -0.1069
vn -0.9320 -0.0519 -0.3588
vn -0.9905 0.0695 0.1184
vn -0.9892 0.0861 0.1186
vn -0.9880 0.1083 0.1104
vn -0.1318 0.6302 0.7652
vn -0.1025 0.5536 0.8264
vn -0.9443 0.1460 -0.2950
vn -0.9203 0.1245 -0.3710
vn -0.7770 0.0525 0.6273
vn -0.7520 0.0314 0.6584
vn -0.4940 -0.0666 0.8669
vn -0.5512 -0.0972 0.8287
vn -0.2645 -0.1603 -0.9510
vn -0.3372 -0.2277 -0.9135
vn -0.3158 -0.0199 -0.9486
vn -0.2668 -0.0653 -0.9615
vn -0.9089 -0.1364 -0.3941
vn -0.9088 -0.1379 -0.3938
vn -0.9141 -0.1025 -0.3923
vn -0.9175 -0.1193 -0.3793
vn -0.9575 -0.1283 -0.2584
vn -0.9422 -0.2120 -0.2595
vn -0.9151 -0.1452 -0.3761
vn -0.9209 -0.1641 -0.3535
vn -0.8446 -0.3695 0.3874
vn -0.8509 -0.5093 0.1287
vn -0.7656 -0.5669 0.3039
vn -0.7223 -0.5246 0.4508
vn -0.6397 0.0271 0.7682
vn -0.3780 0.2139 -0.9007
vn -0.2361 0.2778 -0.9312
vn -0.4099 -0.0003 0.9121
vn -0.5765 0.1127 0.8093
vn -0.2916 0.4621 0.8375
vn -0.2548 0.4322 0.8650
vn -0.2760 0.6845 0.6748
vn -0.3460 -0.1688 -0.9229
vn -0.2392 -0.3053 -0.9217
vn 0.0809 0.3975 0.9140
vn 0.1149 0.3856 0.9155
vn 0.0006 -0.0834 0.9965
vn 0.0123 -0.1833 0.9830
vn 0.0309 0.0284 -0.9991
vn 0.0019 0.0412 -0.9992
vn -0.0140 0.2866 -0.9580
vn -0.0701 0.2460 -0.9667
vn 0.1886 0.0194 0.9819
vn 0.8772 -0.3171 0.3604
vn 0.1197 0.2760 0.9537
vn 0.1719 0.3372 0.9256
vn -0.7251 0.0898 0.6828
vn -0.7688 0.0712 0.6355
vn -0.4894 0.3299 0.8072
vn 0.0297 0.3416 0.9394
vn 0.0365 0.3506 0.9358
vn 0.0396 0.3464 0.9373
vn 0.0135 0.9999 0.0000
vn 0.0135 0.9999 0.0001
vn 0.9801 -0.1553 0.1240
vn 0.8705 -0.2653 0.4145
vn -0.1659 0.4811 0.8608
vn -0.5145 -0.0727 0.8544
vn -0.5144 -0.0644 0.8551
vn -0.0308 -0.8545 0.5185
vn -0.6061 0.5110 0.6095
vn 0.4469 -0.8693 -0.2112
vn -0.1223 -0.9916 0.0428
vn 0.1404 -0.9618 0.2351
vn -0.3468 -0.8736 0.3414
vn -0.1961 0.1684 0.9660
vn -0.1647 0.1759 0.9705
vn -0.8084 0.2524 -0.5317
vn -0.6214 0.0155 -0.7833
vn -0.3880 0.1160 -0.9143
vn -0.3605 0.0981 -0.9276
vn 0.9732 -0.1091 -0.2022
vn 0.9539 -0.0561 -0.2948
vn 0.4727 -0.0003 -0.8812
vn 0.4725 -0.0003 -0.8813
vn 0.1968 -0.1127 0.9739
vn 0.2105 -0.1106 0.9713
vn -0.7578 0.6409 -0.1228
vn -0.8021 0.4912 -0.3396
vn 0.0973 0.5227 0.8470
vn 0.1230 0.5244 0.8425
vn -0.8563 0.2646 0.4436
vn -0.8993 0.3313 0.2853
vn 0.8547 -0.0825 0.5125
vn 0.7265 -0.1243 0.6758
vn -0.8881 0.3081 0.3412
vn -0.8216 0.3470 0.4523
vn 0.9179 -0.2631 -0.2972
vn 0.9380 -0.3104 -0.1542
vn -0.3584 0.1303 0.9244
vn -0.1273 0.1281 0.9836
vn -0.7697 -0.0624 -0.6353
vn -0.8450 -0.0064 -0.5347
vn -0.8706 0.3188 0.3747
vn -0.9044 0.3125 0.2905
vn 0.7784 -0.2292 0.5844
vn 0.8017 -0.2308 0.5513
vn -0.8821 0.2067 0.4232
vn -0.8913 0.2019 0.4060
vn 0.8708 -0.3813 -0.3103
vn 0.8628 -0.3772 -0.3366
vn -0.8816 0.0508 0.4692
vn -0.9170 0.0370 0.3972
vn -0.2902 -0.1204 0.9494
vn -0.2720 -0.1175 0.9551
vn 0.9482 -0.1257 -0.2917
vn 0.9469 -0.1228 -0.2970
vn -0.9475 0.1498 -0.2824
vn -0.9433 0.1458 -0.2983
vn 0.8361 -0.2253 0.5002
vn 0.8195 -0.2358 0.5224
vn -0.0145 0.5510 0.8344
vn 0.3152 0.4137 0.8541
vn 0.2988 0.1031 0.9487
vn -0.7250 -0.5264 0.4442
vn -0.6842 -0.5321 0.4988
vn 0.0569 0.6461 0.7612
vn 0.0371 0.6641 0.7467
vn -0.1919 0.1196 0.9741
vn -0.1726 0.1344 0.9758
vn -0.0895 0.1614 0.9828
vn -0.1712 0.1283 0.9768
vn -0.1765 0.1234 0.9765
vn -0.9588 -0.0626 0.2770
vn -0.9589 -0.0630 0.2766
vn -0.6740 -0.0119 0.7386
vn -0.6789 -0.0310 0.7336
vn -0.9864 -0.1455 0.0759
vn -0.9836 -0.0637 0.1686
vn -0.1696 0.3674 0.9145
vn -0.2953 0.5143 0.8052
vn -0.1751 0.3627 0.9153
vn 0.3073 0.3645 0.8790
vn 0.4255 0.2949 0.8555
vn 0.1351 0.4325 0.8914
vn 0.3784 0.4570 0.8050
vn 0.1303 0.9412 0.3116
vn 0.0108 0.8851 0.4653
vn -0.1085 0.5297 0.8412
vn -0.1450 0.6452 0.7502
vn -0.1073 0.5880 0.8018
vn -0.6589 0.0529 0.7504
vn -0.7960 0.2570 0.5481
vn -0.7950 0.3089 0.5221
vn 0.2251 0.0667 0.9721
vn 0.4229 -0.1259 0.8974
vn -0.9935 -0.0706 0.0889
vn -0.9961 -0.0297 0.0828
vn -0.9950 -0.0748 0.0661
vn -0.3338 -0.6619 0.6712
vn -0.2100 -0.6127 0.7619
vn -0.4497 0.4870 0.7488
vn -0.2726 0.4007 0.8747
vn -0.2975 0.8080 -0.5086
vn 0.0070 0.4316 0.9020
vn -0.8541 0.0665 0.5158
vn -0.8756 0.0904 0.4745
vn -0.8452 -0.0353 0.5332
vn -0.9831 -0.1774 0.0454
vn -0.9999 0.0000 0.0104
vn 0.3093 -0.0913 0.9466
vn 0.2914 -0.1067 0.9506
vn -0.4088 -0.2404 0.8804
vn -0.3902 -0.2269 0.8923
vn -0.2666 0.6655 0.6972
vn -0.3542 0.6805 0.6414
vn 0.0013 0.7421 0.6703
vn 0.1797 0.6309 0.7547
vn 0.2038 0.3789 0.9027
vn 0.4319 -0.8721 0.2299
vn 0.4226 -0.8808 0.2134
vn 0.1936 0.5776 0.7930
vn 0.2460 0.6111 0.7523
vn -0.2344 0.3002 0.9246
vn -0.1444 0.4024 0.9040
vn -0.3547 0.5449 0.7598
vn -0.4734 0.4512 0.7565
vn -0.4805 0.2498 0.8407
vn -0.6355 0.4522 0.6258
vn -0.6785 0.3075 0.6672
vn -0.7206 0.2482 0.6474
vn -0.4112 -0.5717 0.7100
vn -0.3113 -0.5190 0.7961
vn 0.3830 -0.2127 0.8989
vn 0.2938 0.1094 0.9496
vn -0.9040 -0.4174 0.0927
vn -0.9737 -0.0454 0.2231
vn -0.4435 -0.8963 0.0001
vn -0.8310 -0.2639 0.4897
vn -0.8663 -0.2341 0.4414
vn 0.0504 0.6758 0.7354
vn 0.0205 0.6694 0.7426
vn 0.0566 0.6543 0.7541
vn 0.0564 0.6545 0.7539
vn 0.1422 0.5662 0.8119
vn 0.0537 0.5391 0.8405
vn -0.0224 0.5080 0.8611
vn 0.0059 0.5580 0.8298
vn 0.0148 0.5513 0.8342
vn 0.2152 -0.5455 0.8100
vn 0.1211 -0.0152 0.9925
vn 0.1759 -0.5114 0.8412
vn 0.5143 0.0161 0.8574
vn 0.4100 -0.0859 0.9080
vn -0.0421 -0.1384 0.9895
vn -0.1418 -0.2203 0.9651
vn 0.1353 0.1313 0.9821
vn 0.3027 -0.1539 0.9406
vn -0.0153 0.3830 0.9236
vn -0.2137 -0.1452 0.9661
vn -0.3579 0.6107 0.7064
vn -0.2610 0.5913 0.7631
vn 0.0971 0.6163 0.7815
vn -0.0302 0.7528 0.6575
vn -0.0260 0.7304 0.6825
vn -0.0478 0.7421 0.6686
vn 0.0386 0.7485 0.6621
vn -0.0050 0.8161 0.5779
vn 0.0745 0.7973 0.5989
vn 0.0824 0.6354 0.7678
vn 0.1915 0.5511 0.8122
vn 0.1291 0.1497 0.9803
vn 0.1062 0.1642 0.9807
vn 0.2166 0.4223 0.8802
vn 0.3736 0.5438 0.7514
vn 0.4232 0.2470 0.8717
vn 0.4833 0.3006 0.8222
vn 0.3094 0.3281 0.8925
vn 0.2587 0.2894 0.9216
vn -0.1395 0.6405 0.7552
vn -0.1396 0.9569 0.2546
vn 0.4388 0.1569 0.8848
vn 0.3458 0.2604 0.9015
vn 0.3445 0.3106 0.8859
vn 0.2126 0.4228 0.8809
vn -0.0213 0.6319 0.7748
vn -0.0797 0.5837 0.8080
vn -0.0263 0.2874 0.9574
vn -0.0959 0.2206 0.9706
vn -0.4516 0.1514 0.8793
vn -0.4772 0.1282 0.8694
vn -0.3605 0.4900 0.7937
vn -0.4330 0.5379 0.7233
vn -0.2111 0.5789 0.7876
vn -0.3056 0.6208 0.7220
vn -0.2983 0.5367 0.7893
vn -0.4669 0.6146 0.6358
vn -0.4950 0.4442 0.7468
vn -0.5752 0.3552 0.7369
vn -0.5774 0.1057 0.8096
vn -0.6094 0.0667 0.7901
vn -0.7368 0.0335 0.6753
vn -0.7904 -0.0418 0.6111
vn 0.4188 0.0540 0.9065
vn 0.4412 0.0269 0.8970
vn -0.6343 -0.4875 0.6001
vn -0.1408 0.2647 0.9540
vn -0.1369 0.2679 0.9537
vn 0.6143 -0.7568 0.2235
vn 0.6463 -0.6897 0.3265
vn -0.5688 -0.2368 0.7877
vn -0.4981 -0.1642 0.8514
vn -0.7316 -0.2030 0.6509
vn -0.7792 -0.1713 0.6028
vn 0.0234 0.5257 0.8504
vn 0.2230 -0.1878 0.9566
vn 0.2231 -0.2036 0.9533
vn 0.7450 -0.5186 0.4196
vn 0.7322 -0.5997 0.3228
vn 0.7833 0.0647 0.6183
vn 0.8178 0.0237 0.5750
vn 0.0210 -0.6834 0.7297
vn -0.3871 -0.5341 0.7516
vn -0.2746 -0.5793 0.7675
vn -0.1016 -0.5411 0.8348
vn 0.0985 -0.6072 0.7884
vn -0.0397 -0.6356 0.7710
vn -0.1091 -0.6836 0.7217
vn 0.0437 -0.9442 -0.3265
vn 0.4304 -0.3248 0.8422
vn 0.2429 -0.2262 0.9433
vn 0.3945 -0.1559 0.9056
vn 0.0006 -0.4593 0.8883
vn 0.3665 -0.5573 0.7450
vn 0.0689 -0.6088 0.7903
vn 0.2155 -0.5116 0.8318
vn -0.0342 0.0666 0.9972
vn -0.6542 0.2615 0.7097
vn -0.6270 0.2459 0.7392
vn -0.7721 -0.1037 0.6270
vn -0.8454 -0.0853 0.5273
vn -0.2822 -0.1885 0.9407
vn -0.3326 0.0252 0.9427
vn -0.1072 0.0723 0.9916
vn -0.0503 -0.0842 0.9952
vn -0.6631 -0.1888 0.7243
vn -0.7014 -0.4163 0.5786
vn -0.5917 0.0681 0.8033
vn -0.8036 0.1765 0.5684
vn -0.4204 0.5353 0.7326
vn -0.6178 0.6025 0.5053
vn -0.6055 0.5207 0.6018
vn -0.4502 0.0216 0.8927
vn -0.4338 -0.3546 0.8283
vn -0.3076 0.6549 0.6902
vn -0.3830 0.6980 0.6051
vn -0.2575 0.6716 0.6947
vn 0.0474 0.2064 0.9773
vn 0.1031 0.1816 0.9780
vn -0.0963 0.7953 -0.5986
vn -0.0613 -0.3877 0.9198
vn 0.8745 -0.1979 0.4428
vn 0.8154 -0.0806 0.5732
vn -0.0650 -0.0878 0.9940
vn -0.1834 -0.4091 0.8939
vn 0.0572 -0.7227 0.6888
vn -0.1289 -0.9657 0.2254
vn 0.5514 0.6512 0.5214
vn 0.6245 0.6270 0.4656
vn -0.0957 0.2090 0.9732
vn -0.0004 0.2246 0.9744
vn -0.0047 0.2514 0.9679
vn 0.0413 0.2429 0.9692
vn -0.0466 0.9629 0.2656
vn -0.0520 0.9604 0.2737
vn 0.7251 0.3532 0.5912
vn 0.7489 0.3361 0.5712
vn 0.2810 0.8487 0.4481
vn 0.2216 0.8389 0.4971
vn 0.2037 0.1975 0.9589
vn 0.3829 0.0631 0.9216
vn 0.1779 0.2417 0.9539
vn 0.1067 0.1996 0.9741
vn 0.0394 -0.0205 0.9990
vn -0.2605 0.2498 0.9326
vn -0.2198 0.3200 0.9216
vn 0.0617 0.5299 0.8458
vn -0.9699 -0.0491 0.2383
vn -0.8879 -0.3712 0.2718
vn -0.8575 0.0181 0.5142
vn -0.8644 -0.0270 0.5020
vn -0.9447 -0.0588 0.3227
vn -0.9409 -0.0409 0.3363
vn -0.8297 -0.4232 0.3641
vn -0.7078 -0.6969 0.1157
vn -0.2762 -0.0104 0.9611
vn -0.3002 -0.0205 0.9537
vn -0.2699 -0.0017 0.9629
vn 0.7943 0.0680 0.6037
vn 0.3092 -0.0454 0.9499
vn 0.7942 0.0737 0.6032
vn 0.8518 0.1037 0.5134
vn 0.8575 0.0489 0.5122
vn 0.8194 0.0669 0.5693
vn -0.8157 -0.5356 -0.2184
vn -0.8567 -0.4471 -0.2571
vn 0.8349 0.0528 0.5478
vn 0.9253 0.0545 0.3754
vn 0.8410 0.0565 0.5381
vn 0.1138 -0.3996 0.9096
vn 0.1154 -0.4008 0.9089
vn -0.2304 -0.0115 0.9730
vn -0.1106 -0.0824 0.9904
vn -0.1827 -0.0003 0.9832
vn -0.2304 -0.0153 0.9730
vn -0.0013 -0.8338 0.5521
vn 0.0572 -0.7796 0.6237
vn 0.0018 -0.5857 0.8105
vn 0.0562 -0.4813 0.8748
vn -0.0012 -0.0705 0.9975
vn -0.2027 0.0000 0.9792
vn -0.9909 -0.1171 -0.0665
vn 0.9542 0.0594 0.2932
vn 0.8336 0.0718 0.5477
vn -0.0263 -0.0789 0.9965
vn -0.0807 -0.3679 0.9264
vn 0.0413 -0.4174 0.9078
vn 0.0376 -0.4135 0.9097
vn 0.0110 -0.3083 0.9512
vn 0.0190 -0.7482 0.6632
vn 0.0793 -0.6243 0.7772
vn 0.0102 -0.5281 0.8491
vn -0.2102 0.9048 0.3702
vn -0.2101 0.9049 0.3701
vn -0.8181 -0.5325 -0.2172
vn -0.1527 0.9828 -0.1034
vn -0.2171 0.9740 -0.0643
vn -0.5369 -0.1145 0.8358
vn -0.3126 0.5313 0.7874
vn -0.4087 -0.0386 0.9119
vn 0.0779 -0.9830 0.1664
vn 0.0620 -0.9659 0.2516
vn -0.1319 0.9833 -0.1251
vn -0.1369 0.9815 -0.1342
vn -0.1292 0.9873 -0.0922
vn 0.9022 0.0365 0.4298
vn 0.8984 0.0445 0.4368
vn -0.9270 0.0850 -0.3652
vn -0.9489 0.0285 -0.3144
vn -0.3448 0.0455 0.9376
vn -0.2531 -0.0017 0.9674
vn -0.3856 0.0272 0.9223
vn -0.4050 0.0442 0.9133
vn -0.6420 -0.6367 0.4271
vn -0.6833 -0.5008 0.5313
vn -0.7847 -0.0072 0.6198
vn -0.7908 -0.0286 0.6114
vn -0.9905 -0.1337 0.0334
vn -0.9976 -0.0609 0.0328
vn -0.9906 -0.1354 -0.0182
vn -0.9853 -0.1211 -0.1203
vn -0.9088 -0.4118 -0.0665
vn -0.9855 -0.1152 0.1249
vn -0.9618 0.0898 0.2588
vn -0.9387 0.0472 0.3416
vn -0.7776 0.0356 0.6277
vn -0.8037 0.0587 0.5921
vn -0.9832 0.0585 0.1727
vn -0.9801 0.0456 0.1933
vn -0.2935 -0.0796 0.9526
vn -0.3145 -0.0511 0.9479
vn -0.8723 -0.0801 0.4823
vn -0.7853 0.4910 0.3771
vn -0.7401 0.4835 0.4675
vn -0.6522 0.5490 0.5227
vn -0.5957 0.4135 0.6887
vn -0.8726 -0.1421 0.4672
vn -0.6290 0.5420 0.5573
vn -0.7303 0.4422 0.5208
vn -0.0765 -0.0394 0.9963
vn -0.1316 0.0390 0.9905
vn 0.0597 0.9758 0.2104
vn 0.0527 0.9765 0.2089
vn 0.0157 -0.9916 -0.1281
vn 0.2094 -0.9778 0.0016
vn 0.2695 -0.9457 0.1816
vn -0.0631 0.9955 0.0709
vn -0.0620 0.9956 0.0708
vn 0.7165 0.0156 0.6974
vn 0.7275 -0.0115 0.6861
vn -0.6208 -0.7702 -0.1465
vn -0.1471 -0.9423 -0.3006
vn -0.3353 0.0300 0.9416
vn -0.3579 0.0616 0.9317
vn -0.9911 -0.0809 0.1061
vn -0.9911 -0.0810 0.1061
vn -0.9938 -0.0524 0.0984
vn -0.9389 -0.0503 0.3404
vn -0.9350 -0.0351 0.3529
vn -0.6830 -0.0131 0.7303
vn -0.6898 -0.0382 0.7230
vn -0.7967 -0.0083 0.6044
vn -0.8041 -0.0303 0.5937
vn -0.2888 -0.0236 0.9571
vn -0.2990 -0.0094 0.9542
vn 0.1553 0.9383 0.3090
vn 0.1709 0.9122 0.3724
vn 0.2009 0.9036 0.3784
vn -0.0941 0.9951 0.0307
vn -0.0956 0.9949 0.0309
vn -0.2372 -0.8893 -0.3910
vn -0.2293 -0.8847 -0.4060
vn 0.1046 -0.9942 -0.0229
vn 0.1040 -0.9944 -0.0182
vn -0.0555 0.9953 0.0790
vn -0.0575 0.9952 0.0790
vn 0.1508 0.9405 0.3044
vn 0.1508 0.9405 0.3045
vn 0.0231 0.9843 0.1750
vn 0.0236 0.9843 0.1750
vn 0.0352 -0.9939 -0.1049
vn 0.0351 -0.9939 -0.1043
vn -0.2965 0.9506 -0.0921
vn -0.1752 0.9821 -0.0686
vn -0.2691 0.2231 0.9369
vn -0.5406 0.0628 0.8389
vn -0.4517 0.1404 0.8811
vn -0.2698 0.3384 0.9015
vn -0.3847 0.0590 0.9211
vn -0.3824 0.0783 0.9207
vn -0.3577 -0.1198 0.9261
vn -0.2968 0.0514 0.9536
vn -0.6848 -0.0357 0.7279
vn -0.7031 -0.0867 0.7058
vn -0.8131 -0.0164 0.5819
vn -0.8265 -0.0566 0.5602
vn -0.2166 -0.0046 0.9762
vn -0.2887 0.0996 0.9522
vn -0.4023 0.0242 0.9152
vn -0.4345 0.0719 0.8978
vn -0.9614 -0.0596 0.2686
vn -0.9606 -0.0545 0.2727
vn -0.6733 -0.0155 0.7392
vn -0.6774 -0.0307 0.7350
vn -0.8013 -0.0116 0.5982
vn -0.8090 -0.0413 0.5864
vn -0.9922 -0.1184 0.0386
vn -0.9936 -0.0609 0.0954
vn -0.9818 -0.1405 -0.1277
vn -0.9983 0.0422 0.0413
vn -0.6282 0.1399 0.7654
vn -0.6681 -0.0252 0.7436
vn -0.7879 0.1224 0.6035
vn -0.7872 0.1245 0.6040
vn -0.4432 0.0210 0.8962
vn -0.3991 -0.0269 0.9165
vn -0.9611 0.0507 0.2715
vn -0.9524 0.0852 0.2926
vn -0.0663 -0.9722 -0.2246
vn -0.0682 -0.9733 -0.2194
vn 0.0216 0.9851 0.1707
vn 0.0197 0.9851 0.1709
vn -0.0978 0.9862 0.1334
vn -0.0035 0.9897 0.1431
vn -0.2185 -0.9020 -0.3724
vn 0.0587 -0.9947 -0.0839
vn 0.0623 -0.9955 -0.0717
vn 0.2110 -0.9765 -0.0444
vn 0.2747 -0.9486 0.1573
vn 0.0178 0.9866 0.1623
vn 0.0144 0.9866 0.1623
vn 0.0417 -0.9945 -0.0960
vn 0.0421 -0.9943 -0.0975
vn -0.1908 0.9796 0.0634
vn -0.0905 0.9947 0.0483
vn 0.7104 0.0457 0.7023
vn 0.0876 0.9645 0.2491
vn 0.0995 0.9627 0.2518
vn -0.6597 -0.1255 -0.7410
vn -0.6597 -0.1255 -0.7409
vn 0.0643 -0.9956 -0.0680
vn 0.0648 -0.9954 -0.0703
vn 0.6945 0.1306 0.7075
vn -0.0558 -0.9756 -0.2125
vn -0.0571 -0.9765 -0.2077
vn 0.1971 -0.9798 -0.0350
vn 0.2547 -0.9519 0.1706
vn 0.1236 0.9490 0.2901
vn 0.0757 0.9576 0.2779
vn -0.6633 -0.1136 -0.7397
vn -0.6633 -0.1136 -0.7396
vn 0.0018 0.9888 0.1495
vn -0.0200 -0.9851 -0.1708
vn -0.0206 -0.9854 -0.1693
vn -0.6652 -0.1012 -0.7398
vn -0.6652 -0.1013 -0.7398
vn -0.6641 -0.1039 -0.7404
vn 0.6632 0.1141 0.7397
vn -0.0513 -0.9764 -0.2096
vn -0.0518 -0.9768 -0.2079
vn -0.9022 0.1313 -0.4109
vn -0.9230 0.1731 -0.3436
vn -0.9023 0.1312 -0.4107
vn -0.3015 -0.2346 0.9242
vn -0.0128 -0.1854 0.9826
vn -0.1663 -0.0114 0.9860
vn -0.0107 -0.1833 0.9830
vn -0.3099 0.0241 0.9505
vn -0.2693 -0.0572 0.9614
vn -0.2694 -0.0572 0.9613
vn -0.0338 -0.0385 0.9987
vn 0.9772 -0.0770 -0.1978
vn -0.8211 -0.5511 0.1489
vn 0.8834 -0.4289 -0.1889
vn 0.9591 -0.2025 -0.1977
vn 0.0653 -0.9970 -0.0410
vn -0.2847 -0.9396 0.1899
vn -0.2271 -0.9737 0.0181
vn -0.2271 -0.9737 0.0182
vn -0.7392 0.1393 -0.6589
vn -0.7398 0.1384 -0.6584
vn 0.0151 -0.1204 -0.9926
vn 0.0187 -0.1253 -0.9919
vn -0.4028 -0.2908 -0.8679
vn 0.0729 -0.1196 -0.9901
vn -0.3478 -0.9366 0.0433
vn 0.6512 -0.7437 -0.1512
vn 0.6506 -0.7444 -0.1501
vn -0.6971 -0.7069 0.1197
vn -0.6970 -0.7070 0.1199
vn -0.9676 -0.1694 0.1872
vn -0.9823 -0.1402 0.1245
vn -0.3960 -0.0545 0.9166
vn -0.4960 -0.1831 0.8488
vn -0.7761 -0.1456 0.6136
vn -0.9110 -0.0147 0.4122
vn -0.7454 -0.1995 0.6360
vn -0.8022 -0.1472 0.5786
vn -0.8255 -0.1304 0.5492
vn -0.9328 -0.1349 0.3341
vn -0.9026 -0.1689 0.3961
vn -0.2232 0.3526 -0.9088
vn -0.2855 0.3829 -0.8786
vn -0.3417 0.3772 -0.8608
vn -0.3795 0.4101 -0.8294
vn -0.7450 0.2887 0.6014
vn -0.7355 0.2969 0.6090
vn -0.5531 -0.0498 0.8316
vn -0.8977 0.3881 0.2085
vn -0.8988 0.3656 0.2418
vn -0.9050 0.3824 0.1862
vn -0.8997 0.3648 0.2396
vn -0.3283 0.1938 0.9245
vn -0.3485 0.1937 0.9171
vn -0.2415 0.1148 0.9636
vn -0.8087 0.4606 -0.3659
vn -0.8571 0.4318 -0.2810
vn -0.7861 0.4441 -0.4299
vn -0.7899 0.4490 -0.4176
vn -0.7199 0.4897 -0.4918
vn 0.9812 -0.1574 0.1119
vn 0.9819 -0.1552 0.1083
vn 0.9862 -0.1199 0.1140
vn 0.9771 -0.1464 0.1542
vn 0.8980 -0.1586 0.4104
vn 0.8415 -0.1972 0.5030
vn 0.0926 0.0797 0.9925
vn 0.1126 0.0644 0.9915
vn 0.1378 0.0727 0.9878
vn 0.2480 0.1481 0.9574
vn 0.1871 0.1226 0.9747
vn -0.2744 0.2462 0.9295
vn -0.3205 0.2278 0.9194
vn -0.9049 0.3047 -0.2972
vn -0.9062 0.3141 -0.2832
vn -0.9417 -0.0848 -0.3256
vn -0.9751 0.0096 -0.2217
vn -0.6677 -0.1815 -0.7219
vn -0.7175 -0.0932 -0.6903
vn -0.9665 0.1031 0.2351
vn 0.1553 0.3342 -0.9296
vn 0.0521 0.4581 -0.8874
vn 0.9699 0.1908 0.1515
vn 0.9700 0.2072 0.1269
vn -0.6947 0.6797 0.2355
vn -0.8333 0.5508 0.0471
vn 0.8536 0.2425 -0.4611
vn 0.8234 0.2877 -0.4891
vn -0.6990 0.6155 -0.3642
vn -0.7075 0.6701 -0.2246
vn 0.1630 0.5003 0.8504
vn 0.2423 0.5259 0.8153
vn -0.1103 -0.1861 -0.9763
vn -0.1610 -0.1632 -0.9734
vn -0.1772 -0.2324 -0.9563
vn -0.2170 -0.2119 -0.9529
vn 0.7175 -0.2365 -0.6552
vn 0.4415 -0.2578 -0.8594
vn 0.9388 -0.1712 0.2988
vn 0.9547 -0.1558 0.2536
vn 0.8411 -0.3199 0.4361
vn 0.8721 -0.3044 0.3830
vn 0.7097 -0.1642 0.6851
vn 0.7500 -0.1406 0.6463
vn -0.7161 0.2620 0.6469
vn -0.6891 0.2306 0.6870
vn -0.6831 0.2940 0.6686
vn -0.7299 0.2729 0.6268
vn -0.7146 0.2830 0.6397
vn -0.6223 0.2909 0.7267
vn -0.8473 0.1300 0.5149
vn 0.6541 -0.2687 -0.7070
vn 0.7069 -0.2986 -0.6412
vn 0.6532 -0.5024 -0.5665
vn 0.6345 -0.4786 -0.6069
vn 0.8329 -0.4808 -0.2741
vn 0.8300 -0.4722 -0.2967
vn -0.2517 -0.9401 0.2300
vn -0.1365 -0.9325 0.3345
vn 0.3586 0.9291 0.0903
vn 0.4143 0.9101 0.0102
vn -0.1319 0.1128 0.9848
vn 0.0004 0.1100 0.9939
vn -0.2587 0.1867 0.9477
vn -0.3428 0.2050 0.9168
vn -0.1139 -0.1662 -0.9795
vn -0.0104 -0.1706 -0.9853
vn -0.8426 0.0338 -0.5374
vn -0.8863 0.0691 -0.4579
vn -0.2477 -0.3702 -0.8953
vn -0.2625 -0.3330 -0.9056
vn -0.1668 -0.1004 -0.9809
vn -0.0696 -0.1561 -0.9853
vn -0.4456 -0.0432 -0.8942
vn -0.4301 -0.0562 -0.9010
vn 0.5056 -0.3974 -0.7658
vn 0.2611 -0.4470 -0.8556
vn 0.2745 -0.2762 -0.9211
vn 0.1848 -0.2626 -0.9471
vn 0.8323 -0.1631 0.5298
vn 0.8677 -0.1726 0.4662
vn 0.1810 0.1082 0.9775
vn 0.3137 0.0739 0.9466
vn -0.8400 0.1245 -0.5281
vn -0.9748 0.1533 -0.1620
vn -0.8914 0.2015 0.4061
vn -0.9521 0.1590 0.2613
vn -0.1604 -0.9007 0.4037
vn -0.1209 -0.9487 0.2922
vn 0.9602 -0.2749 0.0491
vn 0.9202 -0.1607 0.3569
vn 0.8656 -0.3707 -0.3366
vn 0.9065 -0.3884 -0.1654
vn -0.7749 0.0119 0.6320
vn -0.7733 0.0124 0.6339
vn -0.7700 0.0413 0.6368
vn -0.7726 0.0436 0.6334
vn -0.7611 0.0295 0.6479
vn -0.9163 0.0904 0.3901
vn -0.9165 0.0903 0.3897
vn 0.1816 -0.1862 0.9656
vn 0.1185 -0.1958 0.9735
vn 0.1196 -0.1929 0.9739
vn 0.0573 -0.1230 0.9908
vn 0.0199 -0.1319 0.9911
vn 0.9638 -0.2140 0.1593
vn 0.9638 -0.2119 0.1620
vn 0.8614 -0.1443 -0.4869
vn 0.7730 -0.0576 -0.6318
vn 0.7635 -0.1227 -0.6340
vn 0.7096 -0.0806 -0.7000
vn 0.9424 -0.1542 -0.2967
vn 0.9433 -0.1560 -0.2931
vn -0.9670 0.1427 0.2113
vn 0.9713 -0.1830 0.1523
vn 0.9263 -0.2576 0.2750
vn 0.9425 -0.2007 0.2674
vn 0.9274 -0.2161 0.3052
vn 0.8248 -0.2204 0.5207
vn 0.8145 -0.2255 0.5346
vn 0.8653 -0.0068 -0.5012
vn 0.8961 -0.0747 -0.4376
vn 0.8615 -0.1277 -0.4914
vn 0.9346 -0.1956 -0.2971
vn 0.8627 -0.0388 -0.5042
vn 0.9715 -0.0887 -0.2199
vn 0.9740 -0.1029 -0.2020
vn -0.3584 0.1048 -0.9277
vn -0.3302 0.1130 -0.9371
vn -0.1601 -0.2537 -0.9539
vn -0.0062 0.0641 -0.9979
vn -0.0243 0.0757 -0.9968
vn -0.0065 0.0425 -0.9991
vn -0.0302 0.0559 -0.9980
vn -0.8186 0.1436 -0.5561
vn -0.8316 0.1522 -0.5342
vn -0.8337 0.1388 -0.5345
vn -0.8219 0.1313 -0.5543
vn -0.9703 0.0205 -0.2410
vn -0.9829 -0.0693 -0.1707
vn -0.5835 0.7640 0.2753
vn -0.9512 -0.0998 -0.2921
vn -0.9597 0.1294 -0.2493
vn -0.9488 0.1431 -0.2817
vn -0.3000 -0.0092 0.9539
vn -0.2690 -0.0028 0.9631
vn -0.8598 0.0947 0.5017
vn -0.8780 0.0838 0.4712
vn -0.8583 0.1085 0.5015
vn -0.8401 0.1027 0.5327
vn -0.8142 0.1298 0.5659
vn 0.0257 -0.0872 0.9959
vn 0.2152 -0.0643 0.9745
vn -0.7223 0.1122 0.6824
vn -0.7115 0.1169 0.6929
vn -0.2865 0.0455 0.9570
vn -0.3061 0.0407 0.9511
vn -0.9858 -0.0129 -0.1674
vn -0.9902 -0.0651 -0.1235
vn -0.9980 -0.0467 -0.0422
vn -0.9835 0.1198 -0.1357
vn -0.9917 0.0032 -0.1287
vn -0.9905 0.0109 -0.1368
vn -0.3960 -0.3270 -0.8581
vn -0.2639 -0.2194 -0.9393
vn -0.1888 -0.2097 -0.9594
vn -0.1108 -0.1521 -0.9821
vn -0.2297 0.0105 -0.9732
vn -0.2164 -0.0019 -0.9763
vn -0.2166 -0.0105 -0.9762
vn -0.1843 -0.0428 -0.9819
vn -0.2667 -0.0567 -0.9621
vn -0.3524 0.0272 -0.9354
vn -0.2485 -0.1818 -0.9514
vn -0.2627 -0.1579 -0.9519
vn 0.0893 -0.1301 -0.9875
vn 0.0217 -0.1729 -0.9847
vn 0.0774 -0.1699 -0.9824
vn 0.0541 -0.1840 -0.9814
vn -0.9419 -0.2831 0.1806
vn 0.0381 0.0127 -0.9992
vn 0.0083 0.0270 -0.9996
vn 0.0148 0.0127 -0.9998
vn -0.0106 0.0258 -0.9996
vn 0.0220 0.0204 -0.9995
vn 0.0553 0.2828 -0.9576
vn -0.0057 0.2467 -0.9691
vn 0.0590 0.2463 -0.9674
vn 0.0007 0.2162 -0.9764
vn -0.0560 0.2158 -0.9748
vn -0.3330 -0.9295 0.1584
vn -0.4711 -0.8670 0.1623
vn -0.6298 -0.7697 0.1045
vn -0.4741 -0.8651 0.1637
vn -0.7707 -0.4702 0.4300
vn -0.1900 -0.8491 0.4929
vn -0.7998 0.1953 -0.5675
vn -0.8996 0.0994 -0.4253
vn -0.8750 -0.2151 -0.4338
vn -0.8178 -0.0975 -0.5671
vn -0.9340 -0.2142 -0.2859
vn -0.8510 -0.3406 -0.3996
vn -0.9185 -0.2409 -0.3134
vn -0.9342 -0.2117 -0.2873
vn -0.9863 -0.1075 -0.1255
vn -0.9609 -0.2210 -0.1668
vn -0.8423 -0.0816 -0.5328
vn -0.8716 -0.1290 -0.4729
vn -0.9163 -0.1066 -0.3860
vn -0.9163 -0.1065 -0.3860
vn -0.9163 -0.1509 -0.3710
vn -0.9179 -0.1394 -0.3716
vn -0.9013 -0.0840 -0.4250
vn -0.9082 -0.1208 -0.4007
vn -0.9086 -0.1241 -0.3989
vn -0.9140 -0.0567 -0.4018
vn -0.9549 0.0835 -0.2851
vn -0.2833 0.2949 -0.9126
vn -0.2383 0.2454 -0.9397
vn -0.7696 0.1422 -0.6225
vn -0.7926 0.2183 -0.5693
vn -0.2541 0.2449 -0.9357
vn -0.2206 0.2793 -0.9345
vn -0.2037 0.2770 -0.9390
vn -0.2070 0.2787 -0.9378
vn -0.2488 0.3130 -0.9166
vn -0.1966 -0.9272 -0.3190
vn -0.3383 -0.9153 -0.2184
vn -0.8119 -0.5776 0.0851
vn -0.4904 -0.8706 -0.0389
vn -0.4976 -0.8480 -0.1825
vn -0.5214 -0.8368 -0.1672
vn -0.1480 -0.9867 0.0671
vn 0.4439 -0.8943 -0.0566
vn -0.6965 -0.6734 0.2479
vn -0.2135 -0.9645 0.1556
vn -0.0360 -0.9961 -0.0804
vn -0.8414 -0.5222 0.1390
vn -0.0919 -0.1956 -0.9764
vn -0.1060 -0.1908 -0.9759
vn -0.1101 -0.1846 -0.9766
vn 0.0227 -0.1779 -0.9838
vn 0.0259 -0.1727 -0.9846
vn -0.0919 -0.1971 -0.9761
vn -0.1055 -0.1872 -0.9766
vn -0.1053 -0.1914 -0.9759
vn -0.2542 -0.2643 -0.9304
vn -0.0209 -0.3800 -0.9247
vn -0.2542 -0.2643 -0.9303
vn 0.0508 -0.1714 -0.9839
vn -0.1355 -0.9904 -0.0278
vn -0.1250 -0.9921 -0.0028
vn -0.8807 -0.4444 0.1638
vn 0.0247 -0.1778 -0.9838
vn 0.0318 -0.1724 -0.9845
vn 0.0289 -0.1433 -0.9893
vn 0.1027 -0.2183 -0.9705
vn 0.0932 -0.0209 -0.9954
vn 0.1797 -0.1794 -0.9672
vn -0.3450 0.0735 -0.9357
vn -0.3966 0.1051 -0.9120
vn -0.0795 -0.1269 -0.9887
vn -0.1027 -0.0130 -0.9946
vn -0.4348 -0.2251 -0.8720
vn -0.0160 0.0198 -0.9997
vn -0.0849 0.0698 -0.9939
vn -0.3779 0.0869 -0.9218
vn -0.3694 0.2078 -0.9057
vn -0.3976 0.1020 -0.9119
vn -0.8714 0.1203 -0.4756
vn -0.8798 0.1312 -0.4568
vn -0.8715 0.1203 -0.4754
vn -0.0076 0.0444 -0.9990
vn -0.3605 0.2131 -0.9081
vn -0.1841 0.0011 -0.9829
vn -0.0921 -0.1839 -0.9786
vn -0.0917 -0.2094 -0.9735
vn -0.1050 -0.2011 -0.9739
vn -0.1068 -0.1447 -0.9837
vn -0.0779 -0.1730 -0.9818
vn 0.0462 -0.1717 -0.9841
vn 0.0271 -0.1842 -0.9825
vn 0.0156 -0.0598 -0.9981
vn 0.0876 -0.1443 -0.9856
vn 0.0845 -0.0596 -0.9946
vn 0.1694 -0.1649 -0.9716
vn 0.1010 -0.1647 -0.9812
vn 0.0914 -0.1544 -0.9838
vn 0.1722 -0.0457 -0.9840
vn 0.1625 -0.0282 -0.9863
vn -0.1167 -0.1251 -0.9853
vn -0.1432 0.0482 -0.9885
vn -0.0260 -0.1332 -0.9907
vn -0.5246 -0.2056 -0.8261
vn -0.3704 -0.1779 0.9117
vn -0.9494 -0.0874 -0.3015
vn -0.8772 0.2188 -0.4273
vn -0.8400 0.1663 -0.5165
vn -0.8555 0.2455 -0.4558
vn -0.8435 0.2222 -0.4890
vn -0.6613 0.4943 -0.5642
vn -0.3045 0.8875 -0.3457
vn -0.2464 0.9438 -0.2204
vn -0.6323 -0.0925 0.7692
vn -0.4930 -0.2003 0.8467
vn -0.2490 0.9440 -0.2166
vn -0.2304 0.9558 -0.1828
vn -0.3813 -0.8283 0.4105
vn -0.3194 -0.9097 0.2654
vn -0.5487 -0.7530 0.3633
vn 0.3776 -0.8827 -0.2796
vn -0.7139 -0.6645 -0.2207
vn 0.0851 -0.9890 0.1207
vn -0.3319 -0.9202 0.2076
vn -0.2658 -0.9141 0.3061
vn -0.3336 -0.8886 0.3148
vn -0.3138 -0.8413 0.4402
vn -0.6699 -0.6112 0.4215
vn -0.6419 -0.6780 0.3583
vn -0.2695 -0.1074 0.9570
vn -0.2672 -0.1064 0.9578
vn 0.1290 0.7939 0.5942
vn -0.1495 0.2382 0.9596
vn -0.1720 0.2289 0.9581
vn -0.2719 -0.1470 0.9510
vn -0.2927 -0.1542 0.9437
vn -0.3636 -0.8656 0.3441
vn 0.9711 -0.2066 0.1194
vn 0.9703 -0.1771 0.1651
vn -0.9661 0.2057 -0.1559
vn -0.9642 0.2099 -0.1622
vn -0.9751 0.1599 -0.1534
vn -0.9711 0.1717 -0.1655
vn 0.3801 0.7687 0.5144
vn 0.0265 0.7992 0.6005
vn -0.0186 0.8537 0.5204
vn -0.0645 0.8579 0.5097
vn 0.0827 0.7588 0.6460
vn 0.0170 0.8602 0.5097
vn 0.6969 0.7144 0.0625
vn 0.2583 0.8400 0.4773
vn -0.0928 0.8218 0.5621
vn 0.0787 0.9936 0.0806
vn -0.0098 0.8130 -0.5822
vn -0.0693 0.7544 -0.6527
vn 0.1478 0.3949 -0.9067
vn 0.2143 0.5089 -0.8337
vn 0.2093 0.7316 -0.6488
vn 0.1607 0.5454 -0.8226
vn -0.2310 0.6910 -0.6850
vn -0.2974 0.7496 -0.5913
vn -0.0831 0.7488 -0.6576
vn 0.0630 0.7174 -0.6938
vn 0.2256 0.9107 0.3459
vn 0.2432 0.8965 0.3703
vn 0.2660 0.8551 -0.4451
vn 0.1656 0.8603 -0.4821
vn -0.9688 0.2285 -0.0964
vn -0.9708 0.2174 -0.1018
vn -0.9246 0.2022 -0.3229
vn -0.1000 -0.0440 -0.9940
vn -0.4731 0.0544 -0.8794
vn 0.8594 -0.1756 0.4802
vn 0.9563 -0.2187 0.1942
vn 0.9527 -0.2437 -0.1816
vn 0.8415 -0.2375 -0.4853
vn 0.8415 -0.2376 -0.4853
vn 0.9715 0.1706 -0.1643
vn 0.9664 0.1857 -0.1775
vn -0.5461 0.6950 0.4676
vn -0.4618 0.7276 0.5072
vn 0.8962 0.2682 0.3533
vn 0.8776 0.2600 0.4029
vn -0.3252 0.4862 -0.8111
vn -0.3541 0.5606 -0.7486
vn -0.0000 -0.9064 -0.4224
vn -0.2653 -0.9603 0.0862
vn -0.2523 -0.8982 0.3600
vn -0.1812 -0.9686 0.1701
vn -0.1326 -0.9891 0.0647
vn -0.3246 -0.9327 -0.1570
vn -0.2836 -0.9526 -0.1105
vn -0.0934 -0.9947 -0.0436
vn -0.1507 -0.9885 0.0129
vn -0.1634 -0.9864 0.0150
vn -0.2225 -0.9508 0.2155
vn -0.1256 -0.9834 0.1308
vn -0.2029 -0.9694 0.1384
vn -0.0779 -0.9924 0.0956
vn -0.9697 0.2389 0.0514
vn -0.9683 0.2439 0.0541
vn -0.7008 0.2168 0.6797
vn 0.0607 0.0538 0.9967
vn -0.0042 0.0696 0.9976
vn -0.4942 -0.2658 -0.8277
vn -0.5151 -0.2125 -0.8303
vn -0.8485 0.3020 0.4345
vn -0.8525 0.3038 0.4254
vn -0.3109 0.2542 0.9158
vn -0.3337 0.2299 0.9142
vn -0.1201 -0.9402 0.3189
vn -0.0300 -0.9551 0.2947
vn -0.7299 -0.1575 -0.6652
vn -0.7689 -0.0482 -0.6375
vn -0.1541 0.2148 0.9644
vn -0.1186 0.1997 0.9726
vn 0.7442 -0.1896 0.6405
vn 0.8172 -0.0699 0.5722
vn 0.6377 0.0966 0.7642
vn 0.3697 0.3102 0.8758
vn -0.8111 0.2674 0.5202
vn -0.8916 0.1419 0.4299
vn -0.6421 0.0395 -0.7656
vn 0.8250 -0.4826 -0.2940
vn 0.8273 -0.4725 -0.3040
vn -0.2536 -0.2422 -0.9365
vn -0.1007 -0.4422 -0.8912
vn 0.8340 -0.3657 -0.4131
vn 0.8340 -0.3657 -0.4130
vn -0.1758 -0.9475 0.2671
vn -0.4365 -0.1542 -0.8864
vn -0.4682 -0.1352 -0.8732
vn -0.0123 -0.2321 -0.9726
vn -0.3734 -0.9269 0.0366
vn -0.3607 -0.9326 0.0102
vn 0.1856 0.1299 0.9740
vn 0.3003 0.0980 0.9488
vn -0.5635 0.4993 0.6581
vn -0.6478 0.4287 0.6298
vn 0.7151 -0.2694 -0.6451
vn 0.8626 -0.2214 -0.4548
vn -0.8498 -0.0365 -0.5258
vn -0.9694 0.0858 -0.2298
vn -0.2450 0.3224 0.9144
vn -0.7057 0.1822 0.6847
vn -0.5887 0.1976 0.7838
vn -0.1596 0.9630 -0.2173
vn -0.1242 0.9783 -0.1657
vn -0.9681 -0.0174 -0.2501
vn -0.9726 0.0058 -0.2324
vn -0.5832 0.2370 0.7770
vn -0.7917 0.2088 0.5741
vn -0.8787 0.2834 0.3842
vn -0.9103 0.2852 0.2999
vn -0.8423 0.1123 -0.5271
vn -0.9698 0.1433 -0.1972
vn -0.2535 0.2454 0.9357
vn -0.9682 0.0889 -0.2340
vn -0.8498 -0.0282 -0.5263
vn -0.8725 0.2598 -0.4139
vn -0.9662 0.1937 -0.1704
vn -0.2358 -0.1594 -0.9586
vn -0.4151 -0.0690 -0.9072
vn -0.2348 0.9243 0.3010
vn -0.3504 0.8819 0.3153
vn -0.1142 -0.2029 -0.9725
vn 0.1671 -0.1894 -0.9676
vn -0.4800 -0.2212 -0.8489
vn -0.4847 -0.2005 -0.8514
vn 0.0230 0.9141 -0.4049
vn 0.0092 0.3572 -0.9340
vn 0.1214 -0.0028 0.9926
vn 0.2372 -0.0141 0.9713
vn 0.2531 0.0447 0.9664
vn 0.2633 0.0435 0.9637
vn -0.0726 -0.1065 0.9917
vn 0.1704 0.1822 0.9684
vn 0.9474 -0.2424 -0.2090
vn 0.9514 -0.2391 -0.1942
vn -0.8559 0.2708 0.4406
vn -0.8708 0.2801 0.4041
vn 0.9406 -0.2979 -0.1627
vn 0.9093 -0.3684 -0.1933
vn -0.8141 -0.0172 0.5804
vn -0.8883 0.1900 0.4181
vn 0.9473 -0.2426 -0.2090
vn 0.8843 -0.2694 0.3814
vn 0.8611 -0.2672 0.4325
vn 0.8647 -0.2575 0.4312
vn 0.9403 -0.2762 0.1989
vn 0.8840 -0.2910 0.3659
vn 0.8701 -0.3101 0.3831
vn -0.2747 0.4163 0.8667
vn -0.0985 0.2555 0.9618
vn 0.3088 -0.1846 -0.9330
vn 0.3671 -0.1977 -0.9090
vn -0.0455 -0.9986 0.0254
vn -0.0322 -0.9991 0.0265
vn -0.1376 0.2597 0.9558
vn -0.1738 0.2767 0.9451
vn 0.5924 0.8050 -0.0304
vn 0.5924 0.8051 -0.0304
vn 0.6940 -0.3725 -0.6161
vn 0.7741 -0.3926 -0.4965
vn 0.7874 -0.3650 -0.4968
vn 0.8624 -0.3796 -0.3347
vn 0.5812 -0.3135 -0.7509
vn 0.6424 -0.5103 -0.5717
vn 0.8983 -0.0872 0.4307
vn 0.9110 -0.2516 0.3269
vn 0.9583 -0.2814 0.0494
vn 0.9371 -0.1869 0.2949
vn -0.6440 0.0344 -0.7643
vn -0.5704 0.0072 -0.8213
vn 0.5916 0.7466 -0.3044
vn 0.8572 0.4548 -0.2416
vn -0.4396 -0.0401 -0.8973
vn -0.6657 -0.0300 -0.7457
vn 0.0638 0.3427 -0.9373
vn 0.0174 0.3647 -0.9310
vn 0.0908 0.3466 -0.9336
vn 0.0583 0.3427 -0.9376
vn 0.0418 0.3510 -0.9354
vn -0.3014 0.3947 -0.8680
vn -0.2480 0.3566 -0.9007
vn -0.2267 0.3823 -0.8958
vn -0.1677 0.3557 -0.9194
vn -0.4953 -0.1025 0.8626
vn -0.3343 -0.0456 0.9414
vn -0.3356 0.1317 0.9328
vn 0.9096 -0.1848 -0.3722
vn 0.9279 -0.2264 -0.2963
vn -0.9247 0.3497 -0.1502
vn -0.9273 0.2927 -0.2334
vn -0.3115 -0.9420 -0.1252
vn -0.9319 0.3394 0.1279
vn -0.8683 0.4137 0.2737
vn -0.1415 -0.9831 -0.1165
vn -0.1547 -0.9777 0.1421
vn -0.1399 -0.9893 -0.0409
vn -0.1645 -0.9861 -0.0224
vn -0.1527 -0.9816 0.1143
vn -0.1524 -0.9817 0.1141
vn -0.2494 -0.9513 0.1809
vn -0.1954 -0.9626 0.1875
vn -0.8445 0.2135 -0.4912
vn -0.8761 0.2857 -0.3883
vn -0.9697 0.0865 -0.2284
vn -0.9754 0.1445 -0.1665
vn 0.9239 0.2789 0.2619
vn 0.9191 0.3198 0.2299
vn -0.9206 0.2740 0.2781
vn -0.9898 0.1149 0.0839
vn -0.9063 0.0985 -0.4110
vn -0.8808 0.0431 -0.4716
vn 0.0605 0.4813 0.8745
vn -0.3265 0.4106 0.8513
vn 0.8694 0.0815 0.4873
vn 0.9179 0.0606 0.3921
vn 0.2577 -0.2796 -0.9249
vn 0.9308 -0.2242 -0.2887
vn 0.8171 -0.1522 -0.5560
vn -0.4749 0.4262 0.7700
vn -0.8484 0.3378 0.4075
vn 0.9637 -0.0054 0.2670
vn 0.9829 0.0120 0.1836
vn 0.3523 -0.7752 -0.5244
vn 0.1826 -0.9215 -0.3429
vn 0.2545 -0.9668 -0.0241
vn 0.5131 -0.7595 -0.4000
vn -0.6776 -0.0313 0.7347
vn -0.8685 -0.1431 0.4746
vn -0.2075 -0.1247 -0.9702
vn -0.2047 -0.1254 -0.9708
vn -0.3650 -0.0807 0.9275
vn 0.0715 0.0658 0.9953
vn -0.9759 -0.1562 -0.1525
vn -0.9752 -0.1573 -0.1558
vn 0.9856 -0.0650 -0.1558
vn 0.8601 -0.5099 -0.0170
vn -0.3950 0.0162 0.9186
vn -0.3750 0.0353 0.9264
vn 0.9978 -0.0636 -0.0186
vn 0.9978 -0.0633 -0.0189
vn -0.2155 -0.0037 -0.9765
vn -0.2218 0.0026 -0.9751
vn 0.0102 -0.1587 -0.9873
vn -0.0591 -0.0544 -0.9968
vn -0.8919 0.0666 0.4474
vn -0.6701 0.2639 0.6938
vn 0.8349 0.2498 0.4905
vn 0.8466 0.2620 0.4632
vn 0.9112 0.1509 0.3833
vn 0.8578 0.1274 0.4980
vn -0.8968 -0.4423 -0.0115
vn -0.8951 -0.4456 -0.0166
vn 0.9776 -0.0468 0.2053
vn -0.9984 0.0550 -0.0149
vn -0.0578 -0.0774 -0.9953
vn -0.1038 -0.0546 -0.9931
vn 0.1014 -0.1853 0.9774
vn 0.4026 0.1030 0.9096
vn -0.8957 -0.4435 0.0315
vn -0.8943 -0.4474 0.0093
vn 0.9716 0.1265 0.2002
vn 0.9586 0.0670 0.2767
vn -0.8872 -0.4334 0.1581
vn -0.8872 -0.4462 0.1176
vn 0.9265 0.3744 -0.0362
vn 0.9274 0.3729 -0.0301
vn -0.8854 -0.4405 -0.1483
vn -0.7065 -0.4695 -0.5295
vn -0.7964 -0.3936 0.4591
vn -0.7848 -0.3775 0.4915
vn -0.8653 -0.1616 -0.4745
vn -0.9813 -0.0657 -0.1812
vn 0.9994 0.0282 0.0203
vn 0.9993 0.0257 0.0279
vn 0.9993 0.0250 -0.0262
vn 0.9991 0.0269 -0.0340
vn -0.9823 -0.1728 0.0727
vn -0.9728 -0.1355 0.1877
vn 0.9996 0.0273 0.0063
vn 0.9996 0.0272 0.0065
vn 0.9995 0.0256 -0.0174
vn 0.9995 0.0258 -0.0187
vn 0.0909 -0.9940 0.0614
vn 0.1357 -0.9907 0.0101
vn 0.1324 -0.6766 0.7243
vn 0.2396 -0.7397 0.6289
vn 0.1353 -0.9888 -0.0626
vn 0.0857 -0.9963 0.0079
vn -0.0080 -0.7129 -0.7012
vn -0.0973 -0.7804 -0.6177
vn 0.8945 0.4470 -0.0089
vn 0.8882 0.3674 0.2759
vn -0.8846 -0.4489 -0.1266
vn -0.8916 -0.4422 -0.0974
vn 0.0788 0.0079 0.9969
vn 0.0740 0.0038 0.9973
vn 0.9272 0.3738 0.0240
vn 0.9269 0.3748 0.0200
vn -0.2488 -0.2108 -0.9453
vn -0.1917 -0.2045 -0.9599
vn 0.9269 0.3752 -0.0067
vn 0.8315 0.4261 -0.3564
vn 0.1592 -0.9872 0.0061
vn 0.0956 -0.9945 0.0424
vn 0.1308 -0.9862 0.1018
vn 0.1601 -0.9869 0.0205
vn 0.0759 0.0324 0.9966
vn 0.9242 -0.0374 0.3800
vn -0.1061 -0.0307 -0.9939
vn -0.9983 0.0548 -0.0205
vn 0.5180 0.1694 0.8384
vn 0.4097 0.0078 0.9122
vn 0.1496 0.3069 0.9399
vn 0.5061 0.3494 0.7885
vn -0.2301 -0.0827 -0.9697
vn -0.2899 -0.0129 -0.9570
vn -0.8069 0.1710 -0.5653
vn -0.7722 0.1982 -0.6037
vn -0.6914 0.4458 -0.5685
vn -0.6816 0.4510 -0.5761
vn -0.6555 0.4315 -0.6198
vn -0.7993 0.4780 -0.3642
vn -0.8363 0.4545 -0.3067
vn -0.8238 0.4848 -0.2939
vn -0.9509 0.1099 -0.2894
vn -0.9251 0.0899 -0.3689
vn -0.3248 0.2801 -0.9034
vn -0.2333 0.3134 -0.9205
vn 0.0136 -0.9998 0.0149
vn 0.0065 -1.0000 0.0025
vn 0.0334 -0.9846 0.1714
vn 0.0000 -1.0000 -0.0085
vn 0.0000 -1.0000 -0.0002
vn 0.2934 0.9453 0.1428
vn -0.8469 0.4315 -0.3107
vn 0.0000 -1.0000 0.0001
vn 0.0000 -1.0000 -0.0001
vn 0.8901 -0.2960 -0.3465
vn 0.0943 -0.9946 0.0433
usemtl None
s off
f 1//1 2//1 3//1
f 1//2 4//2 2//2
f 1//2 5//2 4//2
f 6//3 7//3 8//3
f 8//4 9//4 6//4
f 10//5 11//5 12//5
f 12//6 13//6 10//6
f 14//7 15//7 16//7
f 17//8 18//8 19//8
f 19//9 20//9 17//9
f 21//10 22//10 23//10
f 23//11 24//11 21//11
f 25//12 26//12 27//12
f 27//13 28//13 25//13
f 29//14 30//14 31//14
f 31//15 32//15 29//15
f 33//16 34//16 35//16
f 35//17 36//17 33//17
f 37//18 38//18 39//18
f 39//19 40//19 37//19
f 41//20 42//20 43//20
f 43//21 44//21 41//21
f 45//22 46//22 47//22
f 47//23 48//23 45//23
f 49//24 50//24 51//24
f 51//25 52//25 49//25
f 53//26 54//26 55//26
f 56//27 57//27 58//27
f 58//28 59//28 56//28
f 60//29 61//29 62//29
f 62//30 63//30 60//30
f 64//31 65//31 66//31
f 67//32 68//32 69//32
f 69//33 70//33 67//33
f 71//34 72//34 73//34
f 73//35 74//35 71//35
f 75//36 62//36 76//36
f 76//37 77//37 75//37
f 78//38 79//38 80//38
f 81//39 78//39 80//39
f 82//40 81//40 80//40
f 80//41 83//41 84//41
f 80//42 84//42 82//42
f 84//43 85//43 82//43
f 86//44 87//44 88//44
f 88//45 89//45 86//45
f 90//46 91//46 92//46
f 92//47 93//47 90//47
f 94//48 95//48 47//48
f 47//49 96//49 94//49
f 97//50 98//50 76//50
f 76//51 99//51 97//51
f 100//52 101//52 102//52
f 102//53 103//53 100//53
f 104//54 105//54 106//54
f 106//55 107//55 104//55
f 108//56 109//56 110//56
f 110//57 111//57 108//57
f 112//58 113//58 114//58
f 114//59 115//59 112//59
f 116//60 117//60 118//60
f 119//61 116//61 118//61
f 119//62 120//62 116//62
f 121//63 122//63 123//63
f 124//64 121//64 123//64
f 125//65 124//65 123//65
f 125//66 126//66 124//66
f 127//67 128//67 129//67
f 129//68 130//68 127//68
f 131//69 132//69 133//69
f 133//70 134//70 131//70
f 135//71 136//71 137//71
f 137//72 138//72 135//72
f 139//73 140//73 141//73
f 141//74 142//74 139//74
f 143//75 144//75 145//75
f 145//76 146//76 143//76
f 147//77 148//77 149//77
f 149//78 150//78 147//78
f 151//79 152//79 153//79
f 153//80 154//80 151//80
f 155//81 156//81 157//81
f 157//82 158//82 155//82
f 159//83 160//83 161//83
f 161//84 162//84 159//84
f 163//85 164//85 145//85
f 145//86 165//86 163//86
f 166//87 167//87 168//87
f 168//88 169//88 166//88
f 170//89 171//89 172//89
f 172//90 173//90 170//90
f 174//91 175//91 176//91
f 176//92 177//92 174//92
f 178//93 179//93 180//93
f 180//94 181//94 178//94
f 182//95 183//95 184//95
f 184//95 185//95 182//95
f 186//96 187//96 188//96
f 188//97 189//97 186//97
f 190//98 191//98 192//98
f 192//99 193//99 190//99
f 3468//100 194//100 26//100
f 26//101 195//101 3468//101
f 3469//102 194//102 3468//102
f 194//103 196//103 197//103
f 197//104 26//104 194//104
f 198//105 199//105 27//105
f 27//106 197//106 198//106
f 26//107 197//107 27//107
f 200//108 201//108 202//108
f 3474//109 200//109 202//109
f 202//110 3478//110 3474//110
f 3477//111 200//111 3474//111
f 201//112 198//112 196//112
f 196//113 202//113 201//113
f 3478//114 202//114 3480//114
f 3480//115 202//115 194//115
f 194//116 3469//116 3480//116
f 202//117 196//117 194//117
f 203//118 201//118 200//118
f 200//119 204//119 203//119
f 196//120 198//120 197//120
f 3485//121 204//121 200//121
f 200//122 3477//122 3485//122
f 3487//121 204//121 3485//121
f 205//123 206//123 207//123
f 207//124 208//124 205//124
f 209//125 21//125 18//125
f 21//126 24//126 18//126
f 24//127 19//127 18//127
f 210//128 211//128 212//128
f 212//129 213//129 210//129
f 214//130 1//130 3//130
f 3//131 69//131 214//131
f 1//132 214//132 215//132
f 215//133 181//133 1//133
f 5//134 1//134 181//134
f 181//135 216//135 5//135
f 181//135 180//135 216//135
f 217//136 218//136 219//136
f 219//137 220//137 217//137
f 221//138 222//138 223//138
f 223//139 224//139 221//139
f 225//140 226//140 227//140
f 227//141 228//141 225//141
f 84//142 229//142 230//142
f 85//143 84//143 230//143
f 231//144 85//144 230//144
f 230//145 232//145 233//145
f 230//146 233//146 231//146
f 233//147 234//147 231//147
f 88//148 235//148 236//148
f 237//149 88//149 236//149
f 238//150 237//150 236//150
f 239//151 78//151 81//151
f 236//152 239//152 81//152
f 236//153 81//153 238//153
f 219//154 9//154 8//154
f 219//155 8//155 240//155
f 219//156 240//156 241//156
f 233//157 220//157 219//157
f 241//158 233//158 219//158
f 241//159 234//159 233//159
f 242//160 243//160 244//160
f 244//161 245//161 242//161
f 246//162 247//162 248//162
f 248//163 249//163 246//163
f 250//164 144//164 251//164
f 251//165 252//165 250//165
f 253//166 254//166 255//166
f 255//167 256//167 253//167
f 257//168 258//168 259//168
f 259//169 260//169 257//169
f 261//170 262//170 263//170
f 263//171 264//171 261//171
f 265//172 266//172 51//172
f 51//173 50//173 265//173
f 267//174 268//174 189//174
f 189//175 269//175 267//175
f 270//176 271//176 272//176
f 272//177 273//177 270//177
f 274//178 275//178 276//178
f 276//179 277//179 274//179
f 278//180 279//180 280//180
f 280//181 281//181 278//181
f 282//182 283//182 284//182
f 284//183 285//183 282//183
f 286//184 287//184 288//184
f 288//185 289//185 286//185
f 290//186 291//186 292//186
f 292//187 293//187 290//187
f 294//188 295//188 296//188
f 296//188 297//188 294//188
f 142//189 141//189 298//189
f 298//190 299//190 142//190
f 300//191 301//191 302//191
f 302//192 303//192 300//192
f 304//193 305//193 306//193
f 306//194 307//194 304//194
f 95//195 272//195 308//195
f 308//196 309//196 95//196
f 310//197 311//197 312//197
f 312//198 313//198 310//198
f 314//199 315//199 316//199
f 316//200 317//200 314//200
f 130//201 129//201 318//201
f 318//202 319//202 130//202
f 124//203 118//203 121//203
f 124//204 119//204 118//204
f 124//205 320//205 119//205
f 321//206 322//206 323//206
f 323//207 143//207 321//207
f 324//208 164//208 116//208
f 116//209 120//209 324//209
f 325//210 326//210 327//210
f 122//211 325//211 327//211
f 328//212 122//212 327//212
f 328//213 123//213 122//213
f 329//214 330//214 125//214
f 125//214 123//214 329//214
f 331//215 332//215 124//215
f 124//216 126//216 331//216
f 294//217 333//217 315//217
f 315//199 314//199 294//199
f 297//218 334//218 333//218
f 333//219 294//219 297//219
f 185//220 184//220 128//220
f 128//221 127//221 185//221
f 335//222 131//222 134//222
f 134//223 336//223 335//223
f 337//224 338//224 131//224
f 131//225 335//225 337//225
f 338//226 339//226 132//226
f 132//227 131//227 338//227
f 132//228 135//228 138//228
f 138//229 133//229 132//229
f 339//230 340//230 135//230
f 135//231 132//231 339//231
f 340//232 341//232 136//232
f 136//233 135//233 340//233
f 342//234 343//234 344//234
f 344//235 345//235 342//235
f 346//236 297//236 296//236
f 296//237 347//237 346//237
f 193//238 192//238 140//238
f 140//239 139//239 193//239
f 348//240 349//240 350//240
f 350//241 351//241 348//241
f 352//242 353//242 354//242
f 354//243 355//243 352//243
f 356//244 87//244 251//244
f 251//245 323//245 356//245
f 357//246 358//246 359//246
f 359//247 360//247 357//247
f 361//248 362//248 363//248
f 107//249 106//249 364//249
f 364//250 365//250 107//250
f 366//251 367//251 368//251
f 368//252 369//252 366//252
f 370//253 371//253 367//253
f 367//254 366//254 370//254
f 372//255 373//255 152//255
f 152//256 151//256 372//256
f 374//257 375//257 305//257
f 305//258 304//258 374//258
f 376//259 377//259 375//259
f 375//260 374//260 376//260
f 378//261 308//261 272//261
f 272//262 271//262 378//262
f 379//263 380//263 381//263
f 381//264 382//264 379//264
f 383//265 384//265 385//265
f 385//266 386//266 383//266
f 387//267 388//267 389//267
f 389//268 390//268 387//268
f 391//269 330//269 329//269
f 329//270 392//270 391//270
f 393//271 163//271 165//271
f 165//272 394//272 393//272
f 395//273 393//273 394//273
f 394//274 396//274 395//274
f 397//275 398//275 399//275
f 399//276 400//276 397//276
f 401//277 402//277 403//277
f 403//278 404//278 401//278
f 405//279 406//279 407//279
f 407//280 408//280 405//280
f 409//281 410//281 411//281
f 411//282 412//282 409//282
f 413//283 391//283 392//283
f 392//284 414//284 413//284
f 415//285 416//285 417//285
f 417//286 418//286 415//286
f 170//287 173//287 419//287
f 170//287 419//287 180//287
f 179//288 170//288 180//288
f 133//289 138//289 170//289
f 170//290 179//290 133//290
f 138//291 137//291 171//291
f 171//292 170//292 138//292
f 420//293 421//293 377//293
f 377//294 376//294 420//294
f 422//295 423//295 424//295
f 424//296 425//296 422//296
f 426//297 427//297 428//297
f 428//298 429//298 426//298
f 430//299 178//299 181//299
f 181//300 215//300 430//300
f 336//301 134//301 178//301
f 178//302 430//302 336//302
f 134//303 133//303 179//303
f 179//304 178//304 134//304
f 346//305 431//305 334//305
f 334//306 297//306 346//306
f 432//307 433//307 431//307
f 431//308 346//308 432//308
f 434//309 435//309 436//309
f 436//310 35//310 434//310
f 437//311 438//311 439//311
f 439//312 440//312 437//312
f 369//313 368//313 438//313
f 438//314 437//314 369//314
f 154//315 153//315 187//315
f 187//316 186//316 154//316
f 343//317 441//317 442//317
f 442//317 344//317 343//317
f 443//318 444//318 345//318
f 444//319 445//319 345//319
f 445//320 446//320 345//320
f 447//321 448//321 191//321
f 191//322 190//322 447//322
f 449//323 450//323 451//323
f 451//324 452//324 449//324
f 453//325 96//325 47//325
f 47//326 46//326 453//326
f 454//327 44//327 43//327
f 43//328 455//328 454//328
f 456//329 10//329 13//329
f 13//330 457//330 456//330
f 458//331 459//331 460//331
f 460//332 461//332 458//332
f 459//333 462//333 463//333
f 463//334 460//334 459//334
f 464//335 465//335 466//335
f 466//336 467//336 464//336
f 465//337 464//337 3594//337
f 3594//338 3596//338 465//338
f 3594//339 464//339 3595//339
f 468//340 469//340 3597//340
f 3597//341 3599//341 468//341
f 3597//342 469//342 3598//342
f 470//343 471//343 472//343
f 473//344 474//344 475//344
f 475//345 476//345 473//345
f 474//346 477//346 475//346
f 443//347 478//347 444//347
f 479//348 480//348 481//348
f 481//349 482//349 479//349
f 3601//350 22//350 3600//350
f 3600//350 22//350 3602//350
f 3602//351 22//351 21//351
f 21//352 3603//352 3602//352
f 195//353 26//353 3604//353
f 3605//354 209//354 483//354
f 3603//355 21//355 484//355
f 484//356 21//356 209//356
f 209//357 3605//357 484//357
f 3606//358 25//358 22//358
f 22//359 3601//359 3606//359
f 3606//360 3607//360 25//360
f 22//361 25//361 28//361
f 22//362 28//362 23//362
f 28//363 485//363 23//363
f 3608//364 209//364 486//364
f 486//365 3609//365 3608//365
f 483//366 209//366 3608//366
f 487//367 488//367 3610//367
f 3610//368 3613//368 487//368
f 3610//369 488//369 3614//369
f 489//370 490//370 491//370
f 491//371 492//371 489//371
f 493//372 494//372 42//372
f 42//373 41//373 493//373
f 199//374 495//374 28//374
f 28//375 27//375 199//375
f 496//376 497//376 28//376
f 28//377 495//377 496//377
f 470//378 472//378 498//378
f 498//379 499//379 470//379
f 500//380 501//380 502//380
f 503//381 24//381 23//381
f 23//382 504//382 503//382
f 485//383 28//383 497//383
f 497//383 505//383 485//383
f 478//384 506//384 16//384
f 16//385 444//385 478//385
f 507//386 508//386 509//386
f 509//387 510//387 507//387
f 508//388 511//388 512//388
f 512//389 509//389 508//389
f 64//390 513//390 514//390
f 514//391 65//391 64//391
f 515//392 67//392 70//392
f 70//393 516//393 515//393
f 517//394 64//394 67//394
f 67//395 515//395 517//395
f 64//396 66//396 68//396
f 68//397 67//397 64//397
f 508//398 456//398 457//398
f 457//399 511//399 508//399
f 507//400 461//400 456//400
f 456//401 508//401 507//401
f 461//402 460//402 10//402
f 10//403 456//403 461//403
f 518//404 458//404 461//404
f 461//405 507//405 518//405
f 66//406 65//406 458//406
f 458//407 518//407 66//407
f 65//408 514//408 459//408
f 459//409 458//409 65//409
f 69//410 519//410 443//410
f 66//411 518//411 520//411
f 520//412 68//412 66//412
f 518//413 507//413 510//413
f 510//414 520//414 518//414
f 299//415 298//415 521//415
f 521//416 522//416 299//416
f 157//417 523//417 524//417
f 524//418 525//418 157//418
f 319//419 318//419 526//419
f 526//420 527//420 319//420
f 528//421 529//421 530//421
f 530//422 531//422 528//422
f 307//423 306//423 532//423
f 532//424 533//424 307//424
f 317//425 316//425 534//425
f 534//426 535//426 317//426
f 536//427 537//427 338//427
f 338//428 337//428 536//428
f 537//429 538//429 339//429
f 339//430 338//430 537//430
f 538//431 539//431 340//431
f 340//432 339//432 538//432
f 539//433 540//433 341//433
f 341//434 340//434 539//434
f 541//435 542//435 371//435
f 371//436 370//436 541//436
f 543//437 544//437 373//437
f 373//438 372//438 543//438
f 545//439 71//439 74//439
f 74//440 546//440 545//440
f 517//441 547//441 513//441
f 513//442 64//442 517//442
f 71//443 545//443 3775//443
f 3775//444 3777//444 71//444
f 3775//445 545//445 3776//445
f 72//446 71//446 3778//446
f 3778//447 3779//447 72//447
f 3778//448 71//448 3777//448
f 547//449 548//449 549//449
f 549//450 513//450 547//450
f 513//451 549//451 550//451
f 550//452 514//452 513//452
f 460//453 463//453 11//453
f 11//454 10//454 460//454
f 469//455 465//455 3780//455
f 3780//456 3598//456 469//456
f 3780//457 465//457 3596//457
f 465//458 32//458 466//458
f 465//459 29//459 32//459
f 465//459 469//459 29//459
f 72//460 464//460 467//460
f 467//461 73//461 72//461
f 464//462 72//462 3781//462
f 3781//463 3595//463 464//463
f 3781//464 72//464 3779//464
f 514//465 550//465 462//465
f 462//466 459//466 514//466
f 551//467 552//467 20//467
f 20//468 19//468 551//468
f 550//469 73//469 467//469
f 467//470 462//470 550//470
f 462//471 467//471 466//471
f 466//472 463//472 462//472
f 40//473 39//473 492//473
f 492//474 491//474 40//474
f 463//475 466//475 32//475
f 32//476 11//476 463//476
f 11//477 32//477 31//477
f 31//478 12//478 11//478
f 486//479 209//479 18//479
f 18//480 17//480 486//480
f 488//481 487//481 490//481
f 490//482 489//482 488//482
f 482//483 481//483 15//483
f 15//484 14//484 482//484
f 39//485 12//485 31//485
f 31//486 492//486 39//486
f 38//487 13//487 12//487
f 12//488 39//488 38//488
f 468//489 488//489 489//489
f 489//490 30//490 468//490
f 30//491 489//491 492//491
f 492//492 31//492 30//492
f 553//493 511//493 457//493
f 457//494 554//494 553//494
f 490//495 17//495 20//495
f 20//496 491//496 490//496
f 36//497 35//497 480//497
f 480//498 479//498 36//498
f 487//499 486//499 17//499
f 17//500 490//500 487//500
f 555//501 37//501 40//501
f 40//502 552//502 555//502
f 556//503 557//503 475//503
f 552//504 40//504 491//504
f 491//505 20//505 552//505
f 473//506 33//506 36//506
f 36//507 474//507 473//507
f 477//508 558//508 559//508
f 477//509 479//509 482//509
f 474//510 36//510 479//510
f 479//511 477//511 474//511
f 554//512 457//512 13//512
f 13//513 38//513 554//513
f 19//514 24//514 503//514
f 19//515 503//515 560//515
f 551//516 19//516 560//516
f 561//517 554//517 38//517
f 38//518 37//518 561//518
f 470//519 476//519 475//519
f 562//520 563//520 44//520
f 44//521 564//521 562//521
f 213//522 212//522 563//522
f 563//523 562//523 213//523
f 212//524 493//524 41//524
f 41//525 563//525 212//525
f 450//526 45//526 48//526
f 48//527 451//527 450//527
f 213//528 562//528 45//528
f 45//529 450//529 213//529
f 562//530 564//530 46//530
f 46//531 45//531 562//531
f 53//532 49//532 52//532
f 52//533 54//533 53//533
f 565//534 566//534 49//534
f 49//535 53//535 565//535
f 566//536 567//536 50//536
f 50//537 49//537 566//537
f 565//538 53//538 55//538
f 55//539 568//539 565//539
f 206//540 75//540 77//540
f 77//541 501//541 206//541
f 205//542 569//542 75//542
f 75//543 206//543 205//543
f 569//544 63//544 62//544
f 62//545 75//545 569//545
f 266//546 94//546 96//546
f 96//547 51//547 266//547
f 570//548 273//548 94//548
f 94//549 266//549 570//549
f 273//550 272//550 95//550
f 95//551 94//551 273//551
f 275//552 97//552 99//552
f 99//553 276//553 275//553
f 280//554 285//554 97//554
f 97//555 275//555 280//555
f 285//556 284//556 98//556
f 98//557 97//557 285//557
f 421//558 571//558 429//558
f 429//559 377//559 421//559
f 424//560 176//560 571//560
f 571//561 421//561 424//561
f 271//562 572//562 573//562
f 573//563 378//563 271//563
f 76//564 98//564 567//564
f 284//565 574//565 265//565
f 265//566 98//566 284//566
f 372//567 151//567 575//567
f 575//568 576//568 372//568
f 283//569 577//569 574//569
f 574//570 284//570 283//570
f 440//571 439//571 577//571
f 577//572 283//572 440//572
f 151//573 154//573 578//573
f 578//574 575//574 151//574
f 269//575 270//575 273//575
f 273//576 570//576 269//576
f 189//577 188//577 270//577
f 270//578 269//578 189//578
f 188//579 572//579 271//579
f 271//580 270//580 188//580
f 4//581 274//581 277//581
f 277//582 2//582 4//582
f 5//583 281//583 274//583
f 274//584 4//584 5//584
f 281//585 280//585 275//585
f 275//586 274//586 281//586
f 216//587 278//587 281//587
f 281//588 5//588 216//588
f 180//589 419//589 278//589
f 278//590 216//590 180//590
f 419//591 173//591 279//591
f 279//592 278//592 419//592
f 279//593 282//593 285//593
f 285//594 280//594 279//594
f 173//595 172//595 282//595
f 282//596 279//596 173//596
f 172//597 440//597 283//597
f 283//182 282//182 172//182
f 184//598 183//598 579//598
f 579//598 376//598 184//598
f 580//599 581//599 425//599
f 425//599 420//599 580//599
f 425//600 424//600 421//600
f 421//601 420//601 425//601
f 582//602 182//602 185//602
f 185//603 583//603 582//603
f 435//604 582//604 583//604
f 583//605 436//605 435//605
f 452//606 451//606 423//606
f 423//607 422//607 452//607
f 423//608 177//608 176//608
f 176//609 424//609 423//609
f 451//610 48//610 177//610
f 177//611 423//611 451//611
f 48//612 47//612 95//612
f 95//613 177//613 48//613
f 584//614 453//614 46//614
f 46//615 564//615 584//615
f 54//616 52//616 453//616
f 453//617 584//617 54//617
f 52//618 51//618 96//618
f 96//619 453//619 52//619
f 585//620 586//620 587//620
f 587//621 505//621 585//621
f 455//622 588//622 589//622
f 589//623 590//623 455//623
f 584//624 564//624 44//624
f 44//625 454//625 584//625
f 207//626 198//626 201//626
f 207//627 201//627 203//627
f 208//628 207//628 203//628
f 199//629 500//629 502//629
f 502//630 495//630 199//630
f 473//631 476//631 211//631
f 211//632 210//632 473//632
f 33//633 449//633 452//633
f 452//634 34//634 33//634
f 473//635 210//635 449//635
f 449//636 33//636 473//636
f 210//637 213//637 450//637
f 450//638 449//638 210//638
f 211//639 499//639 493//639
f 493//640 212//640 211//640
f 211//641 476//641 470//641
f 470//642 499//642 211//642
f 206//643 501//643 500//643
f 500//644 207//644 206//644
f 207//645 500//645 199//645
f 199//646 198//646 207//646
f 591//647 592//647 61//647
f 61//648 60//648 591//648
f 61//649 99//649 76//649
f 76//650 62//650 61//650
f 56//651 59//651 592//651
f 592//652 591//652 56//652
f 592//653 276//653 99//653
f 99//654 61//654 592//654
f 26//655 25//655 3607//655
f 3607//656 3604//656 26//656
f 561//657 37//657 555//657
f 68//658 520//658 519//658
f 519//659 69//659 68//659
f 520//660 510//660 593//660
f 593//661 519//661 520//661
f 509//662 512//662 594//662
f 510//663 509//663 594//663
f 594//664 593//664 510//664
f 553//665 554//665 561//665
f 555//666 552//666 551//666
f 499//667 498//667 494//667
f 494//668 493//668 499//668
f 511//669 553//669 512//669
f 595//670 482//670 596//670
f 43//671 42//671 504//671
f 455//672 43//672 504//672
f 504//673 597//673 455//673
f 498//674 560//674 503//674
f 503//675 494//675 498//675
f 77//676 76//676 567//676
f 567//677 566//677 77//677
f 494//678 503//678 504//678
f 504//679 42//679 494//679
f 501//680 77//680 566//680
f 566//681 565//681 501//681
f 501//682 565//682 568//682
f 568//683 502//683 501//683
f 598//684 590//684 589//684
f 589//685 599//685 598//685
f 472//686 551//686 560//686
f 560//687 498//687 472//687
f 593//688 594//688 506//688
f 506//689 478//689 593//689
f 561//690 555//690 557//690
f 557//691 556//691 561//691
f 553//692 558//692 595//692
f 553//693 595//693 596//693
f 596//694 512//694 553//694
f 519//695 593//695 478//695
f 478//696 443//696 519//696
f 512//697 600//697 506//697
f 506//698 594//698 512//698
f 558//699 553//699 561//699
f 561//700 559//700 558//700
f 555//701 471//701 557//701
f 471//702 555//702 551//702
f 551//703 472//703 471//703
f 559//704 561//704 556//704
f 596//705 600//705 512//705
f 98//706 265//706 50//706
f 50//707 567//707 98//707
f 563//708 41//708 44//708
f 477//709 559//709 556//709
f 556//710 475//710 477//710
f 596//711 482//711 14//711
f 14//712 600//712 596//712
f 600//713 14//713 16//713
f 16//714 506//714 600//714
f 558//715 477//715 482//715
f 482//716 595//716 558//716
f 471//717 470//717 475//717
f 475//718 557//718 471//718
f 269//719 570//719 601//719
f 601//720 267//720 269//720
f 438//721 368//721 602//721
f 602//722 603//722 438//722
f 577//723 439//723 604//723
f 604//724 605//724 577//724
f 606//725 601//725 570//725
f 570//726 266//726 606//726
f 368//727 367//727 607//727
f 607//728 602//728 368//728
f 373//729 524//729 523//729
f 523//730 152//730 373//730
f 152//731 523//731 608//731
f 608//732 153//732 152//732
f 153//733 608//733 609//733
f 609//734 187//734 153//734
f 544//735 109//735 524//735
f 524//736 373//736 544//736
f 187//737 609//737 572//737
f 572//738 188//738 187//738
f 136//739 366//739 369//739
f 369//740 137//740 136//740
f 137//741 369//741 437//741
f 437//742 171//742 137//742
f 341//743 370//743 366//743
f 366//744 136//744 341//744
f 171//745 437//745 440//745
f 440//746 172//746 171//746
f 540//747 541//747 370//747
f 370//748 341//748 540//748
f 305//749 158//749 157//749
f 157//750 306//750 305//750
f 375//751 428//751 158//751
f 158//752 305//752 375//752
f 306//753 157//753 525//753
f 525//754 532//754 306//754
f 301//755 108//755 111//755
f 111//756 302//756 301//756
f 377//757 429//757 428//757
f 428//758 375//758 377//758
f 113//759 300//759 303//759
f 303//760 114//760 113//760
f 128//761 374//761 304//761
f 304//762 129//762 128//762
f 318//763 307//763 533//763
f 533//764 526//764 318//764
f 184//765 376//765 374//765
f 374//766 128//766 184//766
f 129//767 304//767 307//767
f 307//768 318//768 129//768
f 420//769 376//769 579//769
f 579//770 580//770 420//770
f 481//771 480//771 433//771
f 433//772 432//772 481//772
f 16//773 15//773 448//773
f 448//774 447//774 16//774
f 433//775 436//775 583//775
f 583//776 431//776 433//776
f 480//777 35//777 436//777
f 436//778 433//778 480//778
f 15//779 481//779 432//779
f 432//780 448//780 15//780
f 448//781 432//781 346//781
f 346//782 191//782 448//782
f 445//783 447//783 190//783
f 190//784 446//784 445//784
f 444//785 16//785 447//785
f 447//786 445//786 444//786
f 315//787 130//787 319//787
f 319//788 316//788 315//788
f 333//789 127//789 130//789
f 130//790 315//790 333//790
f 311//791 112//791 115//791
f 115//792 312//792 311//792
f 431//793 583//793 185//793
f 185//794 334//794 431//794
f 334//795 185//795 127//795
f 127//796 333//796 334//796
f 316//797 319//797 527//797
f 527//798 534//798 316//798
f 314//799 610//799 295//799
f 295//799 294//799 314//799
f 314//800 317//800 611//800
f 611//801 610//801 314//801
f 298//802 141//802 612//802
f 612//803 613//803 298//803
f 105//804 310//804 313//804
f 313//805 106//805 105//805
f 298//806 317//806 535//806
f 535//807 521//807 298//807
f 614//808 615//808 616//808
f 616//808 617//808 614//808
f 446//809 190//809 193//809
f 193//810 615//810 446//810
f 616//811 139//811 142//811
f 142//812 618//812 616//812
f 618//813 142//813 299//813
f 299//814 529//814 618//814
f 615//815 193//815 139//815
f 139//816 616//816 615//816
f 529//817 299//817 522//817
f 522//818 530//818 529//818
f 291//819 104//819 107//819
f 107//820 292//820 291//820
f 336//821 619//821 528//821
f 528//822 335//822 336//822
f 215//823 344//823 442//823
f 442//824 430//824 215//824
f 214//825 345//825 344//825
f 344//826 215//826 214//826
f 536//827 290//827 293//827
f 293//828 620//828 536//828
f 335//829 528//829 531//829
f 531//830 337//830 335//830
f 430//831 442//831 619//831
f 619//832 336//832 430//832
f 69//833 443//833 345//833
f 345//834 214//834 69//834
f 522//835 521//835 105//835
f 105//836 104//836 522//836
f 525//837 524//837 109//837
f 109//838 108//838 525//838
f 527//839 526//839 113//839
f 113//840 112//840 527//840
f 531//841 530//841 291//841
f 291//842 290//842 531//842
f 533//843 532//843 301//843
f 301//844 300//844 533//844
f 535//845 534//845 311//845
f 311//846 310//846 535//846
f 620//847 537//847 536//847
f 620//848 289//848 537//848
f 289//849 288//849 537//849
f 288//850 538//850 537//850
f 288//851 103//851 538//851
f 103//852 102//852 538//852
f 102//853 539//853 538//853
f 102//854 327//854 539//854
f 327//855 326//855 539//855
f 326//856 621//856 540//856
f 540//857 539//857 326//857
f 622//858 623//858 542//858
f 542//859 541//859 622//859
f 624//860 625//860 544//860
f 544//861 543//861 624//861
f 623//862 624//862 543//862
f 543//863 542//863 623//863
f 625//864 110//864 109//864
f 109//865 544//865 625//865
f 621//866 622//866 541//866
f 541//867 540//867 621//867
f 532//868 525//868 108//868
f 108//869 301//869 532//869
f 526//870 533//870 300//870
f 300//871 113//871 526//871
f 534//872 527//872 112//872
f 112//873 311//873 534//873
f 521//874 535//874 310//874
f 310//875 105//875 521//875
f 530//876 522//876 104//876
f 104//877 291//877 530//877
f 337//878 531//878 290//878
f 290//879 536//879 337//879
f 505//880 587//880 626//880
f 626//881 485//881 505//881
f 627//882 586//882 585//882
f 585//883 628//883 627//883
f 568//884 55//884 629//884
f 629//885 598//885 568//885
f 627//886 628//886 497//886
f 497//887 496//887 627//887
f 626//888 504//888 23//888
f 23//889 485//889 626//889
f 455//890 597//890 588//890
f 599//891 627//891 496//891
f 496//892 630//892 599//892
f 597//893 504//893 626//893
f 630//894 496//894 495//894
f 495//895 502//895 630//895
f 587//896 588//896 597//896
f 597//897 626//897 587//897
f 631//898 632//898 633//898
f 633//899 629//899 631//899
f 568//900 630//900 502//900
f 629//901 633//901 590//901
f 590//902 598//902 629//902
f 599//903 589//903 586//903
f 586//904 627//904 599//904
f 633//905 632//905 584//905
f 584//906 454//906 633//906
f 586//907 589//907 588//907
f 588//908 587//908 586//908
f 505//909 497//909 628//909
f 628//910 585//910 505//910
f 632//911 631//911 54//911
f 54//912 584//912 632//912
f 598//913 599//913 630//913
f 630//914 568//914 598//914
f 590//915 633//915 454//915
f 454//916 455//916 590//916
f 55//917 54//917 631//917
f 631//918 629//918 55//918
f 605//919 267//919 601//919
f 601//920 634//920 605//920
f 634//921 601//921 606//921
f 606//922 635//922 634//922
f 604//923 268//923 267//923
f 267//924 605//924 604//924
f 636//925 637//925 576//925
f 576//926 638//926 636//926
f 603//927 639//927 268//927
f 268//928 604//928 603//928
f 607//929 575//929 578//929
f 578//930 602//930 607//930
f 602//931 578//931 639//931
f 639//932 603//932 602//932
f 638//933 576//933 575//933
f 575//934 607//934 638//934
f 367//935 371//935 638//935
f 638//936 607//936 367//936
f 637//937 636//937 542//937
f 542//938 543//938 637//938
f 265//939 574//939 634//939
f 634//940 635//940 265//940
f 186//941 189//941 268//941
f 268//942 639//942 186//942
f 543//943 372//943 576//943
f 576//944 637//944 543//944
f 266//945 265//945 635//945
f 635//946 606//946 266//946
f 439//947 438//947 603//947
f 603//948 604//948 439//948
f 639//949 578//949 154//949
f 154//950 186//950 639//950
f 636//951 638//951 371//951
f 371//952 542//952 636//952
f 605//953 634//953 574//953
f 574//954 577//954 605//954
f 427//955 640//955 641//955
f 641//956 155//956 427//956
f 642//957 378//957 573//957
f 573//958 426//958 642//958
f 155//959 641//959 643//959
f 643//960 156//960 155//960
f 426//961 573//961 640//961
f 640//962 427//962 426//962
f 174//963 309//963 308//963
f 308//964 175//964 174//964
f 175//965 308//965 378//965
f 378//966 642//966 175//966
f 642//967 426//967 429//967
f 429//968 571//968 642//968
f 427//969 155//969 158//969
f 158//969 428//969 427//969
f 571//970 176//970 175//970
f 175//971 642//971 571//971
f 156//972 643//972 523//972
f 523//973 157//973 156//973
f 643//974 641//974 608//974
f 608//975 523//975 643//975
f 309//976 174//976 177//976
f 177//977 95//977 309//977
f 608//978 641//978 640//978
f 640//978 609//978 608//978
f 640//979 573//979 572//979
f 572//980 609//980 640//980
f 644//981 645//981 646//981
f 646//982 647//982 644//982
f 441//983 617//983 645//983
f 645//984 644//984 441//984
f 343//985 614//985 617//985
f 617//986 441//986 343//986
f 342//987 648//987 614//987
f 614//988 343//988 342//988
f 649//989 295//989 610//989
f 610//990 612//990 649//990
f 650//991 347//991 296//991
f 296//992 651//992 650//992
f 651//993 296//993 295//993
f 295//994 649//994 651//994
f 612//995 610//995 611//995
f 611//996 613//996 612//996
f 140//997 192//997 651//997
f 651//997 649//997 140//997
f 345//998 446//998 648//998
f 648//999 342//999 345//999
f 347//1000 650//1000 191//1000
f 191//1001 346//1001 347//1001
f 317//1002 298//1002 613//1002
f 613//1003 611//1003 317//1003
f 446//1004 615//1004 614//1004
f 614//1005 648//1005 446//1005
f 650//1006 651//1006 192//1006
f 192//1007 191//1007 650//1007
f 649//1008 612//1008 141//1008
f 141//1008 140//1008 649//1008
f 646//1009 645//1009 618//1009
f 618//1010 529//1010 646//1010
f 616//1011 618//1011 645//1011
f 645//1011 617//1011 616//1011
f 644//1012 619//1012 442//1012
f 442//1013 441//1013 644//1013
f 644//1014 647//1014 528//1014
f 528//1015 619//1015 644//1015
f 647//1016 646//1016 529//1016
f 529//1017 528//1017 647//1017
f 582//1018 652//1018 653//1018
f 582//1019 653//1019 182//1019
f 653//1020 183//1020 182//1020
f 435//1021 654//1021 652//1021
f 652//1022 582//1022 435//1022
f 653//1023 580//1023 579//1023
f 579//1024 183//1024 653//1024
f 652//1025 581//1025 580//1025
f 580//1026 653//1026 652//1026
f 654//1027 655//1027 581//1027
f 581//1028 652//1028 654//1028
f 656//1029 657//1029 655//1029
f 655//1030 654//1030 656//1030
f 434//1031 656//1031 654//1031
f 654//1032 435//1032 434//1032
f 422//1033 425//1033 581//1033
f 581//1033 655//1033 422//1033
f 34//1034 656//1034 434//1034
f 434//1035 35//1035 34//1035
f 655//1036 657//1036 452//1036
f 452//1037 422//1037 655//1037
f 657//1038 656//1038 34//1038
f 34//1038 452//1038 657//1038
f 658//1039 659//1039 660//1039
f 660//1040 661//1040 658//1040
f 662//1041 660//1041 659//1041
f 659//1042 663//1042 662//1042
f 663//1043 664//1043 240//1043
f 240//1044 662//1044 663//1044
f 665//1045 666//1045 81//1045
f 81//1046 82//1046 665//1046
f 82//1047 85//1047 667//1047
f 667//1048 665//1048 82//1048
f 668//1049 667//1049 85//1049
f 85//1050 231//1050 668//1050
f 231//1051 234//1051 669//1051
f 669//1052 668//1052 231//1052
f 670//1053 667//1053 668//1053
f 668//1053 671//1053 670//1053
f 8//1054 256//1054 255//1054
f 662//1055 8//1055 255//1055
f 662//1056 240//1056 8//1056
f 255//1057 93//1057 92//1057
f 255//1058 92//1058 660//1058
f 255//1059 660//1059 662//1059
f 92//1060 245//1060 244//1060
f 660//1061 92//1061 244//1061
f 661//1062 660//1062 244//1062
f 244//1063 89//1063 88//1063
f 244//1064 88//1064 661//1064
f 88//1065 237//1065 661//1065
f 669//1066 672//1066 671//1066
f 671//1066 668//1066 669//1066
f 673//1067 658//1067 674//1067
f 675//1068 676//1068 677//1068
f 677//1068 678//1068 675//1068
f 679//1069 680//1069 681//1069
f 681//1069 682//1069 679//1069
f 674//1070 683//1070 684//1070
f 684//1070 673//1070 674//1070
f 665//1071 658//1071 673//1071
f 665//1072 673//1072 666//1072
f 685//1073 677//1073 676//1073
f 676//1073 686//1073 685//1073
f 661//1074 237//1074 674//1074
f 674//1075 658//1075 661//1075
f 687//1076 669//1076 234//1076
f 234//1077 241//1077 687//1077
f 241//1078 240//1078 664//1078
f 664//1079 687//1079 241//1079
f 688//1080 689//1080 81//1080
f 81//1081 666//1081 688//1081
f 678//1082 677//1082 690//1082
f 690//1083 691//1083 678//1083
f 691//1084 692//1084 693//1084
f 693//1085 678//1085 691//1085
f 694//1086 689//1086 692//1086
f 694//1087 692//1087 695//1087
f 692//1087 691//1087 695//1087
f 685//1088 696//1088 690//1088
f 690//1089 677//1089 685//1089
f 697//1090 666//1090 673//1090
f 673//1090 684//1090 697//1090
f 694//1091 698//1091 699//1091
f 699//1092 700//1092 694//1092
f 664//1093 701//1093 702//1093
f 702//1094 687//1094 664//1094
f 693//1095 692//1095 689//1095
f 689//1096 688//1096 693//1096
f 238//1097 81//1097 689//1097
f 238//1098 689//1098 700//1098
f 689//1098 694//1098 700//1098
f 680//1099 699//1099 698//1099
f 698//1100 681//1100 680//1100
f 672//1101 669//1101 687//1101
f 687//1101 702//1101 672//1101
f 691//1102 690//1102 696//1102
f 696//1103 695//1103 691//1103
f 703//1104 704//1104 697//1104
f 697//1104 684//1104 703//1104
f 671//1105 672//1105 702//1105
f 671//1106 702//1106 705//1106
f 705//1107 702//1107 701//1107
f 670//1108 671//1108 705//1108
f 705//1109 706//1109 670//1109
f 670//1110 706//1110 707//1110
f 707//1111 708//1111 670//1111
f 703//1112 682//1112 675//1112
f 682//1113 686//1113 675//1113
f 686//1113 676//1113 675//1113
f 675//1104 709//1104 704//1104
f 704//1114 703//1114 675//1114
f 684//1115 683//1115 703//1115
f 683//1115 679//1115 703//1115
f 679//1115 682//1115 703//1115
f 678//1116 693//1116 709//1116
f 709//1116 675//1116 678//1116
f 658//1117 665//1117 708//1117
f 708//1117 707//1117 658//1117
f 667//1118 670//1118 708//1118
f 708//1118 665//1118 667//1118
f 666//1119 697//1119 704//1119
f 704//1119 688//1119 666//1119
f 709//1120 693//1120 688//1120
f 688//1120 704//1120 709//1120
f 705//1121 701//1121 664//1121
f 664//1121 663//1121 705//1121
f 663//1122 659//1122 706//1122
f 706//1122 705//1122 663//1122
f 707//1123 706//1123 659//1123
f 659//1123 658//1123 707//1123
f 218//1124 6//1124 9//1124
f 9//1125 219//1125 218//1125
f 223//1126 228//1126 6//1126
f 6//1127 218//1127 223//1127
f 228//1128 227//1128 7//1128
f 7//1129 6//1129 228//1129
f 243//1130 86//1130 89//1130
f 89//1131 244//1131 243//1131
f 248//1132 252//1132 86//1132
f 86//1133 243//1133 248//1133
f 252//1134 251//1134 87//1134
f 87//1135 86//1135 252//1135
f 254//1136 90//1136 93//1136
f 93//1137 255//1137 254//1137
f 259//1138 264//1138 90//1138
f 90//1139 254//1139 259//1139
f 264//1140 263//1140 91//1140
f 91//1141 90//1141 264//1141
f 287//1142 100//1142 103//1142
f 103//1143 288//1143 287//1143
f 710//1144 415//1144 418//1144
f 418//1144 286//1144 710//1144
f 711//1145 712//1145 119//1145
f 119//1146 320//1146 711//1146
f 713//1147 350//1147 349//1147
f 349//1148 714//1148 713//1148
f 323//1149 251//1149 144//1149
f 144//1150 143//1150 323//1150
f 715//1151 716//1151 150//1151
f 150//1151 225//1151 715//1151
f 717//1152 718//1152 719//1152
f 719//1152 365//1152 717//1152
f 365//1153 364//1153 148//1153
f 148//1154 147//1154 365//1154
f 380//1155 159//1155 162//1155
f 162//1156 381//1156 380//1156
f 385//1157 390//1157 159//1157
f 159//1158 380//1158 385//1158
f 390//1159 389//1159 160//1159
f 160//1160 159//1160 390//1160
f 720//1161 721//1161 722//1161
f 722//1162 723//1162 720//1162
f 724//1163 725//1163 726//1163
f 726//1163 727//1163 724//1163
f 728//1164 116//1164 164//1164
f 164//1165 163//1165 728//1165
f 398//1166 166//1166 169//1166
f 169//1167 399//1167 398//1167
f 403//1168 408//1168 166//1168
f 166//1169 398//1169 403//1169
f 408//1170 407//1170 167//1170
f 167//1171 166//1171 408//1171
f 729//1172 413//1172 414//1172
f 414//1173 730//1173 729//1173
f 416//1174 729//1174 730//1174
f 730//1175 417//1175 416//1175
f 731//1176 217//1176 220//1176
f 220//1177 233//1177 731//1177
f 732//1178 224//1178 217//1178
f 217//1179 731//1179 732//1179
f 224//1180 223//1180 218//1180
f 218//1181 217//1181 224//1181
f 733//1182 221//1182 224//1182
f 224//1183 732//1183 733//1183
f 734//1184 360//1184 221//1184
f 221//1185 733//1185 734//1185
f 360//1186 359//1186 222//1186
f 222//1187 221//1187 360//1187
f 223//1188 735//1188 736//1188
f 736//1188 228//1188 223//1188
f 225//1189 228//1189 736//1189
f 736//1190 715//1190 225//1190
f 150//1191 149//1191 226//1191
f 226//1192 225//1192 150//1192
f 91//1193 242//1193 245//1193
f 245//1194 92//1194 91//1194
f 263//1195 249//1195 242//1195
f 242//1196 91//1196 263//1196
f 249//1197 248//1197 243//1197
f 243//1198 242//1198 249//1198
f 262//1199 246//1199 249//1199
f 249//1200 263//1200 262//1200
f 722//1201 396//1201 246//1201
f 246//1202 262//1202 722//1202
f 396//1203 394//1203 247//1203
f 247//1204 246//1204 396//1204
f 247//1205 250//1205 252//1205
f 252//1206 248//1206 247//1206
f 394//1207 165//1207 250//1207
f 250//1208 247//1208 394//1208
f 165//1209 145//1209 144//1209
f 144//1210 250//1210 165//1210
f 7//1211 253//1211 256//1211
f 256//1212 8//1212 7//1212
f 227//1213 260//1213 253//1213
f 253//1214 7//1214 227//1214
f 260//1215 259//1215 254//1215
f 254//1216 253//1216 260//1216
f 226//1217 257//1217 260//1217
f 260//1218 227//1218 226//1218
f 149//1219 412//1219 257//1219
f 257//1220 226//1220 149//1220
f 412//1221 411//1221 258//1221
f 258//1222 257//1222 412//1222
f 258//1223 261//1223 264//1223
f 264//1224 259//1224 258//1224
f 411//1225 723//1225 261//1225
f 261//1226 258//1226 411//1226
f 723//1227 722//1227 262//1227
f 262//1228 261//1228 723//1228
f 361//1229 286//1229 289//1229
f 289//1230 620//1230 361//1230
f 363//1231 710//1231 286//1231
f 286//1232 361//1232 363//1232
f 737//1233 738//1233 416//1233
f 416//1234 415//1234 737//1234
f 101//1235 100//1235 730//1235
f 730//1235 414//1235 101//1235
f 739//1236 740//1236 330//1236
f 330//1237 391//1237 739//1237
f 741//1238 742//1238 413//1238
f 413//1239 729//1239 741//1239
f 332//1240 713//1240 320//1240
f 320//1241 124//1241 332//1241
f 168//1242 350//1242 713//1242
f 713//1243 332//1243 168//1243
f 143//1244 146//1244 743//1244
f 743//1245 321//1245 143//1245
f 322//1246 744//1246 354//1246
f 354//1247 323//1247 322//1247
f 714//1248 711//1248 320//1248
f 320//1249 713//1249 714//1249
f 146//1250 145//1250 164//1250
f 164//1251 324//1251 146//1251
f 101//1252 328//1252 327//1252
f 327//1253 102//1253 101//1253
f 100//1254 287//1254 417//1254
f 417//1254 730//1254 100//1254
f 740//1255 125//1255 330//1255
f 328//1256 392//1256 329//1256
f 329//1256 123//1256 328//1256
f 161//1257 400//1257 739//1257
f 739//1258 742//1258 161//1258
f 400//1259 399//1259 740//1259
f 740//1260 739//1260 400//1260
f 740//1261 331//1261 126//1261
f 126//1262 125//1262 740//1262
f 399//1263 169//1263 331//1263
f 331//1264 740//1264 399//1264
f 169//1265 168//1265 332//1265
f 332//1266 331//1266 169//1266
f 167//1267 351//1267 350//1267
f 350//1268 168//1268 167//1268
f 407//1269 355//1269 351//1269
f 351//1270 167//1270 407//1270
f 745//1271 743//1271 146//1271
f 146//1272 324//1272 745//1272
f 406//1273 352//1273 355//1273
f 355//1274 407//1274 406//1274
f 78//1275 239//1275 352//1275
f 352//1276 406//1276 78//1276
f 239//1277 236//1277 353//1277
f 353//1278 352//1278 239//1278
f 353//1279 356//1279 323//1279
f 323//1280 354//1280 353//1280
f 236//1281 235//1281 356//1281
f 356//1282 353//1282 236//1282
f 235//1283 88//1283 87//1283
f 87//1284 356//1284 235//1284
f 746//1285 357//1285 360//1285
f 360//1286 734//1286 746//1286
f 363//1287 362//1287 357//1287
f 357//1288 746//1288 363//1288
f 362//1289 719//1289 358//1289
f 358//1290 357//1290 362//1290
f 293//1291 292//1291 719//1291
f 719//1292 362//1292 293//1292
f 733//1293 379//1293 382//1293
f 382//1294 734//1294 733//1294
f 732//1295 386//1295 379//1295
f 379//1296 733//1296 732//1296
f 386//1297 385//1297 380//1297
f 380//1298 379//1298 386//1298
f 731//1299 383//1299 386//1299
f 386//1300 732//1300 731//1300
f 233//1301 232//1301 383//1301
f 383//1302 731//1302 233//1302
f 232//1303 230//1303 384//1303
f 384//1304 383//1304 232//1304
f 384//1305 387//1305 390//1305
f 390//1306 385//1306 384//1306
f 230//1307 229//1307 387//1307
f 387//1308 384//1308 230//1308
f 229//1309 84//1309 388//1309
f 388//1310 387//1310 229//1310
f 721//1311 395//1311 396//1311
f 396//1312 722//1312 721//1312
f 747//1313 748//1313 749//1313
f 749//1313 728//1313 747//1313
f 750//1314 751//1314 720//1314
f 720//1315 410//1315 750//1315
f 160//1316 397//1316 400//1316
f 400//1317 161//1317 160//1317
f 389//1318 404//1318 397//1318
f 397//1319 160//1319 389//1319
f 404//1320 403//1320 398//1320
f 398//1321 397//1321 404//1321
f 388//1322 401//1322 404//1322
f 404//1323 389//1323 388//1323
f 84//1324 83//1324 401//1324
f 401//1325 388//1325 84//1325
f 83//1326 80//1326 402//1326
f 402//1327 401//1327 83//1327
f 402//1328 405//1328 408//1328
f 408//1329 403//1329 402//1329
f 80//1330 79//1330 405//1330
f 405//1331 402//1331 80//1331
f 79//1332 78//1332 406//1332
f 406//1333 405//1333 79//1333
f 148//1334 409//1334 412//1334
f 412//1335 149//1335 148//1335
f 364//1336 725//1336 409//1336
f 409//1337 148//1337 364//1337
f 727//1338 726//1338 752//1338
f 752//1338 753//1338 727//1338
f 106//1339 313//1339 364//1339
f 313//1340 312//1340 364//1340
f 312//1341 726//1341 364//1341
f 726//1342 725//1342 364//1342
f 292//1343 107//1343 365//1343
f 365//1344 719//1344 292//1344
f 620//1345 293//1345 362//1345
f 362//1346 361//1346 620//1346
f 114//1347 303//1347 752//1347
f 303//1348 302//1348 752//1348
f 302//1349 754//1349 755//1349
f 302//1350 755//1350 752//1350
f 755//1350 749//1350 752//1350
f 312//1351 115//1351 726//1351
f 115//1352 114//1352 726//1352
f 114//1353 752//1353 726//1353
f 755//1354 117//1354 749//1354
f 117//1355 116//1355 749//1355
f 116//1356 728//1356 749//1356
f 753//1350 748//1350 756//1350
f 753//1357 756//1357 757//1357
f 753//1358 757//1358 758//1358
f 748//1359 747//1359 756//1359
f 724//1360 727//1360 750//1360
f 727//1361 753//1361 750//1361
f 753//1362 758//1362 751//1362
f 753//1363 751//1363 750//1363
f 742//1364 739//1364 391//1364
f 391//1365 413//1365 742//1365
f 409//1366 725//1366 724//1366
f 751//1367 758//1367 721//1367
f 721//1368 720//1368 751//1368
f 758//1369 757//1369 395//1369
f 395//1370 721//1370 758//1370
f 757//1371 756//1371 393//1371
f 393//1372 395//1372 757//1372
f 724//1373 750//1373 410//1373
f 410//1374 409//1374 724//1374
f 748//1375 753//1375 752//1375
f 752//1375 749//1375 748//1375
f 410//1376 720//1376 723//1376
f 723//1377 411//1377 410//1377
f 163//1378 747//1378 728//1378
f 756//1379 747//1379 163//1379
f 163//1380 393//1380 756//1380
f 287//1381 286//1381 418//1381
f 418//1381 417//1381 287//1381
f 101//1382 414//1382 392//1382
f 392//1382 328//1382 101//1382
f 162//1383 161//1383 742//1383
f 742//1384 741//1384 162//1384
f 738//1385 741//1385 729//1385
f 729//1386 416//1386 738//1386
f 381//1387 162//1387 741//1387
f 741//1388 738//1388 381//1388
f 746//1389 737//1389 710//1389
f 710//1390 363//1390 746//1390
f 734//1391 382//1391 737//1391
f 737//1392 746//1392 734//1392
f 382//1393 381//1393 738//1393
f 738//1394 737//1394 382//1394
f 737//1395 415//1395 710//1395
f 759//1396 760//1396 716//1396
f 716//1397 761//1397 759//1397
f 718//1398 717//1398 760//1398
f 760//1399 759//1399 718//1399
f 762//1400 715//1400 736//1400
f 736//1401 735//1401 762//1401
f 761//1402 716//1402 715//1402
f 715//1403 762//1403 761//1403
f 762//1404 735//1404 223//1404
f 223//1405 222//1405 762//1405
f 150//1406 716//1406 760//1406
f 760//1406 147//1406 150//1406
f 358//1407 719//1407 718//1407
f 718//1408 759//1408 358//1408
f 761//1409 359//1409 358//1409
f 358//1409 759//1409 761//1409
f 760//1410 717//1410 365//1410
f 365//1411 147//1411 760//1411
f 359//1412 761//1412 762//1412
f 762//1412 222//1412 359//1412
f 714//1413 763//1413 712//1413
f 712//1414 711//1414 714//1414
f 348//1415 764//1415 765//1415
f 765//1416 349//1416 348//1416
f 764//1417 321//1417 743//1417
f 743//1418 765//1418 764//1418
f 744//1419 322//1419 321//1419
f 321//1420 764//1420 744//1420
f 349//1421 765//1421 763//1421
f 763//1422 714//1422 349//1422
f 763//1423 745//1423 766//1423
f 766//1424 712//1424 763//1424
f 765//1425 743//1425 745//1425
f 745//1426 763//1426 765//1426
f 767//1427 744//1427 764//1427
f 764//1428 348//1428 767//1428
f 120//1429 119//1429 712//1429
f 712//1430 766//1430 120//1430
f 351//1431 355//1431 767//1431
f 767//1432 348//1432 351//1432
f 355//1433 354//1433 744//1433
f 744//1434 767//1434 355//1434
f 324//1435 120//1435 766//1435
f 766//1436 745//1436 324//1436
f 768//1437 769//1437 623//1437
f 623//1438 622//1438 768//1438
f 770//1439 771//1439 625//1439
f 625//1440 624//1440 770//1440
f 622//1441 621//1441 326//1441
f 768//1442 622//1442 326//1442
f 325//1443 768//1443 326//1443
f 302//1444 111//1444 754//1444
f 111//1445 110//1445 754//1445
f 110//1446 772//1446 754//1446
f 121//1447 118//1447 768//1447
f 118//1448 769//1448 768//1448
f 118//1449 770//1449 769//1449
f 118//1450 117//1450 772//1450
f 118//1451 772//1451 770//1451
f 772//1452 771//1452 770//1452
f 122//1453 121//1453 768//1453
f 768//1454 325//1454 122//1454
f 754//1455 772//1455 117//1455
f 117//1456 755//1456 754//1456
f 771//1457 772//1457 110//1457
f 110//1458 625//1458 771//1458
f 769//1459 770//1459 624//1459
f 624//1460 623//1460 769//1460
f 685//1461 686//1461 773//1461
f 773//1462 774//1462 685//1462
f 699//1463 775//1463 776//1463
f 776//1463 700//1463 699//1463
f 679//1464 683//1464 777//1464
f 777//1465 778//1465 679//1465
f 696//1466 779//1466 780//1466
f 780//1466 695//1466 696//1466
f 781//1467 782//1467 237//1467
f 237//1467 238//1467 781//1467
f 680//1468 679//1468 778//1468
f 778//1469 783//1469 680//1469
f 784//1470 785//1470 779//1470
f 779//1471 774//1471 784//1471
f 780//1472 779//1472 785//1472
f 785//1473 786//1473 780//1473
f 784//1474 774//1474 773//1474
f 773//1475 787//1475 784//1475
f 778//1476 777//1476 788//1476
f 788//1477 783//1477 778//1477
f 776//1478 775//1478 782//1478
f 782//1479 781//1479 776//1479
f 788//1480 782//1480 775//1480
f 775//1481 783//1481 788//1481
f 686//1482 682//1482 787//1482
f 787//1483 773//1483 686//1483
f 788//1484 777//1484 683//1484
f 683//1485 674//1485 788//1485
f 674//1486 237//1486 782//1486
f 782//1487 788//1487 674//1487
f 699//1488 680//1488 783//1488
f 783//1489 775//1489 699//1489
f 682//1485 681//1485 784//1485
f 784//1490 787//1490 682//1490
f 780//1491 786//1491 694//1491
f 694//1492 695//1492 780//1492
f 785//1493 784//1493 681//1493
f 681//1494 698//1494 785//1494
f 776//1495 781//1495 238//1495
f 238//1496 700//1496 776//1496
f 696//1497 685//1497 774//1497
f 774//1498 779//1498 696//1498
f 698//1499 694//1499 786//1499
f 786//1499 785//1499 698//1499
f 3845//1500 488//1500 468//1500
f 468//1501 3599//1501 3845//1501
f 3614//1502 488//1502 3845//1502
f 486//1503 487//1503 789//1503
f 789//1504 3609//1504 486//1504
f 789//1505 487//1505 3613//1505
f 469//1506 468//1506 30//1506
f 30//1507 29//1507 469//1507
f 548//1508 546//1508 74//1508
f 74//1509 549//1509 548//1509
f 549//1510 74//1510 73//1510
f 73//1511 550//1511 549//1511
f 57//1512 516//1512 70//1512
f 70//1513 58//1513 57//1513
f 59//1514 2//1514 277//1514
f 59//1515 277//1515 592//1515
f 277//1516 276//1516 592//1516
f 58//1517 70//1517 69//1517
f 69//1518 3//1518 58//1518
f 59//1519 58//1519 3//1519
f 3//1520 2//1520 59//1520
f 790//1521 791//1521 792//1521
f 790//1522 792//1522 793//1522
f 790//1522 793//1522 794//1522
f 795//1523 796//1523 797//1523
f 797//1524 798//1524 795//1524
f 799//1525 800//1525 801//1525
f 801//1526 802//1526 799//1526
f 803//1527 804//1527 805//1527
f 806//1528 807//1528 808//1528
f 808//1529 809//1529 806//1529
f 810//1530 811//1530 812//1530
f 812//1531 813//1531 810//1531
f 814//1532 815//1532 816//1532
f 816//1533 817//1533 814//1533
f 818//1534 819//1534 820//1534
f 820//1535 821//1535 818//1535
f 822//1536 823//1536 824//1536
f 824//1537 825//1537 822//1537
f 826//1538 827//1538 828//1538
f 828//1539 829//1539 826//1539
f 830//1540 831//1540 832//1540
f 832//1541 833//1541 830//1541
f 834//1542 835//1542 836//1542
f 836//1543 837//1543 834//1543
f 838//1544 839//1544 840//1544
f 840//1545 841//1545 838//1545
f 842//1546 843//1546 844//1546
f 56//1547 845//1547 846//1547
f 846//1548 57//1548 56//1548
f 60//1549 63//1549 847//1549
f 847//1550 848//1550 60//1550
f 849//1551 850//1551 851//1551
f 852//1552 853//1552 854//1552
f 854//1553 855//1553 852//1553
f 856//1554 857//1554 858//1554
f 858//1555 859//1555 856//1555
f 860//1556 861//1556 862//1556
f 862//1557 847//1557 860//1557
f 863//1558 864//1558 865//1558
f 863//1559 865//1559 866//1559
f 867//1560 863//1560 866//1560
f 863//1561 868//1561 869//1561
f 863//1562 867//1562 868//1562
f 867//1563 870//1563 868//1563
f 871//1564 872//1564 873//1564
f 873//1565 874//1565 871//1565
f 875//1566 876//1566 877//1566
f 877//1567 878//1567 875//1567
f 879//1568 880//1568 836//1568
f 836//1569 881//1569 879//1569
f 882//1570 883//1570 862//1570
f 862//1571 884//1571 882//1571
f 885//1572 886//1572 887//1572
f 887//1573 888//1573 885//1573
f 889//1574 890//1574 891//1574
f 891//1575 892//1575 889//1575
f 893//1576 894//1576 895//1576
f 895//1577 896//1577 893//1577
f 897//1578 898//1578 899//1578
f 899//1579 900//1579 897//1579
f 901//1580 902//1580 903//1580
f 904//1581 901//1581 903//1581
f 904//1582 903//1582 905//1582
f 906//1583 907//1583 908//1583
f 906//1584 908//1584 909//1584
f 910//1585 906//1585 909//1585
f 910//1586 909//1586 911//1586
f 912//1587 913//1587 914//1587
f 914//1588 915//1588 912//1588
f 916//1589 917//1589 918//1589
f 918//1590 919//1590 916//1590
f 920//1591 921//1591 922//1591
f 922//1592 923//1592 920//1592
f 924//1593 925//1593 926//1593
f 926//1594 927//1594 924//1594
f 928//1595 929//1595 930//1595
f 930//1596 931//1596 928//1596
f 932//1597 933//1597 934//1597
f 934//1598 935//1598 932//1598
f 936//1599 937//1599 938//1599
f 938//1600 939//1600 936//1600
f 940//1601 941//1601 942//1601
f 942//1602 943//1602 940//1602
f 944//1603 945//1603 946//1603
f 946//1604 947//1604 944//1604
f 948//1605 949//1605 930//1605
f 930//1606 950//1606 948//1606
f 951//1607 952//1607 953//1607
f 953//1608 954//1608 951//1608
f 955//1609 956//1609 957//1609
f 957//1610 958//1610 955//1610
f 959//1611 960//1611 961//1611
f 961//1612 962//1612 959//1612
f 963//1613 964//1613 965//1613
f 965//1614 966//1614 963//1614
f 967//1615 968//1615 969//1615
f 969//1616 970//1616 967//1616
f 971//1617 972//1617 973//1617
f 973//1618 974//1618 971//1618
f 975//1619 976//1619 977//1619
f 977//1620 978//1620 975//1620
f 817//1621 979//1621 980//1621
f 980//1622 4150//1622 817//1622
f 980//1623 979//1623 4151//1623
f 979//1624 817//1624 981//1624
f 981//1625 982//1625 979//1625
f 983//1626 981//1626 816//1626
f 816//1627 984//1627 983//1627
f 817//1628 816//1628 981//1628
f 985//1629 986//1629 987//1629
f 986//1630 985//1630 988//1630
f 988//1631 4159//1631 986//1631
f 988//1632 985//1632 4158//1632
f 987//1633 986//1633 982//1633
f 982//1634 983//1634 987//1634
f 4151//1635 979//1635 4161//1635
f 979//1636 986//1636 4159//1636
f 4159//1637 4161//1637 979//1637
f 979//1638 982//1638 986//1638
f 203//1639 204//1639 985//1639
f 985//1640 987//1640 203//1640
f 982//1641 981//1641 983//1641
f 985//1642 204//1642 4164//1642
f 4164//1643 4158//1643 985//1643
f 4164//1642 204//1642 3487//1642
f 205//1644 208//1644 989//1644
f 989//1645 990//1645 205//1645
f 991//1646 809//1646 810//1646
f 809//1647 811//1647 810//1647
f 809//1648 808//1648 811//1648
f 992//1649 993//1649 994//1649
f 994//1650 995//1650 992//1650
f 996//1651 854//1651 791//1651
f 791//1652 790//1652 996//1652
f 997//1653 996//1653 790//1653
f 790//1654 964//1654 997//1654
f 964//1655 790//1655 794//1655
f 964//1656 794//1656 998//1656
f 964//1656 998//1656 965//1656
f 999//1657 1000//1657 1001//1657
f 1001//1658 1002//1658 999//1658
f 1003//1659 1004//1659 1005//1659
f 1005//1660 1006//1660 1003//1660
f 1007//1661 1008//1661 1009//1661
f 1009//1662 1010//1662 1007//1662
f 1011//1663 1012//1663 868//1663
f 1011//1664 868//1664 870//1664
f 1013//1665 1011//1665 870//1665
f 1011//1666 1014//1666 1015//1666
f 1011//1667 1013//1667 1014//1667
f 1013//1668 1016//1668 1014//1668
f 1017//1669 1018//1669 873//1669
f 1017//1670 873//1670 1019//1670
f 1020//1671 1017//1671 1019//1671
f 866//1672 865//1672 1021//1672
f 1017//1673 866//1673 1021//1673
f 1017//1674 1020//1674 866//1674
f 1001//1675 797//1675 796//1675
f 1001//1676 1022//1676 797//1676
f 1001//1677 1023//1677 1022//1677
f 1001//1678 1000//1678 1014//1678
f 1023//1679 1001//1679 1014//1679
f 1023//1680 1014//1680 1016//1680
f 1024//1681 1025//1681 1026//1681
f 1026//1682 1027//1682 1024//1682
f 1028//1683 1029//1683 1030//1683
f 1030//1684 1031//1684 1028//1684
f 1032//1685 1033//1685 1034//1685
f 1034//1686 931//1686 1032//1686
f 1035//1687 1036//1687 1037//1687
f 1037//1688 1038//1688 1035//1688
f 1039//1689 1040//1689 1041//1689
f 1041//1690 1042//1690 1039//1690
f 1043//1691 1044//1691 1045//1691
f 1045//1692 1046//1692 1043//1692
f 1047//1693 841//1693 840//1693
f 840//1694 1048//1694 1047//1694
f 1049//1695 1050//1695 972//1695
f 972//1696 1051//1696 1049//1696
f 1052//1697 1053//1697 1054//1697
f 1054//1698 1055//1698 1052//1698
f 1056//1699 1057//1699 1058//1699
f 1058//1700 1059//1700 1056//1700
f 1060//1701 1061//1701 1062//1701
f 1062//1702 1063//1702 1060//1702
f 1064//1703 1065//1703 1066//1703
f 1066//1704 1067//1704 1064//1704
f 1068//1705 1069//1705 1070//1705
f 1070//1706 1071//1706 1068//1706
f 1072//1707 1073//1707 1074//1707
f 1074//1708 1075//1708 1072//1708
f 1076//1709 1077//1709 1078//1709
f 1078//1709 1079//1709 1076//1709
f 925//1710 1080//1710 1081//1710
f 1081//1711 926//1711 925//1711
f 1082//1712 1083//1712 1084//1712
f 1084//1713 1085//1713 1082//1713
f 1086//1714 1087//1714 1088//1714
f 1088//1715 1089//1715 1086//1715
f 881//1716 1090//1716 1091//1716
f 1091//1717 1054//1717 881//1717
f 1092//1718 1093//1718 1094//1718
f 1094//1719 1095//1719 1092//1719
f 1096//1720 1097//1720 1098//1720
f 1098//1721 1099//1721 1096//1721
f 913//1722 1100//1722 1101//1722
f 1101//1723 914//1723 913//1723
f 909//1724 908//1724 901//1724
f 909//1725 901//1725 904//1725
f 909//1726 904//1726 1102//1726
f 1103//1727 928//1727 1104//1727
f 1104//1728 1105//1728 1103//1728
f 1106//1729 905//1729 903//1729
f 903//1730 950//1730 1106//1730
f 1107//1731 1108//1731 1109//1731
f 1107//1732 1109//1732 907//1732
f 1110//1733 1107//1733 907//1733
f 1110//1734 907//1734 906//1734
f 1111//1735 906//1735 910//1735
f 910//1735 1112//1735 1111//1735
f 1113//1736 911//1736 909//1736
f 909//1737 1114//1737 1113//1737
f 1078//1721 1096//1721 1099//1721
f 1099//1738 1115//1738 1078//1738
f 1079//1739 1078//1739 1115//1739
f 1115//1740 1116//1740 1079//1740
f 968//1741 912//1741 915//1741
f 915//1742 969//1742 968//1742
f 1117//1743 1118//1743 917//1743
f 917//1744 916//1744 1117//1744
f 1119//1745 1117//1745 916//1745
f 916//1746 1120//1746 1119//1746
f 1120//1747 916//1747 919//1747
f 919//1748 1121//1748 1120//1748
f 919//1749 918//1749 921//1749
f 921//1750 920//1750 919//1750
f 1121//1751 919//1751 920//1751
f 920//1752 1122//1752 1121//1752
f 1122//1753 920//1753 923//1753
f 923//1754 1123//1754 1122//1754
f 1124//1755 1125//1755 1126//1755
f 1126//1756 1127//1756 1124//1756
f 1128//1757 1129//1757 1076//1757
f 1076//1758 1079//1758 1128//1758
f 976//1759 924//1759 927//1759
f 927//1760 977//1760 976//1760
f 1130//1761 1131//1761 1132//1761
f 1132//1762 1133//1762 1130//1762
f 1134//1763 1135//1763 1136//1763
f 1136//1764 1137//1764 1134//1764
f 1138//1765 1104//1765 1034//1765
f 1034//1766 874//1766 1138//1766
f 1139//1767 1140//1767 1141//1767
f 1141//1768 1142//1768 1139//1768
f 1143//1769 1144//1769 1145//1769
f 890//1770 1146//1770 1147//1770
f 1147//1771 891//1771 890//1771
f 1148//1772 1149//1772 1150//1772
f 1150//1773 1151//1773 1148//1773
f 1152//1774 1148//1774 1151//1774
f 1151//1775 1153//1775 1152//1775
f 1154//1776 936//1776 939//1776
f 939//1777 1155//1777 1154//1777
f 1156//1778 1086//1778 1089//1778
f 1089//1779 1157//1779 1156//1779
f 1158//1780 1156//1780 1157//1780
f 1157//1781 1159//1781 1158//1781
f 1160//1782 1055//1782 1054//1782
f 1054//1783 1091//1783 1160//1783
f 1161//1784 1162//1784 1163//1784
f 1163//1785 1164//1785 1161//1785
f 1165//1786 1166//1786 1167//1786
f 1167//1787 1168//1787 1165//1787
f 1169//1788 1170//1788 1171//1788
f 1171//1789 1172//1789 1169//1789
f 1173//1790 1174//1790 1111//1790
f 1111//1791 1112//1791 1173//1791
f 1175//1792 1176//1792 949//1792
f 949//1793 948//1793 1175//1793
f 1177//1794 1178//1794 1176//1794
f 1176//1795 1175//1795 1177//1795
f 1179//1796 1180//1796 1181//1796
f 1181//1797 1182//1797 1179//1797
f 1183//1798 1184//1798 1185//1798
f 1185//1799 1186//1799 1183//1799
f 1187//1800 1188//1800 1189//1800
f 1189//1801 1190//1801 1187//1801
f 1191//1802 1192//1802 1193//1802
f 1193//1803 1194//1803 1191//1803
f 1195//1804 1196//1804 1174//1804
f 1174//1805 1173//1805 1195//1805
f 1197//1806 1198//1806 1199//1806
f 1199//1807 1200//1807 1197//1807
f 1201//1808 956//1808 955//1808
f 965//1808 1201//1808 955//1808
f 966//1809 965//1809 955//1809
f 918//1810 966//1810 955//1810
f 955//1811 921//1811 918//1811
f 921//1812 955//1812 958//1812
f 958//1813 922//1813 921//1813
f 1202//1814 1158//1814 1159//1814
f 1159//1815 1203//1815 1202//1815
f 1204//1816 1205//1816 1206//1816
f 1206//1817 1207//1817 1204//1817
f 1208//1818 1209//1818 1210//1818
f 1210//1819 1211//1819 1208//1819
f 1212//1820 997//1820 964//1820
f 964//1821 963//1821 1212//1821
f 1118//1822 1212//1822 963//1822
f 963//1823 917//1823 1118//1823
f 917//1824 963//1824 966//1824
f 966//1825 918//1825 917//1825
f 1128//1826 1079//1826 1116//1826
f 1116//1827 1213//1827 1128//1827
f 1214//1828 1128//1828 1213//1828
f 1213//1829 1215//1829 1214//1829
f 1216//1830 824//1830 1217//1830
f 1217//1831 1218//1831 1216//1831
f 1219//1832 1220//1832 1221//1832
f 1221//1833 1222//1833 1219//1833
f 1149//1834 1219//1834 1222//1834
f 1222//1835 1150//1835 1149//1835
f 937//1836 971//1836 974//1836
f 974//1837 938//1837 937//1837
f 1127//1838 1126//1838 1223//1838
f 1223//1838 1224//1838 1127//1838
f 1225//1839 1125//1839 1226//1839
f 1125//1840 1227//1840 1226//1840
f 1125//1841 1228//1841 1227//1841
f 1229//1842 975//1842 978//1842
f 978//1843 1230//1843 1229//1843
f 1231//1844 1232//1844 1233//1844
f 1233//1845 1234//1845 1231//1845
f 1235//1846 837//1846 836//1846
f 836//1847 880//1847 1235//1847
f 1236//1848 1237//1848 832//1848
f 832//1849 831//1849 1236//1849
f 1238//1850 1239//1850 800//1850
f 800//1851 799//1851 1238//1851
f 1240//1852 1241//1852 1242//1852
f 1242//1853 1243//1853 1240//1853
f 1243//1854 1242//1854 1244//1854
f 1244//1855 1245//1855 1243//1855
f 1246//1856 1247//1856 1248//1856
f 1248//1857 1249//1857 1246//1857
f 4268//1858 1246//1858 1249//1858
f 1249//1859 4272//1859 4268//1859
f 4271//1860 1246//1860 4268//1860
f 4273//1861 1250//1861 1251//1861
f 1251//1862 4275//1862 4273//1862
f 4274//1863 1250//1863 4273//1863
f 1252//1864 1253//1864 1254//1864
f 1255//1865 1256//1865 1257//1865
f 1257//1866 1258//1866 1255//1866
f 1258//1867 1257//1867 1259//1867
f 1225//1868 1226//1868 1260//1868
f 1261//1869 1262//1869 1263//1869
f 1263//1870 1264//1870 1261//1870
f 4276//1871 813//1871 4277//1871
f 4278//1871 813//1871 4276//1871
f 810//1872 813//1872 4278//1872
f 4278//1873 1265//1873 810//1873
f 4279//1874 817//1874 4150//1874
f 4281//1875 991//1875 4280//1875
f 4282//1876 810//1876 1265//1876
f 991//1877 810//1877 4282//1877
f 4282//1878 4280//1878 991//1878
f 813//1879 814//1879 1266//1879
f 1266//1880 4277//1880 813//1880
f 814//1879 1267//1879 1266//1879
f 813//1881 815//1881 814//1881
f 813//1882 812//1882 815//1882
f 812//1883 1268//1883 815//1883
f 1269//1884 991//1884 1270//1884
f 1270//1885 4283//1885 1269//1885
f 1270//1886 991//1886 4281//1886
f 4286//1887 1271//1887 1272//1887
f 1272//1888 1273//1888 4286//1888
f 4287//1889 1271//1889 4286//1889
f 1274//1890 1275//1890 1276//1890
f 1276//1891 1277//1891 1274//1891
f 1278//1892 830//1892 833//1892
f 833//1893 1279//1893 1278//1893
f 984//1894 816//1894 815//1894
f 815//1895 1280//1895 984//1895
f 1281//1896 1280//1896 815//1896
f 815//1897 1282//1897 1281//1897
f 1252//1898 1283//1898 1284//1898
f 1284//1899 1253//1899 1252//1899
f 1285//1900 1286//1900 1287//1900
f 1288//1901 1289//1901 812//1901
f 812//1902 811//1902 1288//1902
f 1268//1903 1290//1903 1282//1903
f 1282//1903 815//1903 1268//1903
f 1260//1904 1226//1904 804//1904
f 804//1905 1291//1905 1260//1905
f 1292//1906 1293//1906 1294//1906
f 1294//1907 1295//1907 1292//1907
f 1295//1908 1294//1908 1296//1908
f 1296//1909 1297//1909 1295//1909
f 849//1910 851//1910 1298//1910
f 1298//1911 1299//1911 849//1911
f 515//1912 516//1912 853//1912
f 853//1913 852//1913 515//1913
f 517//1914 515//1914 852//1914
f 852//1915 849//1915 517//1915
f 849//1916 852//1916 855//1916
f 855//1917 850//1917 849//1917
f 1295//1918 1297//1918 1239//1918
f 1239//1919 1238//1919 1295//1919
f 1292//1920 1295//1920 1238//1920
f 1238//1921 1241//1921 1292//1921
f 1241//1922 1238//1922 799//1922
f 799//1923 1242//1923 1241//1923
f 1300//1924 1292//1924 1241//1924
f 1241//1925 1240//1925 1300//1925
f 850//1926 1300//1926 1240//1926
f 1240//1927 851//1927 850//1927
f 851//1928 1240//1928 1243//1928
f 1243//1929 1298//1929 851//1929
f 854//1930 1225//1930 1301//1930
f 850//1931 855//1931 1302//1931
f 1302//1932 1300//1932 850//1932
f 1300//1933 1302//1933 1293//1933
f 1293//1934 1292//1934 1300//1934
f 1080//1935 1303//1935 1304//1935
f 1304//1936 1081//1936 1080//1936
f 942//1937 1305//1937 1306//1937
f 1306//1938 1307//1938 942//1938
f 1100//1939 1308//1939 1309//1939
f 1309//1940 1101//1940 1100//1940
f 1310//1941 1311//1941 1312//1941
f 1312//1942 1313//1942 1310//1942
f 1087//1943 1314//1943 1315//1943
f 1315//1944 1088//1944 1087//1944
f 1097//1945 1316//1945 1317//1945
f 1317//1946 1098//1946 1097//1946
f 1318//1947 1119//1947 1120//1947
f 1120//1948 1319//1948 1318//1948
f 1319//1949 1120//1949 1121//1949
f 1121//1950 1320//1950 1319//1950
f 1320//1951 1121//1951 1122//1951
f 1122//1952 1321//1952 1320//1952
f 1321//1953 1122//1953 1123//1953
f 1123//1954 1322//1954 1321//1954
f 1323//1955 1152//1955 1153//1955
f 1153//1956 1324//1956 1323//1956
f 1325//1957 1154//1957 1155//1957
f 1155//1958 1326//1958 1325//1958
f 545//1959 546//1959 857//1959
f 857//1960 856//1960 545//1960
f 517//1961 849//1961 1299//1961
f 1299//1962 547//1962 517//1962
f 4440//1963 545//1963 856//1963
f 856//1964 1327//1964 4440//1964
f 3776//1965 545//1965 4440//1965
f 4441//1966 856//1966 859//1966
f 859//1967 4442//1967 4441//1967
f 1327//1968 856//1968 4441//1968
f 547//1969 1299//1969 1328//1969
f 1328//1970 548//1970 547//1970
f 1299//1971 1298//1971 1329//1971
f 1329//1972 1328//1972 1299//1972
f 1242//1973 799//1973 802//1973
f 802//1974 1244//1974 1242//1974
f 4443//1975 1249//1975 1250//1975
f 1250//1976 4274//1976 4443//1976
f 4272//1977 1249//1977 4443//1977
f 1249//1978 1248//1978 819//1978
f 1249//1979 819//1979 818//1979
f 1249//1979 818//1979 1250//1979
f 859//1980 858//1980 1247//1980
f 1247//1981 1246//1981 859//1981
f 4444//1982 859//1982 1246//1982
f 1246//1983 4271//1983 4444//1983
f 4442//1984 859//1984 4444//1984
f 1298//1985 1243//1985 1245//1985
f 1245//1986 1329//1986 1298//1986
f 1330//1987 808//1987 807//1987
f 807//1988 1331//1988 1330//1988
f 1329//1989 1245//1989 1247//1989
f 1247//1990 858//1990 1329//1990
f 1245//1991 1244//1991 1248//1991
f 1248//1992 1247//1992 1245//1992
f 827//1993 1276//1993 1275//1993
f 1275//1994 828//1994 827//1994
f 1244//1995 802//1995 819//1995
f 819//1996 1248//1996 1244//1996
f 802//1997 801//1997 820//1997
f 820//1998 819//1998 802//1998
f 1269//1999 806//1999 809//1999
f 809//2000 991//2000 1269//2000
f 1271//2001 1274//2001 1277//2001
f 1277//2002 1272//2002 1271//2002
f 1262//2003 803//2003 805//2003
f 805//2004 1263//2004 1262//2004
f 828//2005 1275//2005 820//2005
f 820//2006 801//2006 828//2006
f 829//2007 828//2007 801//2007
f 801//2008 800//2008 829//2008
f 1251//2009 821//2009 1274//2009
f 1274//2010 1271//2010 1251//2010
f 821//2011 820//2011 1275//2011
f 1275//2012 1274//2012 821//2012
f 1332//2013 1333//2013 1239//2013
f 1239//2014 1297//2014 1332//2014
f 1277//2015 1276//2015 807//2015
f 807//2016 806//2016 1277//2016
f 823//2017 1261//2017 1264//2017
f 1264//2018 824//2018 823//2018
f 1272//2019 1277//2019 806//2019
f 806//2020 1269//2020 1272//2020
f 1334//2021 1331//2021 827//2021
f 827//2022 826//2022 1334//2022
f 1335//2023 1257//2023 1336//2023
f 1331//2024 807//2024 1276//2024
f 1276//2025 827//2025 1331//2025
f 1255//2026 1258//2026 823//2026
f 823//2027 822//2027 1255//2027
f 1259//2028 1337//2028 1338//2028
f 1259//2029 1262//2029 1261//2029
f 1258//2030 1259//2030 1261//2030
f 1261//2031 823//2031 1258//2031
f 1333//2032 829//2032 800//2032
f 800//2033 1239//2033 1333//2033
f 1288//2034 811//2034 808//2034
f 1339//2035 1288//2035 808//2035
f 1330//2036 1339//2036 808//2036
f 1340//2037 826//2037 829//2037
f 829//2038 1333//2038 1340//2038
f 1252//2039 1257//2039 1256//2039
f 1341//2040 1342//2040 831//2040
f 831//2041 1343//2041 1341//2041
f 993//2042 1341//2042 1343//2042
f 1343//2043 994//2043 993//2043
f 994//2044 1343//2044 830//2044
f 830//2045 1278//2045 994//2045
f 1234//2046 1233//2046 835//2046
f 835//2047 834//2047 1234//2047
f 993//2048 1234//2048 834//2048
f 834//2049 1341//2049 993//2049
f 1341//2050 834//2050 837//2050
f 837//2051 1342//2051 1341//2051
f 842//2052 844//2052 839//2052
f 839//2053 838//2053 842//2053
f 1344//2054 842//2054 838//2054
f 838//2055 1345//2055 1344//2055
f 1345//2056 838//2056 841//2056
f 841//2057 1346//2057 1345//2057
f 1344//2058 1347//2058 843//2058
f 843//2059 842//2059 1344//2059
f 990//2060 1287//2060 861//2060
f 861//2061 860//2061 990//2061
f 205//2062 990//2062 860//2062
f 860//2063 569//2063 205//2063
f 569//2064 860//2064 847//2064
f 847//2065 63//2065 569//2065
f 1048//2066 840//2066 880//2066
f 880//2067 879//2067 1048//2067
f 1348//2068 1048//2068 879//2068
f 879//2069 1053//2069 1348//2069
f 1053//2070 879//2070 881//2070
f 881//2071 1054//2071 1053//2071
f 1059//2072 1058//2072 883//2072
f 883//2073 882//2073 1059//2073
f 1062//2074 1059//2074 882//2074
f 882//2075 1065//2075 1062//2075
f 1065//2076 882//2076 884//2076
f 884//2077 1066//2077 1065//2077
f 1203//2078 1159//2078 1209//2078
f 1209//2079 1349//2079 1203//2079
f 1206//2080 1203//2080 1349//2080
f 1349//2081 961//2081 1206//2081
f 1055//2082 1160//2082 1350//2082
f 1350//2083 1351//2083 1055//2083
f 862//2084 1346//2084 884//2084
f 1066//2085 884//2085 1047//2085
f 1047//2086 1352//2086 1066//2086
f 1154//2087 1353//2087 1354//2087
f 1354//2088 936//2088 1154//2088
f 1067//2089 1066//2089 1352//2089
f 1352//2090 1355//2090 1067//2090
f 1220//2091 1067//2091 1355//2091
f 1355//2092 1221//2092 1220//2092
f 936//2093 1354//2093 1356//2093
f 1356//2094 937//2094 936//2094
f 1050//2095 1348//2095 1053//2095
f 1053//2096 1052//2096 1050//2096
f 972//2097 1050//2097 1052//2097
f 1052//2098 973//2098 972//2098
f 973//2099 1052//2099 1055//2099
f 1055//2100 1351//2100 973//2100
f 793//2101 792//2101 1057//2101
f 1057//2102 1056//2102 793//2102
f 794//2103 793//2103 1056//2103
f 1056//2104 1061//2104 794//2104
f 1061//2105 1056//2105 1059//2105
f 1059//2106 1062//2106 1061//2106
f 998//2107 794//2107 1061//2107
f 1061//2108 1060//2108 998//2108
f 965//2109 998//2109 1060//2109
f 1060//2110 1201//2110 965//2110
f 1201//2111 1060//2111 1063//2111
f 1063//2112 956//2112 1201//2112
f 1063//2113 1062//2113 1065//2113
f 1065//2114 1064//2114 1063//2114
f 956//2115 1063//2115 1064//2115
f 1064//2116 957//2116 956//2116
f 957//1704 1064//1704 1067//1704
f 1067//2117 1220//2117 957//2117
f 1357//2118 970//2118 969//2118
f 969//2118 1158//2118 1357//2118
f 1358//2119 1202//2119 1205//2119
f 1205//2119 1359//2119 1358//2119
f 1205//2120 1202//2120 1203//2120
f 1203//2121 1206//2121 1205//2121
f 1360//2122 1361//2122 968//2122
f 968//2123 967//2123 1360//2123
f 1218//2124 1217//2124 1361//2124
f 1361//2125 1360//2125 1218//2125
f 1232//2126 1204//2126 1207//2126
f 1207//2127 1233//2127 1232//2127
f 1207//2128 1206//2128 961//2128
f 961//2129 960//2129 1207//2129
f 1233//2130 1207//2130 960//2130
f 960//2131 835//2131 1233//2131
f 835//2132 960//2132 881//2132
f 881//2133 836//2133 835//2133
f 1362//2134 1342//2134 837//2134
f 837//2135 1235//2135 1362//2135
f 844//2136 1362//2136 1235//2136
f 1235//2137 839//2137 844//2137
f 839//2138 1235//2138 880//2138
f 880//2139 840//2139 839//2139
f 1363//2140 1290//2140 1364//2140
f 1364//2141 1365//2141 1363//2141
f 1237//2142 1366//2142 1367//2142
f 1367//2143 1368//2143 1237//2143
f 1362//2144 1236//2144 831//2144
f 831//2145 1342//2145 1362//2145
f 987//2146 983//2146 989//2146
f 203//2147 987//2147 989//2147
f 208//2148 203//2148 989//2148
f 984//2149 1280//2149 1286//2149
f 1286//2150 1285//2150 984//2150
f 1255//2151 992//2151 995//2151
f 995//2152 1256//2152 1255//2152
f 822//2153 825//2153 1232//2153
f 1232//2154 1231//2154 822//2154
f 1255//2155 822//2155 1231//2155
f 1231//2156 992//2156 1255//2156
f 992//2157 1231//2157 1234//2157
f 1234//2158 993//2158 992//2158
f 995//2159 994//2159 1278//2159
f 1278//2160 1283//2160 995//2160
f 995//2161 1283//2161 1252//2161
f 1252//2162 1256//2162 995//2162
f 990//2163 989//2163 1285//2163
f 1285//2164 1287//2164 990//2164
f 989//2165 983//2165 984//2165
f 984//2166 1285//2166 989//2166
f 591//2167 60//2167 848//2167
f 848//2168 1369//2168 591//2168
f 848//2169 847//2169 862//2169
f 862//2170 883//2170 848//2170
f 56//2171 591//2171 1369//2171
f 1369//2172 845//2172 56//2172
f 1369//2173 848//2173 883//2173
f 883//2174 1058//2174 1369//2174
f 1267//2175 814//2175 817//2175
f 817//2176 4279//2176 1267//2176
f 1340//2177 1334//2177 826//2177
f 855//2178 854//2178 1301//2178
f 1301//2179 1302//2179 855//2179
f 1302//2180 1301//2180 1370//2180
f 1370//2181 1293//2181 1302//2181
f 1294//2182 1371//2182 1296//2182
f 1293//2183 1370//2183 1371//2183
f 1371//2184 1294//2184 1293//2184
f 1332//2185 1340//2185 1333//2185
f 1334//2186 1330//2186 1331//2186
f 1283//2187 1278//2187 1279//2187
f 1279//2188 1284//2188 1283//2188
f 1297//2189 1296//2189 1332//2189
f 1372//2190 1373//2190 1262//2190
f 832//2191 1289//2191 833//2191
f 1237//2192 1374//2192 1289//2192
f 1289//2193 832//2193 1237//2193
f 1284//2194 1279//2194 1288//2194
f 1288//2195 1339//2195 1284//2195
f 861//2196 1345//2196 1346//2196
f 1346//2197 862//2197 861//2197
f 1279//2198 833//2198 1289//2198
f 1289//2199 1288//2199 1279//2199
f 1287//2200 1344//2200 1345//2200
f 1345//2201 861//2201 1287//2201
f 1287//2202 1286//2202 1347//2202
f 1347//2203 1344//2203 1287//2203
f 1375//2204 1376//2204 1367//2204
f 1367//2205 1366//2205 1375//2205
f 1253//2206 1284//2206 1339//2206
f 1339//2207 1330//2207 1253//2207
f 1370//2208 1260//2208 1291//2208
f 1291//2209 1371//2209 1370//2209
f 1340//2210 1335//2210 1336//2210
f 1336//2211 1334//2211 1340//2211
f 1332//2212 1372//2212 1338//2212
f 1332//2213 1296//2213 1373//2213
f 1373//2214 1372//2214 1332//2214
f 1301//2215 1225//2215 1260//2215
f 1260//2216 1370//2216 1301//2216
f 1296//2217 1371//2217 1291//2217
f 1291//2218 1377//2218 1296//2218
f 1338//2219 1337//2219 1340//2219
f 1340//2220 1332//2220 1338//2220
f 1334//2221 1336//2221 1254//2221
f 1254//2222 1253//2222 1330//2222
f 1330//2223 1334//2223 1254//2223
f 1337//2224 1335//2224 1340//2224
f 1373//2225 1296//2225 1377//2225
f 884//2226 1346//2226 841//2226
f 841//2227 1047//2227 884//2227
f 1343//2228 831//2228 830//2228
f 1259//2229 1257//2229 1335//2229
f 1335//2230 1337//2230 1259//2230
f 1373//2231 1377//2231 803//2231
f 803//2232 1262//2232 1373//2232
f 1377//2233 1291//2233 804//2233
f 804//2234 803//2234 1377//2234
f 1338//2235 1372//2235 1262//2235
f 1262//2236 1259//2236 1338//2236
f 1254//2237 1336//2237 1257//2237
f 1257//2238 1252//2238 1254//2238
f 1050//2239 1049//2239 1378//2239
f 1378//2240 1348//2240 1050//2240
f 1222//2241 1379//2241 1380//2241
f 1380//2242 1150//2242 1222//2242
f 1355//2243 1381//2243 1382//2243
f 1382//2244 1221//2244 1355//2244
f 1383//2245 1048//2245 1348//2245
f 1348//2246 1378//2246 1383//2246
f 1150//2247 1380//2247 1384//2247
f 1384//2248 1151//2248 1150//2248
f 1155//2249 939//2249 1307//2249
f 1307//2250 1306//2250 1155//2250
f 939//2251 938//2251 1385//2251
f 1385//2252 1307//2252 939//2252
f 938//2253 974//2253 1386//2253
f 1386//2254 1385//2254 938//2254
f 1326//2255 1155//2255 1306//2255
f 1306//2256 896//2256 1326//2256
f 974//2257 973//2257 1351//2257
f 1351//2258 1386//2258 974//2258
f 923//2259 922//2259 1149//2259
f 1149//2260 1148//2260 923//2260
f 922//2261 958//2261 1219//2261
f 1219//2262 1149//2262 922//2262
f 1123//2263 923//2263 1148//2263
f 1148//2264 1152//2264 1123//2264
f 958//2265 957//2265 1220//2265
f 1220//2266 1219//2266 958//2266
f 1322//2267 1123//2267 1152//2267
f 1152//2268 1323//2268 1322//2268
f 1089//2269 1088//2269 942//2269
f 942//2270 941//2270 1089//2270
f 1157//2271 1089//2271 941//2271
f 941//2272 1210//2272 1157//2272
f 1088//2273 1315//2273 1305//2273
f 1305//2274 942//2274 1088//2274
f 1085//2275 1084//2275 894//2275
f 894//2276 893//2276 1085//2276
f 1159//2277 1157//2277 1210//2277
f 1210//2278 1209//2278 1159//2278
f 900//2279 899//2279 1083//2279
f 1083//2280 1082//2280 900//2280
f 915//2281 914//2281 1086//2281
f 1086//2282 1156//2282 915//2282
f 1101//2283 1309//2283 1314//2283
f 1314//2284 1087//2284 1101//2284
f 969//2285 915//2285 1156//2285
f 1156//2286 1158//2286 969//2286
f 914//2287 1101//2287 1087//2287
f 1087//2288 1086//2288 914//2288
f 1202//2289 1358//2289 1357//2289
f 1357//2290 1158//2290 1202//2290
f 1263//2291 1214//2291 1215//2291
f 1215//2292 1264//2292 1263//2292
f 804//2293 1229//2293 1230//2293
f 1230//2294 805//2294 804//2294
f 1215//2295 1213//2295 1361//2295
f 1361//2296 1217//2296 1215//2296
f 1264//2297 1215//2297 1217//2297
f 1217//2298 824//2298 1264//2298
f 805//2299 1230//2299 1214//2299
f 1214//2300 1263//2300 805//2300
f 1230//2301 978//2301 1128//2301
f 1128//2302 1214//2302 1230//2302
f 1227//2303 1228//2303 975//2303
f 975//2304 1229//2304 1227//2304
f 1226//2305 1227//2305 1229//2305
f 1229//2306 804//2306 1226//2306
f 1099//2307 1098//2307 1100//2307
f 1100//2308 913//2308 1099//2308
f 1115//2309 1099//2309 913//2309
f 913//2310 912//2310 1115//2310
f 1095//2311 1094//2311 898//2311
f 898//2312 897//2312 1095//2312
f 1213//2313 1116//2313 968//2313
f 968//2314 1361//2314 1213//2314
f 1116//2315 1115//2315 912//2315
f 912//2316 968//2316 1116//2316
f 1098//2317 1317//2317 1308//2317
f 1308//2318 1100//2318 1098//2318
f 1077//2319 1387//2319 1096//2319
f 1096//2319 1078//2319 1077//2319
f 1096//2320 1387//2320 1388//2320
f 1388//2321 1097//2321 1096//2321
f 1081//2322 1389//2322 1390//2322
f 1390//2323 926//2323 1081//2323
f 892//2324 891//2324 1093//2324
f 1093//2325 1092//2325 892//2325
f 1081//2326 1304//2326 1316//2326
f 1316//2327 1097//2327 1081//2327
f 1391//2328 1392//2328 1393//2328
f 1393//2328 1394//2328 1391//2328
f 1228//2329 1392//2329 976//2329
f 976//2330 975//2330 1228//2330
f 1391//2331 1395//2331 925//2331
f 925//2332 924//2332 1391//2332
f 1395//2333 1313//2333 1080//2333
f 1080//2334 925//2334 1395//2334
f 1392//2335 1391//2335 924//2335
f 924//2336 976//2336 1392//2336
f 1313//2337 1312//2337 1303//2337
f 1303//2338 1080//2338 1313//2338
f 1075//2339 1074//2339 890//2339
f 890//2340 889//2340 1075//2340
f 1118//2341 1117//2341 1310//2341
f 1310//2342 1396//2342 1118//2342
f 997//2343 1212//2343 1223//2343
f 1223//2344 1126//2344 997//2344
f 996//2345 997//2345 1126//2345
f 1126//2346 1125//2346 996//2346
f 1318//2347 1397//2347 1073//2347
f 1073//2348 1072//2348 1318//2348
f 1117//2349 1119//2349 1311//2349
f 1311//2350 1310//2350 1117//2350
f 1212//2351 1118//2351 1396//2351
f 1396//2352 1223//2352 1212//2352
f 854//2353 996//2353 1125//2353
f 1125//2354 1225//2354 854//2354
f 1303//2355 889//2355 892//2355
f 892//2356 1304//2356 1303//2356
f 1305//2357 893//2357 896//2357
f 896//2358 1306//2358 1305//2358
f 1308//2359 897//2359 900//2359
f 900//2360 1309//2360 1308//2360
f 1311//2361 1072//2361 1075//2361
f 1075//2362 1312//2362 1311//2362
f 1314//2363 1082//2363 1085//2363
f 1085//2364 1315//2364 1314//2364
f 1316//2365 1092//2365 1095//2365
f 1095//2366 1317//2366 1316//2366
f 1397//2367 1318//2367 1319//2367
f 1397//2368 1319//2368 1069//2368
f 1319//2369 1070//2369 1069//2369
f 1070//2370 1319//2370 1320//2370
f 1070//2371 1320//2371 886//2371
f 1320//2372 887//2372 886//2372
f 887//2373 1320//2373 1321//2373
f 887//2374 1321//2374 1107//2374
f 1321//2375 1108//2375 1107//2375
f 1108//2376 1321//2376 1322//2376
f 1322//2377 1398//2377 1108//2377
f 1399//2378 1323//2378 1324//2378
f 1324//2379 1400//2379 1399//2379
f 1401//2380 1325//2380 1326//2380
f 1326//2381 1402//2381 1401//2381
f 1400//2382 1324//2382 1325//2382
f 1325//2383 1401//2383 1400//2383
f 1402//2384 1326//2384 896//2384
f 896//2385 895//2385 1402//2385
f 1398//2386 1322//2386 1323//2386
f 1323//2387 1399//2387 1398//2387
f 1315//2388 1085//2388 893//2388
f 893//2389 1305//2389 1315//2389
f 1309//2390 900//2390 1082//2390
f 1082//2391 1314//2391 1309//2391
f 1317//2392 1095//2392 897//2392
f 897//2393 1308//2393 1317//2393
f 1304//2394 892//2394 1092//2394
f 1092//2395 1316//2395 1304//2395
f 1312//2396 1075//2396 889//2396
f 889//2397 1303//2397 1312//2397
f 1119//2398 1318//2398 1072//2398
f 1072//2399 1311//2399 1119//2399
f 1290//2400 1268//2400 1403//2400
f 1403//2401 1364//2401 1290//2401
f 1404//2402 1405//2402 1363//2402
f 1363//2403 1365//2403 1404//2403
f 1347//2404 1375//2404 1406//2404
f 1406//2405 843//2405 1347//2405
f 1404//2406 1281//2406 1282//2406
f 1282//2407 1405//2407 1404//2407
f 1403//2408 1268//2408 812//2408
f 812//2409 1289//2409 1403//2409
f 1237//2410 1368//2410 1374//2410
f 1376//2411 1407//2411 1281//2411
f 1281//2412 1404//2412 1376//2412
f 1374//2413 1403//2413 1289//2413
f 1407//2414 1286//2414 1280//2414
f 1280//2415 1281//2415 1407//2415
f 1364//2416 1403//2416 1374//2416
f 1374//2417 1368//2417 1364//2417
f 1408//2418 1406//2418 1409//2418
f 1409//2419 1410//2419 1408//2419
f 1347//2420 1286//2420 1407//2420
f 1406//2421 1375//2421 1366//2421
f 1366//2422 1409//2422 1406//2422
f 1376//2423 1404//2423 1365//2423
f 1365//2424 1367//2424 1376//2424
f 1409//2425 1236//2425 1362//2425
f 1362//2426 1410//2426 1409//2426
f 1365//2427 1364//2427 1368//2427
f 1368//2428 1367//2428 1365//2428
f 1290//2429 1363//2429 1405//2429
f 1405//2430 1282//2430 1290//2430
f 1410//2431 1362//2431 844//2431
f 844//2432 1408//2432 1410//2432
f 1375//2433 1347//2433 1407//2433
f 1407//2434 1376//2434 1375//2434
f 1366//2435 1237//2435 1236//2435
f 1236//2436 1409//2436 1366//2436
f 843//2437 1406//2437 1408//2437
f 1408//2438 844//2438 843//2438
f 1381//2439 1411//2439 1378//2439
f 1378//2440 1049//2440 1381//2440
f 1411//2441 1412//2441 1383//2441
f 1383//2442 1378//2442 1411//2442
f 1382//2443 1381//2443 1049//2443
f 1049//2444 1051//2444 1382//2444
f 1413//2445 1414//2445 1353//2445
f 1353//2446 1415//2446 1413//2446
f 1379//2447 1382//2447 1051//2447
f 1051//2448 1416//2448 1379//2448
f 1384//2449 1380//2449 1356//2449
f 1356//2450 1354//2450 1384//2450
f 1380//2451 1379//2451 1416//2451
f 1416//2452 1356//2452 1380//2452
f 1414//2453 1384//2453 1354//2453
f 1354//2454 1353//2454 1414//2454
f 1151//2455 1384//2455 1414//2455
f 1414//2456 1153//2456 1151//2456
f 1415//2457 1325//2457 1324//2457
f 1324//2458 1413//2458 1415//2458
f 1047//2459 1412//2459 1411//2459
f 1411//2460 1352//2460 1047//2460
f 971//2461 1416//2461 1051//2461
f 1051//2462 972//2462 971//2462
f 1325//2463 1415//2463 1353//2463
f 1353//2464 1154//2464 1325//2464
f 1048//2465 1383//2465 1412//2465
f 1412//2466 1047//2466 1048//2466
f 1221//2467 1382//2467 1379//2467
f 1379//2468 1222//2468 1221//2468
f 1416//2469 971//2469 937//2469
f 937//2470 1356//2470 1416//2470
f 1413//2471 1324//2471 1153//2471
f 1153//2472 1414//2472 1413//2472
f 1381//2473 1355//2473 1352//2473
f 1352//2474 1411//2474 1381//2474
f 1211//2475 940//2475 1417//2475
f 1417//2476 1418//2476 1211//2476
f 1419//2477 1208//2477 1350//2477
f 1350//2478 1160//2478 1419//2478
f 940//2479 943//2479 1420//2479
f 1420//2480 1417//2480 940//2480
f 1208//2481 1211//2481 1418//2481
f 1418//2482 1350//2482 1208//2482
f 959//2483 962//2483 1091//2483
f 1091//2484 1090//2484 959//2484
f 962//2485 1419//2485 1160//2485
f 1160//2486 1091//2486 962//2486
f 1419//2487 1349//2487 1209//2487
f 1209//2488 1208//2488 1419//2488
f 1211//2489 1210//2489 941//2489
f 941//2489 940//2489 1211//2489
f 1349//2490 1419//2490 962//2490
f 962//2491 961//2491 1349//2491
f 943//2492 942//2492 1307//2492
f 1307//2493 1420//2493 943//2493
f 1420//2494 1307//2494 1385//2494
f 1385//2495 1417//2495 1420//2495
f 1090//2496 881//2496 960//2496
f 960//2497 959//2497 1090//2497
f 1418//2498 1417//2498 1385//2498
f 1385//2498 1386//2498 1418//2498
f 1418//2499 1386//2499 1351//2499
f 1351//2500 1350//2500 1418//2500
f 1421//2501 1422//2501 1423//2501
f 1423//2502 1424//2502 1421//2502
f 1224//2503 1421//2503 1424//2503
f 1424//2504 1394//2504 1224//2504
f 1127//2505 1224//2505 1394//2505
f 1394//2506 1393//2506 1127//2506
f 1124//2507 1127//2507 1393//2507
f 1393//2508 1425//2508 1124//2508
f 1426//2509 1390//2509 1387//2509
f 1387//2510 1077//2510 1426//2510
f 1427//2511 1428//2511 1076//2511
f 1076//2512 1129//2512 1427//2512
f 1428//2513 1426//2513 1077//2513
f 1077//2514 1076//2514 1428//2514
f 1390//2515 1389//2515 1388//2515
f 1388//2516 1387//2516 1390//2516
f 927//2517 1426//2517 1428//2517
f 1428//2517 977//2517 927//2517
f 1125//2518 1124//2518 1425//2518
f 1425//2519 1228//2519 1125//2519
f 1129//2520 1128//2520 978//2520
f 978//2521 1427//2521 1129//2521
f 1097//2522 1388//2522 1389//2522
f 1389//2523 1081//2523 1097//2523
f 1228//2524 1425//2524 1393//2524
f 1393//2525 1392//2525 1228//2525
f 1427//2526 978//2526 977//2526
f 977//2527 1428//2527 1427//2527
f 1426//2528 927//2528 926//2528
f 926//2528 1390//2528 1426//2528
f 1423//2529 1313//2529 1395//2529
f 1395//2530 1424//2530 1423//2530
f 1391//2531 1394//2531 1424//2531
f 1424//2531 1395//2531 1391//2531
f 1223//2532 1396//2532 1421//2532
f 1421//2533 1224//2533 1223//2533
f 1421//2534 1396//2534 1310//2534
f 1310//2535 1422//2535 1421//2535
f 1422//2536 1310//2536 1313//2536
f 1313//2537 1423//2537 1422//2537
f 1360//2538 1429//2538 1430//2538
f 1360//2539 967//2539 1429//2539
f 967//2540 970//2540 1429//2540
f 1218//2541 1360//2541 1430//2541
f 1430//2542 1431//2542 1218//2542
f 1429//2543 970//2543 1357//2543
f 1357//2544 1358//2544 1429//2544
f 1430//2545 1429//2545 1358//2545
f 1358//2546 1359//2546 1430//2546
f 1431//2547 1430//2547 1359//2547
f 1359//2548 1432//2548 1431//2548
f 1433//2549 1431//2549 1432//2549
f 1432//2550 1434//2550 1433//2550
f 1216//2551 1218//2551 1431//2551
f 1431//2552 1433//2552 1216//2552
f 1204//2553 1432//2553 1359//2553
f 1359//2553 1205//2553 1204//2553
f 1216//2554 1433//2554 825//2554
f 825//2555 824//2555 1216//2555
f 1432//2556 1204//2556 1232//2556
f 1232//2557 1434//2557 1432//2557
f 1434//2558 1232//2558 825//2558
f 825//2558 1433//2558 1434//2558
f 1435//2559 1436//2559 1437//2559
f 1437//2560 1438//2560 1435//2560
f 1439//2561 1440//2561 1438//2561
f 1438//2562 1437//2562 1439//2562
f 1440//2563 1439//2563 1022//2563
f 1022//2564 1441//2564 1440//2564
f 1442//2565 867//2565 866//2565
f 866//2566 1443//2566 1442//2566
f 867//2567 1442//2567 1444//2567
f 1444//2568 870//2568 867//2568
f 1445//2569 1013//2569 870//2569
f 870//2570 1444//2570 1445//2570
f 1013//2571 1445//2571 1446//2571
f 1446//2572 1016//2572 1013//2572
f 1445//2573 1444//2573 1447//2573
f 1447//2573 1448//2573 1445//2573
f 1037//2574 1036//2574 797//2574
f 1439//2575 1037//2575 797//2575
f 1439//2576 797//2576 1022//2576
f 1037//2577 877//2577 876//2577
f 1037//2578 1437//2578 877//2578
f 1037//2579 1439//2579 1437//2579
f 1026//2580 1025//2580 877//2580
f 1026//2581 877//2581 1437//2581
f 1436//2582 1026//2582 1437//2582
f 1026//2583 873//2583 872//2583
f 1026//2584 1436//2584 873//2584
f 1436//2585 1019//2585 873//2585
f 1448//2586 1449//2586 1446//2586
f 1446//2586 1445//2586 1448//2586
f 1450//2587 1451//2587 1435//2587
f 1452//2588 1453//2588 1454//2588
f 1454//2588 1455//2588 1452//2588
f 1456//2589 1457//2589 1458//2589
f 1458//2589 1459//2589 1456//2589
f 1460//2590 1461//2590 1451//2590
f 1451//2590 1450//2590 1460//2590
f 1442//2591 1450//2591 1435//2591
f 1442//2592 1443//2592 1450//2592
f 1462//2593 1463//2593 1455//2593
f 1455//2593 1454//2593 1462//2593
f 1436//2594 1435//2594 1451//2594
f 1451//2595 1019//2595 1436//2595
f 1464//2596 1023//2596 1016//2596
f 1016//2597 1446//2597 1464//2597
f 1023//2598 1464//2598 1441//2598
f 1441//2599 1022//2599 1023//2599
f 1465//2600 1443//2600 866//2600
f 866//2601 1466//2601 1465//2601
f 1453//2602 1467//2602 1468//2602
f 1468//2603 1454//2603 1453//2603
f 1467//2604 1453//2604 1469//2604
f 1469//2605 1470//2605 1467//2605
f 1471//2606 1470//2606 1466//2606
f 1471//2607 1472//2607 1470//2607
f 1472//2607 1467//2607 1470//2607
f 1462//2608 1454//2608 1468//2608
f 1468//2609 1473//2609 1462//2609
f 1450//2610 1443//2610 1474//2610
f 1474//2610 1460//2610 1450//2610
f 1471//2611 1475//2611 1476//2611
f 1476//2612 1477//2612 1471//2612
f 1478//2613 1479//2613 1441//2613
f 1441//2614 1464//2614 1478//2614
f 1469//2615 1465//2615 1466//2615
f 1466//2616 1470//2616 1469//2616
f 1020//2617 1466//2617 866//2617
f 1020//2618 1475//2618 1466//2618
f 1475//2618 1471//2618 1466//2618
f 1457//2619 1456//2619 1477//2619
f 1477//2620 1476//2620 1457//2620
f 1464//2621 1446//2621 1449//2621
f 1449//2621 1478//2621 1464//2621
f 1467//2622 1472//2622 1473//2622
f 1473//2623 1468//2623 1467//2623
f 1480//2624 1460//2624 1474//2624
f 1474//2624 1481//2624 1480//2624
f 1448//2625 1478//2625 1449//2625
f 1448//2626 1482//2626 1478//2626
f 1482//2627 1479//2627 1478//2627
f 1447//2628 1483//2628 1482//2628
f 1482//2629 1448//2629 1447//2629
f 1447//2630 1484//2630 1485//2630
f 1485//2631 1483//2631 1447//2631
f 1480//2632 1452//2632 1459//2632
f 1452//2633 1463//2633 1459//2633
f 1452//2633 1455//2633 1463//2633
f 1452//2634 1480//2634 1481//2634
f 1481//2624 1486//2624 1452//2624
f 1460//2635 1480//2635 1461//2635
f 1480//2635 1458//2635 1461//2635
f 1480//2635 1459//2635 1458//2635
f 1453//2636 1452//2636 1486//2636
f 1486//2636 1469//2636 1453//2636
f 1435//2637 1485//2637 1484//2637
f 1484//2637 1442//2637 1435//2637
f 1484//2638 1447//2638 1444//2638
f 1444//2638 1442//2638 1484//2638
f 1481//2639 1474//2639 1443//2639
f 1443//2639 1465//2639 1481//2639
f 1465//2640 1469//2640 1486//2640
f 1486//2640 1481//2640 1465//2640
f 1482//2641 1440//2641 1441//2641
f 1441//2641 1479//2641 1482//2641
f 1440//2642 1482//2642 1483//2642
f 1483//2642 1438//2642 1440//2642
f 1485//2643 1435//2643 1438//2643
f 1438//2643 1483//2643 1485//2643
f 1002//2644 1001//2644 796//2644
f 796//2645 795//2645 1002//2645
f 1005//2646 1002//2646 795//2646
f 795//2647 1008//2647 1005//2647
f 1008//2648 795//2648 798//2648
f 798//2649 1009//2649 1008//2649
f 1027//2650 1026//2650 872//2650
f 872//2651 871//2651 1027//2651
f 1030//2652 1027//2652 871//2652
f 871//2653 1033//2653 1030//2653
f 1033//2654 871//2654 874//2654
f 874//2655 1034//2655 1033//2655
f 1038//2656 1037//2656 876//2656
f 876//2657 875//2657 1038//2657
f 1041//2658 1038//2658 875//2658
f 875//2659 1044//2659 1041//2659
f 1044//2660 875//2660 878//2660
f 878//2661 1045//2661 1044//2661
f 1071//2662 1070//2662 886//2662
f 886//2663 885//2663 1071//2663
f 1198//2664 1197//2664 1487//2664
f 1487//2664 1068//2664 1198//2664
f 1488//2665 1102//2665 904//2665
f 904//2666 1489//2666 1488//2666
f 1490//2667 1491//2667 1133//2667
f 1133//2668 1132//2668 1490//2668
f 1104//2669 928//2669 931//2669
f 931//2670 1034//2670 1104//2670
f 1492//2671 1007//2671 933//2671
f 933//2671 1493//2671 1492//2671
f 1494//2672 1146//2672 1495//2672
f 1495//2672 1496//2672 1494//2672
f 1146//2673 932//2673 935//2673
f 935//2674 1147//2674 1146//2674
f 1164//2675 1163//2675 945//2675
f 945//2676 944//2676 1164//2676
f 1167//2677 1164//2677 944//2677
f 944//2678 1170//2678 1167//2678
f 1170//2679 944//2679 947//2679
f 947//2680 1171//2680 1170//2680
f 1497//2681 1498//2681 1499//2681
f 1499//2682 1500//2682 1497//2682
f 1501//2683 1502//2683 1503//2683
f 1503//2683 1504//2683 1501//2683
f 1505//2684 948//2684 950//2684
f 950//2685 903//2685 1505//2685
f 1182//2686 1181//2686 952//2686
f 952//2687 951//2687 1182//2687
f 1185//2688 1182//2688 951//2688
f 951//2689 1188//2689 1185//2689
f 1188//2690 951//2690 954//2690
f 954//2691 1189//2691 1188//2691
f 1506//2692 1507//2692 1196//2692
f 1196//2693 1195//2693 1506//2693
f 1200//2694 1199//2694 1507//2694
f 1507//2695 1506//2695 1200//2695
f 1508//2696 1014//2696 1000//2696
f 1000//2697 999//2697 1508//2697
f 1509//2698 1508//2698 999//2698
f 999//2699 1004//2699 1509//2699
f 1004//2700 999//2700 1002//2700
f 1002//2701 1005//2701 1004//2701
f 1510//2702 1509//2702 1004//2702
f 1004//2703 1003//2703 1510//2703
f 1511//2704 1510//2704 1003//2704
f 1003//2705 1140//2705 1511//2705
f 1140//2706 1003//2706 1006//2706
f 1006//2707 1141//2707 1140//2707
f 1512//2708 1513//2708 1005//2708
f 1005//2708 1008//2708 1512//2708
f 1007//2709 1492//2709 1512//2709
f 1512//2710 1008//2710 1007//2710
f 933//2711 1007//2711 1010//2711
f 1010//2712 934//2712 933//2712
f 878//2713 877//2713 1025//2713
f 1025//2714 1024//2714 878//2714
f 1045//2715 878//2715 1024//2715
f 1024//2716 1029//2716 1045//2716
f 1029//2717 1024//2717 1027//2717
f 1027//2718 1030//2718 1029//2718
f 1046//2719 1045//2719 1029//2719
f 1029//2720 1028//2720 1046//2720
f 1499//2721 1046//2721 1028//2721
f 1028//2722 1178//2722 1499//2722
f 1178//2723 1028//2723 1031//2723
f 1031//2724 1176//2724 1178//2724
f 1031//2725 1030//2725 1033//2725
f 1033//2726 1032//2726 1031//2726
f 1176//2727 1031//2727 1032//2727
f 1032//2728 949//2728 1176//2728
f 949//2729 1032//2729 931//2729
f 931//2730 930//2730 949//2730
f 798//2731 797//2731 1036//2731
f 1036//2732 1035//2732 798//2732
f 1009//2733 798//2733 1035//2733
f 1035//2734 1040//2734 1009//2734
f 1040//2735 1035//2735 1038//2735
f 1038//2736 1041//2736 1040//2736
f 1010//2737 1009//2737 1040//2737
f 1040//2738 1039//2738 1010//2738
f 934//2739 1010//2739 1039//2739
f 1039//2740 1192//2740 934//2740
f 1192//2741 1039//2741 1042//2741
f 1042//2742 1193//2742 1192//2742
f 1042//2743 1041//2743 1044//2743
f 1044//2744 1043//2744 1042//2744
f 1193//2745 1042//2745 1043//2745
f 1043//2746 1498//2746 1193//2746
f 1498//2747 1043//2747 1046//2747
f 1046//2748 1499//2748 1498//2748
f 1143//2749 1397//2749 1069//2749
f 1069//2750 1068//2750 1143//2750
f 1144//2751 1143//2751 1068//2751
f 1068//2752 1487//2752 1144//2752
f 1514//2753 1197//2753 1200//2753
f 1200//2754 1515//2754 1514//2754
f 888//2755 1196//2755 1507//2755
f 1507//2755 885//2755 888//2755
f 1516//2756 1173//2756 1112//2756
f 1112//2757 1517//2757 1516//2757
f 1518//2758 1506//2758 1195//2758
f 1195//2759 1519//2759 1518//2759
f 1114//2760 909//2760 1102//2760
f 1102//2761 1490//2761 1114//2761
f 953//2762 1114//2762 1490//2762
f 1490//2763 1132//2763 953//2763
f 928//2764 1103//2764 1520//2764
f 1520//2765 929//2765 928//2765
f 1105//2766 1104//2766 1136//2766
f 1136//2767 1521//2767 1105//2767
f 1491//2768 1490//2768 1102//2768
f 1102//2769 1488//2769 1491//2769
f 929//2770 1106//2770 950//2770
f 950//2771 930//2771 929//2771
f 888//2772 887//2772 1107//2772
f 1107//2773 1110//2773 888//2773
f 885//2774 1507//2774 1199//2774
f 1199//2774 1071//2774 885//2774
f 1517//2775 1112//2775 910//2775
f 1111//2776 1174//2776 1110//2776
f 1110//2776 906//2776 1111//2776
f 946//2777 1519//2777 1516//2777
f 1516//2778 1180//2778 946//2778
f 1180//2779 1516//2779 1517//2779
f 1517//2780 1181//2780 1180//2780
f 1517//2781 910//2781 911//2781
f 911//2782 1113//2782 1517//2782
f 1181//2783 1517//2783 1113//2783
f 1113//2784 952//2784 1181//2784
f 952//2785 1113//2785 1114//2785
f 1114//2786 953//2786 952//2786
f 954//2787 953//2787 1132//2787
f 1132//2788 1131//2788 954//2788
f 1189//2789 954//2789 1131//2789
f 1131//2790 1135//2790 1189//2790
f 1522//2791 1106//2791 929//2791
f 929//2792 1520//2792 1522//2792
f 1190//2793 1189//2793 1135//2793
f 1135//2794 1134//2794 1190//2794
f 865//2795 1190//2795 1134//2795
f 1134//2796 1021//2796 865//2796
f 1021//2797 1134//2797 1137//2797
f 1137//2798 1017//2798 1021//2798
f 1137//2799 1136//2799 1104//2799
f 1104//2800 1138//2800 1137//2800
f 1017//2801 1137//2801 1138//2801
f 1138//2802 1018//2802 1017//2802
f 1018//2803 1138//2803 874//2803
f 874//2804 873//2804 1018//2804
f 1523//2805 1511//2805 1140//2805
f 1140//2806 1139//2806 1523//2806
f 1144//2807 1523//2807 1139//2807
f 1139//2808 1145//2808 1144//2808
f 1145//2809 1139//2809 1142//2809
f 1142//2810 1495//2810 1145//2810
f 1073//2811 1145//2811 1495//2811
f 1495//2812 1074//2812 1073//2812
f 1510//2813 1511//2813 1162//2813
f 1162//2814 1161//2814 1510//2814
f 1509//2815 1510//2815 1161//2815
f 1161//2816 1166//2816 1509//2816
f 1166//2817 1161//2817 1164//2817
f 1164//2818 1167//2818 1166//2818
f 1508//2819 1509//2819 1166//2819
f 1166//2820 1165//2820 1508//2820
f 1014//2821 1508//2821 1165//2821
f 1165//2822 1015//2822 1014//2822
f 1015//2823 1165//2823 1168//2823
f 1168//2824 1011//2824 1015//2824
f 1168//2825 1167//2825 1170//2825
f 1170//2826 1169//2826 1168//2826
f 1011//2827 1168//2827 1169//2827
f 1169//2828 1012//2828 1011//2828
f 1012//2829 1169//2829 1172//2829
f 1172//2830 868//2830 1012//2830
f 1500//2831 1499//2831 1178//2831
f 1178//2832 1177//2832 1500//2832
f 1524//2833 1505//2833 1525//2833
f 1525//2833 1526//2833 1524//2833
f 1527//2834 1194//2834 1497//2834
f 1497//2835 1528//2835 1527//2835
f 947//2836 946//2836 1180//2836
f 1180//2837 1179//2837 947//2837
f 1171//2838 947//2838 1179//2838
f 1179//2839 1184//2839 1171//2839
f 1184//2840 1179//2840 1182//2840
f 1182//2841 1185//2841 1184//2841
f 1172//2842 1171//2842 1184//2842
f 1184//2843 1183//2843 1172//2843
f 868//2844 1172//2844 1183//2844
f 1183//2845 869//2845 868//2845
f 869//2846 1183//2846 1186//2846
f 1186//2847 863//2847 869//2847
f 1186//2848 1185//2848 1188//2848
f 1188//2849 1187//2849 1186//2849
f 863//2850 1186//2850 1187//2850
f 1187//2851 864//2851 863//2851
f 864//2852 1187//2852 1190//2852
f 1190//2853 865//2853 864//2853
f 935//2854 934//2854 1192//2854
f 1192//2855 1191//2855 935//2855
f 1147//2856 935//2856 1191//2856
f 1191//2857 1502//2857 1147//2857
f 1529//2858 1501//2858 1504//2858
f 1504//2858 1530//2858 1529//2858
f 891//2859 1147//2859 1093//2859
f 1147//2860 1094//2860 1093//2860
f 1147//2861 1501//2861 1094//2861
f 1147//2862 1502//2862 1501//2862
f 1074//2863 1495//2863 1146//2863
f 1146//2864 890//2864 1074//2864
f 1397//2865 1143//2865 1145//2865
f 1145//2866 1073//2866 1397//2866
f 899//2867 1529//2867 1083//2867
f 1529//2868 1084//2868 1083//2868
f 1531//2869 1532//2869 1084//2869
f 1529//2870 1531//2870 1084//2870
f 1529//2870 1525//2870 1531//2870
f 1094//2871 1501//2871 898//2871
f 1501//2872 899//2872 898//2872
f 1501//2873 1529//2873 899//2873
f 1531//2874 1525//2874 902//2874
f 1525//2875 903//2875 902//2875
f 1525//2876 1505//2876 903//2876
f 1530//2870 1533//2870 1526//2870
f 1530//2877 1534//2877 1533//2877
f 1530//2878 1535//2878 1534//2878
f 1526//2879 1533//2879 1524//2879
f 1503//2880 1527//2880 1504//2880
f 1504//2881 1527//2881 1530//2881
f 1528//2882 1535//2882 1530//2882
f 1527//2883 1528//2883 1530//2883
f 1519//2884 1195//2884 1173//2884
f 1173//2885 1516//2885 1519//2885
f 1191//2886 1503//2886 1502//2886
f 1528//2887 1497//2887 1500//2887
f 1500//2888 1535//2888 1528//2888
f 1535//2889 1500//2889 1177//2889
f 1177//2890 1534//2890 1535//2890
f 1534//2891 1177//2891 1175//2891
f 1175//2892 1533//2892 1534//2892
f 1503//2893 1191//2893 1194//2893
f 1194//2894 1527//2894 1503//2894
f 1526//2895 1525//2895 1529//2895
f 1529//2895 1530//2895 1526//2895
f 1194//2896 1193//2896 1498//2896
f 1498//2897 1497//2897 1194//2897
f 948//2898 1505//2898 1524//2898
f 1533//2899 1175//2899 948//2899
f 948//2900 1524//2900 1533//2900
f 1071//2901 1199//2901 1198//2901
f 1198//2901 1068//2901 1071//2901
f 1174//2902 1196//2902 888//2902
f 888//2902 1110//2902 1174//2902
f 945//2903 1518//2903 1519//2903
f 1519//2904 946//2904 945//2904
f 1515//2905 1200//2905 1506//2905
f 1506//2906 1518//2906 1515//2906
f 1163//2907 1515//2907 1518//2907
f 1518//2908 945//2908 1163//2908
f 1523//2909 1144//2909 1487//2909
f 1487//2910 1514//2910 1523//2910
f 1511//2911 1523//2911 1514//2911
f 1514//2912 1162//2912 1511//2912
f 1162//2913 1514//2913 1515//2913
f 1515//2914 1163//2914 1162//2914
f 1514//2915 1487//2915 1197//2915
f 1536//2916 1537//2916 1493//2916
f 1493//2917 1538//2917 1536//2917
f 1496//2918 1536//2918 1538//2918
f 1538//2919 1494//2919 1496//2919
f 1539//2920 1513//2920 1512//2920
f 1512//2921 1492//2921 1539//2921
f 1537//2922 1539//2922 1492//2922
f 1492//2923 1493//2923 1537//2923
f 1539//2924 1006//2924 1005//2924
f 1005//2925 1513//2925 1539//2925
f 1538//2926 1493//2926 933//2926
f 933//2926 932//2926 1538//2926
f 1142//2927 1536//2927 1496//2927
f 1496//2928 1495//2928 1142//2928
f 1142//2929 1141//2929 1537//2929
f 1537//2929 1536//2929 1142//2929
f 1538//2930 932//2930 1146//2930
f 1146//2931 1494//2931 1538//2931
f 1539//2932 1537//2932 1141//2932
f 1141//2932 1006//2932 1539//2932
f 1491//2933 1488//2933 1489//2933
f 1489//2934 1540//2934 1491//2934
f 1130//2935 1133//2935 1541//2935
f 1541//2936 1542//2936 1130//2936
f 1542//2937 1541//2937 1520//2937
f 1520//2938 1103//2938 1542//2938
f 1521//2939 1542//2939 1103//2939
f 1103//2940 1105//2940 1521//2940
f 1133//2941 1491//2941 1540//2941
f 1540//2942 1541//2942 1133//2942
f 1540//2943 1489//2943 1543//2943
f 1543//2944 1522//2944 1540//2944
f 1541//2945 1540//2945 1522//2945
f 1522//2946 1520//2946 1541//2946
f 1544//2947 1130//2947 1542//2947
f 1542//2948 1521//2948 1544//2948
f 905//2949 1543//2949 1489//2949
f 1489//2950 904//2950 905//2950
f 1131//2951 1130//2951 1544//2951
f 1544//2952 1135//2952 1131//2952
f 1135//2953 1544//2953 1521//2953
f 1521//2954 1136//2954 1135//2954
f 1106//2955 1522//2955 1543//2955
f 1543//2956 905//2956 1106//2956
f 1545//2957 1399//2957 1400//2957
f 1400//2958 1546//2958 1545//2958
f 1547//2959 1401//2959 1402//2959
f 1402//2960 1548//2960 1547//2960
f 1108//2961 1398//2961 1399//2961
f 1108//2962 1399//2962 1545//2962
f 1109//2963 1108//2963 1545//2963
f 1084//2964 1532//2964 894//2964
f 1532//2965 895//2965 894//2965
f 1532//2966 1549//2966 895//2966
f 908//2967 1545//2967 901//2967
f 1545//2968 1546//2968 901//2968
f 1546//2969 1547//2969 901//2969
f 901//2970 1549//2970 902//2970
f 901//2971 1547//2971 1549//2971
f 1547//1452 1548//1452 1549//1452
f 907//2972 1109//2972 1545//2972
f 1545//2973 908//2973 907//2973
f 1532//2974 1531//2974 902//2974
f 902//2975 1549//2975 1532//2975
f 1548//2976 1402//2976 895//2976
f 895//2977 1549//2977 1548//2977
f 1546//2978 1400//2978 1401//2978
f 1401//2979 1547//2979 1546//2979
f 1462//2980 1550//2980 1551//2980
f 1551//2981 1463//2981 1462//2981
f 1552//2982 1553//2982 1476//2982
f 1476//2982 1475//2982 1552//2982
f 1458//2983 1554//2983 1555//2983
f 1555//2984 1461//2984 1458//2984
f 1556//2985 1557//2985 1473//2985
f 1473//2985 1472//2985 1556//2985
f 1558//2986 1020//2986 1019//2986
f 1019//2986 1559//2986 1558//2986
f 1457//2987 1560//2987 1554//2987
f 1554//2988 1458//2988 1457//2988
f 1561//2989 1550//2989 1557//2989
f 1557//2990 1562//2990 1561//2990
f 1556//2991 1563//2991 1562//2991
f 1562//2992 1557//2992 1556//2992
f 1561//2993 1564//2993 1551//2993
f 1551//2994 1550//2994 1561//2994
f 1554//2995 1560//2995 1565//2995
f 1565//2996 1555//2996 1554//2996
f 1552//2997 1558//2997 1559//2997
f 1559//2998 1553//2998 1552//2998
f 1565//2999 1560//2999 1553//2999
f 1553//3000 1559//3000 1565//3000
f 1463//3001 1551//3001 1564//3001
f 1564//3002 1459//3002 1463//3002
f 1565//3003 1451//3003 1461//3003
f 1461//3004 1555//3004 1565//3004
f 1451//3005 1565//3005 1559//3005
f 1559//3006 1019//3006 1451//3006
f 1476//3007 1553//3007 1560//3007
f 1560//3008 1457//3008 1476//3008
f 1459//3009 1564//3009 1561//3009
f 1561//3003 1456//3003 1459//3003
f 1556//3010 1472//3010 1471//3010
f 1471//3011 1563//3011 1556//3011
f 1562//3012 1477//3012 1456//3012
f 1456//3013 1561//3013 1562//3013
f 1552//3014 1475//3014 1020//3014
f 1020//3015 1558//3015 1552//3015
f 1473//3016 1557//3016 1550//3016
f 1550//3017 1462//3017 1473//3017
f 1477//3018 1562//3018 1563//3018
f 1563//3018 1471//3018 1477//3018
f 1566//3019 1251//3019 1271//3019
f 1271//3020 4287//3020 1566//3020
f 4275//3021 1251//3021 1566//3021
f 4508//3022 1272//3022 1269//3022
f 1269//3023 4283//3023 4508//3023
f 1273//3024 1272//3024 4508//3024
f 1250//3025 818//3025 821//3025
f 821//3026 1251//3026 1250//3026
f 548//3027 1328//3027 857//3027
f 857//3028 546//3028 548//3028
f 1328//3029 1329//3029 858//3029
f 858//3030 857//3030 1328//3030
f 57//3031 846//3031 853//3031
f 853//3032 516//3032 57//3032
f 845//3033 1057//3033 792//3033
f 845//3034 1369//3034 1057//3034
f 1369//3035 1058//3035 1057//3035
f 846//3036 791//3036 854//3036
f 854//3037 853//3037 846//3037
f 845//3038 792//3038 791//3038
f 791//3039 846//3039 845//3039
f 3776//3040 3469//3040 3477//3040
f 3469//3040 3776//3040 3775//3040
f 4440//3041 4151//3041 1327//3041
f 3469//3040 3777//3040 3607//3040
f 3777//3040 3469//3040 3775//3040
f 1327//3042 1267//3042 4268//3042
f 1267//3043 1327//3043 4151//3043
f 3594//3040 3607//3040 3777//3040
f 4268//3040 4283//3040 4272//3040
f 4283//3044 4268//3044 1267//3044
f 1327//3045 4271//3045 4441//3045
f 4271//3046 1327//3046 4268//3046
f 3595//3040 3777//3040 3778//3040
f 3777//3040 3595//3040 3594//3040
f 4272//3040 4286//3040 4443//3040
f 4286//3040 4272//3040 4283//3040
f 4286//3040 4274//3040 4443//3040
f 3610//3040 3598//3040 3597//3040
f 3598//3040 3610//3040 3780//3040
f 4286//3047 4508//3047 1273//3047
f 4508//3040 4286//3040 4283//3040
f 4283//3040 4278//3040 4282//3040
f 4278//3048 4283//3048 1267//3048
f 789//3049 3610//3049 3613//3049
f 3610//3050 789//3050 3609//3050
f 3602//3051 3603//3051 484//3051
f 484//3052 3602//3052 3609//3052
f 1566//3053 4286//3053 4287//3053
f 4286//3054 1566//3054 4273//3054
f 4278//3055 1266//3055 4276//3055
f 1266//3056 4278//3056 1267//3056
f 4283//3057 4280//3057 1270//3057
f 4280//3040 4283//3040 4282//3040
f 3609//3058 3605//3058 484//3058
f 4282//3059 4278//3059 1265//3059
f 4161//3060 4158//3060 988//3060
f 4273//3061 1566//3061 4275//3061
f 4276//3062 1266//3062 4277//3062
f 3605//3063 3608//3063 483//3063
f 1270//3064 4280//3064 4281//3064
f 4279//3065 980//3065 4151//3065
f 4151//3066 4279//3066 1267//3066
f 4161//3067 988//3067 4159//3067
f 3468//3068 195//3068 3604//3068
f 4279//3069 4150//3069 980//3069
f 1567//3070 1568//3070 1569//3070
f 1569//3071 1570//3071 1567//3071
f 1571//3072 1572//3072 1573//3072
f 1573//3073 1574//3073 1571//3073
f 1575//3074 1576//3074 1577//3074
f 1578//3075 1575//3075 1577//3075
f 1579//3076 1578//3076 1577//3076
f 1580//3077 1577//3077 1576//3077
f 1576//3078 1581//3078 1580//3078
f 1582//3079 1583//3079 1584//3079
f 1584//3080 1585//3080 1582//3080
f 1586//3081 1587//3081 1588//3081
f 1588//3082 1589//3082 1586//3082
f 1580//3083 1581//3083 1590//3083
f 1580//3084 1590//3084 1591//3084
f 1580//3085 1591//3085 1592//3085
f 1580//3086 1592//3086 1593//3086
f 1594//3087 1580//3087 1593//3087
f 1595//3088 1596//3088 1597//3088
f 1597//3089 1598//3089 1595//3089
f 1599//3090 1600//3090 1601//3090
f 1602//3091 1580//3091 1594//3091
f 1594//3092 3250//3092 1602//3092
f 3251//3093 1580//3093 1602//3093
f 1603//3094 1604//3094 1605//3094
f 1605//3095 1606//3095 1603//3095
f 1607//3096 1608//3096 1609//3096
f 1609//3097 1610//3097 1607//3097
f 1611//3098 1612//3098 1613//3098
f 1613//3099 1614//3099 1611//3099
f 1615//3100 1616//3100 2290//3100
f 2290//3101 1617//3101 1615//3101
f 1618//3102 1619//3102 1579//3102
f 1579//3102 1620//3102 1618//3102
f 1621//3103 1619//3103 1618//3103
f 1622//3104 1623//3104 1609//3104
f 1609//3105 1608//3105 1622//3105
f 1624//3106 1623//3106 1575//3106
f 1575//3107 1578//3107 1624//3107
f 1625//3108 1626//3108 1627//3108
f 1627//3109 1628//3109 1625//3109
f 1629//3110 1630//3110 1579//3110
f 1579//3111 1619//3111 1629//3111
f 1631//3112 1632//3112 1575//3112
f 1575//3113 1633//3113 1631//3113
f 1634//3114 1635//3114 1636//3114
f 1635//3115 1572//3115 1636//3115
f 1572//3116 1571//3116 1636//3116
f 1568//3117 1567//3117 1637//3117
f 1637//3118 1638//3118 1568//3118
f 1639//3119 1640//3119 1641//3119
f 1639//3119 1641//3119 1642//3119
f 1643//3120 1639//3120 1642//3120
f 1644//3121 1645//3121 1646//3121
f 1647//3122 1644//3122 1646//3122
f 1648//3123 1647//3123 1646//3123
f 1649//3124 1648//3124 1646//3124
f 1650//3125 1651//3125 1652//3125
f 1650//3126 1652//3126 1653//3126
f 1652//3127 1654//3127 1653//3127
f 1655//3128 1656//3128 1640//3128
f 1640//3129 1657//3129 1655//3129
f 1658//3130 1659//3130 1660//3130
f 1659//3131 1661//3131 1660//3131
f 1661//3132 1662//3132 1660//3132
f 1661//3133 1663//3133 1662//3133
f 1664//3134 1665//3134 1666//3134
f 1666//3135 1667//3135 1664//3135
f 1668//3136 1659//3136 1669//3136
f 1669//3137 1670//3137 1668//3137
f 1671//3138 1672//3138 1673//3138
f 1673//3139 1674//3139 1671//3139
f 1663//3140 1661//3140 1635//3140
f 1675//3141 1663//3141 1635//3141
f 1634//3142 1675//3142 1635//3142
f 1667//3143 1666//3143 1638//3143
f 1638//3144 1637//3144 1667//3144
f 1676//3145 1639//3145 1584//3145
f 1584//3145 1583//3145 1676//3145
f 1648//3146 1649//3146 1677//3146
f 1678//3147 1648//3147 1677//3147
f 1679//3148 1678//3148 1677//3148
f 1680//3149 1681//3149 1682//3149
f 1682//3150 1683//3150 1680//3150
f 1684//3151 1653//3151 1654//3151
f 1684//3152 1654//3152 1652//3152
f 1684//3153 1652//3153 1685//3153
f 1645//3154 1684//3154 1685//3154
f 1645//3155 1685//3155 1646//3155
f 1685//3156 1686//3156 1646//3156
f 1686//3157 1649//3157 1646//3157
f 1686//3158 1687//3158 1649//3158
f 1688//3159 1689//3159 1690//3159
f 1690//3160 1691//3160 1688//3160
f 1692//3161 1693//3161 1694//3161
f 1694//3162 1695//3162 1692//3162
f 1696//3163 1697//3163 1698//3163
f 1698//3164 1699//3164 1696//3164
f 1700//3165 1701//3165 1702//3165
f 1702//3166 1703//3166 1700//3166
f 1704//3167 1705//3167 1706//3167
f 1705//3167 1707//3167 1706//3167
f 1707//3168 1708//3168 1706//3168
f 1709//3169 1710//3169 1711//3169
f 1711//3170 1712//3170 1709//3170
f 1713//3171 1714//3171 1715//3171
f 1715//3172 1716//3172 1713//3172
f 1717//3173 1656//3173 1702//3173
f 1702//3174 1718//3174 1717//3174
f 1719//3175 1720//3175 1721//3175
f 1721//3176 1722//3176 1719//3176
f 1723//3177 1724//3177 1725//3177
f 1725//3178 1726//3178 1723//3178
f 1727//3179 1728//3179 1721//3179
f 1721//3180 1729//3180 1727//3180
f 1730//3181 1731//3181 1732//3181
f 1732//3181 1733//3181 1730//3181
f 1732//3182 1734//3182 1735//3182
f 1735//3183 1733//3183 1732//3183
f 1736//3184 1737//3184 1738//3184
f 1738//3185 1739//3185 1736//3185
f 1740//3186 1650//3186 1653//3186
f 1740//3187 1653//3187 1645//3187
f 1653//3188 1684//3188 1645//3188
f 1741//3189 1742//3189 1650//3189
f 1650//3190 1740//3190 1741//3190
f 1742//3191 1743//3191 1651//3191
f 1651//3192 1650//3192 1742//3192
f 1661//3193 1659//3193 1668//3193
f 1659//3194 1708//3194 1744//3194
f 1703//3195 1702//3195 1656//3195
f 1656//3196 1655//3196 1703//3196
f 1651//3197 1658//3197 1652//3197
f 1658//3198 1660//3198 1652//3198
f 1660//3199 1745//3199 1652//3199
f 1743//3200 1706//3200 1658//3200
f 1658//3201 1651//3201 1743//3201
f 1706//3202 1708//3202 1659//3202
f 1659//3203 1658//3203 1706//3203
f 1746//3204 1747//3204 1642//3204
f 1746//3204 1667//3204 1747//3204
f 1746//3205 1664//3205 1667//3205
f 1748//3206 1664//3206 1746//3206
f 1749//3207 1750//3207 1664//3207
f 1748//3208 1749//3208 1664//3208
f 1642//3209 1747//3209 1751//3209
f 1751//3210 1643//3210 1642//3210
f 1752//3211 1753//3211 1754//3211
f 1754//3212 1755//3212 1752//3212
f 1756//3213 1757//3213 1758//3213
f 1758//3214 1759//3214 1756//3214
f 1760//3215 1699//3215 1758//3215
f 1758//3216 1757//3216 1760//3216
f 1761//3217 1762//3217 1763//3217
f 1763//3218 1764//3218 1761//3218
f 1762//3219 1765//3219 1766//3219
f 1766//3220 1763//3220 1762//3220
f 1707//3221 1767//3221 1708//3221
f 1767//3222 1700//3222 1708//3222
f 1700//3222 1703//3222 1708//3222
f 1767//3223 1707//3223 1768//3223
f 1768//3224 1769//3224 1767//3224
f 1770//3225 1771//3225 1767//3225
f 1772//3226 1773//3226 1774//3226
f 1774//3227 1775//3227 1772//3227
f 1776//3228 1777//3228 1778//3228
f 1778//3229 1779//3229 1776//3229
f 1780//3230 1781//3230 1782//3230
f 1783//3231 1784//3231 1785//3231
f 1785//3232 1786//3232 1783//3232
f 1740//3233 1713//3233 1716//3233
f 1716//3234 1741//3234 1740//3234
f 1645//3235 1644//3235 1713//3235
f 1713//3236 1740//3236 1645//3236
f 1644//3237 1647//3237 1714//3237
f 1714//3238 1713//3238 1644//3238
f 1746//3239 1717//3239 1718//3239
f 1718//3240 1748//3240 1746//3240
f 1642//3241 1641//3241 1717//3241
f 1717//3242 1746//3242 1642//3242
f 1641//3243 1640//3243 1656//3243
f 1656//3244 1717//3244 1641//3244
f 1741//3245 1787//3245 1788//3245
f 1741//3246 1788//3246 1789//3246
f 1742//3245 1741//3245 1789//3245
f 1790//3247 1791//3247 1792//3247
f 1792//3248 1793//3248 1790//3248
f 1718//3249 1794//3249 1795//3249
f 1718//3250 1795//3250 1796//3250
f 1748//3251 1718//3251 1796//3251
f 1718//3252 1702//3252 1701//3252
f 1701//3253 1794//3253 1718//3253
f 1797//3254 1798//3254 1799//3254
f 1799//3255 1800//3255 1797//3255
f 1704//3256 1706//3256 1801//3256
f 1801//3256 1802//3256 1704//3256
f 1803//3257 1804//3257 1805//3257
f 1805//3258 1806//3258 1803//3258
f 1807//3259 1808//3259 1809//3259
f 1807//3260 1810//3260 1808//3260
f 1811//3261 1812//3261 1716//3261
f 1812//3261 1787//3261 1716//3261
f 1787//3262 1741//3262 1716//3262
f 1727//3263 1813//3263 1728//3263
f 1814//3264 1815//3264 1816//3264
f 1816//3264 1729//3264 1814//3264
f 1817//3265 1809//3265 1818//3265
f 1819//3266 1807//3266 1809//3266
f 1817//3266 1819//3266 1809//3266
f 1820//3267 1815//3267 1821//3267
f 1815//3268 1822//3268 1821//3268
f 1815//3269 1814//3269 1822//3269
f 1823//3270 1824//3270 1754//3270
f 1754//3271 1825//3271 1823//3271
f 1826//3272 1827//3272 1823//3272
f 1827//3272 1828//3272 1823//3272
f 1828//3273 1829//3273 1823//3273
f 1829//3274 1830//3274 1823//3274
f 1830//3275 1824//3275 1823//3275
f 1831//3276 1832//3276 1833//3276
f 1833//3277 1834//3277 1831//3277
f 1835//3278 1836//3278 1837//3278
f 1837//3279 1838//3279 1835//3279
f 1839//3280 1840//3280 1841//3280
f 1841//3281 1842//3281 1839//3281
f 1753//3282 1843//3282 1754//3282
f 1753//3283 1844//3283 1843//3283
f 1753//3284 1845//3284 1844//3284
f 1846//3285 1847//3285 1848//3285
f 1849//3286 1793//3286 1850//3286
f 1850//3287 1851//3287 1849//3287
f 1792//3288 1722//3288 1852//3288
f 1852//3289 1853//3289 1792//3289
f 1854//3290 1855//3290 1856//3290
f 1857//3290 1854//3290 1856//3290
f 1857//3291 1856//3291 1803//3291
f 1857//3291 1803//3291 1806//3291
f 1800//3292 1858//3292 1859//3292
f 1859//3293 1797//3293 1800//3293
f 1789//3294 1860//3294 1742//3294
f 1860//3295 1861//3295 1742//3295
f 1861//3296 1743//3296 1742//3296
f 1706//3297 1743//3297 1861//3297
f 1861//3298 1801//3298 1706//3298
f 1806//3299 1862//3299 1857//3299
f 1806//3300 1723//3300 1862//3300
f 1723//3301 1863//3301 1862//3301
f 1723//3302 1726//3302 1863//3302
f 1864//3303 1863//3303 1726//3303
f 1864//3304 1726//3304 1813//3304
f 1865//3305 1864//3305 1813//3305
f 1866//3306 1817//3306 1818//3306
f 1855//3306 1866//3306 1818//3306
f 1855//3307 1818//3307 1856//3307
f 1715//3308 1867//3308 1868//3308
f 1715//3308 1868//3308 1811//3308
f 1716//3309 1715//3309 1811//3309
f 1813//3310 1727//3310 1869//3310
f 1869//3311 1865//3311 1813//3311
f 1870//3312 1871//3312 1872//3312
f 1872//3313 1873//3313 1870//3313
f 1834//3314 1833//3314 1874//3314
f 1874//3315 1875//3315 1834//3315
f 1755//3316 1754//3316 1824//3316
f 1824//3317 1876//3317 1755//3317
f 1877//3318 1732//3318 1731//3318
f 1731//3319 1878//3319 1877//3319
f 1727//3320 1729//3320 1816//3320
f 1816//3321 1869//3321 1727//3321
f 1840//3322 1879//3322 1734//3322
f 1734//3323 1841//3323 1840//3323
f 1755//3324 1876//3324 1880//3324
f 1880//3325 1752//3325 1755//3325
f 1802//3326 1820//3326 1821//3326
f 1802//3327 1821//3327 1881//3327
f 1802//3328 1881//3328 1704//3328
f 1882//3329 1880//3329 1883//3329
f 1880//3330 1871//3330 1883//3330
f 1880//3331 1872//3331 1871//3331
f 1880//3332 1876//3332 1872//3332
f 1884//3333 1735//3333 1734//3333
f 1734//3334 1879//3334 1884//3334
f 1883//3335 1731//3335 1730//3335
f 1730//3336 1882//3336 1883//3336
f 1879//3337 1833//3337 1832//3337
f 1832//3338 1884//3338 1879//3338
f 1880//3339 1885//3339 1886//3339
f 1886//3340 1752//3340 1880//3340
f 1735//3341 1887//3341 1888//3341
f 1888//3342 1733//3342 1735//3342
f 1810//3343 1859//3343 1858//3343
f 1858//3344 1808//3344 1810//3344
f 1889//3345 1890//3345 1831//3345
f 1831//3346 1891//3346 1889//3346
f 1730//3347 1892//3347 1893//3347
f 1893//3348 1882//3348 1730//3348
f 1832//3349 1894//3349 1895//3349
f 1895//3350 1884//3350 1832//3350
f 1752//3351 1886//3351 1845//3351
f 1845//3352 1753//3352 1752//3352
f 1882//3353 1893//3353 1885//3353
f 1885//3354 1880//3354 1882//3354
f 1733//3355 1888//3355 1892//3355
f 1892//3356 1730//3356 1733//3356
f 1884//3357 1895//3357 1887//3357
f 1887//3358 1735//3358 1884//3358
f 1890//3359 1894//3359 1832//3359
f 1832//3360 1831//3360 1890//3360
f 1799//3361 1889//3361 1891//3361
f 1891//3362 1800//3362 1799//3362
f 1834//3363 1896//3363 1891//3363
f 1891//3364 1831//3364 1834//3364
f 1800//3365 1891//3365 1896//3365
f 1896//3366 1858//3366 1800//3366
f 1897//3367 1898//3367 1762//3367
f 1762//3368 1761//3368 1897//3368
f 1878//3369 1731//3369 1899//3369
f 1731//3370 1883//3370 1900//3370
f 1731//3371 1900//3371 1899//3371
f 1739//3372 1738//3372 1725//3372
f 1725//3373 1765//3373 1739//3373
f 1838//3374 1837//3374 1901//3374
f 1901//3375 1902//3375 1838//3375
f 1873//3376 1872//3376 1876//3376
f 1876//3376 1824//3376 1873//3376
f 1903//3377 1736//3377 1739//3377
f 1904//3378 1903//3378 1739//3378
f 1904//3379 1739//3379 1898//3379
f 1905//3380 1904//3380 1898//3380
f 1852//3381 1906//3381 1907//3381
f 1853//3382 1852//3382 1907//3382
f 1853//3383 1907//3383 1908//3383
f 1853//3384 1908//3384 1909//3384
f 1852//3385 1728//3385 1737//3385
f 1737//3386 1906//3386 1852//3386
f 1910//3387 1911//3387 1851//3387
f 1911//3388 1912//3388 1851//3388
f 1912//3389 1913//3389 1851//3389
f 1913//3388 1826//3388 1851//3388
f 1826//3390 1823//3390 1851//3390
f 1902//3391 1914//3391 1915//3391
f 1902//3392 1916//3392 1914//3392
f 1902//3393 1917//3393 1916//3393
f 1902//3394 1918//3394 1917//3394
f 1902//3395 1901//3395 1918//3395
f 1901//3396 1919//3396 1918//3396
f 1901//3396 1920//3396 1919//3396
f 1901//3396 1921//3396 1920//3396
f 1901//3396 1922//3396 1921//3396
f 1901//3397 1899//3397 1922//3397
f 1923//3398 1924//3398 1925//3398
f 1850//3399 1926//3399 1927//3399
f 1850//3400 1927//3400 1928//3400
f 1850//3400 1928//3400 1929//3400
f 1850//3401 1929//3401 1910//3401
f 1851//3402 1850//3402 1910//3402
f 1853//3403 1909//3403 1930//3403
f 1853//3404 1930//3404 1931//3404
f 1853//3405 1931//3405 1932//3405
f 1853//3406 1932//3406 1926//3406
f 1850//3407 1853//3407 1926//3407
f 1870//3313 1873//3313 1824//3313
f 1824//3408 1830//3408 1870//3408
f 1899//3409 1900//3409 1870//3409
f 1870//3410 1922//3410 1899//3410
f 1900//3411 1883//3411 1871//3411
f 1871//3412 1870//3412 1900//3412
f 1813//3413 1738//3413 1737//3413
f 1726//3414 1725//3414 1738//3414
f 1738//3415 1813//3415 1726//3415
f 1813//3416 1737//3416 1728//3416
f 1933//3417 1934//3417 1935//3417
f 1935//3418 1936//3418 1933//3418
f 1937//3419 1938//3419 1826//3419
f 1826//3420 1913//3420 1937//3420
f 1939//3421 1940//3421 1941//3421
f 1941//3422 1942//3422 1939//3422
f 1870//3423 1830//3423 1943//3423
f 1943//3423 1944//3423 1870//3423
f 1945//3424 1946//3424 1947//3424
f 1948//3425 1945//3425 1947//3425
f 1949//3426 1948//3426 1947//3426
f 1950//3427 1943//3427 1830//3427
f 1830//3428 1829//3428 1950//3428
f 1737//3429 1736//3429 1945//3429
f 1737//3430 1945//3430 1948//3430
f 1906//3431 1737//3431 1948//3431
f 1951//3432 1952//3432 1953//3432
f 1953//3433 1954//3433 1951//3433
f 1955//3434 1956//3434 1957//3434
f 1957//3435 1958//3435 1955//3435
f 1959//3436 1960//3436 1961//3436
f 1961//3437 1962//3437 1959//3437
f 1963//3438 1964//3438 1912//3438
f 1912//3439 1911//3439 1963//3439
f 1965//3440 1966//3440 1967//3440
f 1967//3441 1968//3441 1965//3441
f 1969//3442 1970//3442 1971//3442
f 1971//3443 1972//3443 1969//3443
f 1973//3444 1974//3444 1975//3444
f 1975//3445 1976//3445 1973//3445
f 1977//3446 1978//3446 1979//3446
f 1979//3447 1980//3447 1977//3447
f 1981//3448 1982//3448 1983//3448
f 1983//3449 1984//3449 1981//3449
f 1985//3450 1947//3450 1946//3450
f 1946//3451 1986//3451 1985//3451
f 1987//3452 1988//3452 1949//3452
f 1949//3453 1989//3453 1987//3453
f 1906//3454 1948//3454 1949//3454
f 1906//3455 1949//3455 1988//3455
f 1907//3456 1906//3456 1988//3456
f 1990//3457 1991//3457 1828//3457
f 1828//3458 1827//3458 1990//3458
f 1992//3459 1993//3459 1994//3459
f 1994//3460 1995//3460 1992//3460
f 1944//3461 1997//3461 1996//3461
f 1998//3462 1944//3462 1999//3462
f 2000//3463 1998//3463 1999//3463
f 1999//3464 2001//3464 2000//3464
f 2002//3465 2003//3465 2004//3465
f 2004//3466 1925//3466 2002//3466
f 2005//3467 2006//3467 1905//3467
f 1905//3468 1848//3468 2005//3468
f 1736//3469 1903//3469 2007//3469
f 1946//3470 1736//3470 2007//3470
f 1946//3471 1945//3471 1736//3471
f 2008//3472 2009//3472 2010//3472
f 2010//3473 2011//3473 2008//3473
f 2012//3474 2007//3474 1903//3474
f 1903//3475 1904//3475 2012//3475
f 2013//3476 2014//3476 2015//3476
f 2015//3477 2016//3477 2013//3477
f 2017//3478 2018//3478 1924//3478
f 1924//3479 1923//3479 2017//3479
f 2019//3480 2020//3480 2021//3480
f 2021//3481 2022//3481 2019//3481
f 2023//3482 2024//3482 1847//3482
f 1847//3483 1846//3483 2023//3483
f 1837//3484 1878//3484 1899//3484
f 1899//3485 1901//3485 1837//3485
f 1902//3486 1897//3486 1761//3486
f 1761//3487 1838//3487 1902//3487
f 1898//3488 1739//3488 1765//3488
f 1765//3489 1762//3489 1898//3489
f 1781//3490 2025//3490 1777//3490
f 1777//3491 1776//3491 1781//3491
f 1786//3492 1785//3492 1710//3492
f 1710//3493 1709//3493 1786//3493
f 1749//3494 2026//3494 2027//3494
f 2027//3495 2028//3495 1749//3495
f 2028//3496 2029//3496 2030//3496
f 2030//3497 1750//3497 2028//3497
f 2031//3498 1783//3498 1786//3498
f 1786//3499 2025//3499 2031//3499
f 2032//3500 2033//3500 2034//3500
f 2034//3501 2035//3501 2032//3501
f 2036//3502 2037//3502 2038//3502
f 2038//3503 2039//3503 2036//3503
f 1825//3504 1754//3504 1780//3504
f 2034//3505 2036//3505 2039//3505
f 2039//3506 2035//3506 2034//3506
f 2025//3507 1786//3507 1709//3507
f 1709//3508 1777//3508 2025//3508
f 1777//3509 1709//3509 1712//3509
f 1712//3510 1778//3510 1777//3510
f 2040//3511 2033//3511 2032//3511
f 1782//3512 1776//3512 1779//3512
f 1782//3513 1781//3513 1776//3513
f 2031//3514 2025//3514 1781//3514
f 1781//3515 1780//3515 2031//3515
f 2026//3516 2032//3516 2035//3516
f 2035//3517 2027//3517 2026//3517
f 2039//3518 2038//3518 2041//3518
f 2041//3519 2042//3519 2039//3519
f 2035//3520 2039//3520 2042//3520
f 2042//3521 2027//3521 2035//3521
f 1796//3522 1795//3522 2032//3522
f 2032//3523 2026//3523 1796//3523
f 1748//3524 1796//3524 2026//3524
f 2026//3525 1749//3525 1748//3525
f 1643//3526 1751//3526 2043//3526
f 2043//3527 1584//3527 1643//3527
f 2027//3528 2042//3528 2029//3528
f 2029//3529 2028//3529 2027//3529
f 2029//3530 2044//3530 2045//3530
f 2045//3531 2030//3531 2029//3531
f 1754//3532 2031//3532 1780//3532
f 1754//3533 1843//3533 1783//3533
f 1783//3534 2031//3534 1754//3534
f 1843//3535 1844//3535 1784//3535
f 1784//3536 1783//3536 1843//3536
f 1795//3537 1782//3537 2040//3537
f 2040//3538 2032//3538 1795//3538
f 1809//3539 2046//3539 1818//3539
f 1809//3540 2047//3540 2048//3540
f 1809//3540 2048//3540 2046//3540
f 1808//3541 2047//3541 1809//3541
f 1808//3542 2049//3542 2050//3542
f 1808//3542 2050//3542 2047//3542
f 1858//3543 1896//3543 2049//3543
f 2049//3544 1808//3544 1858//3544
f 1818//3545 2051//3545 1856//3545
f 1818//3545 2046//3545 2051//3545
f 2052//3546 2053//3546 2054//3546
f 2054//3547 2055//3547 2052//3547
f 2056//3548 2057//3548 2058//3548
f 2058//3549 2059//3549 2056//3549
f 2060//3550 2061//3550 2062//3550
f 2062//3551 2063//3551 2060//3551
f 2064//3552 2065//3552 1861//3552
f 1861//3553 1860//3553 2064//3553
f 2066//3554 2067//3554 2068//3554
f 2068//3555 2069//3555 2066//3555
f 2070//3556 2071//3556 2072//3556
f 2072//3557 2073//3557 2070//3557
f 2074//3558 2075//3558 2076//3558
f 2076//3559 2077//3559 2074//3559
f 2078//3560 2079//3560 2080//3560
f 2080//3561 2081//3561 2078//3561
f 2082//3562 2083//3562 1815//3562
f 1815//3563 1820//3563 2082//3563
f 2084//3564 2085//3564 2086//3564
f 2086//3565 2087//3565 2084//3565
f 2088//3566 2089//3566 1807//3566
f 1807//3567 2090//3567 2088//3567
f 1859//3568 2062//3568 2091//3568
f 2091//3569 1797//3569 1859//3569
f 2092//3570 2093//3570 2094//3570
f 2094//3571 2095//3571 2092//3571
f 2096//3572 2097//3572 2098//3572
f 2098//3573 2099//3573 2096//3573
f 2100//3574 2101//3574 2102//3574
f 2102//3575 2103//3575 2100//3575
f 1797//3576 2091//3576 2104//3576
f 2104//3577 2105//3577 1797//3577
f 2106//3578 2107//3578 2108//3578
f 2108//3579 2109//3579 2106//3579
f 2110//3580 2111//3580 2112//3580
f 2112//3581 2113//3581 2110//3581
f 2114//3582 1866//3582 1855//3582
f 1855//3583 2115//3583 2114//3583
f 2116//3584 1819//3584 1817//3584
f 1817//3585 2117//3585 2116//3585
f 2118//3586 2119//3586 2120//3586
f 2120//3587 2059//3587 2118//3587
f 2121//3588 2122//3588 2123//3588
f 2123//3589 2124//3589 2121//3589
f 2125//3590 2126//3590 2127//3590
f 2127//3591 2128//3591 2125//3591
f 2129//3592 2130//3592 1789//3592
f 1789//3593 1788//3593 2129//3593
f 2131//3594 2132//3594 2133//3594
f 2133//3595 2134//3595 2131//3595
f 2135//3596 2136//3596 2137//3596
f 2137//3597 2138//3597 2135//3597
f 2137//3598 1802//3598 2065//3598
f 1802//3599 1801//3599 2065//3599
f 1801//3600 1861//3600 2065//3600
f 2072//3601 1820//3601 1802//3601
f 2072//3602 1802//3602 2136//3602
f 1802//3602 2137//3602 2136//3602
f 2139//3603 2140//3603 2141//3603
f 2141//3604 2142//3604 2139//3604
f 2143//3605 2144//3605 2145//3605
f 2145//3606 2146//3606 2143//3606
f 2147//3607 2148//3607 2149//3607
f 2149//3608 2150//3608 2147//3608
f 2151//3609 2152//3609 2153//3609
f 2153//3610 2154//3610 2151//3610
f 2155//3611 2156//3611 2157//3611
f 2158//3612 2159//3612 2160//3612
f 2160//3613 2161//3613 2158//3613
f 2162//3614 1862//3614 1863//3614
f 1863//3615 2163//3615 2162//3615
f 2164//3616 1854//3616 1857//3616
f 1857//3617 2165//3617 2164//3617
f 2083//3618 1869//3618 1816//3618
f 1816//3619 1815//3619 2083//3619
f 2166//3620 2167//3620 2168//3620
f 2169//3621 2166//3621 2168//3621
f 2169//3622 2168//3622 2170//3622
f 2171//3623 2172//3623 2173//3623
f 2173//3624 2174//3624 2171//3624
f 2175//3625 2176//3625 2177//3625
f 2177//3626 2178//3626 2175//3626
f 2179//3627 2180//3627 2181//3627
f 2181//3628 2182//3628 2179//3628
f 2183//3629 2184//3629 2185//3629
f 2185//3630 2186//3630 2183//3630
f 2187//3631 2188//3631 2189//3631
f 2189//3632 2190//3632 2187//3632
f 2191//3633 2192//3633 2193//3633
f 2193//3634 2194//3634 2191//3634
f 2160//3635 2082//3635 2071//3635
f 2082//3636 1820//3636 2071//3636
f 1820//3637 2072//3637 2071//3637
f 1865//3638 1869//3638 2195//3638
f 2195//3639 2196//3639 1865//3639
f 2197//3640 2159//3640 2198//3640
f 2197//3641 2199//3641 2159//3641
f 2199//3642 2160//3642 2159//3642
f 2200//3643 2201//3643 2202//3643
f 2202//3644 2203//3644 2200//3644
f 2204//3645 2205//3645 2206//3645
f 2206//3646 2207//3646 2204//3646
f 2208//3647 2209//3647 2210//3647
f 2210//3648 2211//3648 2208//3648
f 1859//3649 1810//3649 2212//3649
f 2212//3649 2062//3649 1859//3649
f 2213//3650 2107//3650 2120//3650
f 2120//3651 2119//3651 2213//3651
f 2091//3652 2214//3652 2104//3652
f 2091//3653 2061//3653 2214//3653
f 2091//3654 2062//3654 2061//3654
f 2215//3655 2216//3655 2217//3655
f 2217//3656 2218//3656 2215//3656
f 2219//3657 2109//3657 2108//3657
f 2108//3658 2218//3658 2219//3658
f 2220//3659 2221//3659 2222//3659
f 2222//3660 2223//3660 2220//3660
f 2224//3661 2225//3661 2226//3661
f 2214//3662 2224//3662 2226//3662
f 2214//3663 2226//3663 2104//3663
f 2226//3664 2227//3664 2105//3664
f 2105//3665 2104//3665 2226//3665
f 2105//3666 2227//3666 1798//3666
f 1798//3667 1797//3667 2105//3667
f 2228//3668 2229//3668 2123//3668
f 2123//3669 2128//3669 2228//3669
f 2230//3670 1864//3670 1865//3670
f 1865//3671 2231//3671 2230//3671
f 2232//3672 2233//3672 2170//3672
f 2170//3673 2168//3673 2232//3673
f 2234//3674 2235//3674 2167//3674
f 2167//3675 2236//3675 2234//3675
f 2169//3676 2196//3676 2195//3676
f 2195//3677 2237//3677 2169//3677
f 2197//3678 2166//3678 2238//3678
f 2238//3679 2199//3679 2197//3679
f 2166//3680 2169//3680 2237//3680
f 2237//3681 2238//3681 2166//3681
f 2083//3682 2082//3682 2238//3682
f 2238//3683 2237//3683 2083//3683
f 2169//3684 2170//3684 2231//3684
f 2196//3685 2169//3685 2231//3685
f 2196//3686 2231//3686 1865//3686
f 2082//3687 2160//3687 2199//3687
f 2199//3688 2238//3688 2082//3688
f 2197//3689 2198//3689 2236//3689
f 2166//3690 2197//3690 2236//3690
f 2166//3691 2236//3691 2167//3691
f 1869//3692 2083//3692 2237//3692
f 2237//3693 2195//3693 1869//3693
f 2239//3694 2240//3694 2198//3694
f 2198//3695 2241//3695 2239//3695
f 2242//3696 2243//3696 2244//3696
f 2244//3697 2245//3697 2242//3697
f 2243//3698 1772//3698 1775//3698
f 1775//3699 2244//3699 2243//3699
f 1721//3700 1720//3700 1771//3700
f 1771//3701 1770//3701 1721//3701
f 1881//3702 1774//3702 1705//3702
f 1705//3703 1704//3703 1881//3703
f 1821//3704 1822//3704 1881//3704
f 1822//3705 1775//3705 1881//3705
f 1775//3706 1774//3706 1881//3706
f 1814//3707 1729//3707 2245//3707
f 2245//3708 2244//3708 1814//3708
f 1822//3709 1814//3709 2244//3709
f 2244//3710 1775//3710 1822//3710
f 1769//3711 1768//3711 2246//3711
f 2246//3712 2247//3712 1769//3712
f 1773//3713 2248//3713 2249//3713
f 2248//3714 2250//3714 2249//3714
f 2250//3715 1768//3715 2249//3715
f 2243//3716 2242//3716 2251//3716
f 2251//3717 2248//3717 2243//3717
f 1772//3718 2243//3718 2248//3718
f 2248//3719 1773//3719 1772//3719
f 1770//3720 2251//3720 2242//3720
f 2242//3720 2245//3720 1770//3720
f 2249//3721 1768//3721 1707//3721
f 1707//3722 1705//3722 2249//3722
f 1773//3723 2249//3723 1705//3723
f 1705//3724 1774//3724 1773//3724
f 1770//3725 1767//3725 2251//3725
f 1767//3726 2252//3726 2251//3726
f 1767//3727 1769//3727 2252//3727
f 2248//3728 2251//3728 2252//3728
f 2252//3729 2250//3729 2248//3729
f 2253//3730 2254//3730 2247//3730
f 2247//3731 2246//3731 2253//3731
f 2253//3732 2246//3732 1768//3732
f 1768//3733 2250//3733 2253//3733
f 2252//3734 1769//3734 2247//3734
f 2247//3735 2254//3735 2252//3735
f 2254//3736 2253//3736 2250//3736
f 2250//3737 2252//3737 2254//3737
f 1782//3738 1779//3738 2033//3738
f 2033//3739 2040//3739 1782//3739
f 1778//3740 1712//3740 2036//3740
f 2036//3741 2034//3741 1778//3741
f 2033//3742 1779//3742 1778//3742
f 1778//3743 2034//3743 2033//3743
f 1712//3744 1711//3744 2037//3744
f 2037//3745 2036//3745 1712//3745
f 1750//3746 1749//3746 2028//3746
f 2041//3747 2044//3747 2029//3747
f 2029//3748 2042//3748 2041//3748
f 1750//3749 1665//3749 1664//3749
f 1750//3750 2045//3750 1665//3750
f 1750//3751 2030//3751 2045//3751
f 1676//3752 2255//3752 1657//3752
f 1657//3753 1639//3753 1676//3753
f 1657//3754 1640//3754 1639//3754
f 1643//3755 1584//3755 1639//3755
f 1584//3756 2043//3756 2256//3756
f 2256//3757 1585//3757 1584//3757
f 1661//3758 1668//3758 2257//3758
f 2257//3759 1635//3759 1661//3759
f 1635//3760 2258//3760 1572//3760
f 1635//3761 2257//3761 2258//3761
f 2257//3762 2259//3762 2258//3762
f 2257//3763 2260//3763 2259//3763
f 1683//3764 2259//3764 2260//3764
f 2261//3765 1682//3765 2262//3765
f 1588//3766 1587//3766 2259//3766
f 1588//3767 2259//3767 1683//3767
f 2261//3768 1588//3768 1683//3768
f 2261//3769 1683//3769 1682//3769
f 1681//3770 2263//3770 2262//3770
f 2262//3771 1682//3771 1681//3771
f 1744//3772 1655//3772 1657//3772
f 1681//3773 1680//3773 1583//3773
f 2264//3774 1676//3774 2265//3774
f 1583//3775 1680//3775 2265//3775
f 2265//3776 1676//3776 1583//3776
f 1670//3777 2255//3777 1676//3777
f 1676//3778 2264//3778 1670//3778
f 1681//3779 1583//3779 1582//3779
f 1582//3780 2263//3780 1681//3780
f 1669//3781 2266//3781 2255//3781
f 2255//3782 1670//3782 1669//3782
f 2266//3783 1669//3783 1659//3783
f 1659//3784 1744//3784 2266//3784
f 1670//3785 2264//3785 2257//3785
f 2257//3786 1668//3786 1670//3786
f 2255//3787 2266//3787 1744//3787
f 1744//3788 1657//3788 2255//3788
f 2264//3789 2265//3789 2260//3789
f 2260//3790 2257//3790 2264//3790
f 2263//3791 1582//3791 1585//3791
f 1585//3792 2262//3792 2263//3792
f 2265//3793 1680//3793 1683//3793
f 1683//3794 2260//3794 2265//3794
f 1708//3795 1703//3795 1655//3795
f 1655//3796 1744//3796 1708//3796
f 1593//3797 1592//3797 1570//3797
f 1570//3798 1569//3798 1593//3798
f 1570//3799 1592//3799 2256//3799
f 1591//3800 1590//3800 2262//3800
f 2262//3801 1585//3801 1591//3801
f 1590//3802 1581//3802 2261//3802
f 2261//3803 2262//3803 1590//3803
f 1567//3804 2043//3804 1751//3804
f 1751//3805 1637//3805 1567//3805
f 2043//3806 1567//3806 1570//3806
f 1570//3807 2256//3807 2043//3807
f 1747//3808 1667//3808 1637//3808
f 1637//3809 1751//3809 1747//3809
f 1592//3810 1591//3810 1585//3810
f 1585//3811 2256//3811 1592//3811
f 2267//3812 1577//3812 1580//3812
f 1580//3812 2268//3812 2267//3812
f 2268//3813 1580//3813 3251//3813
f 1577//3814 2267//3814 2269//3814
f 2269//3815 2270//3815 1577//3815
f 1620//3816 1579//3816 1577//3816
f 1577//3816 2270//3816 1620//3816
f 1581//3817 1576//3817 1588//3817
f 1588//3818 2261//3818 1581//3818
f 1575//3819 1632//3819 1588//3819
f 1588//3820 1576//3820 1575//3820
f 2271//3821 1574//3821 1625//3821
f 1625//3822 2272//3822 2271//3822
f 2273//3823 1636//3823 1571//3823
f 1571//3824 2274//3824 2273//3824
f 1745//3825 1660//3825 1662//3825
f 1652//3826 1745//3826 1685//3826
f 1745//3827 1662//3827 1685//3827
f 1662//3828 1663//3828 1685//3828
f 1663//3829 1675//3829 1685//3829
f 1675//3830 1686//3830 1685//3830
f 1675//3831 1634//3831 1686//3831
f 1634//3832 2275//3832 1686//3832
f 2276//3833 1598//3833 1605//3833
f 1605//3834 2277//3834 2276//3834
f 2278//3835 2279//3835 2280//3835
f 2280//3836 2281//3836 2278//3836
f 2280//3837 2279//3837 2282//3837
f 2283//3838 1628//3838 1595//3838
f 1595//3839 2284//3839 2283//3839
f 1573//3840 1586//3840 1589//3840
f 1589//3841 1626//3841 1573//3841
f 1572//3842 2258//3842 1586//3842
f 1586//3843 1573//3843 1572//3843
f 2258//3844 2259//3844 1587//3844
f 1587//3845 1586//3845 2258//3845
f 2285//3846 1607//3846 1610//3846
f 1610//3847 2286//3847 2285//3847
f 1611//3848 1603//3848 1607//3848
f 1607//3849 2285//3849 1611//3849
f 1603//3850 1606//3850 1608//3850
f 1608//3851 1607//3851 1603//3851
f 1612//3852 1615//3852 1617//3852
f 1617//3853 2287//3853 1612//3853
f 1611//3854 2285//3854 1615//3854
f 1615//3855 1612//3855 1611//3855
f 2285//3856 2286//3856 1616//3856
f 1616//3857 1615//3857 2285//3857
f 1597//3858 1622//3858 1608//3858
f 1608//3859 1606//3859 1597//3859
f 1596//3860 1633//3860 1622//3860
f 1622//3861 1597//3861 1596//3861
f 1633//3862 1575//3862 1623//3862
f 1623//3863 1622//3863 1633//3863
f 1630//3864 1624//3864 1578//3864
f 1578//3865 1579//3865 1630//3865
f 2286//3866 1610//3866 1624//3866
f 1624//3867 1630//3867 2286//3867
f 1610//3868 1609//3868 1623//3868
f 1623//3869 1624//3869 1610//3869
f 1629//3870 1619//3870 2288//3870
f 2288//3870 2289//3870 1629//3870
f 2288//3871 1619//3871 1621//3871
f 2290//3872 1616//3872 1629//3872
f 1629//3873 2289//3873 2290//3873
f 1616//3874 2286//3874 1630//3874
f 1630//3875 1629//3875 1616//3875
f 1627//3876 1631//3876 1633//3876
f 1633//3877 1596//3877 1627//3877
f 1626//3878 1589//3878 1631//3878
f 1631//3879 1627//3879 1626//3879
f 1589//3880 1588//3880 1632//3880
f 1632//3881 1631//3881 1589//3881
f 2279//3882 2287//3882 2291//3882
f 2291//3883 2282//3883 2279//3883
f 2291//3882 2287//3882 2292//3882
f 1600//3884 1599//3884 2293//3884
f 2293//3884 2294//3884 1600//3884
f 3588//3885 2295//3885 2296//3885
f 2297//3886 1601//3886 2295//3886
f 2295//3887 3588//3887 2297//3887
f 2298//3886 1601//3886 2297//3886
f 1601//3888 1600//3888 2295//3888
f 2299//3889 2300//3889 2301//3889
f 2301//3890 2302//3890 2299//3890
f 1679//3891 1674//3891 2300//3891
f 2300//3892 2299//3892 1679//3892
f 1674//3893 1673//3893 2303//3893
f 2303//3894 2300//3894 1674//3894
f 1677//3895 1671//3895 1674//3895
f 1674//3896 1679//3896 1677//3896
f 1649//3897 1687//3897 1671//3897
f 1671//3898 1677//3898 1649//3898
f 1687//3899 1686//3899 1672//3899
f 1672//3900 1671//3900 1687//3900
f 2303//3901 2271//3901 2272//3901
f 2272//3902 2304//3902 2303//3902
f 1673//3903 2274//3903 2271//3903
f 2271//3904 2303//3904 1673//3904
f 2274//3905 1571//3905 1574//3905
f 1574//3906 2271//3906 2274//3906
f 1672//3907 2273//3907 2274//3907
f 2274//3908 1673//3908 1672//3908
f 1686//3909 2275//3909 2273//3909
f 2273//3910 1672//3910 1686//3910
f 2275//3911 1634//3911 1636//3911
f 1636//3912 2273//3912 2275//3912
f 2305//3913 2276//3913 2277//3913
f 2277//3914 2306//3914 2305//3914
f 2284//3915 1595//3915 1598//3915
f 1598//3916 2276//3916 2284//3916
f 1604//3917 2307//3917 2277//3917
f 2277//3918 1605//3918 1604//3918
f 1614//3919 2308//3919 2307//3919
f 2307//3920 1604//3920 1614//3920
f 2295//3921 2309//3921 2310//3921
f 2310//3921 2296//3921 2295//3921
f 2311//3922 2312//3922 2313//3922
f 2313//3923 2314//3923 2311//3923
f 2315//3924 2316//3924 2317//3924
f 2317//3925 2318//3925 2315//3925
f 2304//3926 2272//3926 2283//3926
f 2283//3927 2316//3927 2304//3927
f 2272//3928 1625//3928 1628//3928
f 1628//3929 2283//3929 2272//3929
f 1613//3930 2279//3930 2278//3930
f 2278//3931 2319//3931 1613//3931
f 2320//3932 2293//3932 1599//3932
f 1599//3932 2321//3932 2320//3932
f 2322//3933 2311//3933 2314//3933
f 2314//3934 2323//3934 2322//3934
f 2287//3935 1617//3935 2324//3935
f 2324//3936 2292//3936 2287//3936
f 2324//3937 1617//3937 3692//3937
f 1617//3938 2290//3938 3692//3938
f 1614//3939 1613//3939 2319//3939
f 2319//3940 2308//3940 1614//3940
f 1600//3941 2294//3941 2309//3941
f 2309//3941 2295//3941 1600//3941
f 2318//3942 2317//3942 2305//3942
f 2305//3943 2312//3943 2318//3943
f 2325//3944 1599//3944 1601//3944
f 1601//3944 2298//3944 2325//3944
f 2321//3945 1599//3945 2325//3945
f 2316//3946 2283//3946 2284//3946
f 2284//3947 2317//3947 2316//3947
f 2302//3948 2326//3948 1678//3948
f 2302//3949 1678//3949 2299//3949
f 1678//3950 1679//3950 2299//3950
f 2300//3951 2303//3951 2304//3951
f 2304//3952 2301//3952 2300//3952
f 2327//3953 2326//3953 2302//3953
f 2327//3954 2302//3954 2328//3954
f 2327//3955 2328//3955 2329//3955
f 2327//3956 2329//3956 2330//3956
f 2308//3957 2314//3957 2313//3957
f 2313//3958 2307//3958 2308//3958
f 2331//3959 2301//3959 2304//3959
f 2304//3960 2332//3960 2331//3960
f 2309//3961 2333//3961 2334//3961
f 2334//3962 2335//3962 2309//3962
f 2317//3963 2284//3963 2276//3963
f 2276//3964 2305//3964 2317//3964
f 2319//3965 2278//3965 2336//3965
f 2336//3966 2323//3966 2319//3966
f 2312//3967 2305//3967 2306//3967
f 2306//3968 2313//3968 2312//3968
f 2334//3969 2318//3969 2312//3969
f 2312//3970 2311//3970 2334//3970
f 2337//3971 2331//3971 2332//3971
f 2332//3972 2338//3972 2337//3972
f 2329//3973 2328//3973 2331//3973
f 2331//3974 2337//3974 2329//3974
f 2328//3975 2302//3975 2301//3975
f 2301//3976 2331//3976 2328//3976
f 2322//3977 2323//3977 2339//3977
f 2339//3978 2323//3978 2336//3978
f 2335//3979 2322//3979 2340//3979
f 2340//3979 2341//3979 2335//3979
f 2340//3980 2322//3980 2339//3980
f 2335//3981 2334//3981 2311//3981
f 2311//3982 2322//3982 2335//3982
f 2333//3983 2315//3983 2318//3983
f 2318//3984 2334//3984 2333//3984
f 2338//3985 2332//3985 2315//3985
f 2315//3986 2333//3986 2338//3986
f 2332//3987 2304//3987 2316//3987
f 2316//3988 2315//3988 2332//3988
f 2339//3989 2336//3989 2342//3989
f 2308//3990 2319//3990 2323//3990
f 2323//3991 2314//3991 2308//3991
f 2307//3992 2313//3992 2306//3992
f 2306//3993 2277//3993 2307//3993
f 2336//3994 2281//3994 2343//3994
f 2343//3995 2342//3995 2336//3995
f 2336//3994 2278//3994 2281//3994
f 2327//3996 2330//3996 2344//3996
f 2344//3997 3724//3997 2327//3997
f 2330//3998 2329//3998 2345//3998
f 2345//3999 2344//3999 2330//3999
f 2346//4000 2337//4000 2293//4000
f 2293//4000 2320//4000 2346//4000
f 2329//4001 2337//4001 2347//4001
f 2347//4002 2345//4002 2329//4002
f 2337//4001 2346//4001 2347//4001
f 2294//4003 2338//4003 2333//4003
f 2333//4004 2309//4004 2294//4004
f 2338//3090 2294//3090 2293//3090
f 2293//3090 2337//3090 2338//3090
f 2309//4005 2335//4005 2341//4005
f 2341//4005 2310//4005 2309//4005
f 1574//4006 1573//4006 1626//4006
f 1626//4007 1625//4007 1574//4007
f 1628//4008 1627//4008 1596//4008
f 1596//4009 1595//4009 1628//4009
f 1598//4010 1597//4010 1606//4010
f 1606//4011 1605//4011 1598//4011
f 1611//4012 1614//4012 1604//4012
f 1604//4013 1603//4013 1611//4013
f 1612//4014 2287//4014 2279//4014
f 2279//4015 1613//4015 1612//4015
f 2093//4016 2052//4016 2055//4016
f 2055//4017 2094//4017 2093//4017
f 2098//4018 2103//4018 2052//4018
f 2052//4019 2093//4019 2098//4019
f 2103//4020 2102//4020 2053//4020
f 2053//4021 2052//4021 2103//4021
f 2348//4022 2056//4022 2059//4022
f 2059//4023 2120//4023 2348//4023
f 2349//4024 2113//4024 2056//4024
f 2056//4025 2348//4025 2349//4025
f 2113//4026 2112//4026 2057//4026
f 2057//4027 2056//4027 2113//4027
f 2350//4028 2060//4028 2063//4028
f 2063//4029 2349//4029 2350//4029
f 2222//4030 2221//4030 2060//4030
f 2060//4031 2350//4031 2222//4031
f 2221//4032 2214//4032 2061//4032
f 2061//4033 2060//4033 2221//4033
f 2130//4034 2064//4034 1860//4034
f 1860//4035 1789//4035 2130//4035
f 2133//4036 2138//4036 2064//4036
f 2064//4037 2130//4037 2133//4037
f 2138//4038 2137//4038 2065//4038
f 2065//4039 2064//4039 2138//4039
f 2140//4040 2066//4040 2069//4040
f 2069//4041 2141//4041 2140//4041
f 2145//4042 2150//4042 2066//4042
f 2066//4043 2140//4043 2145//4043
f 2150//4044 2149//4044 2067//4044
f 2067//4045 2066//4045 2150//4045
f 2152//4046 2070//4046 2073//4046
f 2073//4047 2153//4047 2152//4047
f 2157//4048 2161//4048 2070//4048
f 2070//4049 2152//4049 2157//4049
f 2161//4050 2160//4050 2071//4050
f 2071//4051 2070//4051 2161//4051
f 2172//4052 2074//4052 2077//4052
f 2077//4053 2173//4053 2172//4053
f 2177//4054 2182//4054 2074//4054
f 2074//4055 2172//4055 2177//4055
f 2182//4056 2181//4056 2075//4056
f 2075//4057 2074//4057 2182//4057
f 2184//4058 2078//4058 2081//4058
f 2081//4059 2185//4059 2184//4059
f 2189//4060 2194//4060 2078//4060
f 2078//4061 2184//4061 2189//4061
f 2194//4062 2193//4062 2079//4062
f 2079//4063 2078//4063 2194//4063
f 2201//4064 2084//4064 2087//4064
f 2087//4065 2202//4065 2201//4065
f 2206//4066 2211//4066 2084//4066
f 2084//4067 2201//4067 2206//4067
f 2211//4068 2210//4068 2085//4068
f 2085//4069 2084//4069 2211//4069
f 2351//4070 2088//4070 2090//4070
f 2090//4071 2352//4071 2351//4071
f 2062//4072 2212//4072 2088//4072
f 2088//4073 2351//4073 2062//4073
f 2212//4074 1810//4074 2089//4074
f 2089//4070 2088//4070 2212//4070
f 2057//4075 2092//4075 2095//4075
f 2095//4076 2058//4076 2057//4076
f 2112//4077 2099//4077 2092//4077
f 2092//4078 2057//4078 2112//4078
f 2099//4079 2098//4079 2093//4079
f 2093//4080 2092//4080 2099//4080
f 2111//4081 2096//4081 2099//4081
f 2099//4082 2112//4082 2111//4082
f 2352//4083 2353//4083 2096//4083
f 2096//4084 2111//4084 2352//4084
f 2353//4085 2354//4085 2097//4085
f 2097//4086 2096//4086 2353//4086
f 2097//4087 2100//4087 2103//4087
f 2103//4088 2098//4088 2097//4088
f 2354//4089 2355//4089 2100//4089
f 2100//4090 2097//4090 2354//4090
f 2355//4091 2356//4091 2101//4091
f 2101//4092 2100//4092 2355//4092
f 2350//4093 2106//4093 2109//4093
f 2109//4094 2222//4094 2350//4094
f 2349//4095 2348//4095 2106//4095
f 2106//4096 2350//4096 2349//4096
f 2348//4097 2120//4097 2107//4097
f 2107//4098 2106//4098 2348//4098
f 2063//4099 2110//4099 2113//4099
f 2113//4100 2349//4100 2063//4100
f 2062//4101 2351//4101 2110//4101
f 2110//4102 2063//4102 2062//4102
f 2351//4103 2352//4103 2111//4103
f 2111//4104 2110//4104 2351//4104
f 2355//4105 2114//4105 2115//4105
f 2115//4106 2356//4106 2355//4106
f 2354//4107 2117//4107 2114//4107
f 2114//4108 2355//4108 2354//4108
f 2117//4109 1817//4109 1866//4109
f 1866//4110 2114//4110 2117//4110
f 2353//4111 2116//4111 2117//4111
f 2117//4112 2354//4112 2353//4112
f 2352//4113 2090//4113 2116//4113
f 2116//4114 2353//4114 2352//4114
f 2090//4115 1807//4115 1819//4115
f 1819//4116 2116//4116 2090//4116
f 2357//4117 2118//4117 2059//4117
f 2059//4118 2058//4118 2357//4118
f 2358//4119 2124//4119 2118//4119
f 2118//4120 2357//4120 2358//4120
f 2124//4121 2123//4121 2119//4121
f 2119//4122 2118//4122 2124//4122
f 2359//4123 2121//4123 2124//4123
f 2124//4124 2358//4124 2359//4124
f 2360//4125 2142//4125 2121//4125
f 2121//4126 2359//4126 2360//4126
f 2142//4127 2141//4127 2122//4127
f 2122//4128 2121//4128 2142//4128
f 2122//4129 2125//4129 2128//4129
f 2128//4130 2123//4130 2122//4130
f 2141//4131 2069//4131 2125//4131
f 2125//4132 2122//4132 2141//4132
f 2069//4133 2068//4133 2126//4133
f 2126//4129 2125//4129 2069//4129
f 2361//4134 2129//4134 1788//4134
f 1788//4135 1787//4135 2361//4135
f 2362//4136 2134//4136 2129//4136
f 2129//4137 2361//4137 2362//4137
f 2134//4138 2133//4138 2130//4138
f 2130//4139 2129//4139 2134//4139
f 2363//4140 2131//4140 2134//4140
f 2134//4141 2362//4141 2363//4141
f 2364//4142 2154//4142 2131//4142
f 2131//4143 2363//4143 2364//4143
f 2154//4144 2153//4144 2132//4144
f 2132//4145 2131//4145 2154//4145
f 2132//4146 2135//4146 2138//4146
f 2138//4147 2133//4147 2132//4147
f 2153//4148 2073//4148 2135//4148
f 2135//4149 2132//4149 2153//4149
f 2073//4150 2072//4150 2136//4150
f 2136//4151 2135//4151 2073//4151
f 2365//4152 2139//4152 2142//4152
f 2142//4153 2360//4153 2365//4153
f 2366//4154 2146//4154 2139//4154
f 2139//4155 2365//4155 2366//4155
f 2146//4156 2145//4156 2140//4156
f 2140//4157 2139//4157 2146//4157
f 2367//4158 2143//4158 2146//4158
f 2146//4159 2366//4159 2367//4159
f 2364//4160 2174//4160 2143//4160
f 2143//4161 2367//4161 2364//4161
f 2174//4162 2173//4162 2144//4162
f 2144//4163 2143//4163 2174//4163
f 2144//4164 2147//4164 2150//4164
f 2150//4165 2145//4165 2144//4165
f 2173//4166 2077//4166 2147//4166
f 2147//4167 2144//4167 2173//4167
f 2077//4168 2076//4168 2148//4168
f 2148//4169 2147//4169 2077//4169
f 2367//4170 2151//4170 2154//4170
f 2154//4171 2364//4171 2367//4171
f 2366//4172 2155//4172 2151//4172
f 2151//4173 2367//4173 2366//4173
f 2155//4174 2157//4174 2152//4174
f 2152//4175 2151//4175 2155//4175
f 2156//4176 2158//4176 2161//4176
f 2161//4177 2157//4177 2156//4177
f 2368//4178 2241//4178 2158//4178
f 2158//4179 2156//4179 2368//4179
f 2241//4180 2198//4180 2159//4180
f 2159//4181 2158//4181 2241//4181
f 2085//4182 2162//4182 2163//4182
f 2163//4183 2086//4183 2085//4183
f 2210//4184 2165//4184 2162//4184
f 2162//4185 2085//4185 2210//4185
f 2165//4186 1857//4186 1862//4186
f 1862//4187 2162//4187 2165//4187
f 2209//4188 2164//4188 2165//4188
f 2165//4189 2210//4189 2209//4189
f 2356//4190 2115//4190 2164//4190
f 2164//4191 2209//4191 2356//4191
f 2115//4192 1855//4192 1854//4192
f 1854//4193 2164//4193 2115//4193
f 2363//4194 2171//4194 2174//4194
f 2174//4195 2364//4195 2363//4195
f 2362//4196 2178//4196 2171//4196
f 2171//4197 2363//4197 2362//4197
f 2178//4198 2177//4198 2172//4198
f 2172//4199 2171//4199 2178//4199
f 2361//4200 2175//4200 2178//4200
f 2178//4201 2362//4201 2361//4201
f 1787//4202 1812//4202 2175//4202
f 2175//4203 2361//4203 1787//4203
f 1812//4204 1811//4204 2176//4204
f 2176//4205 2175//4205 1812//4205
f 2176//4206 2179//4206 2182//4206
f 2182//4207 2177//4207 2176//4207
f 1811//4208 1868//4208 2179//4208
f 2179//4209 2176//4209 1811//4209
f 1868//4210 1867//4210 2180//4210
f 2180//4211 2179//4211 1868//4211
f 2359//4212 2183//4212 2186//4212
f 2186//4213 2360//4213 2359//4213
f 2358//4214 2190//4214 2183//4214
f 2183//4215 2359//4215 2358//4215
f 2190//4216 2189//4216 2184//4216
f 2184//4217 2183//4217 2190//4217
f 2357//4218 2187//4218 2190//4218
f 2190//4219 2358//4219 2357//4219
f 2058//4220 2095//4220 2187//4220
f 2187//4221 2357//4221 2058//4221
f 2095//4222 2094//4222 2188//4222
f 2188//4223 2187//4223 2095//4223
f 2188//4224 2191//4224 2194//4224
f 2194//4225 2189//4225 2188//4225
f 2094//4226 2055//4226 2191//4226
f 2191//4227 2188//4227 2094//4227
f 2055//4228 2054//4228 2192//4228
f 2192//4229 2191//4229 2055//4229
f 2079//4230 2200//4230 2203//4230
f 2203//4231 2080//4231 2079//4231
f 2193//4232 2207//4232 2200//4232
f 2200//4233 2079//4233 2193//4233
f 2207//4234 2206//4234 2201//4234
f 2201//4235 2200//4235 2207//4235
f 2192//4236 2204//4236 2207//4236
f 2207//4237 2193//4237 2192//4237
f 2054//4238 2053//4238 2204//4238
f 2204//4239 2192//4239 2054//4239
f 2053//4240 2102//4240 2205//4240
f 2205//4241 2204//4241 2053//4241
f 2205//4242 2208//4242 2211//4242
f 2211//4243 2206//4243 2205//4243
f 2102//4244 2101//4244 2208//4244
f 2208//4245 2205//4245 2102//4245
f 2101//4246 2356//4246 2209//4246
f 2209//4247 2208//4247 2101//4247
f 2229//4248 2213//4248 2119//4248
f 2119//4249 2123//4249 2229//4249
f 2369//4250 2370//4250 2213//4250
f 2213//4251 2229//4251 2369//4251
f 2370//4252 2108//4252 2107//4252
f 2107//4253 2213//4253 2370//4253
f 2370//4254 2215//4254 2218//4254
f 2218//4255 2108//4255 2370//4255
f 2369//4256 2371//4256 2215//4256
f 2215//4257 2370//4257 2369//4257
f 2371//4258 2372//4258 2216//4258
f 2216//4259 2215//4259 2371//4259
f 2373//4260 2219//4260 2218//4260
f 2218//4261 2217//4261 2373//4261
f 2374//4262 2223//4262 2219//4262
f 2219//4263 2373//4263 2374//4263
f 2223//4264 2222//4264 2109//4264
f 2109//4265 2219//4265 2223//4265
f 2375//4266 2220//4266 2223//4266
f 2223//4267 2374//4267 2375//4267
f 2225//4268 2224//4268 2220//4268
f 2220//4269 2375//4269 2225//4269
f 2224//4270 2214//4270 2221//4270
f 2221//4271 2220//4271 2224//4271
f 2376//4272 2228//4272 2128//4272
f 2128//4273 2127//4273 2376//4273
f 2372//4274 2371//4274 2228//4274
f 2228//4275 2376//4275 2372//4275
f 2371//4276 2369//4276 2229//4276
f 2229//4277 2228//4277 2371//4277
f 2233//4278 2230//4278 2231//4278
f 2231//4279 2170//4279 2233//4279
f 2086//4280 2163//4280 2230//4280
f 2230//4281 2233//4281 2086//4281
f 2163//4282 1863//4282 1864//4282
f 1864//4283 2230//4283 2163//4283
f 2235//4284 2232//4284 2168//4284
f 2168//4285 2167//4285 2235//4285
f 2202//4286 2087//4286 2232//4286
f 2232//4287 2235//4287 2202//4287
f 2087//4288 2086//4288 2233//4288
f 2233//4289 2232//4289 2087//4289
f 2240//4290 2234//4290 2236//4290
f 2236//4291 2198//4291 2240//4291
f 2080//4292 2203//4292 2234//4292
f 2234//4293 2240//4293 2080//4293
f 2203//4294 2202//4294 2235//4294
f 2235//4295 2234//4295 2203//4295
f 2377//4296 2239//4296 2241//4296
f 2241//4297 2368//4297 2377//4297
f 2185//4298 2081//4298 2239//4298
f 2239//4299 2377//4299 2185//4299
f 2081//4300 2080//4300 2240//4300
f 2240//4301 2239//4301 2081//4301
f 2186//4302 2185//4302 2377//4302
f 2377//4303 2378//4303 2186//4303
f 2378//4304 2377//4304 2368//4304
f 2368//4305 2379//4305 2378//4305
f 2379//4306 2368//4306 2156//4306
f 2156//4307 2155//4307 2379//4307
f 2365//4308 2378//4308 2379//4308
f 2379//4309 2366//4309 2365//4309
f 2366//4310 2379//4310 2155//4310
f 2360//4311 2186//4311 2378//4311
f 2378//4312 2365//4312 2360//4312
f 1848//4313 1905//4313 1898//4313
f 1846//4314 1848//4314 1898//4314
f 2004//4315 1846//4315 1898//4315
f 2004//4316 1898//4316 1897//4316
f 1925//4317 2004//4317 1897//4317
f 1923//4318 1925//4318 1897//4318
f 1915//4319 1923//4319 1897//4319
f 1915//4320 1897//4320 1902//4320
f 1952//4321 1933//4321 1936//4321
f 1936//4322 1953//4322 1952//4322
f 1957//4323 1962//4323 1933//4323
f 1933//4324 1952//4324 1957//4324
f 1962//4325 1961//4325 1934//4325
f 1934//4326 1933//4326 1962//4326
f 1964//4327 1937//4327 1913//4327
f 1913//4328 1912//4328 1964//4328
f 1967//4329 1972//4329 1937//4329
f 1937//4330 1964//4330 1967//4330
f 1972//4331 1971//4331 1938//4331
f 1938//4332 1937//4332 1972//4332
f 1974//4333 1939//4333 1942//4333
f 1942//4334 1975//4334 1974//4334
f 1979//4335 1984//4335 1939//4335
f 1939//4336 1974//4336 1979//4336
f 1984//4337 1983//4337 1940//4337
f 1940//4338 1939//4338 1984//4338
f 1991//4339 1950//4339 1829//4339
f 1829//4340 1828//4340 1991//4340
f 1994//4341 1997//4341 1950//4341
f 1950//4342 1991//4342 1994//4342
f 1997//4343 1944//4343 1943//4343
f 1943//4339 1950//4339 1997//4339
f 2380//4344 1951//4344 1954//4344
f 1954//4345 2381//4345 2380//4345
f 2382//4346 1958//4346 1951//4346
f 1951//4347 2380//4347 2382//4347
f 1958//4348 1957//4348 1952//4348
f 1952//4349 1951//4349 1958//4349
f 2383//4350 1955//4350 1958//4350
f 1958//4351 2382//4351 2383//4351
f 1910//4352 1929//4352 1955//4352
f 1955//4353 2383//4353 1910//4353
f 1929//4354 1928//4354 1956//4354
f 1956//4355 1955//4355 1929//4355
f 1956//4356 1959//4356 1962//4356
f 1962//4357 1957//4357 1956//4357
f 1928//4358 1927//4358 1959//4358
f 1959//4359 1956//4359 1928//4359
f 1927//4360 1926//4360 1960//4360
f 1960//4361 1959//4361 1927//4361
f 2383//4362 1963//4362 1911//4362
f 1911//3439 1910//3439 2383//3439
f 2382//4363 1968//4363 1963//4363
f 1963//4364 2383//4364 2382//4364
f 1968//4365 1967//4365 1964//4365
f 1964//4366 1963//4366 1968//4366
f 2380//4367 1965//4367 1968//4367
f 1968//4368 2382//4368 2380//4368
f 2381//4369 2022//4369 1965//4369
f 1965//4370 2380//4370 2381//4370
f 2022//4371 2021//4371 1966//4371
f 1966//4372 1965//4372 2022//4372
f 1966//4373 1969//4373 1972//4373
f 1972//4374 1967//4374 1966//4374
f 2021//4375 2011//4375 1969//4375
f 1969//4376 1966//4376 2021//4376
f 2011//4377 2010//4377 1970//4377
f 1970//4378 1969//4378 2011//4378
f 1934//4379 1973//4379 1976//4379
f 1976//4380 1935//4380 1934//4380
f 1961//4381 1980//4381 1973//4381
f 1973//4382 1934//4382 1961//4382
f 1980//4383 1979//4383 1974//4383
f 1974//4384 1973//4384 1980//4384
f 1960//4385 1977//4385 1980//4385
f 1980//4386 1961//4386 1960//4386
f 1926//4387 1932//4387 1977//4387
f 1977//4388 1960//4388 1926//4388
f 1932//4389 1931//4389 1978//4389
f 1978//4390 1977//4390 1932//4390
f 1978//4391 1981//4391 1984//4391
f 1984//4392 1979//4392 1978//4392
f 1931//4393 1930//4393 1981//4393
f 1981//4394 1978//4394 1931//4394
f 1930//4395 1909//4395 1982//4395
f 1982//4396 1981//4396 1930//4396
f 1940//4397 1985//4397 1986//4397
f 1986//4398 1941//4398 1940//4398
f 1983//4399 1989//4399 1985//4399
f 1985//4400 1940//4400 1983//4400
f 1989//4401 1949//4401 1947//4401
f 1947//4402 1985//4402 1989//4402
f 1982//4403 1987//4403 1989//4403
f 1989//4404 1983//4404 1982//4404
f 1909//4405 1908//4405 1987//4405
f 1987//4406 1982//4406 1909//4406
f 1908//4407 1907//4407 1988//4407
f 1988//4408 1987//4408 1908//4408
f 1938//4409 1990//4409 1827//4409
f 1827//4410 1826//4410 1938//4410
f 1971//4411 1995//4411 1990//4411
f 1990//4412 1938//4412 1971//4412
f 1995//4413 1994//4413 1991//4413
f 1991//4414 1990//4414 1995//4414
f 1970//4415 1992//4415 1995//4415
f 1995//4416 1971//4416 1970//4416
f 2010//4417 2016//4417 1992//4417
f 1992//4418 1970//4418 2010//4418
f 2016//4419 2015//4419 1993//4419
f 1993//4420 1992//4420 2016//4420
f 1993//4421 1996//4421 1997//4421
f 1997//4422 1994//4422 1993//4422
f 2015//4423 2001//4423 1996//4423
f 1996//4424 1993//4424 2015//4424
f 2001//4425 1999//4425 1944//4425
f 1944//3461 1996//3461 2001//3461
f 1922//4426 1870//4426 1998//4426
f 1870//4427 1944//4427 1998//4427
f 2014//4428 2000//4428 2001//4428
f 2001//4429 2015//4429 2014//4429
f 1920//4430 1921//4430 2000//4430
f 2000//4431 2014//4431 1920//4431
f 1921//4432 1922//4432 1998//4432
f 1998//4428 2000//4428 1921//4428
f 2018//4433 2002//4433 1925//4433
f 1925//4434 1924//4434 2018//4434
f 1953//4435 1936//4435 2002//4435
f 2002//4436 2018//4436 1953//4436
f 1936//4437 1935//4437 2003//4437
f 2003//4438 2002//4438 1936//4438
f 2024//4439 2005//4439 1848//4439
f 1848//4440 1847//4440 2024//4440
f 1975//4441 1942//4441 2005//4441
f 2005//4442 2024//4442 1975//4442
f 1942//4443 1941//4443 2006//4443
f 2006//4444 2005//4444 1942//4444
f 2020//4445 2008//4445 2011//4445
f 2011//4446 2021//4446 2020//4446
f 1916//4447 1917//4447 2008//4447
f 2008//4448 2020//4448 1916//4448
f 1917//4449 1918//4449 2009//4449
f 2009//4450 2008//4450 1917//4450
f 2006//4451 2012//4451 1904//4451
f 1904//4452 1905//4452 2006//4452
f 1941//4453 1986//4453 2012//4453
f 2012//4454 2006//4454 1941//4454
f 1986//4455 1946//4455 2007//4455
f 2007//4456 2012//4456 1986//4456
f 2009//4457 2013//4457 2016//4457
f 2016//4458 2010//4458 2009//4458
f 1918//4459 1919//4459 2013//4459
f 2013//4460 2009//4460 1918//4460
f 1919//4461 1920//4461 2014//4461
f 2014//4462 2013//4462 1919//4462
f 2384//4463 2017//4463 1923//4463
f 1923//4464 1915//4464 2384//4464
f 2381//4465 1954//4465 2017//4465
f 2017//4466 2384//4466 2381//4466
f 1954//4467 1953//4467 2018//4467
f 2018//4468 2017//4468 1954//4468
f 2384//4469 2019//4469 2022//4469
f 2022//4470 2381//4470 2384//4470
f 1915//4471 1914//4471 2019//4471
f 2019//4472 2384//4472 1915//4472
f 1914//4473 1916//4473 2020//4473
f 2020//4474 2019//4474 1914//4474
f 2003//4475 2023//4475 1846//4475
f 1846//4476 2004//4476 2003//4476
f 1935//4477 1976//4477 2023//4477
f 2023//4478 2003//4478 1935//4478
f 1976//4479 1975//4479 2024//4479
f 2024//4480 2023//4480 1976//4480
f 1791//4481 1719//4481 1722//4481
f 1722//4482 1792//4482 1791//4482
f 2385//4483 2386//4483 1719//4483
f 1719//4484 1791//4484 2385//4484
f 2386//4485 1771//4485 1720//4485
f 1720//4486 1719//4486 2386//4486
f 2387//4487 1790//4487 1793//4487
f 1793//4488 1849//4488 2387//4488
f 1782//4489 2388//4489 1790//4489
f 1790//4490 2387//4490 1782//4490
f 2388//4491 2385//4491 1791//4491
f 1791//4492 1790//4492 2388//4492
f 1729//4493 1770//4493 2245//4493
f 1729//4494 1721//4494 1770//4494
f 1722//4495 1721//4495 1728//4495
f 1728//4496 1852//4496 1722//4496
f 1793//4497 1792//4497 1853//4497
f 1853//4498 1850//4498 1793//4498
f 1851//4499 1823//4499 1825//4499
f 1825//4500 1849//4500 1851//4500
f 2387//4501 1780//4501 1782//4501
f 1849//4502 1825//4502 1780//4502
f 1780//4503 2387//4503 1849//4503
f 1794//4504 2385//4504 2388//4504
f 1794//4504 2388//4504 1782//4504
f 1795//4505 1794//4505 1782//4505
f 1701//4506 1771//4506 2386//4506
f 1701//4506 2386//4506 2385//4506
f 1794//3253 1701//3253 2385//3253
f 1767//4507 1771//4507 1701//4507
f 1701//4508 1700//4508 1767//4508
f 2050//4509 1688//4509 1691//4509
f 1691//4510 2047//4510 2050//4510
f 2049//4511 1875//4511 1688//4511
f 1688//4512 2050//4512 2049//4512
f 1875//4513 1874//4513 1689//4513
f 1689//4514 1688//4514 1875//4514
f 2048//4515 1756//4515 1759//4515
f 1759//4516 2046//4516 2048//4516
f 2047//4517 1691//4517 1756//4517
f 1756//4518 2048//4518 2047//4518
f 1691//4519 1690//4519 1757//4519
f 1757//4520 1756//4520 1691//4520
f 2389//4521 1760//4521 1757//4521
f 1757//4522 1690//4522 2389//4522
f 2390//4523 2391//4523 1760//4523
f 1760//4524 2389//4524 2390//4524
f 2391//4525 1696//4525 1699//4525
f 1699//4526 1760//4526 2391//4526
f 2389//4527 1839//4527 1842//4527
f 1842//4528 2390//4528 2389//4528
f 1690//4529 1689//4529 1839//4529
f 1839//4530 2389//4530 1690//4530
f 1689//4531 1874//4531 1840//4531
f 1840//4532 1839//4532 1689//4532
f 1836//4533 1877//4533 1878//4533
f 1878//4534 1837//4534 1836//4534
f 1838//4535 1761//4535 1764//4535
f 1764//4536 1835//4536 1838//4536
f 1697//4537 1805//4537 1804//4537
f 1804//4538 1698//4538 1697//4538
f 1765//4539 1725//4539 1724//4539
f 1724//4540 1766//4540 1765//4540
f 1699//4541 1698//4541 1693//4541
f 1693//4542 1758//4542 1699//4542
f 1698//4543 1804//4543 1694//4543
f 1694//4544 1693//4544 1698//4544
f 1842//4545 1841//4545 1877//4545
f 1877//4546 1836//4546 1842//4546
f 2390//4547 1842//4547 1836//4547
f 1836//4548 1835//4548 2390//4548
f 1764//4549 1763//4549 1696//4549
f 1696//4550 2391//4550 1764//4550
f 1841//4551 1734//4551 1732//4551
f 1732//4552 1877//4552 1841//4552
f 1835//4553 1764//4553 2391//4553
f 2391//4554 2390//4554 1835//4554
f 1766//4555 1724//4555 1805//4555
f 1805//4556 1697//4556 1766//4556
f 1763//4557 1766//4557 1697//4557
f 1697//4558 1696//4558 1763//4558
f 1806//4559 1805//4559 1724//4559
f 1724//4560 1723//4560 1806//4560
f 1856//4561 1695//4561 1803//4561
f 1695//4562 1694//4562 1803//4562
f 1694//4563 1804//4563 1803//4563
f 1759//4564 1758//4564 1693//4564
f 1693//4565 1692//4565 1759//4565
f 1896//4566 1834//4566 1875//4566
f 1875//4567 2049//4567 1896//4567
f 1874//4568 1833//4568 1879//4568
f 1879//4569 1840//4569 1874//4569
f 2051//4570 1692//4570 1695//4570
f 1695//4571 1856//4571 2051//4571
f 2046//4572 1759//4572 1692//4572
f 1692//4573 2051//4573 2046//4573
f 2392//4574 2393//4574 1569//4574
f 1569//4575 1568//4575 2392//4575
f 2394//4576 2395//4576 2396//4576
f 2396//4577 2397//4577 2394//4577
f 2398//4578 2399//4578 2400//4578
f 2398//4579 2400//4579 2401//4579
f 2402//4580 2398//4580 2401//4580
f 2403//4581 2404//4581 2399//4581
f 2399//4582 2398//4582 2403//4582
f 2405//4583 2406//4583 2407//4583
f 2407//4584 2408//4584 2405//4584
f 2409//4585 2410//4585 2411//4585
f 2411//4586 2412//4586 2409//4586
f 2413//4587 2404//4587 2403//4587
f 2414//4588 2413//4588 2403//4588
f 2415//4589 2414//4589 2403//4589
f 1593//4590 2415//4590 2403//4590
f 1594//4591 1593//4591 2403//4591
f 2416//4592 2417//4592 2418//4592
f 2418//4593 2419//4593 2416//4593
f 2420//4594 2421//4594 2422//4594
f 1594//4595 2403//4595 2423//4595
f 2423//4596 3250//4596 1594//4596
f 2423//4597 2403//4597 3936//4597
f 2424//4598 2425//4598 2426//4598
f 2426//4599 2427//4599 2424//4599
f 2428//4600 2429//4600 2430//4600
f 2430//4601 2431//4601 2428//4601
f 2432//4602 2433//4602 2434//4602
f 2434//4603 2435//4603 2432//4603
f 2436//4604 2437//4604 3098//4604
f 3098//4605 2438//4605 2436//4605
f 2402//4606 2439//4606 2440//4606
f 2440//4607 2441//4607 2402//4607
f 2440//4608 2439//4608 2442//4608
f 2443//4609 2431//4609 2430//4609
f 2430//4610 2444//4610 2443//4610
f 2445//4611 2401//4611 2400//4611
f 2400//4612 2444//4612 2445//4612
f 2446//4613 2447//4613 2448//4613
f 2448//4614 2449//4614 2446//4614
f 2450//4615 2439//4615 2402//4615
f 2402//4616 2451//4616 2450//4616
f 2452//4617 2453//4617 2400//4617
f 2400//4618 2454//4618 2452//4618
f 2455//4619 2456//4619 2457//4619
f 2456//4620 2397//4620 2457//4620
f 2456//4621 2394//4621 2397//4621
f 2458//4622 2392//4622 1568//4622
f 1568//4623 1638//4623 2458//4623
f 2459//4624 2460//4624 2461//4624
f 2462//4624 2459//4624 2461//4624
f 2463//4625 2462//4625 2461//4625
f 2464//4626 2465//4626 2466//4626
f 2464//4627 2466//4627 1647//4627
f 2464//4628 1647//4628 1648//4628
f 2467//4629 2464//4629 1648//4629
f 2468//4630 2469//4630 2470//4630
f 2468//4631 2471//4631 2469//4631
f 2471//4632 2472//4632 2469//4632
f 2473//4633 2474//4633 2460//4633
f 2460//4634 2475//4634 2473//4634
f 2476//4635 2477//4635 2478//4635
f 2477//4636 2479//4636 2478//4636
f 2477//4637 2480//4637 2479//4637
f 2480//4638 2481//4638 2479//4638
f 2482//4639 2483//4639 1666//4639
f 1666//4640 1665//4640 2482//4640
f 2484//4641 2485//4641 2486//4641
f 2486//4642 2478//4642 2484//4642
f 2487//4643 2488//4643 2489//4643
f 2489//4644 2490//4644 2487//4644
f 2457//4645 2479//4645 2481//4645
f 2457//4646 2481//4646 2491//4646
f 2455//4647 2457//4647 2491//4647
f 2483//4648 2458//4648 1638//4648
f 1638//4649 1666//4649 2483//4649
f 2407//4650 2461//4650 2492//4650
f 2492//4650 2408//4650 2407//4650
f 2493//4651 2467//4651 1648//4651
f 2493//4652 1648//4652 1678//4652
f 2494//4653 2493//4653 1678//4653
f 2495//4654 2496//4654 2497//4654
f 2497//4655 2498//4655 2495//4655
f 2472//4656 2471//4656 2499//4656
f 2469//4657 2472//4657 2499//4657
f 2500//4658 2469//4658 2499//4658
f 2465//4659 2500//4659 2499//4659
f 2465//4660 2464//4660 2500//4660
f 2464//4661 2501//4661 2500//4661
f 2464//4662 2467//4662 2501//4662
f 2467//4663 2502//4663 2501//4663
f 2503//4664 2504//4664 2505//4664
f 2505//4665 2506//4665 2503//4665
f 2507//4666 2508//4666 2509//4666
f 2509//4667 2510//4667 2507//4667
f 2511//4668 2512//4668 2513//4668
f 2513//4669 2514//4669 2511//4669
f 2515//4670 2516//4670 2517//4670
f 2517//4671 2518//4671 2515//4671
f 2519//4672 2520//4672 2521//4672
f 2520//4672 2522//4672 2521//4672
f 2520//4673 2523//4673 2522//4673
f 2524//4674 2525//4674 1711//4674
f 1711//4675 1710//4675 2524//4675
f 2526//4676 2527//4676 1715//4676
f 1715//4677 1714//4677 2526//4677
f 2528//4678 2529//4678 2517//4678
f 2517//4679 2475//4679 2528//4679
f 2530//4680 2531//4680 2532//4680
f 2532//4681 2533//4681 2530//4681
f 2534//4682 2535//4682 2536//4682
f 2536//4683 2537//4683 2534//4683
f 2538//4684 2539//4684 2532//4684
f 2532//4685 2540//4685 2538//4685
f 2541//4686 2542//4686 2543//4686
f 2543//4686 2544//4686 2541//4686
f 2541//4687 2544//4687 2545//4687
f 2545//4688 2546//4688 2541//4688
f 2547//4689 2548//4689 2549//4689
f 2549//4690 2550//4690 2547//4690
f 2551//4691 2471//4691 2468//4691
f 2551//4692 2465//4692 2471//4692
f 2465//4693 2499//4693 2471//4693
f 2552//4694 2551//4694 2468//4694
f 2468//4695 2553//4695 2552//4695
f 2553//4696 2468//4696 2470//4696
f 2470//4697 2554//4697 2553//4697
f 2479//4698 2484//4698 2478//4698
f 2478//4699 2555//4699 2523//4699
f 2516//4700 2473//4700 2475//4700
f 2475//4701 2517//4701 2516//4701
f 2470//4702 2469//4702 2476//4702
f 2469//4703 2477//4703 2476//4703
f 2469//4704 2556//4704 2477//4704
f 2554//4705 2470//4705 2476//4705
f 2476//4706 2520//4706 2554//4706
f 2520//4707 2476//4707 2478//4707
f 2478//4708 2523//4708 2520//4708
f 2557//4709 2462//4709 2558//4709
f 2557//4709 2558//4709 2483//4709
f 2557//4710 2483//4710 2482//4710
f 2559//4711 2557//4711 2482//4711
f 2559//4712 2482//4712 2560//4712
f 2482//4713 2561//4713 2560//4713
f 2462//4714 2463//4714 2562//4714
f 2562//4715 2558//4715 2462//4715
f 2563//4716 2564//4716 2565//4716
f 2565//4717 2566//4717 2563//4717
f 2567//4718 2568//4718 2569//4718
f 2569//4719 2570//4719 2567//4719
f 2571//4720 2570//4720 2569//4720
f 2569//4721 2512//4721 2571//4721
f 2572//4722 2573//4722 2574//4722
f 2574//4723 2575//4723 2572//4723
f 2575//4724 2574//4724 2576//4724
f 2576//4725 2577//4725 2575//4725
f 2522//4726 2523//4726 2578//4726
f 2523//4727 2515//4727 2578//4727
f 2523//4727 2516//4727 2515//4727
f 2578//4728 2579//4728 2580//4728
f 2580//4729 2522//4729 2578//4729
f 2581//4730 2578//4730 2582//4730
f 2583//4731 2584//4731 2585//4731
f 2585//4732 2586//4732 2583//4732
f 2587//4733 2588//4733 2589//4733
f 2589//4734 2590//4734 2587//4734
f 2591//4735 2592//4735 2593//4735
f 2594//4736 2595//4736 1785//4736
f 1785//4737 1784//4737 2594//4737
f 2551//4738 2552//4738 2527//4738
f 2527//4739 2526//4739 2551//4739
f 2465//4740 2551//4740 2526//4740
f 2526//4741 2466//4741 2465//4741
f 2466//4742 2526//4742 1714//4742
f 1714//4743 1647//4743 2466//4743
f 2557//4744 2559//4744 2529//4744
f 2529//4745 2528//4745 2557//4745
f 2462//4746 2557//4746 2528//4746
f 2528//4747 2459//4747 2462//4747
f 2459//4748 2528//4748 2475//4748
f 2475//4749 2460//4749 2459//4749
f 2596//4750 2597//4750 2552//4750
f 2598//4751 2596//4751 2552//4751
f 2553//4750 2598//4750 2552//4750
f 2599//4752 2600//4752 2601//4752
f 2601//4753 2602//4753 2599//4753
f 2603//4754 2604//4754 2529//4754
f 2605//4755 2603//4755 2529//4755
f 2559//4756 2605//4756 2529//4756
f 2529//4757 2604//4757 2518//4757
f 2518//4758 2517//4758 2529//4758
f 2606//4759 2607//4759 1799//4759
f 1799//4760 1798//4760 2606//4760
f 2519//4761 2608//4761 2609//4761
f 2609//4761 2520//4761 2519//4761
f 2610//4762 2611//4762 2612//4762
f 2612//4763 2613//4763 2610//4763
f 2614//4764 2615//4764 2616//4764
f 2614//4765 2616//4765 2617//4765
f 2618//4766 2527//4766 2619//4766
f 2527//4766 2597//4766 2619//4766
f 2527//4767 2552//4767 2597//4767
f 2538//4768 2540//4768 2620//4768
f 2621//4769 2622//4769 2623//4769
f 2623//4769 2539//4769 2621//4769
f 2624//4770 2625//4770 2615//4770
f 2624//4771 2615//4771 2626//4771
f 2615//4771 2614//4771 2626//4771
f 2627//4772 2628//4772 2622//4772
f 2628//4773 2629//4773 2622//4773
f 2629//4774 2623//4774 2622//4774
f 2630//4775 2631//4775 2565//4775
f 2565//4776 2632//4776 2630//4776
f 2633//4777 2630//4777 2634//4777
f 2630//4778 2635//4778 2634//4778
f 2630//4778 2636//4778 2635//4778
f 2630//4778 2637//4778 2636//4778
f 2630//4779 2632//4779 2637//4779
f 2638//4780 2639//4780 2640//4780
f 2640//4781 2641//4781 2638//4781
f 2642//4782 2643//4782 2644//4782
f 2644//4783 2645//4783 2642//4783
f 2646//4784 2647//4784 2648//4784
f 2648//4785 2649//4785 2646//4785
f 2566//4786 2565//4786 2650//4786
f 2566//4787 2650//4787 1844//4787
f 2566//4788 1844//4788 1845//4788
f 2651//4789 2652//4789 2653//4789
f 2654//4790 2655//4790 2656//4790
f 2656//4791 2600//4791 2654//4791
f 2601//4792 2657//4792 2658//4792
f 2658//4793 2531//4793 2601//4793
f 2659//4794 2660//4794 2661//4794
f 2662//4794 2659//4794 2661//4794
f 2662//4795 2610//4795 2659//4795
f 2662//4795 2611//4795 2610//4795
f 2607//4796 2606//4796 2663//4796
f 2663//4797 2664//4797 2607//4797
f 2598//4798 2553//4798 2665//4798
f 2553//4799 2666//4799 2665//4799
f 2553//4800 2554//4800 2666//4800
f 2520//4801 2609//4801 2666//4801
f 2666//4802 2554//4802 2520//4802
f 2611//4803 2662//4803 2667//4803
f 2611//4804 2667//4804 2534//4804
f 2667//4805 2668//4805 2534//4805
f 2668//4806 2535//4806 2534//4806
f 2535//4807 2668//4807 2669//4807
f 2620//4808 2535//4808 2669//4808
f 2670//4809 2620//4809 2669//4809
f 2625//4810 2624//4810 2671//4810
f 2660//4810 2625//4810 2671//4810
f 2660//4811 2659//4811 2625//4811
f 2672//4812 1867//4812 1715//4812
f 2618//4813 2672//4813 1715//4813
f 2527//4814 2618//4814 1715//4814
f 2620//4815 2670//4815 2673//4815
f 2673//4816 2538//4816 2620//4816
f 2674//4817 2675//4817 2676//4817
f 2676//4818 2677//4818 2674//4818
f 2639//4819 2678//4819 2679//4819
f 2679//4820 2640//4820 2639//4820
f 2632//4821 2565//4821 2564//4821
f 2564//4822 2680//4822 2632//4822
f 2681//4823 2682//4823 2542//4823
f 2542//4824 2541//4824 2681//4824
f 2538//4825 2673//4825 2621//4825
f 2621//4826 2539//4826 2538//4826
f 2649//4827 2648//4827 2546//4827
f 2546//4828 2683//4828 2649//4828
f 2564//4829 2563//4829 2684//4829
f 2684//4830 2680//4830 2564//4830
f 2608//4831 2628//4831 2627//4831
f 2608//4832 2685//4832 2628//4832
f 2608//4833 2519//4833 2685//4833
f 2686//4834 2687//4834 2684//4834
f 2687//4835 2677//4835 2684//4835
f 2677//4836 2676//4836 2684//4836
f 2676//4837 2680//4837 2684//4837
f 2688//4838 2683//4838 2546//4838
f 2546//4839 2545//4839 2688//4839
f 2687//4840 2686//4840 2543//4840
f 2543//4841 2542//4841 2687//4841
f 2683//4842 2688//4842 2641//4842
f 2641//4843 2640//4843 2683//4843
f 2684//4844 2563//4844 1886//4844
f 1886//4845 1885//4845 2684//4845
f 2545//4846 2544//4846 1888//4846
f 1888//4847 1887//4847 2545//4847
f 2617//4848 2616//4848 2664//4848
f 2664//4849 2663//4849 2617//4849
f 1889//4850 2689//4850 2638//4850
f 2638//4851 1890//4851 1889//4851
f 2543//4852 2686//4852 1893//4852
f 1893//4853 1892//4853 2543//4853
f 2641//4854 2688//4854 1895//4854
f 1895//4855 1894//4855 2641//4855
f 2563//4856 2566//4856 1845//4856
f 1845//4857 1886//4857 2563//4857
f 2686//4858 2684//4858 1885//4858
f 1885//4859 1893//4859 2686//4859
f 2544//4860 2543//4860 1892//4860
f 1892//4861 1888//4861 2544//4861
f 2688//4862 2545//4862 1887//4862
f 1887//4863 1895//4863 2688//4863
f 1890//4864 2638//4864 2641//4864
f 2641//4865 1894//4865 1890//4865
f 1799//4866 2607//4866 2689//4866
f 2689//4867 1889//4867 1799//4867
f 2639//4868 2638//4868 2689//4868
f 2689//4869 2690//4869 2639//4869
f 2607//4870 2664//4870 2690//4870
f 2690//4871 2689//4871 2607//4871
f 2691//4872 2572//4872 2575//4872
f 2575//4873 2692//4873 2691//4873
f 2682//4874 2693//4874 2542//4874
f 2693//4875 2694//4875 2542//4875
f 2694//4876 2687//4876 2542//4876
f 2548//4877 2577//4877 2536//4877
f 2536//4878 2549//4878 2548//4878
f 2643//4879 2695//4879 2696//4879
f 2696//4880 2644//4880 2643//4880
f 2680//4881 2676//4881 2675//4881
f 2675//4881 2632//4881 2680//4881
f 2548//4882 2547//4882 2697//4882
f 2548//4883 2697//4883 2698//4883
f 2692//4884 2548//4884 2698//4884
f 2699//4885 2692//4885 2698//4885
f 2700//4886 2701//4886 2658//4886
f 2657//4887 2700//4887 2658//4887
f 2657//4888 2702//4888 2700//4888
f 2657//4889 2703//4889 2702//4889
f 2658//4890 2701//4890 2550//4890
f 2550//4891 2540//4891 2658//4891
f 2704//4892 2655//4892 2705//4892
f 2655//4893 2706//4893 2705//4893
f 2655//4894 2707//4894 2706//4894
f 2655//4893 2633//4893 2707//4893
f 2655//4895 2630//4895 2633//4895
f 2695//4896 2708//4896 2709//4896
f 2695//4897 2709//4897 2710//4897
f 2695//4898 2710//4898 2711//4898
f 2695//4899 2711//4899 2712//4899
f 2695//4900 2712//4900 2696//4900
f 2696//4901 2712//4901 2713//4901
f 2696//4901 2713//4901 2714//4901
f 2696//4901 2714//4901 2715//4901
f 2696//4901 2715//4901 2716//4901
f 2696//4902 2716//4902 2693//4902
f 2717//4903 2718//4903 2719//4903
f 2720//4904 2721//4904 2656//4904
f 2722//4905 2720//4905 2656//4905
f 2723//4906 2722//4906 2656//4906
f 2704//4907 2723//4907 2656//4907
f 2655//4908 2704//4908 2656//4908
f 2724//4909 2703//4909 2657//4909
f 2725//4910 2724//4910 2657//4910
f 2726//4911 2725//4911 2657//4911
f 2721//4912 2726//4912 2657//4912
f 2656//4913 2721//4913 2657//4913
f 2674//4914 2637//4914 2632//4914
f 2632//4915 2675//4915 2674//4915
f 2693//4916 2716//4916 2674//4916
f 2674//4917 2694//4917 2693//4917
f 2694//4918 2674//4918 2677//4918
f 2677//4919 2687//4919 2694//4919
f 2620//4920 2550//4920 2549//4920
f 2535//4921 2620//4921 2549//4921
f 2549//4922 2536//4922 2535//4922
f 2620//4923 2540//4923 2550//4923
f 2727//4924 2728//4924 2729//4924
f 2729//4925 2730//4925 2727//4925
f 2731//4926 2707//4926 2633//4926
f 2633//4927 2732//4927 2731//4927
f 2733//4928 2734//4928 2735//4928
f 2735//4929 2736//4929 2733//4929
f 2674//4930 2737//4930 2738//4930
f 2738//4931 2637//4931 2674//4931
f 2739//4932 2740//4932 2741//4932
f 2739//4933 2741//4933 2742//4933
f 2743//4934 2739//4934 2742//4934
f 2744//4935 2636//4935 2637//4935
f 2637//4936 2738//4936 2744//4936
f 2741//4937 2547//4937 2550//4937
f 2742//4938 2741//4938 2550//4938
f 2701//4939 2742//4939 2550//4939
f 2745//4940 2746//4940 2747//4940
f 2747//4941 2748//4941 2745//4941
f 2749//4942 2750//4942 2751//4942
f 2751//4943 2752//4943 2749//4943
f 2753//4944 2754//4944 2755//4944
f 2755//4945 2756//4945 2753//4945
f 2757//4946 2705//4946 2706//4946
f 2706//4947 2758//4947 2757//4947
f 2759//4948 2760//4948 2761//4948
f 2761//4949 2762//4949 2759//4949
f 2763//4950 2764//4950 2765//4950
f 2765//4951 2766//4951 2763//4951
f 2767//4952 2768//4952 2769//4952
f 2769//4953 2770//4953 2767//4953
f 2771//4954 2772//4954 2773//4954
f 2773//4955 2774//4955 2771//4955
f 2775//4956 2776//4956 2777//4956
f 2777//4957 2778//4957 2775//4957
f 2779//4958 2780//4958 2740//4958
f 2740//4959 2739//4959 2779//4959
f 2781//4960 2782//4960 2743//4960
f 2743//4961 2783//4961 2781//4961
f 2743//4962 2742//4962 2701//4962
f 2783//4963 2743//4963 2701//4963
f 2700//4964 2783//4964 2701//4964
f 2784//4965 2634//4965 2635//4965
f 2635//4966 2785//4966 2784//4966
f 2786//4967 2787//4967 2788//4967
f 2788//4968 2789//4968 2786//4968
f 2790//4969 2791//4969 2737//4969
f 2792//4970 2793//4970 2737//4970
f 2794//4971 2795//4971 2793//4971
f 2793//4972 2792//4972 2794//4972
f 2796//4973 2718//4973 2797//4973
f 2797//4974 2798//4974 2796//4974
f 2799//4975 2652//4975 2699//4975
f 2699//4976 2800//4976 2799//4976
f 2801//4977 2697//4977 2547//4977
f 2740//4978 2801//4978 2547//4978
f 2740//4979 2547//4979 2741//4979
f 2802//4980 2803//4980 2804//4980
f 2804//4981 2805//4981 2802//4981
f 2806//4982 2698//4982 2697//4982
f 2697//4983 2801//4983 2806//4983
f 2807//4984 2808//4984 2809//4984
f 2809//4985 2810//4985 2807//4985
f 2811//4986 2717//4986 2719//4986
f 2719//4987 2812//4987 2811//4987
f 2813//4988 2814//4988 2815//4988
f 2815//4989 2816//4989 2813//4989
f 2817//4990 2651//4990 2653//4990
f 2653//4991 2818//4991 2817//4991
f 2644//4992 2696//4992 2693//4992
f 2693//4993 2682//4993 2644//4993
f 2695//4994 2643//4994 2572//4994
f 2572//4995 2691//4995 2695//4995
f 2692//4996 2575//4996 2577//4996
f 2577//4997 2548//4997 2692//4997
f 2593//4998 2587//4998 2590//4998
f 2590//4999 2819//4999 2593//4999
f 2595//5000 2524//5000 1710//5000
f 1710//5001 1785//5001 2595//5001
f 2560//5002 2820//5002 2821//5002
f 2821//5003 2822//5003 2560//5003
f 2820//5004 2561//5004 2823//5004
f 2823//5005 2824//5005 2820//5005
f 2825//5006 2819//5006 2595//5006
f 2595//5007 2594//5007 2825//5007
f 2826//5008 2827//5008 2828//5008
f 2828//5009 2829//5009 2826//5009
f 2830//5010 2831//5010 2038//5010
f 2038//5011 2037//5011 2830//5011
f 2631//5012 2591//5012 2565//5012
f 2828//5013 2827//5013 2831//5013
f 2831//5014 2830//5014 2828//5014
f 2819//5015 2590//5015 2524//5015
f 2524//5016 2595//5016 2819//5016
f 2590//5017 2589//5017 2525//5017
f 2525//5018 2524//5018 2590//5018
f 2832//5019 2826//5019 2829//5019
f 2592//5020 2588//5020 2587//5020
f 2592//5021 2587//5021 2593//5021
f 2825//5022 2591//5022 2593//5022
f 2593//5023 2819//5023 2825//5023
f 2822//5024 2821//5024 2827//5024
f 2827//5025 2826//5025 2822//5025
f 2831//5026 2833//5026 2041//5026
f 2041//5027 2038//5027 2831//5027
f 2827//5028 2821//5028 2833//5028
f 2833//5029 2831//5029 2827//5029
f 2605//5030 2822//5030 2826//5030
f 2826//5031 2603//5031 2605//5031
f 2559//5032 2560//5032 2822//5032
f 2822//5033 2605//5033 2559//5033
f 2463//5034 2407//5034 2834//5034
f 2834//5035 2562//5035 2463//5035
f 2821//5036 2820//5036 2824//5036
f 2824//5037 2833//5037 2821//5037
f 2824//5038 2823//5038 2045//5038
f 2045//5039 2044//5039 2824//5039
f 2565//5040 2591//5040 2825//5040
f 2565//5041 2825//5041 2594//5041
f 2594//5042 2650//5042 2565//5042
f 2650//5043 2594//5043 1784//5043
f 1784//5044 1844//5044 2650//5044
f 2603//5045 2826//5045 2832//5045
f 2832//5046 2592//5046 2603//5046
f 2615//5047 2625//5047 2835//5047
f 2615//5048 2835//5048 2836//5048
f 2615//5048 2836//5048 2837//5048
f 2616//5049 2615//5049 2837//5049
f 2616//5050 2837//5050 2838//5050
f 2616//5051 2838//5051 2839//5051
f 2664//5052 2616//5052 2839//5052
f 2839//5053 2690//5053 2664//5053
f 2625//5054 2659//5054 2840//5054
f 2840//5054 2835//5054 2625//5054
f 2841//5055 2842//5055 2843//5055
f 2843//5056 2844//5056 2841//5056
f 2845//5057 2846//5057 2847//5057
f 2847//5058 2848//5058 2845//5058
f 2849//5059 2850//5059 2851//5059
f 2851//5060 2852//5060 2849//5060
f 2853//5061 2665//5061 2666//5061
f 2666//5062 2854//5062 2853//5062
f 2855//5063 2856//5063 2068//5063
f 2068//5064 2067//5064 2855//5064
f 2857//5065 2858//5065 2859//5065
f 2859//5066 2860//5066 2857//5066
f 2861//5067 2862//5067 2076//5067
f 2076//5068 2075//5068 2861//5068
f 2863//5069 2864//5069 2865//5069
f 2865//5070 2866//5070 2863//5070
f 2867//5071 2627//5071 2622//5071
f 2622//5072 2868//5072 2867//5072
f 2869//5073 2870//5073 2871//5073
f 2871//5074 2872//5074 2869//5074
f 2873//5075 2874//5075 2614//5075
f 2614//5076 2875//5076 2873//5076
f 2663//5077 2606//5077 2876//5077
f 2876//5078 2851//5078 2663//5078
f 2877//5079 2878//5079 2879//5079
f 2879//5080 2880//5080 2877//5080
f 2881//5081 2882//5081 2883//5081
f 2883//5082 2884//5082 2881//5082
f 2885//5083 2886//5083 2887//5083
f 2887//5084 2888//5084 2885//5084
f 2606//5085 2889//5085 2890//5085
f 2890//5086 2876//5086 2606//5086
f 2891//5087 2892//5087 2893//5087
f 2893//5088 2894//5088 2891//5088
f 2895//5089 2896//5089 2897//5089
f 2897//5090 2898//5090 2895//5090
f 2899//5091 2900//5091 2660//5091
f 2660//5092 2671//5092 2899//5092
f 2901//5093 2902//5093 2624//5093
f 2624//5094 2626//5094 2901//5094
f 2903//5095 2846//5095 2904//5095
f 2904//5096 2905//5096 2903//5096
f 2906//5097 2907//5097 2908//5097
f 2908//5098 2909//5098 2906//5098
f 2910//5099 2911//5099 2127//5099
f 2127//5100 2126//5100 2910//5100
f 2912//5101 2596//5101 2598//5101
f 2598//5102 2913//5102 2912//5102
f 2914//5103 2915//5103 2916//5103
f 2916//5104 2917//5104 2914//5104
f 2918//5105 2919//5105 2920//5105
f 2920//5106 2921//5106 2918//5106
f 2920//5107 2854//5107 2608//5107
f 2854//5108 2609//5108 2608//5108
f 2854//5109 2666//5109 2609//5109
f 2859//5110 2608//5110 2627//5110
f 2859//5111 2921//5111 2608//5111
f 2921//5111 2920//5111 2608//5111
f 2922//5112 2923//5112 2924//5112
f 2924//5113 2925//5113 2922//5113
f 2926//5114 2927//5114 2928//5114
f 2928//5115 2929//5115 2926//5115
f 2930//5116 2931//5116 2149//5116
f 2149//5117 2148//5117 2930//5117
f 2932//5118 2933//5118 2934//5118
f 2934//5119 2935//5119 2932//5119
f 2936//5120 2937//5120 2938//5120
f 2939//5121 2940//5121 2941//5121
f 2941//5122 2942//5122 2939//5122
f 2943//5123 2944//5123 2668//5123
f 2668//5124 2667//5124 2943//5124
f 2945//5125 2946//5125 2662//5125
f 2662//5126 2661//5126 2945//5126
f 2868//5127 2622//5127 2621//5127
f 2621//5128 2673//5128 2868//5128
f 2947//5129 2948//5129 2949//5129
f 2950//5130 2947//5130 2949//5130
f 2950//5131 2951//5131 2947//5131
f 2952//5132 2953//5132 2954//5132
f 2954//5133 2955//5133 2952//5133
f 2956//5134 2957//5134 2958//5134
f 2958//5135 2959//5135 2956//5135
f 2960//5136 2961//5136 2181//5136
f 2181//5137 2180//5137 2960//5137
f 2962//5138 2963//5138 2964//5138
f 2964//5139 2965//5139 2962//5139
f 2966//5140 2967//5140 2968//5140
f 2968//5141 2969//5141 2966//5141
f 2970//5142 2971//5142 2972//5142
f 2972//5143 2973//5143 2970//5143
f 2941//5144 2860//5144 2867//5144
f 2860//5145 2627//5145 2867//5145
f 2860//5146 2859//5146 2627//5146
f 2670//5147 2974//5147 2975//5147
f 2975//5148 2673//5148 2670//5148
f 2976//5149 2977//5149 2942//5149
f 2976//5150 2942//5150 2978//5150
f 2942//5151 2941//5151 2978//5151
f 2979//5152 2980//5152 2981//5152
f 2981//5153 2982//5153 2979//5153
f 2983//5154 2984//5154 2985//5154
f 2985//5155 2986//5155 2983//5155
f 2987//5156 2988//5156 2989//5156
f 2989//5157 2990//5157 2987//5157
f 2991//5158 2617//5158 2663//5158
f 2663//5158 2851//5158 2991//5158
f 2992//5159 2905//5159 2904//5159
f 2904//5160 2894//5160 2992//5160
f 2876//5161 2890//5161 2993//5161
f 2876//5162 2993//5162 2852//5162
f 2876//5163 2852//5163 2851//5163
f 2994//5164 2995//5164 2217//5164
f 2217//5165 2216//5165 2994//5165
f 2996//5166 2995//5166 2893//5166
f 2893//5167 2892//5167 2996//5167
f 2997//5168 2998//5168 2999//5168
f 2999//5169 3000//5169 2997//5169
f 2226//5170 2225//5170 3001//5170
f 2993//5171 2226//5171 3001//5171
f 2993//5172 2890//5172 2226//5172
f 2226//5173 2890//5173 2889//5173
f 2889//5174 2227//5174 2226//5174
f 2889//5175 2606//5175 1798//5175
f 1798//5176 2227//5176 2889//5176
f 3002//5177 2911//5177 2908//5177
f 2908//5178 3003//5178 3002//5178
f 3004//5179 3005//5179 2670//5179
f 2670//5180 2669//5180 3004//5180
f 3006//5181 2947//5181 2951//5181
f 2951//5182 3007//5182 3006//5182
f 3008//5183 3009//5183 2948//5183
f 2948//5184 3010//5184 3008//5184
f 2950//5185 3011//5185 2975//5185
f 2975//5186 2974//5186 2950//5186
f 2976//5187 2978//5187 3012//5187
f 3012//5188 2949//5188 2976//5188
f 2949//5189 3012//5189 3011//5189
f 3011//5190 2950//5190 2949//5190
f 2868//5191 3011//5191 3012//5191
f 3012//5192 2867//5192 2868//5192
f 3005//5193 2951//5193 2950//5193
f 2974//5194 3005//5194 2950//5194
f 2974//5195 2670//5195 3005//5195
f 2867//5196 3012//5196 2978//5196
f 2978//5197 2941//5197 2867//5197
f 3009//5198 2977//5198 2976//5198
f 2949//5199 3009//5199 2976//5199
f 2949//5200 2948//5200 3009//5200
f 2673//5201 2975//5201 3011//5201
f 3011//5202 2868//5202 2673//5202
f 3013//5203 3014//5203 2977//5203
f 2977//5204 3015//5204 3013//5204
f 3016//5205 3017//5205 3018//5205
f 3018//5206 3019//5206 3016//5206
f 3019//5207 3018//5207 2584//5207
f 2584//5208 2583//5208 3019//5208
f 2532//5209 2582//5209 2533//5209
f 2532//5210 2581//5210 2582//5210
f 2685//5211 2519//5211 2521//5211
f 2521//5212 2585//5212 2685//5212
f 2628//5213 2685//5213 2629//5213
f 2685//5214 2584//5214 2629//5214
f 2685//5215 2585//5215 2584//5215
f 2623//5216 3018//5216 3017//5216
f 3017//5217 2539//5217 2623//5217
f 2629//5218 2584//5218 3018//5218
f 3018//5219 2623//5219 2629//5219
f 2579//5220 3020//5220 3021//5220
f 3021//5221 2580//5221 2579//5221
f 2586//5222 3022//5222 3023//5222
f 3022//5223 3024//5223 3023//5223
f 3022//5224 2580//5224 3024//5224
f 3019//5225 3023//5225 3025//5225
f 3025//5226 3016//5226 3019//5226
f 2583//5227 2586//5227 3023//5227
f 3023//5228 3019//5228 2583//5228
f 3016//5229 3025//5229 2581//5229
f 2581//5229 3017//5229 3016//5229
f 3022//5230 2521//5230 2522//5230
f 2522//5231 2580//5231 3022//5231
f 2586//5232 2585//5232 2521//5232
f 2521//5233 3022//5233 2586//5233
f 2581//5234 3025//5234 2578//5234
f 3025//5235 3026//5235 2578//5235
f 3026//5236 2579//5236 2578//5236
f 3023//5237 3024//5237 3026//5237
f 3026//5238 3025//5238 3023//5238
f 3027//5239 3021//5239 3020//5239
f 3020//5240 3028//5240 3027//5240
f 3027//5241 3024//5241 2580//5241
f 2580//5242 3021//5242 3027//5242
f 3026//5243 3028//5243 3020//5243
f 3020//5244 2579//5244 3026//5244
f 3028//5245 3026//5245 3024//5245
f 3024//5246 3027//5246 3028//5246
f 2592//5247 2832//5247 2829//5247
f 2829//5248 2588//5248 2592//5248
f 2589//5249 2828//5249 2830//5249
f 2830//5250 2525//5250 2589//5250
f 2829//5251 2828//5251 2589//5251
f 2589//5252 2588//5252 2829//5252
f 2525//5253 2830//5253 2037//5253
f 2037//5254 1711//5254 2525//5254
f 2561//5255 2820//5255 2560//5255
f 2041//5256 2833//5256 2824//5256
f 2824//5257 2044//5257 2041//5257
f 2561//5258 2482//5258 1665//5258
f 2561//5259 1665//5259 2045//5259
f 2561//5260 2045//5260 2823//5260
f 2492//5261 2461//5261 2474//5261
f 2474//5262 3029//5262 2492//5262
f 2474//5263 2461//5263 2460//5263
f 2463//5264 2461//5264 2407//5264
f 2407//5265 2406//5265 3030//5265
f 3030//5266 2834//5266 2407//5266
f 2479//5267 2457//5267 3031//5267
f 3031//5268 2484//5268 2479//5268
f 2457//5269 2397//5269 3032//5269
f 2457//5270 3032//5270 3031//5270
f 3032//5271 3033//5271 3031//5271
f 3033//5272 3034//5272 3031//5272
f 2496//5273 3034//5273 3033//5273
f 3035//5274 3036//5274 2497//5274
f 3033//5275 2412//5275 2411//5275
f 2496//5276 3033//5276 2411//5276
f 3035//5277 2496//5277 2411//5277
f 3035//5278 2497//5278 2496//5278
f 2498//5279 2497//5279 3036//5279
f 3036//5280 3037//5280 2498//5280
f 2555//5281 2474//5281 2473//5281
f 2498//5282 2408//5282 2495//5282
f 3038//5283 3039//5283 2492//5283
f 2408//5284 2492//5284 3039//5284
f 3039//5285 2495//5285 2408//5285
f 2485//5286 3038//5286 2492//5286
f 2492//5287 3029//5287 2485//5287
f 2498//5288 3037//5288 2405//5288
f 2405//5289 2408//5289 2498//5289
f 2486//5290 2485//5290 3029//5290
f 3029//5291 3040//5291 2486//5291
f 3040//5292 2555//5292 2478//5292
f 2478//5293 2486//5293 3040//5293
f 2485//5294 2484//5294 3031//5294
f 3031//5295 3038//5295 2485//5295
f 3029//5296 2474//5296 2555//5296
f 2555//5297 3040//5297 3029//5297
f 3038//5298 3031//5298 3034//5298
f 3034//5299 3039//5299 3038//5299
f 3037//5300 3036//5300 2406//5300
f 2406//5301 2405//5301 3037//5301
f 3039//5302 3034//5302 2496//5302
f 2496//5303 2495//5303 3039//5303
f 2523//5304 2555//5304 2473//5304
f 2473//5305 2516//5305 2523//5305
f 1593//5306 1569//5306 2393//5306
f 2393//5307 2415//5307 1593//5307
f 2393//5308 3030//5308 2415//5308
f 2414//5309 2406//5309 3036//5309
f 3036//5310 2413//5310 2414//5310
f 2413//5311 3036//5311 3035//5311
f 3035//5312 2404//5312 2413//5312
f 2562//5313 2834//5313 2392//5313
f 2392//5314 2458//5314 2562//5314
f 2834//5315 3030//5315 2393//5315
f 2393//5316 2392//5316 2834//5316
f 2558//5317 2562//5317 2458//5317
f 2458//5318 2483//5318 2558//5318
f 2415//5319 3030//5319 2406//5319
f 2406//5320 2414//5320 2415//5320
f 3041//5321 3936//5321 2403//5321
f 2403//5322 3042//5322 3041//5322
f 2403//5322 2398//5322 3042//5322
f 3043//5323 3042//5323 2398//5323
f 2398//5324 3044//5324 3043//5324
f 2398//5325 2402//5325 2441//5325
f 2441//5325 3044//5325 2398//5325
f 2404//5326 3035//5326 2411//5326
f 2411//5327 2399//5327 2404//5327
f 2400//5328 2399//5328 2411//5328
f 2411//5329 2454//5329 2400//5329
f 3045//5330 3046//5330 2446//5330
f 2446//5331 2395//5331 3045//5331
f 3047//5332 3048//5332 2394//5332
f 2394//5333 2456//5333 3047//5333
f 2480//5334 2477//5334 2556//5334
f 2469//5335 2500//5335 2556//5335
f 2500//5336 2480//5336 2556//5336
f 2500//5337 2481//5337 2480//5337
f 2500//5338 2491//5338 2481//5338
f 2500//5339 2501//5339 2491//5339
f 2501//5340 2455//5340 2491//5340
f 2501//5341 3049//5341 2455//5341
f 3050//5342 3051//5342 2426//5342
f 2426//5343 2417//5343 3050//5343
f 3052//5344 3053//5344 3054//5344
f 3054//5345 3055//5345 3052//5345
f 3056//5344 3053//5344 3052//5344
f 3057//5346 3058//5346 2416//5346
f 2416//5347 2447//5347 3057//5347
f 2396//5348 2449//5348 2410//5348
f 2410//5349 2409//5349 2396//5349
f 2397//5350 2396//5350 2409//5350
f 2409//5351 3032//5351 2397//5351
f 3032//5352 2409//5352 2412//5352
f 2412//5353 3033//5353 3032//5353
f 3059//5354 3060//5354 2429//5354
f 2429//5355 2428//5355 3059//5355
f 2432//5356 3059//5356 2428//5356
f 2428//5357 2424//5357 2432//5357
f 2424//5358 2428//5358 2431//5358
f 2431//5359 2425//5359 2424//5359
f 2435//5360 3061//5360 2437//5360
f 2437//5361 2436//5361 2435//5361
f 2432//5362 2435//5362 2436//5362
f 2436//5363 3059//5363 2432//5363
f 3059//5364 2436//5364 2438//5364
f 2438//5365 3060//5365 3059//5365
f 2418//5366 2425//5366 2431//5366
f 2431//5367 2443//5367 2418//5367
f 2419//5368 2418//5368 2443//5368
f 2443//5369 2453//5369 2419//5369
f 2453//5370 2443//5370 2444//5370
f 2444//5371 2400//5371 2453//5371
f 2451//5372 2402//5372 2401//5372
f 2401//5373 2445//5373 2451//5373
f 3060//5374 2451//5374 2445//5374
f 2445//5375 2429//5375 3060//5375
f 2429//5376 2445//5376 2444//5376
f 2444//5377 2430//5377 2429//5377
f 2439//5378 2450//5378 3062//5378
f 3062//5379 2442//5379 2439//5379
f 3062//5378 2450//5378 3063//5378
f 3098//5380 3063//5380 2450//5380
f 2450//5381 2438//5381 3098//5381
f 2438//5382 2450//5382 2451//5382
f 2451//5383 3060//5383 2438//5383
f 2448//5384 2419//5384 2453//5384
f 2453//5385 2452//5385 2448//5385
f 2449//5386 2448//5386 2452//5386
f 2452//5387 2410//5387 2449//5387
f 2410//5388 2452//5388 2454//5388
f 2454//5389 2411//5389 2410//5389
f 3064//5390 3061//5390 3053//5390
f 3053//5391 3056//5391 3064//5391
f 4240//5392 3061//5392 3064//5392
f 2422//5393 3065//5393 3066//5393
f 3066//5393 2420//5393 2422//5393
f 3067//5394 3068//5394 3069//5394
f 3068//5395 2421//5395 4264//5395
f 4264//5396 3069//5396 3068//5396
f 4264//5397 2421//5397 3070//5397
f 2421//5398 3068//5398 2422//5398
f 3071//5399 3072//5399 3073//5399
f 3073//5400 3074//5400 3071//5400
f 2494//5401 3071//5401 3074//5401
f 3074//5402 2488//5402 2494//5402
f 2488//5403 3074//5403 3075//5403
f 3075//5404 2489//5404 2488//5404
f 2493//5405 2494//5405 2488//5405
f 2488//5406 2487//5406 2493//5406
f 2467//5407 2493//5407 2487//5407
f 2487//5408 2502//5408 2467//5408
f 2502//5409 2487//5409 2490//5409
f 2490//5410 2501//5410 2502//5410
f 3075//5411 3076//5411 3046//5411
f 3046//5412 3045//5412 3075//5412
f 2489//5413 3075//5413 3045//5413
f 3045//5414 3048//5414 2489//5414
f 3048//5415 3045//5415 2395//5415
f 2395//5416 2394//5416 3048//5416
f 2490//5417 2489//5417 3048//5417
f 3048//5418 3047//5418 2490//5418
f 2501//5419 2490//5419 3047//5419
f 3047//5420 3049//5420 2501//5420
f 3049//5421 3047//5421 2456//5421
f 2456//5422 2455//5422 3049//5422
f 3077//5423 3078//5423 3051//5423
f 3051//5424 3050//5424 3077//5424
f 3058//5425 3050//5425 2417//5425
f 2417//5426 2416//5426 3058//5426
f 2427//5427 2426//5427 3051//5427
f 3051//5428 3079//5428 2427//5428
f 2433//5429 2427//5429 3079//5429
f 3079//5430 3080//5430 2433//5430
f 3081//5431 3082//5431 3068//5431
f 3068//5431 3067//5431 3081//5431
f 3083//5432 3084//5432 3085//5432
f 3085//5433 3086//5433 3083//5433
f 3087//5434 3088//5434 3089//5434
f 3089//5435 3090//5435 3087//5435
f 3076//5436 3090//5436 3057//5436
f 3057//5437 3046//5437 3076//5437
f 3046//5438 3057//5438 2447//5438
f 2447//5439 2446//5439 3046//5439
f 2434//5440 3091//5440 3054//5440
f 3054//5441 3053//5441 2434//5441
f 2420//5442 3066//5442 3092//5442
f 3092//5442 3093//5442 2420//5442
f 3094//5443 3095//5443 3084//5443
f 3084//5444 3083//5444 3094//5444
f 3096//5445 2437//5445 3061//5445
f 3061//5446 4240//5446 3096//5446
f 3097//5445 2437//5445 3096//5445
f 3097//5447 3098//5447 2437//5447
f 2433//5448 3080//5448 3091//5448
f 3091//5449 2434//5449 2433//5449
f 3082//5450 3065//5450 2422//5450
f 2422//5450 3068//5450 3082//5450
f 3088//5451 3086//5451 3077//5451
f 3077//5452 3089//5452 3088//5452
f 2421//5453 2420//5453 3099//5453
f 3099//5453 3070//5453 2421//5453
f 3099//5454 2420//5454 3093//5454
f 3090//5455 3089//5455 3058//5455
f 3058//5456 3057//5456 3090//5456
f 3072//5457 1678//5457 2326//5457
f 3072//5458 3071//5458 1678//5458
f 3071//5459 2494//5459 1678//5459
f 3074//5460 3073//5460 3076//5460
f 3076//5461 3075//5461 3074//5461
f 2327//5462 3072//5462 2326//5462
f 2327//5463 3100//5463 3072//5463
f 2327//5464 3101//5464 3100//5464
f 2327//5465 3102//5465 3101//5465
f 3080//5466 3079//5466 3085//5466
f 3085//5467 3084//5467 3080//5467
f 3103//5468 3104//5468 3076//5468
f 3076//5469 3073//5469 3103//5469
f 3082//5470 3105//5470 3106//5470
f 3106//5471 3107//5471 3082//5471
f 3089//5472 3077//5472 3050//5472
f 3050//5473 3058//5473 3089//5473
f 3091//5474 3095//5474 3108//5474
f 3108//5475 3054//5475 3091//5475
f 3086//5476 3085//5476 3078//5476
f 3078//5477 3077//5477 3086//5477
f 3106//5478 3083//5478 3086//5478
f 3086//5479 3088//5479 3106//5479
f 3109//5480 3110//5480 3104//5480
f 3104//5481 3103//5481 3109//5481
f 3101//5482 3109//5482 3103//5482
f 3103//5483 3100//5483 3101//5483
f 3100//5484 3103//5484 3073//5484
f 3073//5485 3072//5485 3100//5485
f 3111//5486 3095//5486 3094//5486
f 3094//5487 4388//5487 3111//5487
f 3108//5488 3095//5488 3111//5488
f 3112//5489 3094//5489 3105//5489
f 3105//5489 3113//5489 3112//5489
f 4388//5490 3094//5490 3112//5490
f 3105//5491 3094//5491 3083//5491
f 3083//5492 3106//5492 3105//5492
f 3107//5493 3106//5493 3088//5493
f 3088//5494 3087//5494 3107//5494
f 3110//5495 3107//5495 3087//5495
f 3087//5496 3104//5496 3110//5496
f 3104//5497 3087//5497 3090//5497
f 3090//5498 3076//5498 3104//5498
f 3114//5499 3108//5499 3111//5499
f 3080//5500 3084//5500 3095//5500
f 3095//5501 3091//5501 3080//5501
f 3079//5502 3051//5502 3078//5502
f 3078//5503 3085//5503 3079//5503
f 3115//5504 3055//5504 3108//5504
f 3108//5505 3114//5505 3115//5505
f 3055//5504 3054//5504 3108//5504
f 4389//5506 3102//5506 2327//5506
f 2327//5507 3724//5507 4389//5507
f 4383//5508 3102//5508 4389//5508
f 4386//5509 3101//5509 3102//5509
f 3102//5510 4383//5510 4386//5510
f 3066//5511 3109//5511 3116//5511
f 3116//5511 3092//5511 3066//5511
f 3117//5512 3109//5512 3101//5512
f 3101//5513 4386//5513 3117//5513
f 3117//5512 3116//5512 3109//5512
f 3065//5514 3082//5514 3107//5514
f 3107//5515 3110//5515 3065//5515
f 3066//4594 3065//4594 3110//4594
f 3110//4594 3109//4594 3066//4594
f 3113//5516 3105//5516 3082//5516
f 3082//5516 3081//5516 3113//5516
f 2395//5517 2446//5517 2449//5517
f 2449//5518 2396//5518 2395//5518
f 2447//5519 2416//5519 2419//5519
f 2419//5520 2448//5520 2447//5520
f 2417//5521 2426//5521 2425//5521
f 2425//5522 2418//5522 2417//5522
f 2432//5523 2424//5523 2427//5523
f 2427//5524 2433//5524 2432//5524
f 2435//5525 2434//5525 3053//5525
f 3053//5526 3061//5526 2435//5526
f 2880//5527 2879//5527 2842//5527
f 2842//5528 2841//5528 2880//5528
f 2883//5529 2880//5529 2841//5529
f 2841//5530 2886//5530 2883//5530
f 2886//5531 2841//5531 2844//5531
f 2844//5532 2887//5532 2886//5532
f 3118//5533 2904//5533 2846//5533
f 2846//5534 2845//5534 3118//5534
f 3119//5535 3118//5535 2845//5535
f 2845//5536 2896//5536 3119//5536
f 2896//5537 2845//5537 2848//5537
f 2848//5538 2897//5538 2896//5538
f 3120//5539 3119//5539 2850//5539
f 2850//5540 2849//5540 3120//5540
f 2999//5541 3120//5541 2849//5541
f 2849//5542 3000//5542 2999//5542
f 3000//5543 2849//5543 2852//5543
f 2852//5544 2993//5544 3000//5544
f 2913//5545 2598//5545 2665//5545
f 2665//5546 2853//5546 2913//5546
f 2916//5547 2913//5547 2853//5547
f 2853//5548 2919//5548 2916//5548
f 2919//5549 2853//5549 2854//5549
f 2854//5550 2920//5550 2919//5550
f 2925//5551 2924//5551 2856//5551
f 2856//5552 2855//5552 2925//5552
f 2928//5553 2925//5553 2855//5553
f 2855//5554 2931//5554 2928//5554
f 2931//5555 2855//5555 2067//5555
f 2067//5556 2149//5556 2931//5556
f 2935//5557 2934//5557 2858//5557
f 2858//5558 2857//5558 2935//5558
f 2937//5559 2935//5559 2857//5559
f 2857//5560 2940//5560 2937//5560
f 2940//5561 2857//5561 2860//5561
f 2860//5562 2941//5562 2940//5562
f 2955//5563 2954//5563 2862//5563
f 2862//5564 2861//5564 2955//5564
f 2958//5565 2955//5565 2861//5565
f 2861//5566 2961//5566 2958//5566
f 2961//5567 2861//5567 2075//5567
f 2075//5568 2181//5568 2961//5568
f 2965//5569 2964//5569 2864//5569
f 2864//5570 2863//5570 2965//5570
f 2968//5571 2965//5571 2863//5571
f 2863//5572 2971//5572 2968//5572
f 2971//5573 2863//5573 2866//5573
f 2866//5574 2972//5574 2971//5574
f 2982//5575 2981//5575 2870//5575
f 2870//5576 2869//5576 2982//5576
f 2985//5577 2982//5577 2869//5577
f 2869//5578 2988//5578 2985//5578
f 2988//5579 2869//5579 2872//5579
f 2872//5580 2989//5580 2988//5580
f 3121//5581 3122//5581 2874//5581
f 2874//5582 2873//5582 3121//5582
f 2851//5583 3121//5583 2873//5583
f 2873//5584 2991//5584 2851//5584
f 2991//5582 2873//5582 2875//5582
f 2875//5585 2617//5585 2991//5585
f 2848//5586 2847//5586 2878//5586
f 2878//5587 2877//5587 2848//5587
f 2897//5588 2848//5588 2877//5588
f 2877//5589 2882//5589 2897//5589
f 2882//5590 2877//5590 2880//5590
f 2880//5591 2883//5591 2882//5591
f 2898//5592 2897//5592 2882//5592
f 2882//5593 2881//5593 2898//5593
f 3122//5594 2898//5594 2881//5594
f 2881//5595 3123//5595 3122//5595
f 3123//5596 2881//5596 2884//5596
f 2884//5597 3124//5597 3123//5597
f 2884//5598 2883//5598 2886//5598
f 2886//5599 2885//5599 2884//5599
f 3124//5600 2884//5600 2885//5600
f 2885//5601 3125//5601 3124//5601
f 3125//5602 2885//5602 2888//5602
f 2888//5603 3126//5603 3125//5603
f 3120//5604 2999//5604 2892//5604
f 2892//5605 2891//5605 3120//5605
f 3119//5606 3120//5606 2891//5606
f 2891//5607 3118//5607 3119//5607
f 3118//5608 2891//5608 2894//5608
f 2894//5609 2904//5609 3118//5609
f 2850//5610 3119//5610 2896//5610
f 2896//5611 2895//5611 2850//5611
f 2851//5612 2850//5612 2895//5612
f 2895//5613 3121//5613 2851//5613
f 3121//5614 2895//5614 2898//5614
f 2898//5615 3122//5615 3121//5615
f 3125//5616 3126//5616 2900//5616
f 2900//5617 2899//5617 3125//5617
f 3124//5618 3125//5618 2899//5618
f 2899//5619 2902//5619 3124//5619
f 2902//5620 2899//5620 2671//5620
f 2671//5621 2624//5621 2902//5621
f 3123//5622 3124//5622 2902//5622
f 2902//5623 2901//5623 3123//5623
f 3122//5624 3123//5624 2901//5624
f 2901//5625 2874//5625 3122//5625
f 2874//5626 2901//5626 2626//5626
f 2626//5627 2614//5627 2874//5627
f 3127//5628 2847//5628 2846//5628
f 2846//5629 2903//5629 3127//5629
f 3128//5630 3127//5630 2903//5630
f 2903//5631 2907//5631 3128//5631
f 2907//5632 2903//5632 2905//5632
f 2905//5633 2908//5633 2907//5633
f 3129//5634 3128//5634 2907//5634
f 2907//5635 2906//5635 3129//5635
f 3130//5636 3129//5636 2906//5636
f 2906//5637 2923//5637 3130//5637
f 2923//5638 2906//5638 2909//5638
f 2909//5639 2924//5639 2923//5639
f 2909//5640 2908//5640 2911//5640
f 2911//5641 2910//5641 2909//5641
f 2924//5642 2909//5642 2910//5642
f 2910//5643 2856//5643 2924//5643
f 2856//5641 2910//5641 2126//5641
f 2126//5644 2068//5644 2856//5644
f 3131//5645 2597//5645 2596//5645
f 2596//5646 2912//5646 3131//5646
f 3132//5647 3131//5647 2912//5647
f 2912//5648 2915//5648 3132//5648
f 2915//5649 2912//5649 2913//5649
f 2913//5650 2916//5650 2915//5650
f 3133//5651 3132//5651 2915//5651
f 2915//5652 2914//5652 3133//5652
f 3134//5653 3133//5653 2914//5653
f 2914//5654 2933//5654 3134//5654
f 2933//5655 2914//5655 2917//5655
f 2917//5656 2934//5656 2933//5656
f 2917//5657 2916//5657 2919//5657
f 2919//5658 2918//5658 2917//5658
f 2934//5659 2917//5659 2918//5659
f 2918//5660 2858//5660 2934//5660
f 2858//5661 2918//5661 2921//5661
f 2921//5662 2859//5662 2858//5662
f 3135//5663 3130//5663 2923//5663
f 2923//5664 2922//5664 3135//5664
f 3136//5665 3135//5665 2922//5665
f 2922//5666 2927//5666 3136//5666
f 2927//5667 2922//5667 2925//5667
f 2925//5668 2928//5668 2927//5668
f 3137//5669 3136//5669 2927//5669
f 2927//5670 2926//5670 3137//5670
f 3134//5671 3137//5671 2926//5671
f 2926//5672 2953//5672 3134//5672
f 2953//5673 2926//5673 2929//5673
f 2929//5674 2954//5674 2953//5674
f 2929//5675 2928//5675 2931//5675
f 2931//5676 2930//5676 2929//5676
f 2954//5677 2929//5677 2930//5677
f 2930//5678 2862//5678 2954//5678
f 2862//5679 2930//5679 2148//5679
f 2148//5680 2076//5680 2862//5680
f 3137//5681 3134//5681 2933//5681
f 2933//5682 2932//5682 3137//5682
f 3136//5683 3137//5683 2932//5683
f 2932//5684 2936//5684 3136//5684
f 2936//5685 2932//5685 2935//5685
f 2935//5686 2937//5686 2936//5686
f 2938//5687 2937//5687 2940//5687
f 2940//5688 2939//5688 2938//5688
f 3138//5689 2938//5689 2939//5689
f 2939//5690 3014//5690 3138//5690
f 3014//5691 2939//5691 2942//5691
f 2942//5692 2977//5692 3014//5692
f 2872//5693 2871//5693 2944//5693
f 2944//5694 2943//5694 2872//5694
f 2989//5695 2872//5695 2943//5695
f 2943//5696 2946//5696 2989//5696
f 2946//5697 2943//5697 2667//5697
f 2667//5698 2662//5698 2946//5698
f 2990//5699 2989//5699 2946//5699
f 2946//5700 2945//5700 2990//5700
f 3126//5701 2990//5701 2945//5701
f 2945//5702 2900//5702 3126//5702
f 2900//5703 2945//5703 2661//5703
f 2661//5704 2660//5704 2900//5704
f 3133//5705 3134//5705 2953//5705
f 2953//5706 2952//5706 3133//5706
f 3132//5707 3133//5707 2952//5707
f 2952//5708 2957//5708 3132//5708
f 2957//5709 2952//5709 2955//5709
f 2955//5710 2958//5710 2957//5710
f 3131//5711 3132//5711 2957//5711
f 2957//5712 2956//5712 3131//5712
f 2597//5713 3131//5713 2956//5713
f 2956//5714 2619//5714 2597//5714
f 2619//5715 2956//5715 2959//5715
f 2959//5716 2618//5716 2619//5716
f 2959//5717 2958//5717 2961//5717
f 2961//5718 2960//5718 2959//5718
f 2618//5719 2959//5719 2960//5719
f 2960//5720 2672//5720 2618//5720
f 2672//5721 2960//5721 2180//5721
f 2180//5722 1867//5722 2672//5722
f 3129//5723 3130//5723 2963//5723
f 2963//5724 2962//5724 3129//5724
f 3128//5725 3129//5725 2962//5725
f 2962//5726 2967//5726 3128//5726
f 2967//5727 2962//5727 2965//5727
f 2965//5728 2968//5728 2967//5728
f 3127//5729 3128//5729 2967//5729
f 2967//5730 2966//5730 3127//5730
f 2847//5731 3127//5731 2966//5731
f 2966//5732 2878//5732 2847//5732
f 2878//5733 2966//5733 2969//5733
f 2969//5734 2879//5734 2878//5734
f 2969//5735 2968//5735 2971//5735
f 2971//5736 2970//5736 2969//5736
f 2879//5737 2969//5737 2970//5737
f 2970//5738 2842//5738 2879//5738
f 2842//5739 2970//5739 2973//5739
f 2973//5740 2843//5740 2842//5740
f 2866//5741 2865//5741 2980//5741
f 2980//5742 2979//5742 2866//5742
f 2972//5743 2866//5743 2979//5743
f 2979//5744 2984//5744 2972//5744
f 2984//5745 2979//5745 2982//5745
f 2982//5746 2985//5746 2984//5746
f 2973//5747 2972//5747 2984//5747
f 2984//5748 2983//5748 2973//5748
f 2843//5749 2973//5749 2983//5749
f 2983//5750 2844//5750 2843//5750
f 2844//5751 2983//5751 2986//5751
f 2986//5752 2887//5752 2844//5752
f 2986//5753 2985//5753 2988//5753
f 2988//5754 2987//5754 2986//5754
f 2887//5755 2986//5755 2987//5755
f 2987//5756 2888//5756 2887//5756
f 2888//5757 2987//5757 2990//5757
f 2990//5758 3126//5758 2888//5758
f 3003//5759 2908//5759 2905//5759
f 2905//5760 2992//5760 3003//5760
f 3139//5761 3003//5761 2992//5761
f 2992//5762 3140//5762 3139//5762
f 3140//5763 2992//5763 2894//5763
f 2894//5764 2893//5764 3140//5764
f 3140//5765 2893//5765 2995//5765
f 2995//5766 2994//5766 3140//5766
f 3139//5767 3140//5767 2994//5767
f 2994//5768 3141//5768 3139//5768
f 3141//5769 2994//5769 2216//5769
f 2216//5770 2372//5770 3141//5770
f 2373//5771 2217//5771 2995//5771
f 2995//5772 2996//5772 2373//5772
f 2374//5773 2373//5773 2996//5773
f 2996//5774 2998//5774 2374//5774
f 2998//5775 2996//5775 2892//5775
f 2892//5776 2999//5776 2998//5776
f 2375//5777 2374//5777 2998//5777
f 2998//5778 2997//5778 2375//5778
f 2225//5779 2375//5779 2997//5779
f 2997//5780 3001//5780 2225//5780
f 3001//5781 2997//5781 3000//5781
f 3000//5782 2993//5782 3001//5782
f 2376//5783 2127//5783 2911//5783
f 2911//5784 3002//5784 2376//5784
f 2372//5785 2376//5785 3002//5785
f 3002//5786 3141//5786 2372//5786
f 3141//5787 3002//5787 3003//5787
f 3003//5788 3139//5788 3141//5788
f 3007//5789 2951//5789 3005//5789
f 3005//5790 3004//5790 3007//5790
f 2871//5791 3007//5791 3004//5791
f 3004//5792 2944//5792 2871//5792
f 2944//5793 3004//5793 2669//5793
f 2669//5794 2668//5794 2944//5794
f 3010//5795 2948//5795 2947//5795
f 2947//5796 3006//5796 3010//5796
f 2981//5797 3010//5797 3006//5797
f 3006//5798 2870//5798 2981//5798
f 2870//5799 3006//5799 3007//5799
f 3007//5800 2871//5800 2870//5800
f 3015//5801 2977//5801 3009//5801
f 3009//5802 3008//5802 3015//5802
f 2865//5803 3015//5803 3008//5803
f 3008//5804 2980//5804 2865//5804
f 2980//5805 3008//5805 3010//5805
f 3010//5806 2981//5806 2980//5806
f 3142//5807 3138//5807 3014//5807
f 3014//5808 3013//5808 3142//5808
f 2964//5809 3142//5809 3013//5809
f 3013//5810 2864//5810 2964//5810
f 2864//5811 3013//5811 3015//5811
f 3015//5812 2865//5812 2864//5812
f 2963//5813 3143//5813 3142//5813
f 3142//5814 2964//5814 2963//5814
f 3143//5815 3144//5815 3138//5815
f 3138//5816 3142//5816 3143//5816
f 3144//5817 2936//5817 2938//5817
f 2938//5818 3138//5818 3144//5818
f 3135//5819 3136//5819 3144//5819
f 3144//5820 3143//5820 3135//5820
f 3136//5821 2936//5821 3144//5821
f 3130//5822 3135//5822 3143//5822
f 3143//5823 2963//5823 3130//5823
f 2692//5824 2699//5824 2652//5824
f 2692//5825 2652//5825 2651//5825
f 2797//5826 2692//5826 2651//5826
f 2797//5827 2691//5827 2692//5827
f 2691//5828 2797//5828 2718//5828
f 2691//5829 2718//5829 2717//5829
f 2708//5830 2691//5830 2717//5830
f 2708//5831 2695//5831 2691//5831
f 2748//5832 2747//5832 2728//5832
f 2728//5833 2727//5833 2748//5833
f 2751//5834 2748//5834 2727//5834
f 2727//5835 2754//5835 2751//5835
f 2754//5836 2727//5836 2730//5836
f 2730//5837 2755//5837 2754//5837
f 2758//5838 2706//5838 2707//5838
f 2707//5839 2731//5839 2758//5839
f 2761//5840 2758//5840 2731//5840
f 2731//5841 2764//5841 2761//5841
f 2764//5842 2731//5842 2732//5842
f 2732//5843 2765//5843 2764//5843
f 2770//5844 2769//5844 2734//5844
f 2734//5845 2733//5845 2770//5845
f 2773//5846 2770//5846 2733//5846
f 2733//5847 2776//5847 2773//5847
f 2776//5848 2733//5848 2736//5848
f 2736//5849 2777//5849 2776//5849
f 2785//5850 2635//5850 2636//5850
f 2636//5851 2744//5851 2785//5851
f 2788//5852 2785//5852 2744//5852
f 2744//5853 2791//5853 2788//5853
f 2791//5851 2744//5851 2738//5851
f 2738//5854 2737//5854 2791//5854
f 3145//5855 3146//5855 2746//5855
f 2746//5856 2745//5856 3145//5856
f 3147//5857 3145//5857 2745//5857
f 2745//5858 2750//5858 3147//5858
f 2750//5859 2745//5859 2748//5859
f 2748//5860 2751//5860 2750//5860
f 3148//5861 3147//5861 2750//5861
f 2750//5862 2749//5862 3148//5862
f 2704//5863 3148//5863 2749//5863
f 2749//5864 2723//5864 2704//5864
f 2723//5865 2749//5865 2752//5865
f 2752//5866 2722//5866 2723//5866
f 2752//5867 2751//5867 2754//5867
f 2754//5868 2753//5868 2752//5868
f 2722//5869 2752//5869 2753//5869
f 2753//5870 2720//5870 2722//5870
f 2720//5871 2753//5871 2756//5871
f 2756//5872 2721//5872 2720//5872
f 3148//4946 2704//4946 2705//4946
f 2705//5873 2757//5873 3148//5873
f 3147//5874 3148//5874 2757//5874
f 2757//5875 2760//5875 3147//5875
f 2760//5876 2757//5876 2758//5876
f 2758//5877 2761//5877 2760//5877
f 3145//5878 3147//5878 2760//5878
f 2760//5879 2759//5879 3145//5879
f 3146//5880 3145//5880 2759//5880
f 2759//5881 2814//5881 3146//5881
f 2814//5882 2759//5882 2762//5882
f 2762//5883 2815//5883 2814//5883
f 2762//5884 2761//5884 2764//5884
f 2764//5885 2763//5885 2762//5885
f 2815//5886 2762//5886 2763//5886
f 2763//5887 2803//5887 2815//5887
f 2803//5888 2763//5888 2766//5888
f 2766//5889 2804//5889 2803//5889
f 2730//5890 2729//5890 2768//5890
f 2768//5891 2767//5891 2730//5891
f 2755//5892 2730//5892 2767//5892
f 2767//5893 2772//5893 2755//5893
f 2772//5894 2767//5894 2770//5894
f 2770//5895 2773//5895 2772//5895
f 2756//5896 2755//5896 2772//5896
f 2772//5897 2771//5897 2756//5897
f 2721//5898 2756//5898 2771//5898
f 2771//5899 2726//5899 2721//5899
f 2726//5900 2771//5900 2774//5900
f 2774//5901 2725//5901 2726//5901
f 2774//5902 2773//5902 2776//5902
f 2776//5903 2775//5903 2774//5903
f 2725//5904 2774//5904 2775//5904
f 2775//5905 2724//5905 2725//5905
f 2724//5906 2775//5906 2778//5906
f 2778//5907 2703//5907 2724//5907
f 2736//5908 2735//5908 2780//5908
f 2780//5909 2779//5909 2736//5909
f 2777//5910 2736//5910 2779//5910
f 2779//5911 2782//5911 2777//5911
f 2782//5912 2779//5912 2739//5912
f 2739//5913 2743//5913 2782//5913
f 2778//5914 2777//5914 2782//5914
f 2782//5915 2781//5915 2778//5915
f 2703//5916 2778//5916 2781//5916
f 2781//5917 2702//5917 2703//5917
f 2702//5918 2781//5918 2783//5918
f 2783//5919 2700//5919 2702//5919
f 2732//5920 2633//5920 2634//5920
f 2634//5921 2784//5921 2732//5921
f 2765//5922 2732//5922 2784//5922
f 2784//5923 2787//5923 2765//5923
f 2787//5924 2784//5924 2785//5924
f 2785//5925 2788//5925 2787//5925
f 2766//5926 2765//5926 2787//5926
f 2787//5927 2786//5927 2766//5927
f 2804//5928 2766//5928 2786//5928
f 2786//5929 2808//5929 2804//5929
f 2808//5930 2786//5930 2789//5930
f 2789//5931 2809//5931 2808//5931
f 2789//5932 2788//5932 2791//5932
f 2791//5933 2790//5933 2789//5933
f 2809//5934 2789//5934 2790//5934
f 2790//5935 2795//5935 2809//5935
f 2795//5936 2790//5936 2737//5936
f 2737//5937 2793//5937 2795//5937
f 2716//5938 2792//5938 2674//5938
f 2792//5939 2737//5939 2674//5939
f 2810//5940 2809//5940 2795//5940
f 2795//5941 2794//5941 2810//5941
f 2714//5942 2810//5942 2794//5942
f 2794//5943 2715//5943 2714//5943
f 2715//5941 2794//5941 2792//5941
f 2792//5944 2716//5944 2715//5944
f 2812//5945 2719//5945 2718//5945
f 2718//5946 2796//5946 2812//5946
f 2747//5947 2812//5947 2796//5947
f 2796//5948 2728//5948 2747//5948
f 2728//5949 2796//5949 2798//5949
f 2798//5950 2729//5950 2728//5950
f 2818//5951 2653//5951 2652//5951
f 2652//5952 2799//5952 2818//5952
f 2769//5953 2818//5953 2799//5953
f 2799//5954 2734//5954 2769//5954
f 2734//5955 2799//5955 2800//5955
f 2800//5956 2735//5956 2734//5956
f 2816//5957 2815//5957 2803//5957
f 2803//5958 2802//5958 2816//5958
f 2710//5959 2816//5959 2802//5959
f 2802//5960 2711//5960 2710//5960
f 2711//5961 2802//5961 2805//5961
f 2805//5962 2712//5962 2711//5962
f 2800//5963 2699//5963 2698//5963
f 2698//5964 2806//5964 2800//5964
f 2735//5965 2800//5965 2806//5965
f 2806//5966 2780//5966 2735//5966
f 2780//5967 2806//5967 2801//5967
f 2801//5968 2740//5968 2780//5968
f 2805//5969 2804//5969 2808//5969
f 2808//5970 2807//5970 2805//5970
f 2712//5971 2805//5971 2807//5971
f 2807//5972 2713//5972 2712//5972
f 2713//5973 2807//5973 2810//5973
f 2810//5974 2714//5974 2713//5974
f 3149//5975 2708//5975 2717//5975
f 2717//5976 2811//5976 3149//5976
f 3146//5977 3149//5977 2811//5977
f 2811//5978 2746//5978 3146//5978
f 2746//5979 2811//5979 2812//5979
f 2812//5980 2747//5980 2746//5980
f 3149//5981 3146//5981 2814//5981
f 2814//5982 2813//5982 3149//5982
f 2708//5983 3149//5983 2813//5983
f 2813//5984 2709//5984 2708//5984
f 2709//5985 2813//5985 2816//5985
f 2816//5986 2710//5986 2709//5986
f 2798//5987 2797//5987 2651//5987
f 2651//5988 2817//5988 2798//5988
f 2729//5989 2798//5989 2817//5989
f 2817//5990 2768//5990 2729//5990
f 2768//5991 2817//5991 2818//5991
f 2818//5992 2769//5992 2768//5992
f 2602//5993 2601//5993 2531//5993
f 2531//5994 2530//5994 2602//5994
f 3150//5995 2602//5995 2530//5995
f 2530//5996 3151//5996 3150//5996
f 3151//5997 2530//5997 2533//5997
f 2533//5998 2582//5998 3151//5998
f 3152//5999 2654//5999 2600//5999
f 2600//6000 2599//6000 3152//6000
f 2592//6001 3152//6001 2599//6001
f 2599//6002 3153//6002 2592//6002
f 3153//6003 2599//6003 2602//6003
f 2602//6004 3150//6004 3153//6004
f 2539//6005 3017//6005 2581//6005
f 2539//6006 2581//6006 2532//6006
f 2531//6007 2658//6007 2540//6007
f 2540//6008 2532//6008 2531//6008
f 2600//6009 2656//6009 2657//6009
f 2657//6010 2601//6010 2600//6010
f 2655//6011 2654//6011 2631//6011
f 2631//6012 2630//6012 2655//6012
f 3152//6013 2592//6013 2591//6013
f 2654//6014 3152//6014 2591//6014
f 2591//6015 2631//6015 2654//6015
f 3153//6016 3150//6016 2604//6016
f 2592//6016 3153//6016 2604//6016
f 2603//6017 2592//6017 2604//6017
f 3151//6018 2582//6018 2518//6018
f 3150//6018 3151//6018 2518//6018
f 2604//4757 3150//4757 2518//4757
f 2578//6019 2515//6019 2518//6019
f 2518//6020 2582//6020 2578//6020
f 2838//6021 2837//6021 2504//6021
f 2504//6022 2503//6022 2838//6022
f 2839//6023 2838//6023 2503//6023
f 2503//6024 2678//6024 2839//6024
f 2678//6025 2503//6025 2506//6025
f 2506//6026 2679//6026 2678//6026
f 2836//6027 2835//6027 2568//6027
f 2568//6028 2567//6028 2836//6028
f 2837//6029 2836//6029 2567//6029
f 2567//6030 2504//6030 2837//6030
f 2504//6031 2567//6031 2570//6031
f 2570//6032 2505//6032 2504//6032
f 3154//6033 2505//6033 2570//6033
f 2570//6034 2571//6034 3154//6034
f 3155//6035 3154//6035 2571//6035
f 2571//6036 3156//6036 3155//6036
f 3156//6037 2571//6037 2512//6037
f 2512//6038 2511//6038 3156//6038
f 3154//6039 3155//6039 2647//6039
f 2647//6040 2646//6040 3154//6040
f 2505//6041 3154//6041 2646//6041
f 2646//6042 2506//6042 2505//6042
f 2506//6043 2646//6043 2649//6043
f 2649//6044 2679//6044 2506//6044
f 2645//6045 2644//6045 2682//6045
f 2682//6046 2681//6046 2645//6046
f 2643//6047 2642//6047 2573//6047
f 2573//6048 2572//6048 2643//6048
f 2514//6049 2513//6049 2613//6049
f 2613//6050 2612//6050 2514//6050
f 2577//6051 2576//6051 2537//6051
f 2537//6052 2536//6052 2577//6052
f 2512//6053 2569//6053 2510//6053
f 2510//6054 2513//6054 2512//6054
f 2513//6055 2510//6055 2509//6055
f 2509//6056 2613//6056 2513//6056
f 2647//6057 2645//6057 2681//6057
f 2681//6058 2648//6058 2647//6058
f 3155//6059 2642//6059 2645//6059
f 2645//6060 2647//6060 3155//6060
f 2573//6061 3156//6061 2511//6061
f 2511//6062 2574//6062 2573//6062
f 2648//6063 2681//6063 2541//6063
f 2541//6064 2546//6064 2648//6064
f 2642//6065 3155//6065 3156//6065
f 3156//6066 2573//6066 2642//6066
f 2576//6067 2514//6067 2612//6067
f 2612//6068 2537//6068 2576//6068
f 2574//6069 2511//6069 2514//6069
f 2514//6070 2576//6070 2574//6070
f 2611//6071 2534//6071 2537//6071
f 2537//6072 2612//6072 2611//6072
f 2659//6073 2610//6073 2508//6073
f 2610//6074 2509//6074 2508//6074
f 2610//6075 2613//6075 2509//6075
f 2568//6076 2507//6076 2510//6076
f 2510//6077 2569//6077 2568//6077
f 2690//6078 2839//6078 2678//6078
f 2678//6079 2639//6079 2690//6079
f 2679//6080 2649//6080 2683//6080
f 2683//6081 2640//6081 2679//6081
f 2840//6082 2659//6082 2508//6082
f 2508//6083 2507//6083 2840//6083
f 2835//6084 2840//6084 2507//6084
f 2507//6085 2568//6085 2835//6085
f 4383//6086 4389//6086 3724//6086
f 3724//6087 4383//6087 3250//6087
f 2344//6088 2267//6088 1621//6088
f 2267//6089 2344//6089 3250//6089
f 2344//6090 3724//6090 3250//6090
f 3250//6091 3042//6091 2423//6091
f 3042//6092 3250//6092 4383//6092
f 3042//6088 2442//6088 3043//6088
f 2442//6093 3042//6093 4383//6093
f 2344//6088 2290//6088 2296//6088
f 4383//6093 3098//6093 2442//6093
f 3067//6094 4383//6094 3093//6094
f 4383//6095 3067//6095 3098//6095
f 2340//6088 2292//6088 2281//6088
f 2292//6088 2340//6088 2290//6088
f 3098//6096 3112//6096 4240//6096
f 3112//6088 3098//6088 3067//6088
f 2321//6088 2296//6088 2325//6088
f 2296//6088 2321//6088 2344//6088
f 1621//6088 2269//6088 2270//6088
f 2269//6088 1621//6088 2267//6088
f 1621//6088 2290//6088 2344//6088
f 3098//6088 3096//6088 3097//6088
f 3096//6097 3098//6097 4240//6097
f 2296//6088 2340//6088 2341//6088
f 2340//6088 2296//6088 2290//6088
f 3093//6088 3117//6088 3116//6088
f 3117//6098 3093//6098 4383//6098
f 3111//6088 3055//6088 3112//6088
f 3692//6099 2324//6099 2290//6099
f 2267//6088 1602//6088 2268//6088
f 1602//6100 2267//6100 3250//6100
f 2292//6088 2290//6088 2324//6088
f 2344//6088 2347//6088 2345//6088
f 2347//6088 2344//6088 2321//6088
f 2339//6088 2340//6088 2281//6088
f 4386//6101 3117//6101 4383//6101
f 2442//6102 3063//6102 3062//6102
f 3063//6088 2442//6088 3098//6088
f 2289//6088 1621//6088 2288//6088
f 1621//6088 2289//6088 2290//6088
f 3067//6103 3099//6103 4264//6103
f 3099//6104 3067//6104 3093//6104
f 2423//6105 3041//6105 3936//6105
f 3041//6088 2423//6088 3042//6088
f 2339//6088 2281//6088 2343//6088
f 2325//6088 2297//6088 2298//6088
f 2297//6088 2325//6088 2296//6088
f 2268//6106 1602//6106 3251//6106
f 3044//6107 2440//6107 2441//6107
f 2440//6088 3044//6088 2442//6088
f 3115//6104 3111//6104 3114//6104
f 3111//6088 3115//6088 3055//6088
f 2280//6088 2292//6088 2291//6088
f 2292//6088 2280//6088 2281//6088
f 4264//6108 3099//6108 3070//6108
f 1618//6088 2270//6088 1620//6088
f 2270//6088 1618//6088 1621//6088
f 4240//6109 3052//6109 3064//6109
f 3052//6110 4240//6110 3055//6110
f 2346//6088 2321//6088 2320//6088
f 2321//6088 2346//6088 2347//6088
f 3067//6111 4264//6111 3069//6111
f 2297//6112 2296//6112 3588//6112
f 2339//6088 2343//6088 2342//6088
f 3111//6113 3112//6113 4388//6113
f 3112//6088 3067//6088 3113//6088
f 3043//6088 2442//6088 3044//6088
f 3064//6088 3052//6088 3056//6088
f 2280//6088 2291//6088 2282//6088
f 3113//6088 3067//6088 3081//6088
f 2296//6088 2341//6088 2310//6088
f 4240//6114 3112//6114 3055//6114
f 3093//6088 3116//6088 3092//6088
f 3157//6115 3158//6115 3159//6115
f 3159//6116 3160//6116 3157//6116
f 3161//6117 3162//6117 3163//6117
f 3164//6118 3161//6118 3163//6118
f 3164//6119 3163//6119 3165//6119
f 3166//6120 3167//6120 3168//6120
f 3168//6121 3169//6121 3166//6121
f 3170//6122 3171//6122 3172//6122
f 3172//6123 3173//6123 3170//6123
f 3174//6124 3175//6124 3176//6124
f 3176//6125 3177//6125 3174//6125
f 3178//6126 3179//6126 3180//6126
f 3180//6127 3181//6127 3178//6127
f 3182//6128 3183//6128 3159//6128
f 3159//6129 3184//6129 3182//6129
f 3185//6130 3186//6130 3187//6130
f 3187//6131 3188//6131 3185//6131
f 3189//6132 3190//6132 3191//6132
f 3189//6132 3191//6132 3192//6132
f 3189//6133 3192//6133 3193//6133
f 3189//6133 3193//6133 3194//6133
f 3189//6134 3194//6134 3195//6134
f 3194//6135 3196//6135 3195//6135
f 3196//6135 3197//6135 3195//6135
f 3198//6136 3199//6136 3200//6136
f 3201//6137 3198//6137 3200//6137
f 3201//6138 3200//6138 3202//6138
f 3201//6139 3202//6139 3203//6139
f 3204//6139 3201//6139 3203//6139
f 3205//6140 3206//6140 3207//6140
f 3206//6141 3208//6141 3207//6141
f 3208//6142 3209//6142 3207//6142
f 3210//6143 3211//6143 3212//6143
f 3212//6144 3213//6144 3210//6144
f 3214//6145 3215//6145 3216//6145
f 3216//6146 3217//6146 3214//6146
f 3218//6147 3219//6147 3220//6147
f 3220//6148 3221//6148 3218//6148
f 3222//6149 3163//6149 3223//6149
f 3224//6150 3222//6150 3223//6150
f 3224//6151 3225//6151 3222//6151
f 3226//6152 3160//6152 3159//6152
f 3159//6153 3183//6153 3226//6153
f 3227//6154 3228//6154 3229//6154
f 3229//6155 3230//6155 3227//6155
f 3231//6156 3232//6156 3218//6156
f 3218//6157 3233//6157 3231//6157
f 3234//6158 3235//6158 3236//6158
f 3236//6159 3237//6159 3234//6159
f 3238//6160 3237//6160 3236//6160
f 3236//6161 3239//6161 3238//6161
f 3232//6162 3240//6162 3219//6162
f 3219//6163 3218//6163 3232//6163
f 3241//6164 3242//6164 3229//6164
f 3229//6165 3228//6165 3241//6165
f 3243//6166 3244//6166 3245//6166
f 3245//6167 3246//6167 3243//6167
f 3247//6168 3248//6168 3249//6168
f 3250//6169 3227//6169 1602//6169
f 1602//6170 3227//6170 3166//6170
f 3166//6171 3251//6171 1602//6171
f 3227//6172 3230//6172 3252//6172
f 3227//6173 3252//6173 3166//6173
f 3253//6174 3254//6174 3255//6174
f 3255//6175 3256//6175 3253//6175
f 1620//6176 3247//6176 1618//6176
f 3247//6177 3255//6177 1621//6177
f 1621//6178 1618//6178 3247//6178
f 3247//6179 3249//6179 3257//6179
f 3255//6180 3247//6180 3257//6180
f 3258//6181 3259//6181 3260//6181
f 3260//6182 3261//6182 3258//6182
f 3257//6183 3262//6183 3256//6183
f 3256//6184 3255//6184 3257//6184
f 3263//6185 3264//6185 3265//6185
f 3265//6186 3266//6186 3263//6186
f 3267//6187 3268//6187 3269//6187
f 3269//6188 3270//6188 3267//6188
f 3271//6189 3272//6189 3269//6189
f 3269//6190 3273//6190 3271//6190
f 3274//6191 3275//6191 3276//6191
f 3276//6192 3277//6192 3274//6192
f 3278//6193 3279//6193 3280//6193
f 3280//6194 3281//6194 3278//6194
f 3282//6195 3283//6195 3284//6195
f 3284//6196 3254//6196 3282//6196
f 3285//6197 3286//6197 3287//6197
f 3287//6198 3288//6198 3285//6198
f 3289//6199 3290//6199 3291//6199
f 3291//6200 3292//6200 3289//6200
f 3293//6201 3294//6201 3295//6201
f 3295//6202 3296//6202 3293//6202
f 3297//6203 3298//6203 3299//6203
f 3299//6204 3300//6204 3297//6204
f 3301//6205 3302//6205 3303//6205
f 3303//6206 3304//6206 3301//6206
f 3305//6207 3306//6207 3307//6207
f 3307//6208 3308//6208 3305//6208
f 3309//6209 3310//6209 3311//6209
f 3311//6210 3312//6210 3309//6210
f 3313//6211 3314//6211 3315//6211
f 3315//6212 3316//6212 3313//6212
f 3317//6213 3295//6213 3294//6213
f 3294//6214 3318//6214 3317//6214
f 3319//6215 3320//6215 3321//6215
f 3321//6216 3322//6216 3319//6216
f 3323//6217 3324//6217 3325//6217
f 3325//6218 3326//6218 3323//6218
f 3327//6219 3328//6219 3329//6219
f 3329//6220 3330//6220 3327//6220
f 3331//6221 3332//6221 3333//6221
f 3333//6222 3334//6222 3331//6222
f 3335//6223 3336//6223 3337//6223
f 3337//6224 3338//6224 3335//6224
f 3339//6225 3340//6225 3275//6225
f 3275//6226 3274//6226 3339//6226
f 3303//6227 3270//6227 3341//6227
f 3341//6228 3332//6228 3303//6228
f 3342//6229 3343//6229 3344//6229
f 3344//6230 3345//6230 3342//6230
f 3230//6231 3229//6231 3346//6231
f 3346//6232 3252//6232 3230//6232
f 3347//6233 3348//6233 3349//6233
f 3350//6234 3351//6234 3209//6234
f 3209//6235 3208//6235 3350//6235
f 3169//6236 3168//6236 3223//6236
f 3223//6237 3248//6237 3169//6237
f 3352//6238 3353//6238 3348//6238
f 3353//6239 3354//6239 3348//6239
f 3353//6240 3355//6240 3354//6240
f 3355//6241 3233//6241 3354//6241
f 3233//6242 3218//6242 3354//6242
f 3356//6243 3357//6243 3358//6243
f 3358//6244 3359//6244 3356//6244
f 3360//6245 3361//6245 3362//6245
f 3362//6246 3363//6246 3360//6246
f 3364//6247 3356//6247 3359//6247
f 3359//6248 3365//6248 3364//6248
f 3166//6249 3169//6249 2268//6249
f 2268//6250 3251//6250 3166//6250
f 2268//6251 3169//6251 2267//6251
f 3366//6252 3367//6252 3229//6252
f 3229//6253 3242//6253 3366//6253
f 3346//6254 3229//6254 3367//6254
f 3367//6255 3368//6255 3346//6255
f 3369//6256 3370//6256 3371//6256
f 3371//6257 3372//6257 3369//6257
f 3168//6258 3167//6258 3373//6258
f 3167//6259 3370//6259 3369//6259
f 3167//6260 3369//6260 3373//6260
f 3222//6261 3165//6261 3163//6261
f 3222//6262 3374//6262 3165//6262
f 3374//6263 3375//6263 3165//6263
f 3376//6264 3347//6264 3377//6264
f 3377//6265 3378//6265 3376//6265
f 3379//6266 3164//6266 3165//6266
f 3379//6267 3165//6267 3380//6267
f 3199//6268 3379//6268 3380//6268
f 3381//6269 3209//6269 3351//6269
f 3351//6270 3382//6270 3381//6270
f 3248//6271 3223//6271 3163//6271
f 3163//6272 3249//6272 3248//6272
f 3224//6273 3373//6273 3383//6273
f 3224//6274 3223//6274 3373//6274
f 3380//6275 3165//6275 3375//6275
f 3380//6276 3375//6276 3384//6276
f 3380//6277 3384//6277 3385//6277
f 3162//6278 3386//6278 3249//6278
f 3249//6279 3163//6279 3162//6279
f 3387//6280 3388//6280 3389//6280
f 3389//6281 3390//6281 3387//6281
f 3391//6282 3392//6282 3393//6282
f 3393//6283 3394//6283 3391//6283
f 3395//6284 3396//6284 3397//6284
f 3397//6285 3398//6285 3395//6285
f 3399//6286 3400//6286 3401//6286
f 3401//6287 3402//6287 3399//6287
f 3403//6288 3404//6288 3405//6288
f 3406//6289 3407//6289 3408//6289
f 3408//6290 3409//6290 3406//6290
f 3410//6291 3411//6291 3401//6291
f 3401//6292 3400//6292 3410//6292
f 3412//6293 3413//6293 3414//6293
f 3414//6294 3415//6294 3412//6294
f 3416//6295 3417//6295 3397//6295
f 3397//6296 3396//6296 3416//6296
f 3418//6297 3419//6297 3375//6297
f 3375//6298 3374//6298 3418//6298
f 3420//6299 3384//6299 3375//6299
f 3375//6300 3419//6300 3420//6300
f 3382//6301 3351//6301 3421//6301
f 3421//6302 3392//6302 3382//6302
f 3347//6303 3349//6303 3422//6303
f 3422//6304 3377//6304 3347//6304
f 3200//6268 3199//6268 3380//6268
f 3200//6305 3380//6305 3208//6305
f 3202//6306 3200//6306 3208//6306
f 3202//6307 3208//6307 3206//6307
f 3385//6308 3350//6308 3208//6308
f 3208//6309 3380//6309 3385//6309
f 2267//6310 3169//6310 3248//6310
f 3248//6311 2269//6311 2267//6311
f 3248//6312 3247//6312 2270//6312
f 2270//6313 2269//6313 3248//6313
f 2270//6314 3247//6314 1620//6314
f 3167//6315 3346//6315 3368//6315
f 3368//6316 3370//6316 3167//6316
f 3252//6317 3346//6317 3167//6317
f 3167//6318 3166//6318 3252//6318
f 3348//6319 3354//6319 3349//6319
f 3349//6320 3354//6320 3406//6320
f 3406//6321 3422//6321 3349//6321
f 3423//6322 3387//6322 3390//6322
f 3390//6323 3424//6323 3423//6323
f 3388//6324 3391//6324 3394//6324
f 3394//6325 3389//6325 3388//6325
f 3425//6326 3426//6326 3427//6326
f 3427//6327 3428//6327 3425//6327
f 3413//6328 3429//6328 3430//6328
f 3430//6329 3414//6329 3413//6329
f 3383//6330 3395//6330 3398//6330
f 3398//6331 3224//6331 3383//6331
f 3429//6332 3402//6332 3395//6332
f 3395//6333 3383//6333 3429//6333
f 3402//6334 3401//6334 3396//6334
f 3396//6335 3395//6335 3402//6335
f 3413//6336 3399//6336 3402//6336
f 3402//6337 3429//6337 3413//6337
f 3412//6338 3399//6338 3413//6338
f 3412//6339 3404//6339 3400//6339
f 3400//6340 3399//6340 3412//6340
f 3428//6341 3431//6341 3432//6341
f 3432//6342 3425//6342 3428//6342
f 3433//6343 3410//6343 3400//6343
f 3400//6344 3404//6344 3433//6344
f 3424//6345 3390//6345 3410//6345
f 3410//6346 3433//6346 3424//6346
f 3390//6347 3389//6347 3411//6347
f 3411//6348 3410//6348 3390//6348
f 3383//6349 3373//6349 3434//6349
f 3434//6350 3435//6350 3383//6350
f 3424//6351 3433//6351 3436//6351
f 3436//6352 3431//6352 3424//6352
f 3433//6353 3404//6353 3403//6353
f 3403//6354 3436//6354 3433//6354
f 3411//6355 3416//6355 3396//6355
f 3396//6356 3401//6356 3411//6356
f 3389//6357 3394//6357 3416//6357
f 3416//6358 3411//6358 3389//6358
f 3394//6359 3393//6359 3417//6359
f 3417//6360 3416//6360 3394//6360
f 3225//6361 3418//6361 3374//6361
f 3374//6362 3222//6362 3225//6362
f 3224//6363 3398//6363 3418//6363
f 3418//6364 3225//6364 3224//6364
f 3398//6365 3397//6365 3419//6365
f 3419//6366 3418//6366 3398//6366
f 3417//6367 3420//6367 3419//6367
f 3419//6368 3397//6368 3417//6368
f 3393//6369 3437//6369 3420//6369
f 3420//6370 3417//6370 3393//6370
f 3437//6371 3385//6371 3384//6371
f 3384//6372 3420//6372 3437//6372
f 3423//6373 3424//6373 3431//6373
f 3431//6374 3428//6374 3423//6374
f 3351//6375 3350//6375 3421//6375
f 3405//6376 3412//6376 3415//6376
f 3415//6377 3438//6377 3405//6377
f 3409//6378 3439//6378 3422//6378
f 3422//6379 3406//6379 3409//6379
f 3392//6380 3421//6380 3437//6380
f 3437//6381 3393//6381 3392//6381
f 3350//6382 3385//6382 3437//6382
f 3437//6383 3421//6383 3350//6383
f 3404//6384 3412//6384 3405//6384
f 3426//6385 3440//6385 3441//6385
f 3441//6386 3427//6386 3426//6386
f 3377//6387 3422//6387 3439//6387
f 3439//6388 3442//6388 3377//6388
f 3366//6389 3378//6389 3443//6389
f 3443//6390 3444//6390 3366//6390
f 3445//6391 3446//6391 3354//6391
f 3382//6392 3392//6392 3391//6392
f 3391//6393 3447//6393 3382//6393
f 3388//6394 3446//6394 3447//6394
f 3447//6395 3391//6395 3388//6395
f 3382//6396 3445//6396 3381//6396
f 3382//6397 3446//6397 3445//6397
f 3382//6398 3447//6398 3446//6398
f 3423//6399 3427//6399 3441//6399
f 3441//6400 3387//6400 3423//6400
f 3427//6401 3423//6401 3428//6401
f 3446//6402 3388//6402 3387//6402
f 3387//6403 3441//6403 3446//6403
f 3446//6404 3407//6404 3354//6404
f 3407//6405 3406//6405 3354//6405
f 3434//6406 3430//6406 3435//6406
f 3425//6407 3432//6407 3443//6407
f 3443//6408 3442//6408 3425//6408
f 3448//6409 3449//6409 3450//6409
f 3450//6410 3444//6410 3448//6410
f 3371//6411 3415//6411 3414//6411
f 3414//6412 3372//6412 3371//6412
f 3372//6413 3414//6413 3430//6413
f 3430//6414 3434//6414 3372//6414
f 3450//6415 3449//6415 3438//6415
f 3438//6416 3451//6416 3450//6416
f 3432//6417 3448//6417 3444//6417
f 3444//6418 3443//6418 3432//6418
f 3409//6419 3426//6419 3425//6419
f 3425//6420 3439//6420 3409//6420
f 3439//6421 3425//6421 3442//6421
f 3451//6422 3438//6422 3415//6422
f 3415//6423 3371//6423 3451//6423
f 3426//6424 3409//6424 3408//6424
f 3408//6425 3440//6425 3426//6425
f 3408//6426 3452//6426 3440//6426
f 3448//6427 3432//6427 3431//6427
f 3431//6428 3436//6428 3448//6428
f 3440//6429 3452//6429 3446//6429
f 3440//6430 3446//6430 3441//6430
f 3442//6431 3443//6431 3378//6431
f 3378//6432 3377//6432 3442//6432
f 3429//6433 3383//6433 3435//6433
f 3435//6434 3430//6434 3429//6434
f 3407//6435 3446//6435 3452//6435
f 3452//6436 3408//6436 3407//6436
f 3368//6437 3367//6437 3450//6437
f 3450//6438 3451//6438 3368//6438
f 3438//6439 3449//6439 3403//6439
f 3403//6440 3405//6440 3438//6440
f 3449//6441 3448//6441 3436//6441
f 3436//6442 3403//6442 3449//6442
f 3372//6443 3434//6443 3373//6443
f 3373//6444 3369//6444 3372//6444
f 3444//6445 3450//6445 3367//6445
f 3367//6446 3366//6446 3444//6446
f 3451//6447 3371//6447 3370//6447
f 3370//6448 3368//6448 3451//6448
f 3378//6449 3366//6449 3242//6449
f 3242//6450 3376//6450 3378//6450
f 3453//6451 3376//6451 3242//6451
f 3242//6452 3241//6452 3453//6452
f 3347//6453 3376//6453 3453//6453
f 3352//6454 3347//6454 3453//6454
f 3352//6455 3348//6455 3347//6455
f 3223//6456 3168//6456 3373//6456
f 3203//6457 3202//6457 3206//6457
f 3203//6458 3206//6458 3205//6458
f 3204//6459 3203//6459 3205//6459
f 3204//6460 3205//6460 3454//6460
f 3455//6461 3456//6461 3457//6461
f 3457//6462 3458//6462 3455//6462
f 3459//6463 3460//6463 3461//6463
f 3461//6464 3462//6464 3459//6464
f 3221//6465 3220//6465 3463//6465
f 3220//6466 3464//6466 3463//6466
f 3220//6467 3465//6467 3464//6467
f 3219//6468 3240//6468 3466//6468
f 3467//6469 3219//6469 3466//6469
f 3181//6470 3467//6470 3466//6470
f 3178//6471 3181//6471 3466//6471
f 3178//6472 3466//6472 3468//6472
f 3468//6473 3466//6473 3469//6473
f 3470//6474 3471//6474 3472//6474
f 3472//6475 3473//6475 3470//6475
f 3474//6476 3475//6476 3476//6476
f 3476//6477 3477//6477 3474//6477
f 3478//6476 3475//6476 3474//6476
f 3231//6478 3479//6478 3240//6478
f 3240//6479 3232//6479 3231//6479
f 3480//6480 3466//6480 3475//6480
f 3475//6480 3478//6480 3480//6480
f 3469//6481 3466//6481 3480//6481
f 3475//6482 3466//6482 3240//6482
f 3240//6483 3479//6483 3475//6483
f 3471//6484 3481//6484 3482//6484
f 3482//6485 3483//6485 3471//6485
f 3479//6486 3472//6486 3483//6486
f 3483//6487 3484//6487 3479//6487
f 3485//6488 3476//6488 3486//6488
f 3486//6489 3487//6489 3485//6489
f 3477//6488 3476//6488 3485//6488
f 3471//6490 3483//6490 3472//6490
f 3484//6491 3476//6491 3475//6491
f 3475//6492 3479//6492 3484//6492
f 3233//6493 3355//6493 3473//6493
f 3473//6494 3231//6494 3233//6494
f 3473//6495 3472//6495 3479//6495
f 3479//6496 3231//6496 3473//6496
f 3488//6497 3489//6497 3490//6497
f 3490//6498 3470//6498 3488//6498
f 3490//6499 3481//6499 3471//6499
f 3471//6500 3470//6500 3490//6500
f 3355//6501 3353//6501 3489//6501
f 3489//6502 3488//6502 3355//6502
f 3488//6503 3470//6503 3473//6503
f 3473//6504 3355//6504 3488//6504
f 3484//6505 3483//6505 3482//6505
f 3486//6505 3484//6505 3482//6505
f 3486//6505 3476//6505 3484//6505
f 3220//6506 3219//6506 3491//6506
f 3491//6507 3492//6507 3220//6507
f 3493//6508 3492//6508 3491//6508
f 3493//6509 3494//6509 3492//6509
f 3493//6510 3495//6510 3494//6510
f 3467//6511 3496//6511 3495//6511
f 3495//6512 3493//6512 3467//6512
f 3494//6513 3212//6513 3465//6513
f 3494//6514 3465//6514 3220//6514
f 3492//6515 3494//6515 3220//6515
f 3493//6516 3491//6516 3219//6516
f 3219//6517 3467//6517 3493//6517
f 3496//6518 3212//6518 3494//6518
f 3494//6519 3495//6519 3496//6519
f 3464//6520 3465//6520 3212//6520
f 3212//6521 3211//6521 3464//6521
f 3497//6522 3463//6522 3362//6522
f 3362//6523 3361//6523 3497//6523
f 3460//6524 3210//6524 3213//6524
f 3213//6525 3461//6525 3460//6525
f 3456//6526 3360//6526 3363//6526
f 3363//6527 3457//6527 3456//6527
f 3455//6528 3191//6528 3190//6528
f 3455//6529 3458//6529 3191//6529
f 3458//6530 3192//6530 3191//6530
f 3194//6531 3459//6531 3196//6531
f 3459//6532 3462//6532 3196//6532
f 3462//6533 3197//6533 3196//6533
f 3498//6534 3499//6534 3500//6534
f 3500//6535 3501//6535 3498//6535
f 3501//6536 3500//6536 3175//6536
f 3175//6537 3174//6537 3501//6537
f 3170//6538 3173//6538 3499//6538
f 3499//6539 3498//6539 3170//6539
f 3381//6540 3502//6540 3503//6540
f 3503//6541 3209//6541 3381//6541
f 3204//6542 3454//6542 3504//6542
f 3454//6542 3505//6542 3504//6542
f 3454//6543 3506//6543 3505//6543
f 3454//6544 3205//6544 3507//6544
f 3507//6545 3506//6545 3454//6545
f 3207//6546 3209//6546 3503//6546
f 3503//6547 3508//6547 3207//6547
f 3205//6548 3207//6548 3508//6548
f 3508//6549 3507//6549 3205//6549
f 3445//6550 3509//6550 3502//6550
f 3502//6551 3381//6551 3445//6551
f 3458//6552 3457//6552 3510//6552
f 3510//6553 3511//6553 3458//6553
f 3512//6554 3513//6554 3514//6554
f 3514//6554 3515//6554 3512//6554
f 3464//6555 3211//6555 3516//6555
f 3516//6556 3517//6556 3464//6556
f 3518//6557 3519//6557 3520//6557
f 3520//6558 3521//6558 3518//6558
f 3522//6559 3523//6559 3509//6559
f 3509//6560 3524//6560 3522//6560
f 3455//6561 3190//6561 3525//6561
f 3455//6562 3525//6562 3526//6562
f 3455//6562 3526//6562 3527//6562
f 3528//6563 3529//6563 3521//6563
f 3521//6564 3515//6564 3528//6564
f 3530//6565 3531//6565 3532//6565
f 3531//6565 3533//6565 3532//6565
f 3531//6566 3534//6566 3533//6566
f 3531//6567 3535//6567 3536//6567
f 3536//6568 3534//6568 3531//6568
f 3512//6569 3515//6569 3521//6569
f 3521//6570 3520//6570 3512//6570
f 3535//6571 3512//6571 3520//6571
f 3520//6572 3536//6572 3535//6572
f 3537//6573 3538//6573 3514//6573
f 3514//6574 3539//6574 3537//6574
f 3540//6575 3192//6575 3458//6575
f 3458//6575 3511//6575 3540//6575
f 3356//6576 3364//6576 3505//6576
f 3505//6577 3506//6577 3356//6577
f 3363//6578 3362//6578 3541//6578
f 3541//6579 3542//6579 3363//6579
f 3531//6580 3530//6580 3365//6580
f 3365//6581 3359//6581 3531//6581
f 3211//6582 3210//6582 3543//6582
f 3543//6583 3516//6583 3211//6583
f 3542//6584 3510//6584 3457//6584
f 3457//6585 3363//6585 3542//6585
f 3544//6586 3533//6586 3534//6586
f 3534//6586 3545//6586 3544//6586
f 3546//6587 3357//6587 3507//6587
f 3507//6588 3508//6588 3546//6588
f 3361//6589 3360//6589 3547//6589
f 3547//6590 3548//6590 3361//6590
f 3549//6591 3541//6591 3362//6591
f 3362//6592 3463//6592 3549//6592
f 3354//6593 3218//6593 3445//6593
f 3218//6594 3509//6594 3445//6594
f 3218//6595 3524//6595 3509//6595
f 3218//6596 3528//6596 3524//6596
f 3218//6597 3529//6597 3528//6597
f 3218//6598 3497//6598 3529//6598
f 3218//6599 3221//6599 3497//6599
f 3221//6600 3463//6600 3497//6600
f 3546//6601 3539//6601 3514//6601
f 3514//6602 3513//6602 3546//6602
f 3357//6603 3546//6603 3513//6603
f 3513//6604 3358//6604 3357//6604
f 3523//6605 3522//6605 3538//6605
f 3538//6606 3537//6606 3523//6606
f 3550//6607 3551//6607 3548//6607
f 3548//6608 3518//6608 3550//6608
f 3545//6609 3552//6609 3553//6609
f 3553//6610 3527//6610 3545//6610
f 3519//6611 3518//6611 3548//6611
f 3548//6612 3547//6612 3519//6612
f 3552//6613 3519//6613 3547//6613
f 3547//6614 3553//6614 3552//6614
f 3544//6615 3545//6615 3527//6615
f 3527//6616 3526//6616 3544//6616
f 3540//6617 3511//6617 3554//6617
f 3554//6618 3555//6618 3540//6618
f 3542//6619 3541//6619 3516//6619
f 3516//6620 3543//6620 3542//6620
f 3510//6621 3542//6621 3543//6621
f 3543//6622 3556//6622 3510//6622
f 3549//6623 3517//6623 3516//6623
f 3516//6624 3541//6624 3549//6624
f 3511//6625 3510//6625 3556//6625
f 3556//6626 3554//6626 3511//6626
f 3456//6627 3455//6627 3527//6627
f 3527//6628 3553//6628 3456//6628
f 3539//6629 3546//6629 3508//6629
f 3508//6630 3503//6630 3539//6630
f 3550//6631 3518//6631 3521//6631
f 3521//6632 3529//6632 3550//6632
f 3459//6633 3194//6633 3555//6633
f 3555//6633 3554//6633 3459//6633
f 3528//6634 3515//6634 3514//6634
f 3514//6635 3538//6635 3528//6635
f 3524//6636 3528//6636 3538//6636
f 3538//6637 3522//6637 3524//6637
f 3537//6638 3539//6638 3503//6638
f 3503//6639 3502//6639 3537//6639
f 3360//6640 3456//6640 3553//6640
f 3553//6641 3547//6641 3360//6641
f 3523//6642 3537//6642 3502//6642
f 3502//6643 3509//6643 3523//6643
f 3549//6644 3463//6644 3464//6644
f 3464//6644 3517//6644 3549//6644
f 3552//6645 3545//6645 3534//6645
f 3534//6646 3536//6646 3552//6646
f 3557//6647 3505//6647 3364//6647
f 3557//6647 3364//6647 3365//6647
f 3530//6647 3557//6647 3365//6647
f 3210//6648 3460//6648 3556//6648
f 3556//6649 3543//6649 3210//6649
f 3550//6650 3529//6650 3497//6650
f 3497//6650 3551//6650 3550//6650
f 3535//6651 3531//6651 3359//6651
f 3359//6652 3358//6652 3535//6652
f 3497//6653 3361//6653 3548//6653
f 3548//6654 3551//6654 3497//6654
f 3357//6655 3356//6655 3506//6655
f 3506//6656 3507//6656 3357//6656
f 3193//6657 3192//6657 3540//6657
f 3193//6658 3540//6658 3555//6658
f 3194//6658 3193//6658 3555//6658
f 3519//6659 3552//6659 3536//6659
f 3536//6659 3520//6659 3519//6659
f 3460//6660 3459//6660 3554//6660
f 3554//6661 3556//6661 3460//6661
f 3558//6662 3533//6662 3544//6662
f 3558//6663 3544//6663 3526//6663
f 3190//6664 3558//6664 3526//6664
f 3190//6665 3526//6665 3525//6665
f 3512//6666 3535//6666 3358//6666
f 3358//6667 3513//6667 3512//6667
f 3559//6668 3560//6668 2280//6668
f 2280//6669 2282//6669 3559//6669
f 2280//6668 3560//6668 2281//6668
f 3559//6670 3561//6670 3562//6670
f 2288//6671 3255//6671 3563//6671
f 3563//6672 2289//6672 2288//6672
f 2288//6673 1621//6673 3255//6673
f 2289//6674 3563//6674 2290//6674
f 3564//6675 3559//6675 2291//6675
f 2291//6676 2292//6676 3564//6676
f 2291//6677 3559//6677 2282//6677
f 3565//6678 3566//6678 3567//6678
f 3567//6678 3568//6678 3565//6678
f 3569//6679 3570//6679 3571//6679
f 3571//6679 3572//6679 3569//6679
f 3565//6680 3568//6680 3573//6680
f 3573//6680 3574//6680 3565//6680
f 3567//6681 3566//6681 3575//6681
f 3575//6681 3576//6681 3567//6681
f 3573//6682 3577//6682 3578//6682
f 3578//6682 3574//6682 3573//6682
f 3579//6683 3580//6683 3581//6683
f 3581//6684 3582//6684 3579//6684
f 3583//6685 3584//6685 3585//6685
f 3585//6686 3586//6686 3583//6686
f 2296//6687 3575//6687 3587//6687
f 3587//6688 3588//6688 2296//6688
f 2297//6689 3587//6689 3589//6689
f 3589//6690 2298//6690 2297//6690
f 3588//6691 3587//6691 2297//6691
f 3565//6692 3574//6692 3590//6692
f 3578//6693 3577//6693 3280//6693
f 3280//6694 3591//6694 3578//6694
f 3576//6695 3575//6695 2296//6695
f 2296//6696 2310//6696 3576//6696
f 2321//6697 3571//6697 3570//6697
f 3570//6698 2320//6698 2321//6698
f 3173//6699 3197//6699 3462//6699
f 3462//6700 3499//6700 3173//6700
f 3181//6701 3496//6701 3467//6701
f 3181//6702 3180//6702 3496//6702
f 3180//6702 3176//6702 3496//6702
f 3175//6703 3213//6703 3212//6703
f 3175//6704 3212//6704 3496//6704
f 3175//6705 3496//6705 3176//6705
f 3500//6706 3461//6706 3213//6706
f 3213//6707 3175//6707 3500//6707
f 3499//6708 3462//6708 3461//6708
f 3461//6709 3500//6709 3499//6709
f 3592//6710 3593//6710 3594//6710
f 3594//6711 3595//6711 3592//6711
f 3594//6710 3593//6710 3596//6710
f 3214//6712 3217//6712 3597//6712
f 3597//6713 3598//6713 3214//6713
f 3597//6712 3217//6712 3599//6712
f 3600//6714 3174//6714 3177//6714
f 3177//6714 3601//6714 3600//6714
f 3602//6714 3501//6714 3174//6714
f 3174//6714 3600//6714 3602//6714
f 3603//6715 3501//6715 3602//6715
f 3604//6716 3179//6716 3178//6716
f 3178//6717 3468//6717 3604//6717
f 3170//6718 3498//6718 3605//6718
f 3605//6719 483//6719 3170//6719
f 484//6720 3498//6720 3501//6720
f 3501//6721 3603//6721 484//6721
f 3605//6722 3498//6722 484//6722
f 3177//6723 3179//6723 3606//6723
f 3606//6723 3601//6723 3177//6723
f 3606//6724 3179//6724 3607//6724
f 3608//6725 3171//6725 3170//6725
f 3170//6726 483//6726 3608//6726
f 3609//6725 3171//6725 3608//6725
f 3610//6727 3611//6727 3612//6727
f 3612//6728 3613//6728 3610//6728
f 3614//6727 3611//6727 3610//6727
f 3276//6729 3253//6729 3256//6729
f 3256//6730 3261//6730 3276//6730
f 3275//6731 3615//6731 3253//6731
f 3253//6732 3276//6732 3275//6732
f 3615//6733 3282//6733 3254//6733
f 3254//6734 3253//6734 3615//6734
f 3266//6735 3616//6735 3299//6735
f 3298//6736 3266//6736 3299//6736
f 3298//6737 3263//6737 3266//6737
f 3617//6738 3618//6738 3619//6738
f 3619//6739 3620//6739 3617//6739
f 3618//6740 3621//6740 3622//6740
f 3622//6741 3619//6741 3618//6741
f 3302//6742 3267//6742 3270//6742
f 3270//6743 3303//6743 3302//6743
f 3623//6744 3624//6744 3625//6744
f 3625//6745 3626//6745 3623//6745
f 3624//6746 3627//6746 3628//6746
f 3628//6747 3625//6747 3624//6747
f 3629//6748 3630//6748 3564//6748
f 3631//6749 3632//6749 3633//6749
f 3633//6750 3634//6750 3631//6750
f 3635//6751 3636//6751 3637//6751
f 3637//6752 3638//6752 3635//6752
f 3639//6753 3287//6753 3286//6753
f 3286//6754 3640//6754 3639//6754
f 3641//6755 3633//6755 3632//6755
f 3632//6756 3642//6756 3641//6756
f 3288//6757 3643//6757 3644//6757
f 3644//6758 3285//6758 3288//6758
f 3292//6759 3645//6759 3646//6759
f 3646//6760 3289//6760 3292//6760
f 3647//6761 3317//6761 3634//6761
f 3634//6762 3633//6762 3647//6762
f 3648//6763 3295//6763 3317//6763
f 3317//6764 3647//6764 3648//6764
f 3314//6765 3644//6765 3649//6765
f 3649//6766 3650//6766 3314//6766
f 3306//6767 3297//6767 3300//6767
f 3300//6768 3307//6768 3306//6768
f 3651//6769 3652//6769 3653//6769
f 3653//6770 3654//6770 3651//6770
f 3652//6771 3617//6771 3620//6771
f 3620//6772 3653//6772 3652//6772
f 3301//6773 3304//6773 3655//6773
f 3301//6774 3655//6774 3265//6774
f 3264//6775 3301//6775 3265//6775
f 3621//6776 3656//6776 3657//6776
f 3657//6777 3622//6777 3621//6777
f 3656//6778 3623//6778 3626//6778
f 3626//6779 3657//6779 3656//6779
f 3658//6780 3305//6780 3308//6780
f 3308//6781 3659//6781 3658//6781
f 3660//6782 3661//6782 3662//6782
f 3662//6783 3663//6783 3660//6783
f 3661//6784 3651//6784 3654//6784
f 3654//6785 3662//6785 3661//6785
f 3618//6786 3617//6786 3664//6786
f 3664//6787 3665//6787 3618//6787
f 3666//6788 3667//6788 3645//6788
f 3645//6789 3292//6789 3666//6789
f 3292//6790 3291//6790 3310//6790
f 3310//6791 3309//6791 3292//6791
f 3668//6792 3669//6792 3285//6792
f 3285//6793 3313//6793 3668//6793
f 3670//6794 3671//6794 3325//6794
f 3325//6795 3324//6795 3670//6795
f 3285//6796 3644//6796 3314//6796
f 3314//6797 3313//6797 3285//6797
f 3660//6798 3296//6798 3295//6798
f 3295//6799 3648//6799 3660//6799
f 3659//6800 3273//6800 3672//6800
f 3672//6801 3658//6801 3659//6801
f 3273//6802 3269//6802 3268//6802
f 3268//6803 3672//6803 3273//6803
f 3673//6804 3674//6804 3322//6804
f 3322//6805 3652//6805 3673//6805
f 3675//6806 3676//6806 3635//6806
f 3635//6807 3319//6807 3675//6807
f 3635//6808 3645//6808 3320//6808
f 3320//6809 3319//6809 3635//6809
f 3323//6810 3326//6810 3677//6810
f 3677//6811 3678//6811 3323//6811
f 3679//6812 3680//6812 3311//6812
f 3311//6813 3310//6813 3679//6813
f 3640//6814 3286//6814 3324//6814
f 3324//6815 3323//6815 3640//6815
f 3661//6816 3660//6816 3681//6816
f 3681//6817 3682//6817 3661//6817
f 3647//6818 3633//6818 3683//6818
f 3683//6819 3684//6819 3647//6819
f 3641//6820 3636//6820 3328//6820
f 3328//6821 3327//6821 3641//6821
f 3336//6822 3331//6822 3334//6822
f 3334//6823 3337//6823 3336//6823
f 3304//6824 3331//6824 3336//6824
f 3304//6825 3336//6825 3685//6825
f 3655//6826 3304//6826 3685//6826
f 3304//6827 3303//6827 3332//6827
f 3332//6828 3331//6828 3304//6828
f 3343//6829 3335//6829 3338//6829
f 3338//6830 3344//6830 3343//6830
f 3686//6831 3335//6831 3343//6831
f 3299//6832 3686//6832 3343//6832
f 3299//6833 3616//6833 3686//6833
f 3687//6834 3688//6834 3616//6834
f 3616//6835 3266//6835 3687//6835
f 3689//6836 3339//6836 3274//6836
f 3274//6837 3590//6837 3689//6837
f 3659//6838 3308//6838 3339//6838
f 3339//6839 3689//6839 3659//6839
f 3308//6840 3307//6840 3340//6840
f 3340//6841 3339//6841 3308//6841
f 3342//6842 3345//6842 3615//6842
f 3340//6843 3615//6843 3275//6843
f 3340//6844 3342//6844 3615//6844
f 3307//6845 3300//6845 3342//6845
f 3342//6846 3340//6846 3307//6846
f 3300//6847 3299//6847 3343//6847
f 3343//6848 3342//6848 3300//6848
f 3277//6849 3566//6849 3565//6849
f 3274//6850 3277//6850 3565//6850
f 3590//6851 3274//6851 3565//6851
f 3566//6852 3277//6852 3260//6852
f 3260//6853 3575//6853 3566//6853
f 3277//6854 3276//6854 3261//6854
f 3261//6855 3260//6855 3277//6855
f 3271//6856 3578//6856 3591//6856
f 3591//6857 3272//6857 3271//6857
f 3590//6858 3574//6858 3578//6858
f 3590//6859 3578//6859 3271//6859
f 3590//6860 3271//6860 3689//6860
f 3689//6861 3271//6861 3273//6861
f 3273//6862 3659//6862 3689//6862
f 3270//6863 3269//6863 3272//6863
f 3272//6864 3341//6864 3270//6864
f 3341//6865 3272//6865 3591//6865
f 3591//6866 3690//6866 3341//6866
f 3691//6867 3561//6867 3630//6867
f 3691//6868 3630//6868 3629//6868
f 3691//6869 3629//6869 3333//6869
f 3690//6870 3691//6870 3333//6870
f 3341//6871 3690//6871 3333//6871
f 3332//6872 3341//6872 3333//6872
f 3283//6873 3243//6873 3246//6873
f 3246//6874 3284//6874 3283//6874
f 3244//6875 3629//6875 3564//6875
f 3564//6876 3245//6876 3244//6876
f 2324//6877 3245//6877 3564//6877
f 3564//6877 2292//6877 2324//6877
f 3692//6878 3245//6878 2324//6878
f 3254//6879 3284//6879 3563//6879
f 3563//6880 3255//6880 3254//6880
f 3692//6881 3246//6881 3245//6881
f 2290//6882 3246//6882 3692//6882
f 2290//6883 3284//6883 3246//6883
f 3563//6884 3284//6884 2290//6884
f 3693//6885 3157//6885 3160//6885
f 3160//6886 3589//6886 3693//6886
f 3157//6887 3693//6887 3162//6887
f 3162//6888 3161//6888 3157//6888
f 3158//6889 3157//6889 3161//6889
f 3161//6890 3164//6890 3158//6890
f 3694//6891 3182//6891 3184//6891
f 3184//6892 3695//6892 3694//6892
f 3696//6893 3697//6893 3182//6893
f 3182//6894 3694//6894 3696//6894
f 3235//6895 3185//6895 3188//6895
f 3188//6896 3236//6896 3235//6896
f 3696//6897 3694//6897 3185//6897
f 3185//6898 3235//6898 3696//6898
f 3694//6899 3695//6899 3186//6899
f 3186//6900 3185//6900 3694//6900
f 3571//6901 3589//6901 3160//6901
f 3160//6902 3226//6902 3571//6902
f 3698//6903 3699//6903 3697//6903
f 3697//6904 3696//6904 3698//6904
f 3700//6905 3701//6905 3699//6905
f 3699//6906 3698//6906 3700//6906
f 3702//6907 3569//6907 3572//6907
f 3572//6907 3703//6907 3702//6907
f 3704//6908 3234//6908 3237//6908
f 3237//6909 3705//6909 3704//6909
f 3700//6910 3698//6910 3234//6910
f 3234//6911 3704//6911 3700//6911
f 3698//6912 3696//6912 3235//6912
f 3235//6908 3234//6908 3698//6908
f 3706//6913 3238//6913 3239//6913
f 3239//6914 3707//6914 3706//6914
f 3708//6915 3709//6915 3238//6915
f 3238//6916 3706//6916 3708//6916
f 3709//6917 3705//6917 3237//6917
f 3237//6913 3238//6913 3709//6913
f 3691//6918 3690//6918 3580//6918
f 3580//6919 3579//6919 3691//6919
f 3280//6920 3580//6920 3690//6920
f 3690//6921 3591//6921 3280//6921
f 3579//6922 3562//6922 3561//6922
f 3561//6923 3691//6923 3579//6923
f 3710//6924 3612//6924 3611//6924
f 3611//6925 3711//6925 3710//6925
f 3189//6926 3195//6926 3187//6926
f 3187//6927 3186//6927 3189//6927
f 3201//6928 3695//6928 3184//6928
f 3184//6929 3198//6929 3201//6929
f 3198//6930 3184//6930 3159//6930
f 3159//6931 3158//6931 3198//6931
f 3158//6932 3164//6932 3379//6932
f 3198//6933 3158//6933 3379//6933
f 3199//6136 3198//6136 3379//6136
f 3201//6934 3189//6934 3186//6934
f 3186//6935 3695//6935 3201//6935
f 3204//6936 3504//6936 3201//6936
f 3504//6936 3505//6936 3201//6936
f 3505//6937 3557//6937 3201//6937
f 3557//6937 3530//6937 3201//6937
f 3530//6938 3189//6938 3201//6938
f 3530//6939 3532//6939 3189//6939
f 3532//6939 3533//6939 3189//6939
f 3533//6940 3558//6940 3189//6940
f 3558//6941 3190//6941 3189//6941
f 3173//6942 3195//6942 3197//6942
f 3173//6943 3172//6943 3195//6943
f 3172//6943 3710//6943 3195//6943
f 3188//6944 3187//6944 3216//6944
f 3712//6945 3188//6945 3215//6945
f 3188//6945 3216//6945 3215//6945
f 3195//6946 3710//6946 3187//6946
f 3710//6947 3711//6947 3187//6947
f 3711//6947 3216//6947 3187//6947
f 3239//6948 3236//6948 3188//6948
f 3188//6949 3712//6949 3239//6949
f 3707//6950 3239//6950 3592//6950
f 3239//6951 3593//6951 3592//6951
f 3239//6952 3712//6952 3593//6952
f 3259//6953 3587//6953 3575//6953
f 3575//6954 3260//6954 3259//6954
f 3162//6955 3693//6955 3259//6955
f 3259//6956 3258//6956 3162//6956
f 3693//6957 3589//6957 3587//6957
f 3587//6958 3259//6958 3693//6958
f 3262//6959 3258//6959 3261//6959
f 3261//6960 3256//6960 3262//6960
f 3249//6961 3386//6961 3262//6961
f 3262//6962 3257//6962 3249//6962
f 3386//6963 3162//6963 3258//6963
f 3258//6964 3262//6964 3386//6964
f 3703//6965 3183//6965 3182//6965
f 3585//6966 3703//6966 3182//6966
f 3697//6967 3585//6967 3182//6967
f 3699//6968 3586//6968 3585//6968
f 3585//6969 3697//6969 3699//6969
f 3572//6970 3226//6970 3183//6970
f 3183//6971 3703//6971 3572//6971
f 3571//6972 3226//6972 3572//6972
f 3589//6973 3571//6973 2325//6973
f 2325//6974 2298//6974 3589//6974
f 2325//6975 3571//6975 2321//6975
f 3699//6976 3701//6976 3586//6976
f 3713//6977 3583//6977 3586//6977
f 3586//6978 3701//6978 3713//6978
f 3584//6979 3702//6979 3703//6979
f 3703//6979 3585//6979 3584//6979
f 3583//6980 3714//6980 3715//6980
f 3715//6981 3584//6981 3583//6981
f 3716//6982 3717//6982 3715//6982
f 3715//6983 3714//6983 3716//6983
f 2344//6984 2345//6984 3718//6984
f 3718//6985 3719//6985 2344//6985
f 3720//6986 3281//6986 3280//6986
f 3280//6987 3577//6987 3720//6987
f 2345//6988 3570//6988 3718//6988
f 2339//6989 3576//6989 2340//6989
f 2340//6990 3576//6990 2341//6990
f 3576//6991 2339//6991 3720//6991
f 3720//6992 3567//6992 3576//6992
f 2342//6993 3281//6993 2339//6993
f 2339//6994 3281//6994 3720//6994
f 3560//6995 3281//6995 2343//6995
f 2343//6996 2281//6996 3560//6996
f 2343//6995 3281//6995 2342//6995
f 3567//6997 3720//6997 3577//6997
f 3567//6998 3577//6998 3568//6998
f 3577//6999 3573//6999 3568//6999
f 3584//7000 3715//7000 3702//7000
f 3717//7001 3569//7001 3702//7001
f 3702//7002 3715//7002 3717//7002
f 3718//7003 3570//7003 3569//7003
f 3569//7004 3717//7004 3718//7004
f 3713//7005 3721//7005 3714//7005
f 3714//7006 3583//7006 3713//7006
f 3722//7007 3716//7007 3714//7007
f 3714//7008 3721//7008 3722//7008
f 3723//7009 3719//7009 3716//7009
f 3716//7010 3722//7010 3723//7010
f 3719//7011 3718//7011 3717//7011
f 3717//7012 3716//7012 3719//7012
f 3724//7013 2344//7013 3719//7013
f 3719//7014 3723//7014 3724//7014
f 2320//7015 3570//7015 2346//7015
f 2347//7016 3570//7016 2345//7016
f 2346//7017 3570//7017 2347//7017
f 2341//7018 3576//7018 2310//7018
f 3630//7019 3561//7019 3559//7019
f 3559//7020 3564//7020 3630//7020
f 3581//7021 3279//7021 3278//7021
f 3278//7022 3725//7022 3581//7022
f 3726//7023 3725//7023 3727//7023
f 3726//7024 3581//7024 3725//7024
f 3726//7025 3582//7025 3581//7025
f 3281//7026 3560//7026 3725//7026
f 3725//7027 3278//7027 3281//7027
f 3559//7028 3562//7028 3726//7028
f 3726//7029 3727//7029 3559//7029
f 3560//7030 3559//7030 3727//7030
f 3727//7031 3725//7031 3560//7031
f 3726//7032 3562//7032 3579//7032
f 3579//7032 3582//7032 3726//7032
f 3581//7033 3580//7033 3280//7033
f 3280//7033 3279//7033 3581//7033
f 3334//7034 3333//7034 3629//7034
f 3629//7035 3244//7035 3334//7035
f 3345//7036 3344//7036 3282//7036
f 3282//7037 3615//7037 3345//7037
f 3344//7038 3338//7038 3283//7038
f 3283//7039 3282//7039 3344//7039
f 3338//7040 3337//7040 3243//7040
f 3243//7041 3283//7041 3338//7041
f 3337//7042 3334//7042 3244//7042
f 3244//7043 3243//7043 3337//7043
f 3686//7044 3685//7044 3336//7044
f 3336//7045 3335//7045 3686//7045
f 3728//7046 3729//7046 3685//7046
f 3685//7046 3686//7046 3728//7046
f 3688//7047 3730//7047 3729//7047
f 3729//7048 3728//7048 3688//7048
f 3687//7049 3731//7049 3730//7049
f 3730//7050 3688//7050 3687//7050
f 3266//7051 3265//7051 3731//7051
f 3731//7051 3687//7051 3266//7051
f 3686//7052 3616//7052 3688//7052
f 3688//7053 3728//7053 3686//7053
f 3265//7054 3655//7054 3730//7054
f 3730//7055 3731//7055 3265//7055
f 3729//7056 3730//7056 3655//7056
f 3655//7057 3685//7057 3729//7057
f 3622//7058 3657//7058 3301//7058
f 3301//7059 3264//7059 3622//7059
f 3657//7060 3626//7060 3302//7060
f 3302//7061 3301//7061 3657//7061
f 3653//7062 3620//7062 3298//7062
f 3298//7063 3297//7063 3653//7063
f 3619//7064 3622//7064 3264//7064
f 3264//7065 3263//7065 3619//7065
f 3620//7066 3619//7066 3263//7066
f 3263//7067 3298//7067 3620//7067
f 3626//7068 3625//7068 3267//7068
f 3267//7069 3302//7069 3626//7069
f 3625//7070 3628//7070 3268//7070
f 3268//7071 3267//7071 3625//7071
f 3672//7072 3268//7072 3628//7072
f 3628//7073 3732//7073 3672//7073
f 3658//7074 3672//7074 3732//7074
f 3732//7075 3663//7075 3658//7075
f 3663//7076 3662//7076 3305//7076
f 3305//7077 3658//7077 3663//7077
f 3654//7078 3653//7078 3297//7078
f 3297//7079 3306//7079 3654//7079
f 3662//7080 3654//7080 3306//7080
f 3306//7081 3305//7081 3662//7081
f 3288//7082 3287//7082 3733//7082
f 3733//7083 3734//7083 3288//7083
f 3735//7084 3643//7084 3288//7084
f 3288//7084 3734//7084 3735//7084
f 3736//7085 3737//7085 3632//7085
f 3632//7085 3631//7085 3736//7085
f 3631//7086 3643//7086 3735//7086
f 3735//7086 3736//7086 3631//7086
f 3738//7087 3646//7087 3638//7087
f 3638//7087 3739//7087 3738//7087
f 3637//7088 3740//7088 3739//7088
f 3739//7088 3638//7088 3637//7088
f 3741//7089 3740//7089 3637//7089
f 3637//7089 3642//7089 3741//7089
f 3642//7090 3632//7090 3737//7090
f 3737//7090 3741//7090 3642//7090
f 3642//7091 3637//7091 3636//7091
f 3636//7092 3641//7092 3642//7092
f 3640//7093 3291//7093 3290//7093
f 3290//7094 3639//7094 3640//7094
f 3638//7095 3646//7095 3645//7095
f 3645//7096 3635//7096 3638//7096
f 3634//7097 3644//7097 3643//7097
f 3643//7098 3631//7098 3634//7098
f 3741//7099 3737//7099 3736//7099
f 3736//7100 3742//7100 3741//7100
f 3743//7101 3744//7101 3745//7101
f 3745//7102 3746//7102 3743//7102
f 3741//7103 3742//7103 3747//7103
f 3734//7104 3748//7104 3736//7104
f 3736//7105 3735//7105 3734//7105
f 3740//7106 3741//7106 3747//7106
f 3747//7107 3749//7107 3740//7107
f 3750//7108 3739//7108 3751//7108
f 3738//7109 3739//7109 3750//7109
f 3750//7110 3743//7110 3738//7110
f 3739//7111 3740//7111 3749//7111
f 3749//7112 3751//7112 3739//7112
f 3745//7113 3733//7113 3287//7113
f 3287//7114 3639//7114 3745//7114
f 3639//7115 3290//7115 3746//7115
f 3746//7115 3745//7115 3639//7115
f 3646//7116 3738//7116 3743//7116
f 3743//7116 3289//7116 3646//7116
f 3746//7117 3290//7117 3289//7117
f 3289//7117 3743//7117 3746//7117
f 3732//7118 3628//7118 3627//7118
f 3627//7119 3296//7119 3732//7119
f 3320//7120 3645//7120 3667//7120
f 3667//7121 3752//7121 3320//7121
f 3312//7122 3311//7122 3621//7122
f 3621//7123 3618//7123 3312//7123
f 3624//7124 3623//7124 3753//7124
f 3753//7125 3754//7125 3624//7125
f 3316//7126 3315//7126 3627//7126
f 3627//7127 3624//7127 3316//7127
f 3755//7128 3756//7128 3329//7128
f 3329//7129 3328//7129 3755//7129
f 3322//7130 3321//7130 3617//7130
f 3617//7131 3652//7131 3322//7131
f 3757//7132 3677//7132 3326//7132
f 3326//7133 3656//7133 3757//7133
f 3326//7134 3325//7134 3623//7134
f 3623//7135 3656//7135 3326//7135
f 3330//7136 3758//7136 3759//7136
f 3759//7136 3327//7136 3330//7136
f 3330//7137 3329//7137 3651//7137
f 3651//7138 3661//7138 3330//7138
f 3663//7139 3732//7139 3296//7139
f 3296//7140 3660//7140 3663//7140
f 3315//7141 3760//7141 3761//7141
f 3761//7142 3627//7142 3315//7142
f 3761//7143 3293//7143 3296//7143
f 3296//7143 3627//7143 3761//7143
f 3294//7144 3760//7144 3650//7144
f 3650//7145 3318//7145 3294//7145
f 3623//7146 3325//7146 3671//7146
f 3671//7146 3753//7146 3623//7146
f 3656//7147 3621//7147 3762//7147
f 3762//7148 3757//7148 3656//7148
f 3678//7149 3763//7149 3640//7149
f 3640//7150 3323//7150 3678//7150
f 3680//7151 3677//7151 3757//7151
f 3757//7152 3762//7152 3680//7152
f 3650//7153 3760//7153 3315//7153
f 3315//7154 3314//7154 3650//7154
f 3764//7155 3669//7155 3668//7155
f 3668//7156 3670//7156 3764//7156
f 3765//7157 3316//7157 3624//7157
f 3624//7157 3754//7157 3765//7157
f 3679//7158 3678//7158 3677//7158
f 3677//7159 3680//7159 3679//7159
f 3669//7160 3764//7160 3286//7160
f 3286//7161 3285//7161 3669//7161
f 3671//7162 3765//7162 3754//7162
f 3754//7163 3753//7163 3671//7163
f 3766//7164 3763//7164 3678//7164
f 3678//7165 3679//7165 3766//7165
f 3318//7166 3767//7166 3634//7166
f 3634//7167 3317//7167 3318//7167
f 3310//7168 3291//7168 3766//7168
f 3766//7169 3679//7169 3310//7169
f 3316//7170 3765//7170 3668//7170
f 3668//7170 3313//7170 3316//7170
f 3670//7171 3668//7171 3765//7171
f 3765//7172 3671//7172 3670//7172
f 3621//7173 3311//7173 3680//7173
f 3680//7174 3762//7174 3621//7174
f 3318//7175 3650//7175 3649//7175
f 3649//7176 3767//7176 3318//7176
f 3763//7177 3766//7177 3291//7177
f 3291//7178 3640//7178 3763//7178
f 3324//7179 3286//7179 3764//7179
f 3764//7180 3670//7180 3324//7180
f 3293//7181 3761//7181 3760//7181
f 3760//7182 3294//7182 3293//7182
f 3767//7183 3649//7183 3644//7183
f 3644//7184 3634//7184 3767//7184
f 3752//7185 3768//7185 3769//7185
f 3769//7186 3770//7186 3752//7186
f 3667//7187 3666//7187 3768//7187
f 3768//7188 3752//7188 3667//7188
f 3770//7189 3769//7189 3665//7189
f 3665//7190 3664//7190 3770//7190
f 3768//7191 3666//7191 3292//7191
f 3292//7192 3309//7192 3768//7192
f 3752//7193 3770//7193 3321//7193
f 3321//7194 3320//7194 3752//7194
f 3665//7195 3769//7195 3312//7195
f 3312//7196 3618//7196 3665//7196
f 3617//7197 3321//7197 3770//7197
f 3770//7198 3664//7198 3617//7198
f 3309//7199 3312//7199 3769//7199
f 3769//7199 3768//7199 3309//7199
f 3755//7200 3675//7200 3674//7200
f 3674//7201 3756//7201 3755//7201
f 3771//7202 3676//7202 3675//7202
f 3675//7203 3755//7203 3771//7203
f 3756//7204 3674//7204 3673//7204
f 3673//7205 3772//7205 3756//7205
f 3651//7206 3329//7206 3756//7206
f 3756//7207 3772//7207 3651//7207
f 3319//7208 3322//7208 3674//7208
f 3674//7209 3675//7209 3319//7209
f 3652//7210 3651//7210 3772//7210
f 3772//7211 3673//7211 3652//7211
f 3328//7212 3636//7212 3771//7212
f 3771//7213 3755//7213 3328//7213
f 3676//7214 3771//7214 3636//7214
f 3636//7215 3635//7215 3676//7215
f 3684//7216 3759//7216 3758//7216
f 3758//7217 3773//7217 3684//7217
f 3683//7218 3774//7218 3759//7218
f 3759//7219 3684//7219 3683//7219
f 3773//7220 3758//7220 3682//7220
f 3682//7221 3681//7221 3773//7221
f 3660//7222 3648//7222 3773//7222
f 3773//7223 3681//7223 3660//7223
f 3684//7224 3773//7224 3648//7224
f 3648//7225 3647//7225 3684//7225
f 3759//7226 3774//7226 3641//7226
f 3641//7227 3327//7227 3759//7227
f 3774//7228 3683//7228 3633//7228
f 3633//7229 3641//7229 3774//7229
f 3682//7230 3758//7230 3330//7230
f 3330//7231 3661//7231 3682//7231
f 3708//7232 3706//7232 3775//7232
f 3775//7233 3776//7233 3708//7233
f 3775//7232 3706//7232 3777//7232
f 3706//7234 3707//7234 3778//7234
f 3778//7235 3777//7235 3706//7235
f 3778//7234 3707//7234 3779//7234
f 3593//7236 3214//7236 3780//7236
f 3780//7237 3596//7237 3593//7237
f 3780//7236 3214//7236 3598//7236
f 3707//7238 3592//7238 3781//7238
f 3781//7239 3779//7239 3707//7239
f 3781//7238 3592//7238 3595//7238
f 3179//7240 3177//7240 3176//7240
f 3176//7241 3180//7241 3179//7241
f 3607//7242 3179//7242 3604//7242
f 3749//7243 3747//7243 3782//7243
f 3782//7244 3783//7244 3749//7244
f 3784//7245 3785//7245 3786//7245
f 3786//7246 3787//7246 3784//7246
f 3742//7247 3736//7247 3748//7247
f 3788//7248 3784//7248 3787//7248
f 3787//7249 3789//7249 3788//7249
f 3744//7250 3789//7250 3745//7250
f 3786//7251 3748//7251 3734//7251
f 3789//7252 3787//7252 3733//7252
f 3733//7253 3745//7253 3789//7253
f 3787//7254 3786//7254 3734//7254
f 3734//7255 3733//7255 3787//7255
f 3743//7256 3750//7256 3790//7256
f 3743//7257 3790//7257 3744//7257
f 3785//7258 3791//7258 3748//7258
f 3748//7259 3786//7259 3785//7259
f 3792//7260 3793//7260 3785//7260
f 3785//7261 3784//7261 3792//7261
f 3794//7262 3783//7262 3795//7262
f 3795//7263 3796//7263 3794//7263
f 3797//7264 3792//7264 3784//7264
f 3784//7265 3788//7265 3797//7265
f 3793//7266 3798//7266 3791//7266
f 3791//7267 3785//7267 3793//7267
f 3799//7268 3800//7268 3744//7268
f 3744//7269 3790//7269 3799//7269
f 3750//7270 3751//7270 3794//7270
f 3794//7271 3801//7271 3750//7271
f 3802//7272 3742//7272 3803//7272
f 3747//7273 3742//7273 3802//7273
f 3802//7274 3782//7274 3747//7274
f 3800//7275 3788//7275 3789//7275
f 3789//7276 3744//7276 3800//7276
f 3751//7277 3749//7277 3783//7277
f 3783//7278 3794//7278 3751//7278
f 3783//7279 3782//7279 3804//7279
f 3804//7280 3805//7280 3783//7280
f 3782//7281 3802//7281 3803//7281
f 3803//7282 3804//7282 3782//7282
f 3806//7283 3807//7283 3797//7283
f 3797//7284 3808//7284 3806//7284
f 3809//7285 3798//7285 3810//7285
f 3810//7286 3811//7286 3809//7286
f 3812//7287 3806//7287 3808//7287
f 3808//7288 3813//7288 3812//7288
f 3814//7289 3815//7289 3793//7289
f 3793//7290 3792//7290 3814//7290
f 3816//7291 3817//7291 3805//7291
f 3805//7292 3804//7292 3816//7292
f 3813//7293 3808//7293 3800//7293
f 3800//7294 3799//7294 3813//7294
f 3809//7295 3816//7295 3804//7295
f 3804//7296 3803//7296 3809//7296
f 3803//7297 3791//7297 3798//7297
f 3798//7298 3809//7298 3803//7298
f 3817//7299 3795//7299 3783//7299
f 3783//7300 3805//7300 3817//7300
f 3808//7301 3797//7301 3788//7301
f 3788//7302 3800//7302 3808//7302
f 3801//7303 3794//7303 3796//7303
f 3796//7304 3818//7304 3801//7304
f 3818//7305 3796//7305 3819//7305
f 3819//7306 3820//7306 3818//7306
f 3817//7307 3821//7307 3822//7307
f 3822//7308 3823//7308 3817//7308
f 3819//7309 3824//7309 3825//7309
f 3825//7309 3826//7309 3819//7309
f 3822//7310 3827//7310 3828//7310
f 3828//7310 3823//7310 3822//7310
f 3823//7311 3824//7311 3795//7311
f 3795//7312 3817//7312 3823//7312
f 3813//7313 3818//7313 3820//7313
f 3820//7314 3829//7314 3813//7314
f 3821//7315 3813//7315 3829//7315
f 3829//7316 3822//7316 3821//7316
f 3796//7317 3795//7317 3824//7317
f 3824//7318 3819//7318 3796//7318
f 3830//7319 3831//7319 3814//7319
f 3814//7320 3807//7320 3830//7320
f 3832//7321 3833//7321 3834//7321
f 3834//7322 3835//7322 3832//7322
f 3836//7323 3837//7323 3810//7323
f 3810//7324 3815//7324 3836//7324
f 3838//7325 3830//7325 3807//7325
f 3807//7326 3806//7326 3838//7326
f 3815//7327 3810//7327 3798//7327
f 3798//7328 3793//7328 3815//7328
f 3834//7329 3839//7329 3821//7329
f 3821//7330 3817//7330 3834//7330
f 3835//7331 3834//7331 3817//7331
f 3817//7332 3816//7332 3835//7332
f 3807//7333 3814//7333 3792//7333
f 3792//7334 3797//7334 3807//7334
f 3839//7335 3812//7335 3813//7335
f 3813//7336 3821//7336 3839//7336
f 3811//7337 3835//7337 3816//7337
f 3816//7338 3809//7338 3811//7338
f 3833//7339 3832//7339 3836//7339
f 3836//7340 3831//7340 3833//7340
f 3840//7341 3841//7341 3830//7341
f 3830//7342 3838//7342 3840//7342
f 3841//7343 3833//7343 3831//7343
f 3831//7344 3830//7344 3841//7344
f 3832//7345 3842//7345 3837//7345
f 3837//7346 3836//7346 3832//7346
f 3842//7347 3832//7347 3835//7347
f 3835//7348 3811//7348 3842//7348
f 3831//7349 3836//7349 3815//7349
f 3815//7350 3814//7350 3831//7350
f 3840//7351 3838//7351 3806//7351
f 3806//7352 3812//7352 3840//7352
f 3833//7353 3841//7353 3839//7353
f 3839//7354 3834//7354 3833//7354
f 3811//7355 3810//7355 3837//7355
f 3837//7356 3842//7356 3811//7356
f 3841//7357 3840//7357 3812//7357
f 3812//7358 3839//7358 3841//7358
f 3826//7359 3825//7359 3828//7359
f 3828//7360 3827//7360 3826//7360
f 3843//7361 3826//7361 3827//7361
f 3827//7362 3844//7362 3843//7362
f 3829//7363 3820//7363 3843//7363
f 3843//7363 3844//7363 3829//7363
f 3820//7364 3819//7364 3826//7364
f 3826//7364 3843//7364 3820//7364
f 3825//7365 3824//7365 3823//7365
f 3823//7365 3828//7365 3825//7365
f 3822//7366 3829//7366 3844//7366
f 3844//7366 3827//7366 3822//7366
f 3818//7367 3813//7367 3799//7367
f 3799//7368 3801//7368 3818//7368
f 3801//7369 3799//7369 3790//7369
f 3790//7370 3750//7370 3801//7370
f 3742//7371 3748//7371 3791//7371
f 3791//7372 3803//7372 3742//7372
f 3711//7373 3611//7373 3217//7373
f 3217//7374 3216//7374 3711//7374
f 3845//7375 3217//7375 3611//7375
f 3611//7376 3614//7376 3845//7376
f 3599//7375 3217//7375 3845//7375
f 789//7377 3612//7377 3171//7377
f 3171//7378 3609//7378 789//7378
f 3613//7379 3612//7379 789//7379
f 3171//7380 3612//7380 3710//7380
f 3710//7381 3172//7381 3171//7381
f 3593//7382 3712//7382 3215//7382
f 3215//7383 3214//7383 3593//7383
f 3846//7384 3847//7384 3848//7384
f 3848//7385 3849//7385 3846//7385
f 3850//7386 3851//7386 3852//7386
f 3853//7387 3850//7387 3852//7387
f 3853//7388 3854//7388 3850//7388
f 3855//7389 3856//7389 3857//7389
f 3857//7390 3858//7390 3855//7390
f 3859//7391 3860//7391 3861//7391
f 3861//7392 3862//7392 3859//7392
f 3863//7393 3864//7393 3865//7393
f 3865//7394 3866//7394 3863//7394
f 3867//7395 3868//7395 3869//7395
f 3869//7396 3870//7396 3867//7396
f 3871//7397 3872//7397 3848//7397
f 3848//7398 3873//7398 3871//7398
f 3874//7399 3875//7399 3876//7399
f 3876//7400 3877//7400 3874//7400
f 3878//7401 3879//7401 3880//7401
f 3878//7401 3881//7401 3879//7401
f 3878//7402 3882//7402 3881//7402
f 3878//7402 3883//7402 3882//7402
f 3878//7403 3884//7403 3883//7403
f 3884//7404 3885//7404 3883//7404
f 3884//7404 3886//7404 3885//7404
f 3887//7405 3888//7405 3889//7405
f 3887//7406 3889//7406 3890//7406
f 3891//7407 3887//7407 3890//7407
f 3892//7408 3891//7408 3890//7408
f 3893//7408 3892//7408 3890//7408
f 3894//7409 3895//7409 3896//7409
f 3895//7410 3897//7410 3896//7410
f 3895//7411 3898//7411 3897//7411
f 3899//7412 3900//7412 3901//7412
f 3901//7413 3902//7413 3899//7413
f 3903//7414 3904//7414 3905//7414
f 3905//7415 3906//7415 3903//7415
f 3907//7416 3908//7416 3909//7416
f 3909//7417 3910//7417 3907//7417
f 3911//7418 3850//7418 3912//7418
f 3913//7419 3911//7419 3912//7419
f 3913//7420 3912//7420 3914//7420
f 3915//7421 3873//7421 3848//7421
f 3848//7422 3847//7422 3915//7422
f 3227//7423 3916//7423 3917//7423
f 3917//7424 3228//7424 3227//7424
f 3918//7425 3919//7425 3907//7425
f 3907//7426 3920//7426 3918//7426
f 3921//7427 3922//7427 3923//7427
f 3923//7428 3924//7428 3921//7428
f 3925//7429 3926//7429 3923//7429
f 3923//7430 3922//7430 3925//7430
f 3920//7431 3907//7431 3910//7431
f 3910//7432 3927//7432 3920//7432
f 3241//7433 3228//7433 3917//7433
f 3917//7434 3928//7434 3241//7434
f 3929//7435 3930//7435 3931//7435
f 3931//7436 3932//7436 3929//7436
f 3933//7437 3934//7437 3935//7437
f 2423//7438 3227//7438 3250//7438
f 3855//7439 3227//7439 2423//7439
f 2423//7440 3936//7440 3855//7440
f 3855//7441 3937//7441 3227//7441
f 3937//7442 3916//7442 3227//7442
f 3938//7443 3939//7443 3940//7443
f 3940//7444 3941//7444 3938//7444
f 2440//7445 3933//7445 2441//7445
f 2442//7446 3940//7446 3933//7446
f 3933//7447 2440//7447 2442//7447
f 3940//7448 3942//7448 3933//7448
f 3942//7449 3934//7449 3933//7449
f 3943//7450 3944//7450 3945//7450
f 3945//7451 3946//7451 3943//7451
f 3942//7452 3940//7452 3939//7452
f 3939//7453 3947//7453 3942//7453
f 3948//7454 3949//7454 3950//7454
f 3950//7455 3951//7455 3948//7455
f 3952//7456 3953//7456 3954//7456
f 3954//7457 3955//7457 3952//7457
f 3956//7458 3957//7458 3954//7458
f 3954//7459 3958//7459 3956//7459
f 3959//7460 3960//7460 3961//7460
f 3961//7461 3962//7461 3959//7461
f 3963//7462 3964//7462 3965//7462
f 3965//7463 3966//7463 3963//7463
f 3967//7464 3941//7464 3968//7464
f 3968//7465 3969//7465 3967//7465
f 3970//7466 3971//7466 3972//7466
f 3972//7467 3973//7467 3970//7467
f 3974//7468 3975//7468 3976//7468
f 3976//7469 3977//7469 3974//7469
f 3978//7470 3979//7470 3980//7470
f 3980//7471 3981//7471 3978//7471
f 3982//7472 3983//7472 3984//7472
f 3984//7473 3985//7473 3982//7473
f 3986//7474 3987//7474 3988//7474
f 3988//7475 3989//7475 3986//7475
f 3990//7476 3991//7476 3992//7476
f 3992//7477 3993//7477 3990//7477
f 3994//7478 3995//7478 3996//7478
f 3996//7479 3997//7479 3994//7479
f 3998//7480 3999//7480 4000//7480
f 4000//7481 4001//7481 3998//7481
f 4002//7482 4003//7482 3981//7482
f 3981//7483 3980//7483 4002//7483
f 4004//7484 4005//7484 4006//7484
f 4006//7485 4007//7485 4004//7485
f 4008//7486 4009//7486 4010//7486
f 4010//7487 4011//7487 4008//7487
f 4012//7488 4013//7488 4014//7488
f 4014//7489 4015//7489 4012//7489
f 4016//7490 4017//7490 4018//7490
f 4018//7491 4019//7491 4016//7491
f 4020//7492 4021//7492 4022//7492
f 4022//7493 4023//7493 4020//7493
f 4024//7494 3959//7494 3962//7494
f 3962//7495 4025//7495 4024//7495
f 3988//7496 4019//7496 4026//7496
f 4026//7497 3953//7497 3988//7497
f 4027//7498 4028//7498 4029//7498
f 4029//7499 4030//7499 4027//7499
f 3916//7500 3937//7500 4031//7500
f 4031//7501 3917//7501 3916//7501
f 4032//7502 4033//7502 4034//7502
f 4035//7503 3897//7503 3898//7503
f 3898//7504 4036//7504 4035//7504
f 3856//7505 3935//7505 3911//7505
f 3911//7506 3857//7506 3856//7506
f 3352//7507 4034//7507 3353//7507
f 4034//7508 4037//7508 3353//7508
f 4037//7509 3907//7509 3919//7509
f 4037//7510 3919//7510 4038//7510
f 4037//7511 4038//7511 3353//7511
f 4039//7512 4040//7512 4041//7512
f 4041//7513 4042//7513 4039//7513
f 4043//7514 4044//7514 4045//7514
f 4045//7515 4046//7515 4043//7515
f 4047//7516 4048//7516 4040//7516
f 4040//7517 4039//7517 4047//7517
f 3856//7518 3855//7518 3041//7518
f 3041//7519 3042//7519 3856//7519
f 3855//7520 3936//7520 3041//7520
f 4049//7521 3928//7521 3917//7521
f 3917//7522 4050//7522 4049//7522
f 4031//7523 4051//7523 4050//7523
f 4050//7524 3917//7524 4031//7524
f 4052//7525 4053//7525 4054//7525
f 4054//7526 4055//7526 4052//7526
f 3857//7527 4056//7527 3858//7527
f 4056//7528 4052//7528 3858//7528
f 4052//7529 4055//7529 3858//7529
f 3912//7530 3850//7530 3854//7530
f 3912//7531 3854//7531 4057//7531
f 3854//7532 4058//7532 4057//7532
f 4059//7533 4060//7533 4061//7533
f 4061//7534 4032//7534 4059//7534
f 3854//7535 3853//7535 4062//7535
f 4063//7536 3854//7536 4062//7536
f 3888//7537 4063//7537 4062//7537
f 4064//7538 4065//7538 4036//7538
f 4036//7539 3898//7539 4064//7539
f 3935//7540 3934//7540 3850//7540
f 3850//7541 3911//7541 3935//7541
f 3913//7542 4066//7542 4056//7542
f 3913//7543 4056//7543 3911//7543
f 4063//7544 4058//7544 3854//7544
f 4063//7545 4067//7545 4058//7545
f 4063//7546 4068//7546 4067//7546
f 3851//7547 3850//7547 3934//7547
f 3934//7548 4069//7548 3851//7548
f 4070//7549 4071//7549 4072//7549
f 4072//7550 4073//7550 4070//7550
f 4074//7551 4075//7551 4076//7551
f 4076//7552 4077//7552 4074//7552
f 4078//7553 4079//7553 4080//7553
f 4080//7554 4081//7554 4078//7554
f 4082//7555 4083//7555 4084//7555
f 4084//7556 4085//7556 4082//7556
f 4086//7557 4087//7557 4088//7557
f 4089//7558 4090//7558 4091//7558
f 4091//7559 4092//7559 4089//7559
f 4093//7560 4085//7560 4084//7560
f 4084//7561 4094//7561 4093//7561
f 4095//7562 4096//7562 4097//7562
f 4097//7563 4098//7563 4095//7563
f 4099//7564 4081//7564 4080//7564
f 4080//7565 4100//7565 4099//7565
f 4101//7566 4057//7566 4058//7566
f 4058//7567 4102//7567 4101//7567
f 4103//7568 4102//7568 4058//7568
f 4058//7569 4067//7569 4103//7569
f 4065//7570 4077//7570 4104//7570
f 4104//7571 4036//7571 4065//7571
f 4032//7572 4061//7572 4105//7572
f 4105//7573 4033//7573 4032//7573
f 4063//7537 3888//7537 3887//7537
f 3897//7574 4063//7574 3887//7574
f 3891//7575 3897//7575 3887//7575
f 3891//7576 3896//7576 3897//7576
f 4068//7577 4063//7577 3897//7577
f 3897//7578 4035//7578 4068//7578
f 3044//7579 3933//7579 3935//7579
f 3935//7580 3043//7580 3044//7580
f 3935//7581 3856//7581 3042//7581
f 3042//7582 3043//7582 3935//7582
f 2441//7583 3933//7583 3044//7583
f 3858//7584 4055//7584 4051//7584
f 4051//7585 4031//7585 3858//7585
f 3937//7586 3855//7586 3858//7586
f 3858//7587 4031//7587 3937//7587
f 4034//7588 4033//7588 4037//7588
f 4033//7589 4105//7589 4089//7589
f 4089//7590 4037//7590 4033//7590
f 4106//7591 4107//7591 4071//7591
f 4071//7592 4070//7592 4106//7592
f 4073//7593 4072//7593 4075//7593
f 4075//7594 4074//7594 4073//7594
f 4108//7595 4109//7595 4110//7595
f 4110//7596 4111//7596 4108//7596
f 4098//7597 4097//7597 4112//7597
f 4112//7598 4113//7598 4098//7598
f 4066//7599 3913//7599 4079//7599
f 4079//7600 4078//7600 4066//7600
f 4113//7601 4066//7601 4078//7601
f 4078//7602 4083//7602 4113//7602
f 4083//7603 4078//7603 4081//7603
f 4081//7604 4084//7604 4083//7604
f 4098//7605 4113//7605 4083//7605
f 4083//7606 4082//7606 4098//7606
f 4095//7607 4098//7607 4082//7607
f 4095//7608 4082//7608 4085//7608
f 4085//7609 4088//7609 4095//7609
f 4109//7610 4108//7610 4114//7610
f 4114//7611 4115//7611 4109//7611
f 4116//7612 4088//7612 4085//7612
f 4085//7613 4093//7613 4116//7613
f 4107//7614 4116//7614 4093//7614
f 4093//7615 4071//7615 4107//7615
f 4071//7616 4093//7616 4094//7616
f 4094//7617 4072//7617 4071//7617
f 4066//7618 4117//7618 4118//7618
f 4118//7619 4056//7619 4066//7619
f 4107//7620 4115//7620 4119//7620
f 4119//7621 4116//7621 4107//7621
f 4116//7622 4119//7622 4086//7622
f 4086//7623 4088//7623 4116//7623
f 4094//7624 4084//7624 4081//7624
f 4081//7625 4099//7625 4094//7625
f 4072//7626 4094//7626 4099//7626
f 4099//7627 4075//7627 4072//7627
f 4075//7628 4099//7628 4100//7628
f 4100//7629 4076//7629 4075//7629
f 3914//7630 3912//7630 4057//7630
f 4057//7631 4101//7631 3914//7631
f 3913//7632 3914//7632 4101//7632
f 4101//7633 4079//7633 3913//7633
f 4079//7634 4101//7634 4102//7634
f 4102//7635 4080//7635 4079//7635
f 4100//7636 4080//7636 4102//7636
f 4102//7637 4103//7637 4100//7637
f 4076//7638 4100//7638 4103//7638
f 4103//7639 4120//7639 4076//7639
f 4120//7640 4103//7640 4067//7640
f 4067//7641 4068//7641 4120//7641
f 4106//7642 4109//7642 4115//7642
f 4115//7643 4107//7643 4106//7643
f 4036//7644 4104//7644 4035//7644
f 4087//7645 4121//7645 4096//7645
f 4096//7646 4095//7646 4087//7646
f 4090//7647 4089//7647 4105//7647
f 4105//7648 4122//7648 4090//7648
f 4077//7649 4076//7649 4120//7649
f 4120//7650 4104//7650 4077//7650
f 4035//7651 4104//7651 4120//7651
f 4120//7652 4068//7652 4035//7652
f 4088//7653 4087//7653 4095//7653
f 4111//7654 4110//7654 4123//7654
f 4123//7655 4124//7655 4111//7655
f 4061//7656 4125//7656 4122//7656
f 4122//7657 4105//7657 4061//7657
f 4049//7658 4126//7658 4127//7658
f 4127//7659 4060//7659 4049//7659
f 4128//7660 4037//7660 4129//7660
f 4065//7661 4130//7661 4074//7661
f 4074//7662 4077//7662 4065//7662
f 4073//7663 4074//7663 4130//7663
f 4130//7664 4129//7664 4073//7664
f 4065//7665 4064//7665 4128//7665
f 4065//7666 4128//7666 4129//7666
f 4065//7667 4129//7667 4130//7667
f 4106//7668 4070//7668 4123//7668
f 4123//7669 4110//7669 4106//7669
f 4110//7670 4109//7670 4106//7670
f 4129//7671 4123//7671 4070//7671
f 4070//7672 4073//7672 4129//7672
f 4129//7673 4037//7673 4092//7673
f 4092//7674 4037//7674 4089//7674
f 4118//7675 4117//7675 4112//7675
f 4108//7676 4125//7676 4127//7676
f 4127//7677 4114//7677 4108//7677
f 4131//7678 4126//7678 4132//7678
f 4132//7679 4133//7679 4131//7679
f 4054//7680 4053//7680 4097//7680
f 4097//7681 4096//7681 4054//7681
f 4053//7682 4118//7682 4112//7682
f 4112//7683 4097//7683 4053//7683
f 4132//7684 4134//7684 4121//7684
f 4121//7685 4133//7685 4132//7685
f 4114//7686 4127//7686 4126//7686
f 4126//7687 4131//7687 4114//7687
f 4090//7688 4122//7688 4108//7688
f 4108//7689 4111//7689 4090//7689
f 4122//7690 4125//7690 4108//7690
f 4134//7691 4054//7691 4096//7691
f 4096//7692 4121//7692 4134//7692
f 4111//7693 4124//7693 4091//7693
f 4091//7694 4090//7694 4111//7694
f 4091//7695 4124//7695 4135//7695
f 4131//7696 4119//7696 4115//7696
f 4115//7697 4114//7697 4131//7697
f 4124//7698 4129//7698 4135//7698
f 4124//7699 4123//7699 4129//7699
f 4125//7700 4061//7700 4060//7700
f 4060//7701 4127//7701 4125//7701
f 4113//7702 4112//7702 4117//7702
f 4117//7703 4066//7703 4113//7703
f 4135//7704 4129//7704 4092//7704
f 4092//7705 4091//7705 4135//7705
f 4051//7706 4134//7706 4132//7706
f 4132//7707 4050//7707 4051//7707
f 4121//7708 4087//7708 4086//7708
f 4086//7709 4133//7709 4121//7709
f 4133//7710 4086//7710 4119//7710
f 4119//7711 4131//7711 4133//7711
f 4053//7712 4052//7712 4056//7712
f 4056//7713 4118//7713 4053//7713
f 4126//7714 4049//7714 4050//7714
f 4050//7715 4132//7715 4126//7715
f 4134//7716 4051//7716 4055//7716
f 4055//7717 4054//7717 4134//7717
f 4060//7718 4059//7718 3928//7718
f 3928//7719 4049//7719 4060//7719
f 3453//7720 3241//7720 3928//7720
f 3928//7721 4059//7721 3453//7721
f 3453//7722 4059//7722 4032//7722
f 3352//7723 3453//7723 4032//7723
f 3352//7724 4032//7724 4034//7724
f 3911//7725 4056//7725 3857//7725
f 3896//7726 3891//7726 3892//7726
f 3894//7727 3896//7727 3892//7727
f 3893//7728 3894//7728 3892//7728
f 3893//7729 4136//7729 3894//7729
f 4137//7730 4138//7730 4139//7730
f 4139//7731 4140//7731 4137//7731
f 4141//7732 4142//7732 4143//7732
f 4143//7733 4144//7733 4141//7733
f 3908//7734 4145//7734 3909//7734
f 4145//7735 4146//7735 3909//7735
f 4146//7736 4147//7736 3909//7736
f 4148//7737 3927//7737 3910//7737
f 4148//7738 3910//7738 4149//7738
f 4148//7739 4149//7739 3868//7739
f 3867//7740 4148//7740 3868//7740
f 4150//7741 4148//7741 3867//7741
f 4151//7742 4148//7742 4150//7742
f 4152//7743 4153//7743 4154//7743
f 4154//7744 4155//7744 4152//7744
f 4156//7745 4157//7745 988//7745
f 988//7746 4158//7746 4156//7746
f 988//7747 4157//7747 4159//7747
f 3918//7748 3920//7748 3927//7748
f 3927//7749 4160//7749 3918//7749
f 4161//7750 4157//7750 4148//7750
f 4148//7750 4151//7750 4161//7750
f 4159//7751 4157//7751 4161//7751
f 4157//7752 4160//7752 3927//7752
f 3927//7753 4148//7753 4157//7753
f 4155//7754 4162//7754 3482//7754
f 3482//7755 3481//7755 4155//7755
f 4160//7756 4163//7756 4162//7756
f 4162//7757 4154//7757 4160//7757
f 3486//7758 4156//7758 4164//7758
f 4164//7759 3487//7759 3486//7759
f 4164//7758 4156//7758 4158//7758
f 4155//7760 4154//7760 4162//7760
f 4163//7761 4160//7761 4157//7761
f 4157//7762 4156//7762 4163//7762
f 3919//7763 3918//7763 4153//7763
f 4153//7764 4038//7764 3919//7764
f 4153//7765 3918//7765 4160//7765
f 4160//7766 4154//7766 4153//7766
f 4165//7767 4152//7767 3490//7767
f 3490//7768 3489//7768 4165//7768
f 3490//7769 4152//7769 4155//7769
f 4155//7770 3481//7770 3490//7770
f 4038//7771 4165//7771 3489//7771
f 3489//7772 3353//7772 4038//7772
f 4165//7773 4038//7773 4153//7773
f 4153//7773 4152//7773 4165//7773
f 3482//6505 4162//6505 4163//6505
f 3486//6505 3482//6505 4163//6505
f 3486//6505 4163//6505 4156//6505
f 3909//7774 4166//7774 4167//7774
f 4167//7775 3910//7775 3909//7775
f 4168//7776 4167//7776 4166//7776
f 4168//7777 4166//7777 4169//7777
f 4168//7778 4169//7778 4170//7778
f 4149//7779 4168//7779 4170//7779
f 4170//7780 4171//7780 4149//7780
f 4147//7781 3901//7781 4169//7781
f 3909//7782 4147//7782 4169//7782
f 4166//7783 3909//7783 4169//7783
f 4168//7784 4149//7784 3910//7784
f 3910//7785 4167//7785 4168//7785
f 4171//7786 4170//7786 4169//7786
f 4169//7787 3901//7787 4171//7787
f 4146//7788 3902//7788 3901//7788
f 3901//7789 4147//7789 4146//7789
f 4172//7790 4046//7790 4045//7790
f 4045//7791 4145//7791 4172//7791
f 4144//7792 4143//7792 3900//7792
f 3900//7793 3899//7793 4144//7793
f 4140//7794 4139//7794 4044//7794
f 4044//7795 4043//7795 4140//7795
f 3880//7796 3879//7796 4137//7796
f 3879//7797 4138//7797 4137//7797
f 3879//7798 3881//7798 4138//7798
f 3883//7799 3885//7799 4141//7799
f 3885//7800 4142//7800 4141//7800
f 3885//7801 3886//7801 4142//7801
f 4173//7802 4174//7802 4175//7802
f 4175//7803 4176//7803 4173//7803
f 4174//7804 3863//7804 3866//7804
f 3866//7805 4175//7805 4174//7805
f 3859//7806 4173//7806 4176//7806
f 4176//7807 3860//7807 3859//7807
f 4064//7808 3898//7808 4177//7808
f 4177//7809 4178//7809 4064//7809
f 3893//7810 4179//7810 4136//7810
f 4179//7810 4180//7810 4136//7810
f 4180//7811 4181//7811 4136//7811
f 4136//7812 4181//7812 4182//7812
f 4182//7813 3894//7813 4136//7813
f 3895//7814 4183//7814 4177//7814
f 4177//7815 3898//7815 3895//7815
f 3894//7816 4182//7816 4183//7816
f 4183//7817 3895//7817 3894//7817
f 4128//7818 4064//7818 4178//7818
f 4178//7819 4184//7819 4128//7819
f 4138//7820 4185//7820 4186//7820
f 4186//7821 4139//7821 4138//7821
f 4187//7822 4188//7822 4189//7822
f 4189//7822 4190//7822 4187//7822
f 4146//7823 4191//7823 4192//7823
f 4192//7824 3902//7824 4146//7824
f 4193//7825 4194//7825 4195//7825
f 4195//7826 4196//7826 4193//7826
f 4197//7827 4198//7827 4184//7827
f 4184//7828 4199//7828 4197//7828
f 4137//7829 4200//7829 3880//7829
f 4137//7830 4201//7830 4200//7830
f 4137//7830 4202//7830 4201//7830
f 4203//7831 4190//7831 4194//7831
f 4194//7832 4204//7832 4203//7832
f 4205//7833 4206//7833 4207//7833
f 4206//7834 4208//7834 4207//7834
f 4208//7835 4209//7835 4207//7835
f 4207//7836 4209//7836 4210//7836
f 4210//7837 4211//7837 4207//7837
f 4189//7838 4195//7838 4194//7838
f 4194//7839 4190//7839 4189//7839
f 4211//7840 4210//7840 4195//7840
f 4195//7841 4189//7841 4211//7841
f 4212//7842 4213//7842 4187//7842
f 4187//7843 4214//7843 4212//7843
f 4138//7844 3881//7844 4215//7844
f 4215//7844 4185//7844 4138//7844
f 4039//7845 4181//7845 4180//7845
f 4180//7846 4047//7846 4039//7846
f 4044//7847 4216//7847 4217//7847
f 4217//7848 4045//7848 4044//7848
f 4207//7849 4040//7849 4048//7849
f 4048//7850 4205//7850 4207//7850
f 3902//7851 4192//7851 4218//7851
f 4218//7852 3899//7852 3902//7852
f 4216//7853 4044//7853 4139//7853
f 4139//7854 4186//7854 4216//7854
f 4209//7855 4208//7855 4219//7855
f 4219//7856 4220//7856 4209//7856
f 4221//7857 4183//7857 4182//7857
f 4182//7858 4042//7858 4221//7858
f 4046//7859 4222//7859 4223//7859
f 4223//7860 4043//7860 4046//7860
f 4224//7861 4145//7861 4045//7861
f 4045//7862 4217//7862 4224//7862
f 4037//7863 4128//7863 3907//7863
f 4128//7864 4184//7864 3907//7864
f 4184//7865 4198//7865 3907//7865
f 4198//7866 4203//7866 3907//7866
f 4203//7867 4204//7867 3907//7867
f 4204//7868 4172//7868 3907//7868
f 4172//7869 3908//7869 3907//7869
f 4172//7870 4145//7870 3908//7870
f 4221//7871 4188//7871 4187//7871
f 4187//7872 4213//7872 4221//7872
f 4042//7873 4041//7873 4188//7873
f 4188//7874 4221//7874 4042//7874
f 4199//7875 4212//7875 4214//7875
f 4214//7876 4197//7876 4199//7876
f 4225//7877 4193//7877 4222//7877
f 4222//7878 4226//7878 4225//7878
f 4220//7879 4202//7879 4227//7879
f 4227//7880 4228//7880 4220//7880
f 4196//7881 4223//7881 4222//7881
f 4222//7882 4193//7882 4196//7882
f 4228//7883 4227//7883 4223//7883
f 4223//7884 4196//7884 4228//7884
f 4219//7885 4201//7885 4202//7885
f 4202//7886 4220//7886 4219//7886
f 4215//7887 4229//7887 4230//7887
f 4230//7888 4185//7888 4215//7888
f 4216//7889 4218//7889 4192//7889
f 4192//7890 4217//7890 4216//7890
f 4186//7891 4231//7891 4218//7891
f 4218//7892 4216//7892 4186//7892
f 4224//7893 4217//7893 4192//7893
f 4192//7894 4191//7894 4224//7894
f 4185//7895 4230//7895 4231//7895
f 4231//7896 4186//7896 4185//7896
f 4140//7897 4227//7897 4202//7897
f 4202//7898 4137//7898 4140//7898
f 4213//7899 4177//7899 4183//7899
f 4183//7900 4221//7900 4213//7900
f 4225//7901 4204//7901 4194//7901
f 4194//7902 4193//7902 4225//7902
f 4141//7903 4230//7903 4229//7903
f 4229//7903 3883//7903 4141//7903
f 4203//7904 4214//7904 4187//7904
f 4187//7905 4190//7905 4203//7905
f 4198//7906 4197//7906 4214//7906
f 4214//7907 4203//7907 4198//7907
f 4212//7908 4178//7908 4177//7908
f 4177//7909 4213//7909 4212//7909
f 4043//7910 4223//7910 4227//7910
f 4227//7911 4140//7911 4043//7911
f 4199//7912 4184//7912 4178//7912
f 4178//7913 4212//7913 4199//7913
f 4146//7914 4145//7914 4224//7914
f 4224//7914 4191//7914 4146//7914
f 4228//7915 4210//7915 4209//7915
f 4209//7916 4220//7916 4228//7916
f 4047//7917 4180//7917 4232//7917
f 4048//7917 4047//7917 4232//7917
f 4205//7918 4048//7918 4232//7918
f 3899//7919 4218//7919 4231//7919
f 4231//7920 4144//7920 3899//7920
f 4172//7921 4204//7921 4225//7921
f 4225//7921 4226//7921 4172//7921
f 4211//7922 4041//7922 4040//7922
f 4040//7923 4207//7923 4211//7923
f 4172//7924 4226//7924 4222//7924
f 4222//7925 4046//7925 4172//7925
f 4042//7926 4182//7926 4181//7926
f 4181//7927 4039//7927 4042//7927
f 4215//7928 3881//7928 3882//7928
f 4229//7929 4215//7929 3882//7929
f 3883//7928 4229//7928 3882//7928
f 4196//7930 4195//7930 4210//7930
f 4210//7930 4228//7930 4196//7930
f 4144//7931 4231//7931 4230//7931
f 4230//7932 4141//7932 4144//7932
f 4219//7933 4208//7933 4233//7933
f 4201//7934 4219//7934 4233//7934
f 3880//7935 4201//7935 4233//7935
f 3880//7936 4200//7936 4201//7936
f 4189//7937 4188//7937 4041//7937
f 4041//7938 4211//7938 4189//7938
f 3052//7939 4234//7939 4235//7939
f 4235//7940 3056//7940 3052//7940
f 3055//7941 4234//7941 3052//7941
f 4235//7942 4236//7942 4237//7942
f 4238//7943 3940//7943 3062//7943
f 3062//7944 3063//7944 4238//7944
f 3940//7945 2442//7945 3062//7945
f 3098//7946 4238//7946 3063//7946
f 4235//7947 4239//7947 3064//7947
f 3064//7948 3056//7948 4235//7948
f 3064//7949 4239//7949 4240//7949
f 4241//7950 4242//7950 4243//7950
f 4243//7950 4244//7950 4241//7950
f 4245//7951 4246//7951 4247//7951
f 4247//7951 4248//7951 4245//7951
f 4249//7952 4242//7952 4241//7952
f 4241//7952 4250//7952 4249//7952
f 4251//7953 4244//7953 4243//7953
f 4243//7953 4252//7953 4251//7953
f 4249//7954 4250//7954 4253//7954
f 4253//7954 4254//7954 4249//7954
f 4255//7955 4256//7955 4257//7955
f 4257//7955 4258//7955 4255//7955
f 4259//7956 4260//7956 4261//7956
f 4261//7957 4262//7957 4259//7957
f 4263//7958 4251//7958 3067//7958
f 3067//7959 3069//7959 4263//7959
f 4264//7960 4265//7960 4263//7960
f 4263//7961 3069//7961 4264//7961
f 3070//7962 4265//7962 4264//7962
f 4241//7963 4266//7963 4250//7963
f 3965//7964 4254//7964 4253//7964
f 4253//7964 4267//7964 3965//7964
f 3067//7965 4251//7965 4252//7965
f 4252//7966 3081//7966 3067//7966
f 4248//7967 4247//7967 3093//7967
f 3093//7968 3092//7968 4248//7968
f 3860//7969 4176//7969 4142//7969
f 4142//7970 3886//7970 3860//7970
f 3868//7971 4149//7971 4171//7971
f 4171//7972 3865//7972 3869//7972
f 3868//7972 4171//7972 3869//7972
f 3866//7973 3901//7973 3900//7973
f 3866//7974 4171//7974 3901//7974
f 3866//7975 3865//7975 4171//7975
f 4175//7976 3866//7976 3900//7976
f 3900//7977 4143//7977 4175//7977
f 4176//7978 4175//7978 4143//7978
f 4143//7979 4142//7979 4176//7979
f 4268//7980 4269//7980 4270//7980
f 4270//7981 4271//7981 4268//7981
f 4272//7980 4269//7980 4268//7980
f 4273//7982 3904//7982 3903//7982
f 3903//7983 4274//7983 4273//7983
f 4275//7982 3904//7982 4273//7982
f 3864//7984 3863//7984 4276//7984
f 4276//7984 4277//7984 3864//7984
f 3863//7984 4174//7984 4278//7984
f 4278//7984 4276//7984 3863//7984
f 4278//7985 4174//7985 1265//7985
f 3867//7986 3870//7986 4279//7986
f 4279//7986 4150//7986 3867//7986
f 4280//7987 4173//7987 3859//7987
f 3859//7987 4281//7987 4280//7987
f 4174//7988 4173//7988 4282//7988
f 4282//7989 1265//7989 4174//7989
f 4282//7990 4173//7990 4280//7990
f 1266//7991 3870//7991 3864//7991
f 3864//7992 4277//7992 1266//7992
f 1267//7993 3870//7993 1266//7993
f 3859//7994 3862//7994 1270//7994
f 1270//7995 4281//7995 3859//7995
f 1270//7996 3862//7996 4283//7996
f 4284//7997 4285//7997 4286//7997
f 4286//7998 1273//7998 4284//7998
f 4286//7997 4285//7997 4287//7997
f 3961//7999 3944//7999 3939//7999
f 3939//8000 3938//8000 3961//8000
f 3962//8001 3961//8001 3938//8001
f 3938//8002 4288//8002 3962//8002
f 4288//8003 3938//8003 3941//8003
f 3941//8004 3967//8004 4288//8004
f 3984//8005 4289//8005 3949//8005
f 3985//8006 3984//8006 3949//8006
f 3985//8007 3949//8007 3948//8007
f 4290//8008 4291//8008 4292//8008
f 4292//8009 4293//8009 4290//8009
f 4293//8010 4292//8010 4294//8010
f 4294//8011 4295//8011 4293//8011
f 3989//8012 3988//8012 3953//8012
f 3953//8013 3952//8013 3989//8013
f 4296//8014 4297//8014 4298//8014
f 4298//8015 4299//8015 4296//8015
f 4299//8016 4298//8016 4300//8016
f 4300//8017 4301//8017 4299//8017
f 4302//8018 4239//8018 4303//8018
f 4304//8019 4305//8019 4306//8019
f 4306//8020 4307//8020 4304//8020
f 4308//8021 4309//8021 4310//8021
f 4310//8022 4311//8022 4308//8022
f 4312//8023 4313//8023 3973//8023
f 3973//8024 3972//8024 4312//8024
f 4314//8025 4315//8025 4307//8025
f 4307//8026 4306//8026 4314//8026
f 3971//8027 3970//8027 4316//8027
f 4316//8028 4317//8028 3971//8028
f 3975//8029 3974//8029 4318//8029
f 4318//8030 4319//8030 3975//8030
f 4320//8031 4306//8031 4305//8031
f 4305//8032 4002//8032 4320//8032
f 4321//8033 4320//8033 4002//8033
f 4002//8034 3980//8034 4321//8034
f 4001//8035 4322//8035 4323//8035
f 4323//8036 4316//8036 4001//8036
f 3993//8037 3992//8037 3983//8037
f 3983//8038 3982//8038 3993//8038
f 4324//8039 4325//8039 4326//8039
f 4326//8040 4327//8040 4324//8040
f 4327//8041 4326//8041 4291//8041
f 4291//8042 4290//8042 4327//8042
f 4328//8043 3987//8043 3986//8043
f 3950//8044 4328//8044 3986//8044
f 3951//8045 3950//8045 3986//8045
f 4295//8046 4294//8046 4329//8046
f 4329//8047 4330//8047 4295//8047
f 4330//8048 4329//8048 4297//8048
f 4297//8049 4296//8049 4330//8049
f 4331//8050 4332//8050 3991//8050
f 3991//8051 3990//8051 4331//8051
f 4333//8052 4334//8052 4335//8052
f 4335//8053 4336//8053 4333//8053
f 4336//8054 4335//8054 4325//8054
f 4325//8055 4324//8055 4336//8055
f 4293//8056 4337//8056 4338//8056
f 4338//8057 4290//8057 4293//8057
f 4339//8058 3975//8058 4319//8058
f 4319//8059 4340//8059 4339//8059
f 3975//8060 3994//8060 3997//8060
f 3997//8061 3976//8061 3975//8061
f 4341//8062 3998//8062 3970//8062
f 3970//8063 4342//8063 4341//8063
f 4343//8064 4011//8064 4010//8064
f 4010//8065 4344//8065 4343//8065
f 3970//8066 3998//8066 4001//8066
f 4001//8067 4316//8067 3970//8067
f 4333//8068 4321//8068 3980//8068
f 3980//8069 3979//8069 4333//8069
f 4332//8070 4331//8070 4345//8070
f 4345//8071 3957//8071 4332//8071
f 3957//8072 4345//8072 3955//8072
f 3955//8073 3954//8073 3957//8073
f 4346//8074 4327//8074 4005//8074
f 4005//8075 4347//8075 4346//8075
f 4348//8076 4004//8076 4308//8076
f 4308//8077 4349//8077 4348//8077
f 4308//8078 4004//8078 4007//8078
f 4007//8079 4319//8079 4308//8079
f 4008//8080 4350//8080 4351//8080
f 4351//8081 4009//8081 4008//8081
f 4352//8082 3997//8082 3996//8082
f 3996//8083 4353//8083 4352//8083
f 4313//8084 4008//8084 4011//8084
f 4011//8085 3973//8085 4313//8085
f 4336//8086 4354//8086 4355//8086
f 4355//8087 4333//8087 4336//8087
f 4320//8088 4356//8088 4357//8088
f 4357//8089 4306//8089 4320//8089
f 4314//8090 4012//8090 4015//8090
f 4015//8091 4311//8091 4314//8091
f 4023//8092 4022//8092 4017//8092
f 4017//8093 4016//8093 4023//8093
f 4023//8094 4016//8094 3987//8094
f 4358//8095 4023//8095 3987//8095
f 4328//8096 4358//8096 3987//8096
f 3987//8097 4016//8097 4019//8097
f 4019//8098 3988//8098 3987//8098
f 4030//8099 4029//8099 4021//8099
f 4021//8100 4020//8100 4030//8100
f 4030//8101 4020//8101 4359//8101
f 3984//8102 4030//8102 4359//8102
f 3984//8103 4359//8103 4289//8103
f 4360//8104 3949//8104 4289//8104
f 4289//8105 4361//8105 4360//8105
f 4362//8106 4266//8106 3959//8106
f 3959//8107 4024//8107 4362//8107
f 4332//8108 4362//8108 4024//8108
f 4024//8109 3991//8109 4332//8109
f 3991//8110 4024//8110 4025//8110
f 4025//8111 3992//8111 3991//8111
f 4288//8112 4028//8112 4027//8112
f 4025//8113 3962//8113 4288//8113
f 4025//8114 4288//8114 4027//8114
f 3992//8115 4025//8115 4027//8115
f 4027//8116 3983//8116 3992//8116
f 3983//8117 4027//8117 4030//8117
f 4030//8118 3984//8118 3983//8118
f 4241//8119 4244//8119 3960//8119
f 4241//8120 3960//8120 3959//8120
f 4266//8121 4241//8121 3959//8121
f 4244//8122 4251//8122 3945//8122
f 3945//8123 3960//8123 4244//8123
f 3960//8124 3945//8124 3944//8124
f 3944//8125 3961//8125 3960//8125
f 3956//8126 3958//8126 4267//8126
f 4267//8127 4253//8127 3956//8127
f 4266//8128 4253//8128 4250//8128
f 4266//8129 3956//8129 4253//8129
f 4266//8130 4362//8130 3956//8130
f 4362//8131 4332//8131 3957//8131
f 3957//8132 3956//8132 4362//8132
f 3953//8133 4026//8133 3958//8133
f 3958//8134 3954//8134 3953//8134
f 4026//8135 4363//8135 4267//8135
f 4267//8136 3958//8136 4026//8136
f 4303//8137 4237//8137 4364//8137
f 4302//8138 4303//8138 4364//8138
f 4018//8139 4302//8139 4364//8139
f 4018//8140 4364//8140 4363//8140
f 4018//8141 4363//8141 4026//8141
f 4019//8142 4018//8142 4026//8142
f 3969//8143 3968//8143 3930//8143
f 3930//8144 3929//8144 3969//8144
f 3932//8145 3931//8145 4239//8145
f 4239//8146 4302//8146 3932//8146
f 4239//8147 3931//8147 3096//8147
f 3096//8148 4240//8148 4239//8148
f 3096//8149 3931//8149 3097//8149
f 3941//8150 3940//8150 4238//8150
f 4238//8151 3968//8151 3941//8151
f 3931//8152 3930//8152 3097//8152
f 3097//8153 3930//8153 3098//8153
f 3930//8154 3968//8154 3098//8154
f 3098//8155 3968//8155 4238//8155
f 4365//8156 4265//8156 3847//8156
f 3847//8157 3846//8157 4365//8157
f 3851//8158 4365//8158 3846//8158
f 3846//8159 3852//8159 3851//8159
f 3852//8160 3846//8160 3849//8160
f 3849//8161 3853//8161 3852//8161
f 4366//8162 4367//8162 3872//8162
f 3872//8163 3871//8163 4366//8163
f 4368//8164 4366//8164 3871//8164
f 3871//8165 4369//8165 4368//8165
f 3924//8166 3923//8166 3875//8166
f 3875//8167 3874//8167 3924//8167
f 4368//8168 3924//8168 3874//8168
f 3874//8169 4366//8169 4368//8169
f 4366//8170 3874//8170 3877//8170
f 3877//8171 4367//8171 4366//8171
f 4247//8172 3915//8172 3847//8172
f 3847//8173 4265//8173 4247//8173
f 4370//8174 4368//8174 4369//8174
f 4369//8175 4371//8175 4370//8175
f 3700//8176 4370//8176 4371//8176
f 4371//8177 3701//8177 3700//8177
f 4372//8178 4373//8178 4246//8178
f 4246//8178 4245//8178 4372//8178
f 3704//8179 3705//8179 3922//8179
f 3922//8180 3921//8180 3704//8180
f 3700//8181 3704//8181 3921//8181
f 3921//8182 4370//8182 3700//8182
f 4370//8180 3921//8180 3924//8180
f 3924//8183 4368//8183 4370//8183
f 4374//8184 4375//8184 3926//8184
f 3926//8185 3925//8185 4374//8185
f 3708//8186 4374//8186 3925//8186
f 3925//8187 3709//8187 3708//8187
f 3709//8185 3925//8185 3922//8185
f 3922//8188 3705//8188 3709//8188
f 4364//8189 4255//8189 4258//8189
f 4258//8190 4363//8190 4364//8190
f 3965//8191 4267//8191 4363//8191
f 4363//8192 4258//8192 3965//8192
f 4255//8193 4364//8193 4237//8193
f 4237//8194 4236//8194 4255//8194
f 4376//8195 4377//8195 4285//8195
f 4285//8196 4284//8196 4376//8196
f 3878//8197 3877//8197 3876//8197
f 3876//8198 3884//8198 3878//8198
f 3890//8199 3889//8199 3872//8199
f 3872//8200 4367//8200 3890//8200
f 3889//8201 3849//8201 3848//8201
f 3848//8202 3872//8202 3889//8202
f 4062//8203 3853//8203 3849//8203
f 4062//8204 3849//8204 3889//8204
f 3888//7405 4062//7405 3889//7405
f 3890//8205 4367//8205 3877//8205
f 3877//8206 3878//8206 3890//8206
f 3893//8207 3890//8207 4179//8207
f 3890//8208 4180//8208 4179//8208
f 3890//8209 4232//8209 4180//8209
f 3890//8209 4205//8209 4232//8209
f 3890//8210 3878//8210 4205//8210
f 3878//8211 4206//8211 4205//8211
f 3878//8211 4208//8211 4206//8211
f 3878//8212 4233//8212 4208//8212
f 3878//8213 3880//8213 4233//8213
f 3860//8214 3886//8214 3884//8214
f 3860//8215 3884//8215 3861//8215
f 3884//8215 4376//8215 3861//8215
f 3905//8216 3876//8216 3875//8216
f 3906//8217 3905//8217 3875//8217
f 4378//8217 3906//8217 3875//8217
f 3884//8218 3876//8218 4376//8218
f 3876//8219 4377//8219 4376//8219
f 3876//8219 3905//8219 4377//8219
f 3926//8220 4378//8220 3875//8220
f 3875//8221 3923//8221 3926//8221
f 4375//8222 4270//8222 3926//8222
f 4270//8223 4269//8223 3926//8223
f 4269//8224 4378//8224 3926//8224
f 3946//8225 3945//8225 4251//8225
f 4251//8226 4263//8226 3946//8226
f 3851//8227 3943//8227 3946//8227
f 3946//8228 4365//8228 3851//8228
f 4365//8229 3946//8229 4263//8229
f 4263//8230 4265//8230 4365//8230
f 3947//8231 3939//8231 3944//8231
f 3944//8232 3943//8232 3947//8232
f 3934//8233 3942//8233 3947//8233
f 3947//8234 4069//8234 3934//8234
f 4069//8235 3947//8235 3943//8235
f 3943//8236 3851//8236 4069//8236
f 3871//8237 3873//8237 4373//8237
f 3871//8238 4373//8238 4261//8238
f 4369//8239 3871//8239 4261//8239
f 4371//8240 4369//8240 4261//8240
f 4261//8241 4260//8241 4371//8241
f 4246//8242 4373//8242 3873//8242
f 3873//8243 3915//8243 4246//8243
f 4247//8244 4246//8244 3915//8244
f 3099//8245 4247//8245 4265//8245
f 4265//8246 3070//8246 3099//8246
f 3093//8247 4247//8247 3099//8247
f 4371//8248 4260//8248 3701//8248
f 3713//8249 3701//8249 4260//8249
f 4260//8250 4259//8250 3713//8250
f 4262//8251 4261//8251 4373//8251
f 4373//8251 4372//8251 4262//8251
f 4259//8252 4262//8252 4379//8252
f 4379//8253 4380//8253 4259//8253
f 4381//8254 4380//8254 4379//8254
f 4379//8255 4382//8255 4381//8255
f 4383//8256 4384//8256 4385//8256
f 4385//8257 4386//8257 4383//8257
f 4387//8258 4254//8258 3965//8258
f 3965//8259 3964//8259 4387//8259
f 4386//8260 4385//8260 4248//8260
f 3112//8261 4252//8261 4388//8261
f 3113//8262 4252//8262 3112//8262
f 4252//8263 4243//8263 4387//8263
f 4387//8264 4388//8264 4252//8264
f 4388//8265 3964//8265 3114//8265
f 3114//8266 3111//8266 4388//8266
f 4388//8267 4387//8267 3964//8267
f 3115//8268 3964//8268 4234//8268
f 4234//8269 3055//8269 3115//8269
f 3114//8270 3964//8270 3115//8270
f 4243//8271 4254//8271 4387//8271
f 4243//8272 4242//8272 4254//8272
f 4242//8273 4249//8273 4254//8273
f 4262//8274 4372//8274 4379//8274
f 4382//8275 4379//8275 4372//8275
f 4372//8276 4245//8276 4382//8276
f 4385//8277 4382//8277 4245//8277
f 4245//8278 4248//8278 4385//8278
f 3713//8279 4259//8279 4380//8279
f 4380//8280 3721//8280 3713//8280
f 3722//8281 3721//8281 4380//8281
f 4380//8282 4381//8282 3722//8282
f 3723//8283 3722//8283 4381//8283
f 4381//8284 4384//8284 3723//8284
f 4384//8285 4381//8285 4382//8285
f 4382//8286 4385//8286 4384//8286
f 3724//8287 3723//8287 4384//8287
f 4384//8288 4383//8288 3724//8288
f 3116//8289 4248//8289 3092//8289
f 3117//8290 4386//8290 4248//8290
f 4248//8291 3116//8291 3117//8291
f 3081//8292 4252//8292 3113//8292
f 4303//8293 4239//8293 4235//8293
f 4235//8294 4237//8294 4303//8294
f 4257//8295 4390//8295 3963//8295
f 3963//8296 3966//8296 4257//8296
f 4391//8297 4392//8297 4390//8297
f 4391//8298 4390//8298 4257//8298
f 4391//8299 4257//8299 4256//8299
f 3964//8300 3963//8300 4390//8300
f 4390//8301 4234//8301 3964//8301
f 4235//8302 4392//8302 4391//8302
f 4391//8303 4236//8303 4235//8303
f 4234//8304 4390//8304 4392//8304
f 4392//8305 4235//8305 4234//8305
f 4255//8306 4236//8306 4391//8306
f 4391//8306 4256//8306 4255//8306
f 3965//8307 4258//8307 4257//8307
f 4257//8307 3966//8307 3965//8307
f 4017//8308 3932//8308 4302//8308
f 4302//8309 4018//8309 4017//8309
f 4028//8310 4288//8310 3967//8310
f 3967//8311 4029//8311 4028//8311
f 4029//8312 3967//8312 3969//8312
f 3969//8313 4021//8313 4029//8313
f 4021//8314 3969//8314 3929//8314
f 3929//8315 4022//8315 4021//8315
f 4022//8316 3929//8316 3932//8316
f 3932//8317 4017//8317 4022//8317
f 4359//8318 4020//8318 4023//8318
f 4023//8319 4358//8319 4359//8319
f 4393//8320 4359//8320 4358//8320
f 4358//8320 4394//8320 4393//8320
f 4361//8321 4393//8321 4394//8321
f 4394//8322 4395//8322 4361//8322
f 4360//8323 4361//8323 4395//8323
f 4395//8324 4396//8324 4360//8324
f 3949//8325 4360//8325 4396//8325
f 4396//8325 3950//8325 3949//8325
f 4359//8326 4393//8326 4361//8326
f 4361//8327 4289//8327 4359//8327
f 3950//8328 4396//8328 4395//8328
f 4395//8329 4328//8329 3950//8329
f 4394//8330 4358//8330 4328//8330
f 4328//8331 4395//8331 4394//8331
f 4294//8332 3951//8332 3986//8332
f 3986//8333 4329//8333 4294//8333
f 4329//8334 3986//8334 3989//8334
f 3989//8335 4297//8335 4329//8335
f 4326//8336 3982//8336 3985//8336
f 3985//8337 4291//8337 4326//8337
f 4292//8338 3948//8338 3951//8338
f 3951//8339 4294//8339 4292//8339
f 4291//8340 3985//8340 3948//8340
f 3948//8341 4292//8341 4291//8341
f 4297//8342 3989//8342 3952//8342
f 3952//8343 4298//8343 4297//8343
f 4298//8344 3952//8344 3955//8344
f 3955//8345 4300//8345 4298//8345
f 4345//8346 4397//8346 4300//8346
f 4300//8347 3955//8347 4345//8347
f 4331//8348 4334//8348 4397//8348
f 4397//8349 4345//8349 4331//8349
f 4334//8350 4331//8350 3990//8350
f 3990//8351 4335//8351 4334//8351
f 4325//8352 3993//8352 3982//8352
f 3982//8353 4326//8353 4325//8353
f 4335//8354 3990//8354 3993//8354
f 3993//8355 4325//8355 4335//8355
f 3971//8356 4398//8356 4399//8356
f 4399//8357 3972//8357 3971//8357
f 3971//8358 4317//8358 4400//8358
f 4400//8358 4398//8358 3971//8358
f 4401//8359 4304//8359 4307//8359
f 4307//8359 4402//8359 4401//8359
f 4304//8360 4401//8360 4400//8360
f 4400//8360 4317//8360 4304//8360
f 4309//8361 4318//8361 4403//8361
f 4403//8361 4404//8361 4309//8361
f 4404//8362 4405//8362 4310//8362
f 4310//8362 4309//8362 4404//8362
f 4406//8363 4315//8363 4310//8363
f 4310//8363 4405//8363 4406//8363
f 4315//8364 4406//8364 4402//8364
f 4402//8365 4307//8365 4315//8365
f 4315//8366 4314//8366 4311//8366
f 4311//8367 4310//8367 4315//8367
f 4313//8368 4312//8368 3977//8368
f 3977//8369 3976//8369 4313//8369
f 4309//8370 4308//8370 4319//8370
f 4319//8371 4318//8371 4309//8371
f 4305//8372 4304//8372 4317//8372
f 4317//8373 4316//8373 4305//8373
f 4406//8374 4407//8374 4401//8374
f 4401//8375 4402//8375 4406//8375
f 4408//8376 4409//8376 4410//8376
f 4410//8377 4411//8377 4408//8377
f 4406//8378 4412//8378 4407//8378
f 4398//8379 4400//8379 4401//8379
f 4401//8380 4413//8380 4398//8380
f 4405//8381 4414//8381 4412//8381
f 4412//8382 4406//8382 4405//8382
f 4415//8383 4416//8383 4404//8383
f 4403//8384 4408//8384 4415//8384
f 4415//8385 4404//8385 4403//8385
f 4404//8386 4416//8386 4414//8386
f 4414//8387 4405//8387 4404//8387
f 4410//8388 4312//8388 3972//8388
f 3972//8389 4399//8389 4410//8389
f 4312//8390 4410//8390 4409//8390
f 4409//8390 3977//8390 4312//8390
f 4408//8391 4403//8391 4318//8391
f 4318//8391 3974//8391 4408//8391
f 3974//8392 3977//8392 4409//8392
f 4409//8392 4408//8392 3974//8392
f 4397//8393 3979//8393 4301//8393
f 4301//8394 4300//8394 4397//8394
f 4007//8395 4417//8395 4340//8395
f 4340//8396 4319//8396 4007//8396
f 3995//8397 4293//8397 4295//8397
f 4295//8398 3996//8398 3995//8398
f 4299//8399 4418//8399 4419//8399
f 4419//8400 4296//8400 4299//8400
f 3999//8401 4299//8401 4301//8401
f 4301//8402 4000//8402 3999//8402
f 4420//8403 4015//8403 4014//8403
f 4014//8404 4421//8404 4420//8404
f 4005//8405 4327//8405 4290//8405
f 4290//8406 4006//8406 4005//8406
f 4422//8407 4330//8407 4009//8407
f 4009//8408 4351//8408 4422//8408
f 4009//8409 4330//8409 4296//8409
f 4296//8410 4010//8410 4009//8410
f 4423//8411 4424//8411 4013//8411
f 4013//8411 4012//8411 4423//8411
f 4013//8412 4336//8412 4324//8412
f 4324//8413 4014//8413 4013//8413
f 4334//8414 4333//8414 3979//8414
f 3979//8415 4397//8415 4334//8415
f 4425//8416 4426//8416 4000//8416
f 4000//8417 4301//8417 4425//8417
f 4425//8418 4301//8418 3979//8418
f 3979//8418 3978//8418 4425//8418
f 3981//8419 4003//8419 4322//8419
f 4322//8420 4426//8420 3981//8420
f 4296//8421 4419//8421 4344//8421
f 4344//8421 4010//8421 4296//8421
f 4330//8422 4422//8422 4427//8422
f 4427//8423 4295//8423 4330//8423
f 4350//8424 4008//8424 4313//8424
f 4313//8425 4428//8425 4350//8425
f 4353//8426 4427//8426 4422//8426
f 4422//8427 4351//8427 4353//8427
f 4322//8428 4001//8428 4000//8428
f 4000//8429 4426//8429 4322//8429
f 4429//8430 4343//8430 4341//8430
f 4341//8431 4342//8431 4429//8431
f 4299//8432 3999//8432 4430//8432
f 4430//8432 4418//8432 4299//8432
f 4352//8433 4353//8433 4351//8433
f 4351//8434 4350//8434 4352//8434
f 4342//8435 3970//8435 3973//8435
f 3973//8436 4429//8436 4342//8436
f 4344//8437 4419//8437 4418//8437
f 4418//8438 4430//8438 4344//8438
f 4431//8439 4352//8439 4350//8439
f 4350//8440 4428//8440 4431//8440
f 4003//8441 4002//8441 4305//8441
f 4305//8442 4432//8442 4003//8442
f 3997//8443 4352//8443 4431//8443
f 4431//8444 3976//8444 3997//8444
f 4341//8445 4430//8445 3999//8445
f 3999//8445 3998//8445 4341//8445
f 4343//8446 4344//8446 4430//8446
f 4430//8447 4341//8447 4343//8447
f 4295//8448 4427//8448 4353//8448
f 4353//8449 3996//8449 4295//8449
f 4003//8450 4432//8450 4323//8450
f 4323//8451 4322//8451 4003//8451
f 4428//8452 4313//8452 3976//8452
f 3976//8453 4431//8453 4428//8453
f 4011//8454 4343//8454 4429//8454
f 4429//8455 3973//8455 4011//8455
f 3978//8456 3981//8456 4426//8456
f 4426//8457 4425//8457 3978//8457
f 4432//8458 4305//8458 4316//8458
f 4316//8459 4323//8459 4432//8459
f 4417//8460 4433//8460 4434//8460
f 4434//8461 4435//8461 4417//8461
f 4340//8462 4417//8462 4435//8462
f 4435//8463 4339//8463 4340//8463
f 4433//8464 4338//8464 4337//8464
f 4337//8465 4434//8465 4433//8465
f 4435//8466 3994//8466 3975//8466
f 3975//8467 4339//8467 4435//8467
f 4417//8468 4007//8468 4006//8468
f 4006//8469 4433//8469 4417//8469
f 4337//8470 4293//8470 3995//8470
f 3995//8471 4434//8471 4337//8471
f 4290//8472 4338//8472 4433//8472
f 4433//8473 4006//8473 4290//8473
f 3994//8474 4435//8474 4434//8474
f 4434//8474 3995//8474 3994//8474
f 4420//8475 4421//8475 4347//8475
f 4347//8476 4348//8476 4420//8476
f 4436//8477 4420//8477 4348//8477
f 4348//8478 4349//8478 4436//8478
f 4421//8479 4437//8479 4346//8479
f 4346//8480 4347//8480 4421//8480
f 4324//8481 4437//8481 4421//8481
f 4421//8482 4014//8482 4324//8482
f 4004//8483 4348//8483 4347//8483
f 4347//8484 4005//8484 4004//8484
f 4327//8485 4346//8485 4437//8485
f 4437//8486 4324//8486 4327//8486
f 4015//8487 4420//8487 4436//8487
f 4436//8488 4311//8488 4015//8488
f 4349//8489 4308//8489 4311//8489
f 4311//8490 4436//8490 4349//8490
f 4356//8491 4438//8491 4424//8491
f 4424//8492 4423//8492 4356//8492
f 4357//8493 4356//8493 4423//8493
f 4423//8494 4439//8494 4357//8494
f 4438//8495 4355//8495 4354//8495
f 4354//8496 4424//8496 4438//8496
f 4333//8497 4355//8497 4438//8497
f 4438//8498 4321//8498 4333//8498
f 4356//8499 4320//8499 4321//8499
f 4321//8500 4438//8500 4356//8500
f 4423//8501 4012//8501 4314//8501
f 4314//8502 4439//8502 4423//8502
f 4439//8503 4314//8503 4306//8503
f 4306//8504 4357//8504 4439//8504
f 4354//8505 4336//8505 4013//8505
f 4013//8506 4424//8506 4354//8506
f 4440//8507 4374//8507 3708//8507
f 3708//8508 3776//8508 4440//8508
f 1327//8509 4374//8509 4440//8509
f 4441//8510 4375//8510 4374//8510
f 4374//8511 1327//8511 4441//8511
f 4442//8510 4375//8510 4441//8510
f 4443//8512 3903//8512 4269//8512
f 4269//8513 4272//8513 4443//8513
f 4274//8512 3903//8512 4443//8512
f 4270//8514 4375//8514 4444//8514
f 4444//8514 4271//8514 4270//8514
f 4444//8515 4375//8515 4442//8515
f 3870//8516 3869//8516 3865//8516
f 3865//8517 3864//8517 3870//8517
f 4279//8518 3870//8518 1267//8518
f 4414//8519 4445//8519 4446//8519
f 4446//8520 4412//8520 4414//8520
f 4447//8521 4448//8521 4449//8521
f 4449//8522 4450//8522 4447//8522
f 4407//8523 4413//8523 4401//8523
f 4451//8524 4452//8524 4448//8524
f 4448//8525 4447//8525 4451//8525
f 4411//8526 4410//8526 4452//8526
f 4449//8527 4398//8527 4413//8527
f 4452//8528 4410//8528 4399//8528
f 4399//8529 4448//8529 4452//8529
f 4448//8530 4399//8530 4398//8530
f 4398//8531 4449//8531 4448//8531
f 4408//8532 4453//8532 4415//8532
f 4408//8533 4411//8533 4453//8533
f 4450//8534 4449//8534 4413//8534
f 4413//8535 4454//8535 4450//8535
f 4455//8536 4447//8536 4450//8536
f 4450//8537 4456//8537 4455//8537
f 4457//8538 4458//8538 4459//8538
f 4459//8539 4445//8539 4457//8539
f 4460//8540 4451//8540 4447//8540
f 4447//8541 4455//8541 4460//8541
f 4456//8542 4450//8542 4454//8542
f 4454//8543 4461//8543 4456//8543
f 4462//8544 4453//8544 4411//8544
f 4411//8545 4463//8545 4462//8545
f 4415//8546 4464//8546 4457//8546
f 4457//8547 4416//8547 4415//8547
f 4465//8548 4466//8548 4407//8548
f 4412//8549 4446//8549 4465//8549
f 4465//8550 4407//8550 4412//8550
f 4463//8551 4411//8551 4452//8551
f 4452//8552 4451//8552 4463//8552
f 4416//8553 4457//8553 4445//8553
f 4445//8554 4414//8554 4416//8554
f 4445//8555 4467//8555 4468//8555
f 4468//8556 4446//8556 4445//8556
f 4446//8557 4468//8557 4466//8557
f 4466//8558 4465//8558 4446//8558
f 4469//8559 4470//8559 4460//8559
f 4460//8560 4471//8560 4469//8560
f 4472//8561 4473//8561 4474//8561
f 4474//8562 4461//8562 4472//8562
f 4475//8563 4476//8563 4470//8563
f 4470//8564 4469//8564 4475//8564
f 4477//8565 4455//8565 4456//8565
f 4456//8566 4478//8566 4477//8566
f 4479//8567 4468//8567 4467//8567
f 4467//8568 4480//8568 4479//8568
f 4476//8569 4462//8569 4463//8569
f 4463//8570 4470//8570 4476//8570
f 4472//8571 4466//8571 4468//8571
f 4468//8572 4479//8572 4472//8572
f 4466//8573 4472//8573 4461//8573
f 4461//8574 4454//8574 4466//8574
f 4480//8575 4467//8575 4445//8575
f 4445//8576 4459//8576 4480//8576
f 4470//8577 4463//8577 4451//8577
f 4451//8578 4460//8578 4470//8578
f 4464//8579 4481//8579 4458//8579
f 4458//8580 4457//8580 4464//8580
f 4481//8581 4482//8581 4483//8581
f 4483//8582 4458//8582 4481//8582
f 4480//8583 4484//8583 4485//8583
f 4485//8584 4486//8584 4480//8584
f 4483//8585 4487//8585 4488//8585
f 4488//8585 4489//8585 4483//8585
f 4490//8586 4491//8586 4485//8586
f 4485//8586 4484//8586 4490//8586
f 4484//8587 4480//8587 4459//8587
f 4459//8588 4489//8588 4484//8588
f 4476//8589 4492//8589 4482//8589
f 4482//8590 4481//8590 4476//8590
f 4486//8591 4485//8591 4492//8591
f 4492//8592 4476//8592 4486//8592
f 4458//8593 4483//8593 4489//8593
f 4489//8594 4459//8594 4458//8594
f 4493//8595 4471//8595 4477//8595
f 4477//8596 4494//8596 4493//8596
f 4495//8597 4496//8597 4497//8597
f 4497//8598 4498//8598 4495//8598
f 4499//8599 4478//8599 4474//8599
f 4474//8600 4500//8600 4499//8600
f 4501//8601 4469//8601 4471//8601
f 4471//8602 4493//8602 4501//8602
f 4478//8603 4456//8603 4461//8603
f 4461//8604 4474//8604 4478//8604
f 4497//8605 4480//8605 4486//8605
f 4486//8606 4502//8606 4497//8606
f 4496//8607 4479//8607 4480//8607
f 4480//8608 4497//8608 4496//8608
f 4471//8609 4460//8609 4455//8609
f 4455//8610 4477//8610 4471//8610
f 4502//8611 4486//8611 4476//8611
f 4476//8612 4475//8612 4502//8612
f 4473//8613 4472//8613 4479//8613
f 4479//8614 4496//8614 4473//8614
f 4498//8615 4494//8615 4499//8615
f 4499//8616 4495//8616 4498//8616
f 4503//8617 4501//8617 4493//8617
f 4493//8618 4504//8618 4503//8618
f 4504//8619 4493//8619 4494//8619
f 4494//8620 4498//8620 4504//8620
f 4495//8621 4499//8621 4500//8621
f 4500//8622 4505//8622 4495//8622
f 4505//8623 4473//8623 4496//8623
f 4496//8624 4495//8624 4505//8624
f 4494//8625 4477//8625 4478//8625
f 4478//8626 4499//8626 4494//8626
f 4503//8627 4475//8627 4469//8627
f 4469//8628 4501//8628 4503//8628
f 4498//8629 4497//8629 4502//8629
f 4502//8630 4504//8630 4498//8630
f 4473//8631 4505//8631 4500//8631
f 4500//8632 4474//8632 4473//8632
f 4504//8633 4502//8633 4475//8633
f 4475//8634 4503//8634 4504//8634
f 4487//8635 4491//8635 4490//8635
f 4490//8636 4488//8636 4487//8636
f 4506//8637 4507//8637 4491//8637
f 4491//8638 4487//8638 4506//8638
f 4492//8639 4507//8639 4506//8639
f 4506//8639 4482//8639 4492//8639
f 4482//8640 4506//8640 4487//8640
f 4487//8640 4483//8640 4482//8640
f 4484//8641 4489//8641 4488//8641
f 4488//8641 4490//8641 4484//8641
f 4485//8642 4491//8642 4507//8642
f 4507//8642 4492//8642 4485//8642
f 4481//8643 4464//8643 4462//8643
f 4462//8644 4476//8644 4481//8644
f 4464//8645 4415//8645 4453//8645
f 4453//8646 4462//8646 4464//8646
f 4407//8647 4466//8647 4454//8647
f 4454//8648 4413//8648 4407//8648
f 4377//8649 3905//8649 3904//8649
f 3904//8650 4285//8650 4377//8650
f 4285//8651 3904//8651 1566//8651
f 1566//8652 4287//8652 4285//8652
f 1566//8653 3904//8653 4275//8653
f 3862//8654 4284//8654 4508//8654
f 4508//8655 4283//8655 3862//8655
f 4508//8656 4284//8656 1273//8656
f 3862//8657 3861//8657 4376//8657
f 4376//8658 4284//8658 3862//8658
f 4269//8659 3903//8659 3906//8659
f 3906//8660 4378//8660 4269//8660
f 4158//3040 4151//3040 4440//3040
f 4440//3040 3776//3040 4158//3040
f 3776//3040 3775//3040 3477//3040
f 3477//3040 4158//3040 3776//3040
f 3777//3040 3469//3040 3477//3040
f 3477//3040 3775//3040 3777//3040
f 3594//3040 3607//3040 3469//3040
f 3469//3040 3777//3040 3594//3040
f 4283//8661 4268//8661 1327//8661
f 1327//8662 1267//8662 4283//8662
f 3594//3040 3596//3040 3609//3040
f 3609//3040 3607//3040 3594//3040
f 4286//3040 4272//3040 4268//3040
f 4268//3040 4283//3040 4286//3040
f 4441//8663 1327//8663 4268//8663
f 4268//3040 4271//3040 4441//3040
f 3596//3040 3780//3040 3610//3040
f 3610//3040 3609//3040 3596//3040
f 4274//3040 4443//3040 4272//3040
f 4272//3040 4286//3040 4274//3040
f 4164//3040 4158//3040 3477//3040
f 3477//8664 3485//8664 4164//8664
f 3597//3040 3610//3040 3780//3040
f 3780//8665 3598//8665 3597//8665
f 3778//3040 3595//3040 3594//3040
f 3594//3040 3777//3040 3778//3040
f 1273//8666 4283//8666 4286//8666
f 4283//8667 1273//8667 4508//8667
f 4444//8668 4442//8668 4441//8668
f 4441//8669 4271//8669 4444//8669
f 3778//3040 3779//3040 3781//3040
f 3781//3040 3595//3040 3778//3040
f 3613//8670 789//8670 3609//8670
f 3609//3040 3610//3040 3613//3040
f 3597//3040 3599//3040 3845//3040
f 3845//3040 3610//3040 3597//3040
f 3605//8671 484//8671 3602//8671
f 3602//3040 3609//3040 3605//3040
f 3602//8668 3600//8668 3606//8668
f 3606//3040 3607//3040 3602//3040
f 4280//3040 4283//3040 4278//3040
f 4278//3040 4282//3040 4280//3040
f 4286//3040 4273//3040 4274//3040
f 3845//3040 3614//3040 3610//3040
f 3605//3040 3609//3040 3608//3040
f 3604//3040 3468//3040 3469//3040
f 3469//3040 3607//3040 3604//3040
f 3480//3040 3474//3040 3477//3040
f 3477//3040 3469//3040 3480//3040
f 4161//8669 4151//8669 4158//8669
f 3609//3040 3602//3040 3607//3040
f 3600//8669 3601//8669 3606//8669
f 3485//3040 3487//3040 4164//3040
f 4151//3040 4150//3040 4279//3040
f 3480//3040 3478//3040 3474//3040
